Price,Property Type,Number Of Bedrooms,Number Of Bathrooms,Area,Location
1650000,FLOOR,5,4,523,OTHER
1249000,FLOOR,6,5,500,OTHER
499000,APARTMENT,3,3,154,OTHER
950000,APARTMENT,6,5,220,OTHER
560000,APARTMENT,4,4,134,OTHER
550000,APARTMENT,4,3,131,OTHER
270000,APARTMENT,2,3,3200,OTHER
360000,APARTMENT,3,4,3200,OTHER
1149000,APARTMENT,3,1,138,"QURTUBAH, EAST RIYADH, RIYADH"
580000,APARTMENT,5,3,173,OTHER
1589000,APARTMENT,2,2,625,OTHER
1700000,FLOOR,3,3,219,OTHER
950000,APARTMENT,3,3,134,"AL MUNSIYAH, EAST RIYADH, RIYADH"
619000,APARTMENT,5,1,151,OTHER
1150000,APARTMENT,5,4,696,OTHER
3500000,VILLA,6,5,350,OTHER
1200000,FLOOR,5,3,157,"AL RIMAL, EAST RIYADH, RIYADH"
650000,APARTMENT,5,4,175,OTHER
700000,APARTMENT,5,3,159,OTHER
540000,APARTMENT,5,3,184,OTHER
1180000,VILLA,7,5,250,OTHER
820000,VILLA,7,5,200,OTHER
840000,APARTMENT,3,3,192,OTHER
1130000,APARTMENT,6,5,660,"AL SALAMAH, NORTH JEDDAH, JEDDAH"
700000,APARTMENT,4,4,2400,"AL RAWDAH, NORTH JEDDAH, JEDDAH"
840000,APARTMENT,3,3,127,OTHER
1550000,APARTMENT,6,5,235,OTHER
1450000,APARTMENT,6,4,203,OTHER
850000,APARTMENT,3,4,467,OTHER
2200000,APARTMENT,7,7,600,OTHER
625000,APARTMENT,3,4,763,OTHER
730000,APARTMENT,4,4,763,OTHER
900000,APARTMENT,4,4,763,OTHER
1700000,APARTMENT,5,4,2000,OTHER
700000,APARTMENT,4,3,728,OTHER
1350000,APARTMENT,5,4,194,OTHER
585000,APARTMENT,2,3,2000,OTHER
625000,APARTMENT,3,3,763,OTHER
550000,APARTMENT,2,2,600,OTHER
25000000,VILLA,6,9,2650,OTHER
1700000,VILLA,5,7,660,OTHER
455000,APARTMENT,5,3,184,OTHER
390000,APARTMENT,4,3,133,OTHER
650000,APARTMENT,5,4,154,OTHER
2000000,VILLA,6,4,399,OTHER
975000,APARTMENT,3,3,900,"AL ARID, NORTH RIYADH, RIYADH"
450000,APARTMENT,1,2,2000,OTHER
795000,APARTMENT,4,4,2000,OTHER
494000,APARTMENT,4,4,3200,OTHER
475000,APARTMENT,3,4,660,"AL SALAMAH, NORTH JEDDAH, JEDDAH"
580000,APARTMENT,4,4,660,"AL SALAMAH, NORTH JEDDAH, JEDDAH"
475000,APARTMENT,4,3,660,"AL SALAMAH, NORTH JEDDAH, JEDDAH"
630000,APARTMENT,3,2,150,OTHER
950000,FLOOR,4,5,157,"BADR, SOUTH RIYADH, RIYADH"
1340000,APARTMENT,1,2,102,OTHER
3300000,VILLA,5,1,200,"AL ARID, NORTH RIYADH, RIYADH"
912000,FLOOR,3,3,9800,OTHER
1614000,FLOOR,2,1,775,OTHER
1589000,FLOOR,2,1,618,OTHER
1335000,VILLA,5,6,250,"TUWAIQ, WEST RIYADH, RIYADH"
2100000,VILLA,5,6,287,OTHER
420000,APARTMENT,3,3,104,OTHER
900000,FLOOR,3,5,510,OTHER
600000,APARTMENT,4,2,94,OTHER
620000,APARTMENT,3,4,2400,"AL RAWDAH, NORTH JEDDAH, JEDDAH"
2100000,APARTMENT,10,10,2400,"AL RAWDAH, NORTH JEDDAH, JEDDAH"
2200000,APARTMENT,7,8,600,OTHER
950000,APARTMENT,4,3,127,OTHER
600000,APARTMENT,3,3,728,OTHER
2050000,VILLA,3,1,220,"AL RIMAL, EAST RIYADH, RIYADH"
1835000,APARTMENT,3,1,3231,OTHER
799000,APARTMENT,3,3,1450,"AL RIMAL, EAST RIYADH, RIYADH"
669000,APARTMENT,3,3,16975,OTHER
500000,APARTMENT,4,3,119,OTHER
1004500,FLOOR,4,2,185,OTHER
1550000,VILLA,5,5,297,OTHER
1500000,VILLA,8,6,437,OTHER
4000000,VILLA,11,5,999,OTHER
960000,APARTMENT,3,4,199,OTHER
1650000,VILLA,7,4,900,OTHER
1250000,FLOOR,7,4,625,OTHER
1100000,APARTMENT,3,3,152,OTHER
930000,APARTMENT,5,4,189,OTHER
1250000,APARTMENT,8,8,3200,OTHER
770000,APARTMENT,4,3,600,OTHER
480000,APARTMENT,2,3,2400,"AL RAWDAH, NORTH JEDDAH, JEDDAH"
625000,APARTMENT,2,4,763,OTHER
730000,APARTMENT,2,4,763,OTHER
5200000,VILLA,5,5,375,OTHER
2750000,VILLA,7,6,320,"AL MAHDIYAH, WEST RIYADH, RIYADH"
1896250,FLOOR,3,5,185,OTHER
520000,APARTMENT,3,2,550,"AL SALAMAH, NORTH JEDDAH, JEDDAH"
1500000,REST HOUSE,4,3,895,OTHER
370000,APARTMENT,4,3,149,OTHER
3100000,VILLA,4,5,250,"AL NARJIS, NORTH RIYADH, RIYADH"
900000,APARTMENT,3,4,192,OTHER
1350000,APARTMENT,3,3,147,"AL NARJIS, NORTH RIYADH, RIYADH"
980000,FLOOR,3,3,168,"AL RIMAL, EAST RIYADH, RIYADH"
2700000,VILLA,10,4,462,OTHER
2710784,REST HOUSE,4,2,847,OTHER
950000,APARTMENT,5,1,143,OTHER
985000,APARTMENT,6,4,218,OTHER
660000,APARTMENT,2,4,2000,OTHER
800000,APARTMENT,4,4,696,OTHER
729000,APARTMENT,4,4,206,OTHER
4200000,VILLA,8,7,329,"AL ARID, NORTH RIYADH, RIYADH"
990000,APARTMENT,5,3,194,OTHER
1900000,VILLA,5,5,270,OTHER
1200000,VILLA,10,7,330,OTHER
900000,REST HOUSE,2,2,405,"BADR, SOUTH RIYADH, RIYADH"
5000000,REST HOUSE,4,4,1420,OTHER
1000000,FLOOR,4,4,166,"AL RIMAL, EAST RIYADH, RIYADH"
800000,FLOOR,3,3,166,"AL RIMAL, EAST RIYADH, RIYADH"
660000,APARTMENT,3,4,2000,OTHER
1332500,FLOOR,3,4,146,OTHER
2000000,FLOOR,3,3,151,OTHER
1800000,APARTMENT,4,4,156,"AL NARJIS, NORTH RIYADH, RIYADH"
650000,APARTMENT,3,3,600,OTHER
795000,APARTMENT,2,3,2000,OTHER
3700000,VILLA,5,4,420,"AL MAHDIYAH, WEST RIYADH, RIYADH"
2150000,VILLA,5,6,225,"AL RIMAL, EAST RIYADH, RIYADH"
865000,APARTMENT,4,3,130,OTHER
570000,APARTMENT,5,4,211,OTHER
1250000,FLOOR,5,4,400,OTHER
3200000,VILLA,4,7,400,OTHER
2100000,APARTMENT,8,10,2400,"AL RAWDAH, NORTH JEDDAH, JEDDAH"
550000,APARTMENT,2,3,763,OTHER
625000,APARTMENT,3,3,696,OTHER
1500000,REST HOUSE,10,7,3000,OTHER
600000,APARTMENT,5,3,186,OTHER
525000,APARTMENT,4,2,128,OTHER
670000,APARTMENT,5,4,164,OTHER
650000,APARTMENT,4,3,517,"AL RAWDAH, NORTH JEDDAH, JEDDAH"
240000,APARTMENT,1,1,3200,OTHER
499000,APARTMENT,3,4,154,OTHER
1560000,VILLA,2,6,270,OTHER
465000,APARTMENT,3,1,118,OTHER
520000,APARTMENT,4,2,128,OTHER
590000,APARTMENT,3,4,154,OTHER
2300000,VILLA,4,6,327,OTHER
350000,APARTMENT,3,2,999,OTHER
579000,APARTMENT,4,4,254,OTHER
729000,APARTMENT,3,4,206,OTHER
1200000,APARTMENT,6,6,728,OTHER
579000,APARTMENT,3,4,254,OTHER
799000,APARTMENT,3,3,1980,OTHER
1700000,APARTMENT,4,3,171,OTHER
670000,APARTMENT,5,4,163,OTHER
2220000,VILLA,3,1,930,"AL NARJIS, NORTH RIYADH, RIYADH"
399000,APARTMENT,3,3,550,OTHER
1620000,FLOOR,3,3,136,OTHER
409000,APARTMENT,2,3,973,OTHER
700000,APARTMENT,2,3,2330,OTHER
1200000,APARTMENT,6,6,238,OTHER
800000,APARTMENT,3,4,467,OTHER
400000,APARTMENT,4,2,157,OTHER
2500000,VILLA,8,8,405,"OKAZ, SOUTH RIYADH, RIYADH"
440000,APARTMENT,3,3,131,"BADR, SOUTH RIYADH, RIYADH"
1400000,VILLA,7,4,345,"TUWAIQ, WEST RIYADH, RIYADH"
695000,VILLA,6,3,143,OTHER
695000,APARTMENT,5,3,159,OTHER
1900000,APARTMENT,3,4,92,OTHER
800000,APARTMENT,5,4,156,OTHER
1150000,APARTMENT,3,3,142,"AL MUNSIYAH, EAST RIYADH, RIYADH"
3000000,VILLA,5,5,338,"AL RIMAL, EAST RIYADH, RIYADH"
460000,APARTMENT,3,3,113,OTHER
470000,APARTMENT,4,3,128,OTHER
2249000,FLOOR,3,3,660,OTHER
1600000,APARTMENT,3,3,55,OTHER
1700000,APARTMENT,6,6,2000,OTHER
2200000,APARTMENT,7,9,600,OTHER
995000,APARTMENT,2,3,137,"AL RIMAL, EAST RIYADH, RIYADH"
8000000,VILLA,7,8,1000,OTHER
750000,APARTMENT,5,4,166,OTHER
860000,APARTMENT,6,4,225,OTHER
490000,APARTMENT,4,3,184,OTHER
1100000,APARTMENT,5,4,192,"AL SALAMAH, NORTH JEDDAH, JEDDAH"
1200000,APARTMENT,3,3,153,"AL MUNSIYAH, EAST RIYADH, RIYADH"
1100000,APARTMENT,3,3,143,"AL MUNSIYAH, EAST RIYADH, RIYADH"
3900000,VILLA,5,11,264,OTHER
1250000,APARTMENT,5,4,206,"AL SALAMAH, NORTH JEDDAH, JEDDAH"
1150000,APARTMENT,5,4,204,OTHER
3000000,VILLA,6,5,537,"AL RIMAL, EAST RIYADH, RIYADH"
1300000,FLOOR,4,4,172,"AL MUNSIYAH, EAST RIYADH, RIYADH"
450000,APARTMENT,4,3,130,OTHER
830000,APARTMENT,5,4,118,OTHER
430000,APARTMENT,2,2,167,OTHER
820000,APARTMENT,6,5,237,OTHER
550000,APARTMENT,5,4,125,"AL SALAMAH, NORTH JEDDAH, JEDDAH"
4000000,VILLA,11,9,625,OTHER
1750000,VILLA,7,5,313,OTHER
560000,APARTMENT,4,3,154,OTHER
860,APARTMENT,3,3,2330,OTHER
609000,APARTMENT,4,3,524,"AL RAWDAH, NORTH JEDDAH, JEDDAH"
770000,APARTMENT,4,3,121,OTHER
1300000,APARTMENT,5,4,163,OTHER
830000,APARTMENT,6,6,220,OTHER
590000,APARTMENT,4,3,137,OTHER
3500000,VILLA,7,7,343,"QURTUBAH, EAST RIYADH, RIYADH"
550000,APARTMENT,4,4,152,OTHER
620000,APARTMENT,4,5,141,OTHER
880000,APARTMENT,6,5,215,OTHER
680000,APARTMENT,5,5,175,OTHER
2450000,APARTMENT,3,4,174,OTHER
1900000,FLOOR,4,3,188,OTHER
8719000,VILLA,9,7,750,"AL MAHDIYAH, WEST RIYADH, RIYADH"
3500000,VILLA,4,3,687,OTHER
1600000,APARTMENT,3,3,900,OTHER
6500000,VILLA,6,5,447,OTHER
920000,APARTMENT,4,4,478,"AL MAHDIYAH, WEST RIYADH, RIYADH"
3000000,VILLA,4,7,400,"AL MAHDIYAH, WEST RIYADH, RIYADH"
1850000,VILLA,5,5,400,"AL MAHDIYAH, WEST RIYADH, RIYADH"
3200000,VILLA,8,6,312,"AL ARID, NORTH RIYADH, RIYADH"
530000,APARTMENT,5,4,190,OTHER
2100000,REST HOUSE,4,4,3000,OTHER
640000,APARTMENT,5,4,157,OTHER
600000,APARTMENT,4,4,140,OTHER
860000,APARTMENT,6,5,213,OTHER
740000,APARTMENT,6,5,199,OTHER
660000,APARTMENT,5,5,167,OTHER
660000,APARTMENT,5,5,167,OTHER
660000,APARTMENT,5,5,165,OTHER
820000,APARTMENT,6,5,193,OTHER
950000,APARTMENT,5,4,213,OTHER
860000,APARTMENT,5,4,213,OTHER
1650000,VILLA,7,6,200,OTHER
3400000,VILLA,7,6,625,OTHER
995000,APARTMENT,3,3,137,"AL RIMAL, EAST RIYADH, RIYADH"
4850000,VILLA,8,7,750,OTHER
1400000,VILLA,5,5,200,OTHER
1200000,VILLA,5,6,275,OTHER
770000,APARTMENT,4,4,696,OTHER
3049000,VILLA,4,4,6682,OTHER
1748875,VILLA,4,4,198,"AL NARJIS, NORTH RIYADH, RIYADH"
1220000,APARTMENT,3,3,1600,"AL ARID, NORTH RIYADH, RIYADH"
717000,APARTMENT,3,3,18490,"AL RIMAL, EAST RIYADH, RIYADH"
2299000,VILLA,4,4,204,OTHER
1399000,FLOOR,3,3,3300,OTHER
1199000,APARTMENT,4,3,199,"AL QADISIYAH, EAST RIYADH, RIYADH"
789000,APARTMENT,3,3,5857,OTHER
570000,APARTMENT,4,3,139,OTHER
1200000,FLOOR,6,3,178,OTHER
950000,APARTMENT,3,3,104,OTHER
2800000,VILLA,11,7,405,OTHER
1070000,APARTMENT,4,3,122,OTHER
1650000,VILLA,5,4,356,OTHER
1400000,VILLA,5,9,285,OTHER
3650000,VILLA,5,5,324,"AL MUNSIYAH, EAST RIYADH, RIYADH"
590000,APARTMENT,5,4,158,OTHER
830000,APARTMENT,3,3,467,OTHER
469000,APARTMENT,2,3,120,"OKAZ, SOUTH RIYADH, RIYADH"
1850000,APARTMENT,6,6,2000,OTHER
1549000,FLOOR,3,3,175,OTHER
2660000,VILLA,4,4,1248,"AL NARJIS, NORTH RIYADH, RIYADH"
599500,FLOOR,3,1,1059,OTHER
3550000,VILLA,6,8,625,OTHER
6500000,VILLA,10,7,450,OTHER
1000000,VILLA,4,6,215,"AL JANADRIYAH, EAST RIYADH, RIYADH"
573000,APARTMENT,3,3,4399,"AL JANADRIYAH, EAST RIYADH, RIYADH"
760000,APARTMENT,5,3,140,"AL SALAMAH, NORTH JEDDAH, JEDDAH"
1150000,APARTMENT,5,3,162,"AL SALAMAH, NORTH JEDDAH, JEDDAH"
900000,APARTMENT,6,5,235,OTHER
700000,APARTMENT,4,4,145,OTHER
1189000,FLOOR,3,5,178,OTHER
879000,APARTMENT,2,2,111,OTHER
550000,APARTMENT,3,2,130,OTHER
1300000,VILLA,7,6,305,OTHER
850000,FLOOR,3,4,201,OTHER
650000,APARTMENT,4,3,123,"AL SALAMAH, NORTH JEDDAH, JEDDAH"
739,FLOOR,4,4,186,"OKAZ, SOUTH RIYADH, RIYADH"
2350000,VILLA,6,6,453,"AL MAHDIYAH, WEST RIYADH, RIYADH"
1150000,FLOOR,4,4,183,"AL RIMAL, EAST RIYADH, RIYADH"
780000,APARTMENT,3,3,134,"AL RIMAL, EAST RIYADH, RIYADH"
780000,FLOOR,3,3,143,"AL RIMAL, EAST RIYADH, RIYADH"
580000,APARTMENT,4,3,660,"AL SALAMAH, NORTH JEDDAH, JEDDAH"
700000,APARTMENT,4,3,2330,OTHER
650000,APARTMENT,4,3,111,"AL SALAMAH, NORTH JEDDAH, JEDDAH"
460000,APARTMENT,4,3,161,OTHER
500000,APARTMENT,5,3,188,OTHER
530000,APARTMENT,5,3,205,OTHER
630000,APARTMENT,5,3,212,OTHER
750000,APARTMENT,4,3,114,"AL RAWDAH, NORTH JEDDAH, JEDDAH"
2200000,VILLA,5,5,327,"AL MAHDIYAH, WEST RIYADH, RIYADH"
1400000,VILLA,4,5,209,OTHER
580000,APARTMENT,3,3,100,OTHER
620000,APARTMENT,4,4,2400,"AL RAWDAH, NORTH JEDDAH, JEDDAH"
375000,APARTMENT,2,3,660,"AL SALAMAH, NORTH JEDDAH, JEDDAH"
939000,APARTMENT,2,2,101,OTHER
979000,APARTMENT,3,3,145,OTHER
899000,APARTMENT,3,3,121,OTHER
519000,APARTMENT,2,3,130,"OKAZ, SOUTH RIYADH, RIYADH"
1129000,APARTMENT,3,3,157,"AL NARJIS, NORTH RIYADH, RIYADH"
939000,APARTMENT,2,3,101,OTHER
1800000,VILLA,11,8,312,OTHER
430000,APARTMENT,4,4,155,OTHER
1200000,FLOOR,3,4,375,OTHER
730000,APARTMENT,5,3,130,OTHER
6700000,FLOOR,4,4,222,"BADR, SOUTH RIYADH, RIYADH"
2400000,VILLA,6,7,300,OTHER
1200000,APARTMENT,3,2,133,OTHER
900000,APARTMENT,5,3,176,OTHER
600000,APARTMENT,4,3,129,OTHER
780000,APARTMENT,4,4,600,OTHER
450000,APARTMENT,4,3,173,OTHER
700000,APARTMENT,5,4,173,OTHER
1209000,APARTMENT,3,3,129,OTHER
489000,APARTMENT,2,3,131,"OKAZ, SOUTH RIYADH, RIYADH"
539000,APARTMENT,2,3,145,"OKAZ, SOUTH RIYADH, RIYADH"
559000,APARTMENT,2,3,149,"OKAZ, SOUTH RIYADH, RIYADH"
700000,APARTMENT,4,3,117,"AL RAWDAH, NORTH JEDDAH, JEDDAH"
750000,APARTMENT,3,4,174,OTHER
4200000,VILLA,6,6,385,OTHER
520000,APARTMENT,3,4,183,OTHER
530000,APARTMENT,3,3,163,"OKAZ, SOUTH RIYADH, RIYADH"
550000,APARTMENT,5,4,160,OTHER
550000,APARTMENT,3,3,128,OTHER
2100000,VILLA,6,8,435,OTHER
810000,APARTMENT,3,4,189,OTHER
800000,APARTMENT,5,3,181,OTHER
800000,APARTMENT,3,4,171,OTHER
800000,APARTMENT,5,4,189,OTHER
780000,APARTMENT,4,3,124,"AL RAWDAH, NORTH JEDDAH, JEDDAH"
1550000,VILLA,7,6,300,OTHER
4500000,VILLA,8,7,438,"AL MAHDIYAH, WEST RIYADH, RIYADH"
550000,APARTMENT,3,4,135,OTHER
580000,APARTMENT,3,4,142,OTHER
1700000,VILLA,7,7,618,OTHER
700000,APARTMENT,4,3,119,OTHER
9500000,VILLA,7,7,930,OTHER
610000,APARTMENT,6,4,178,OTHER
460,APARTMENT,4,3,136,OTHER
590000,APARTMENT,3,3,131,OTHER
2500000,VILLA,6,9,351,OTHER
950000,FLOOR,4,3,380,"TUWAIQ, WEST RIYADH, RIYADH"
1350000,APARTMENT,7,5,223,OTHER
1950000,VILLA,10,6,400,OTHER
640000,APARTMENT,3,2,84,OTHER
700000,APARTMENT,11,7,625,OTHER
5500000,VILLA,9,6,895,OTHER
1350000,APARTMENT,5,5,223,OTHER
800000,APARTMENT,5,3,189,OTHER
810000,APARTMENT,4,3,189,OTHER
1250000,FLOOR,3,3,200,OTHER
860000,APARTMENT,3,3,2330,OTHER
3200000,VILLA,5,5,630,OTHER
849200,APARTMENT,5,5,200,OTHER
5000000,VILLA,6,6,520,OTHER
4000000,VILLA,4,7,507,OTHER
1600000,VILLA,8,5,377,OTHER
2000,REST HOUSE,6,7,3000,OTHER
82000000,VILLA,6,5,3300,OTHER
3800000,VILLA,8,4,600,OTHER
9500000,VILLA,9,5,930,OTHER
650000,APARTMENT,5,5,204,OTHER
800000,APARTMENT,3,3,172,OTHER
1300000,APARTMENT,3,3,131,OTHER
6000000,VILLA,11,8,600,OTHER
1400000,VILLA,5,4,276,OTHER
1500000,FLOOR,4,4,3098,OTHER
375000,APARTMENT,2,2,1846,OTHER
950000,APARTMENT,3,3,116,"AL MUNSIYAH, EAST RIYADH, RIYADH"
1460000,APARTMENT,3,4,200,OTHER
850000,APARTMENT,3,2,121,OTHER
699000,APARTMENT,5,3,152,OTHER
4000000,APARTMENT,2,2,152,OTHER
2000000,APARTMENT,3,3,131,OTHER
296000,APARTMENT,3,3,887,OTHER
1400000,APARTMENT,4,5,219,OTHER
3950000,VILLA,7,5,256,"AL NARJIS, NORTH RIYADH, RIYADH"
700000,APARTMENT,5,3,198,OTHER
890000,VILLA,6,5,353,OTHER
700000,APARTMENT,6,4,240,OTHER
470000,APARTMENT,5,3,176,OTHER
4500000,VILLA,11,11,829,OTHER
550000,APARTMENT,3,3,135,OTHER
800000,APARTMENT,3,4,189,OTHER
550000,APARTMENT,3,4,149,OTHER
580000,APARTMENT,3,4,157,OTHER
1399000,FLOOR,3,3,169,OTHER
1700000,VILLA,11,7,350,OTHER
2300000,VILLA,3,3,600,OTHER
3000000,VILLA,8,5,750,OTHER
800000,VILLA,9,8,160,OTHER
625000,APARTMENT,4,3,141,OTHER
3300000,VILLA,8,6,350,OTHER
1300000,FLOOR,5,4,177,OTHER
980000,APARTMENT,6,4,218,OTHER
580000,APARTMENT,2,3,630,"AL SALAMAH, NORTH JEDDAH, JEDDAH"
580000,APARTMENT,5,3,186,OTHER
420000,APARTMENT,4,3,145,OTHER
580000,APARTMENT,5,3,135,OTHER
580000,APARTMENT,5,4,142,OTHER
710000,APARTMENT,4,3,114,"AL RAWDAH, NORTH JEDDAH, JEDDAH"
1282000,APARTMENT,4,4,168,OTHER
734000,APARTMENT,3,4,532,OTHER
2000000,VILLA,10,8,592,OTHER
2000000,APARTMENT,3,3,207,OTHER
550000,APARTMENT,4,3,129,OTHER
480000,APARTMENT,4,3,137,OTHER
850000,APARTMENT,4,4,188,OTHER
800000,APARTMENT,5,4,174,OTHER
780000,FLOOR,4,2,216,OTHER
850000,VILLA,5,5,252,"OKAZ, SOUTH RIYADH, RIYADH"
880000,APARTMENT,5,3,182,OTHER
1700000,VILLA,6,6,484,OTHER
1300000,FLOOR,5,2,175,OTHER
1200000,APARTMENT,2,1,79,"AL NARJIS, NORTH RIYADH, RIYADH"
1367000,VILLA,4,6,201,OTHER
3750000,VILLA,4,4,238,OTHER
1650000,FLOOR,2,2,82,"QURTUBAH, EAST RIYADH, RIYADH"
1950000,FLOOR,3,3,186,"QURTUBAH, EAST RIYADH, RIYADH"
2400000,FLOOR,3,3,173,"QURTUBAH, EAST RIYADH, RIYADH"
980000,VILLA,3,3,186,"AL JANADRIYAH, EAST RIYADH, RIYADH"
825000,APARTMENT,4,4,165,"AL RIMAL, EAST RIYADH, RIYADH"
920000,APARTMENT,5,4,165,"AL RIMAL, EAST RIYADH, RIYADH"
795000,APARTMENT,3,3,186,OTHER
1150000,FLOOR,5,2,300,OTHER
900000,FLOOR,3,3,168,OTHER
1435000,FLOOR,3,5,189,OTHER
1229000,FLOOR,3,3,190,OTHER
730000,APARTMENT,4,3,112,"AL RAWDAH, NORTH JEDDAH, JEDDAH"
1899000,FLOOR,3,4,181,"AL NARJIS, NORTH RIYADH, RIYADH"
680,APARTMENT,5,4,198,OTHER
540000,APARTMENT,3,3,229,OTHER
580000,APARTMENT,5,5,186,OTHER
660000,APARTMENT,5,3,210,OTHER
540000,APARTMENT,5,3,217,OTHER
550000,APARTMENT,5,4,217,OTHER
710000,APARTMENT,3,3,450,"AL RAWDAH, NORTH JEDDAH, JEDDAH"
1130000,FLOOR,6,6,164,"AL JANADRIYAH, EAST RIYADH, RIYADH"
850000,APARTMENT,3,3,136,"AL RIMAL, EAST RIYADH, RIYADH"
299000,APARTMENT,2,2,750,OTHER
420000,APARTMENT,4,3,136,OTHER
370000,APARTMENT,3,3,625,OTHER
645000,APARTMENT,5,4,186,OTHER
635000,APARTMENT,4,3,129,OTHER
2300000,VILLA,10,8,337,"AL MAHDIYAH, WEST RIYADH, RIYADH"
4000000,VILLA,11,8,345,OTHER
1350000,VILLA,5,4,303,"AL RIMAL, EAST RIYADH, RIYADH"
6500000,APARTMENT,4,3,441,OTHER
770000,APARTMENT,5,4,185,OTHER
630000,APARTMENT,4,3,150,OTHER
1095000,VILLA,5,5,250,OTHER
770000,APARTMENT,5,4,425,OTHER
1300000,APARTMENT,5,1,492,"AL RIMAL, EAST RIYADH, RIYADH"
1600000,VILLA,7,5,395,"OKAZ, SOUTH RIYADH, RIYADH"
1150000,APARTMENT,3,2,131,OTHER
1100000,FLOOR,3,3,71,"AL RIMAL, EAST RIYADH, RIYADH"
478000,APARTMENT,4,3,625,OTHER
333000,APARTMENT,3,2,662,OTHER
1100000,VILLA,5,5,459,OTHER
620000,APARTMENT,4,4,227,OTHER
1650000,APARTMENT,2,3,156,OTHER
2050000,VILLA,5,6,220,"AL RIMAL, EAST RIYADH, RIYADH"
2600000,VILLA,5,5,420,OTHER
3150000,VILLA,6,8,300,OTHER
4850000,VILLA,10,10,750,OTHER
1500000,VILLA,6,5,315,OTHER
865000,APARTMENT,6,3,207,OTHER
657856,APARTMENT,3,3,112,"TUWAIQ, WEST RIYADH, RIYADH"
5500000,APARTMENT,4,5,441,OTHER
915000,APARTMENT,4,3,174,OTHER
700000,APARTMENT,4,3,112,"AL RAWDAH, NORTH JEDDAH, JEDDAH"
490000,APARTMENT,4,3,1079,OTHER
1250000,VILLA,5,5,289,"AL RIMAL, EAST RIYADH, RIYADH"
2600000,VILLA,4,5,376,OTHER
1100000,FLOOR,4,4,170,"AL RIMAL, EAST RIYADH, RIYADH"
2500000,VILLA,4,4,428,OTHER
2300000,FLOOR,2,2,224,"AL NARJIS, NORTH RIYADH, RIYADH"
565000,APARTMENT,3,3,425,OTHER
591335,APARTMENT,3,3,113,"TUWAIQ, WEST RIYADH, RIYADH"
490000,APARTMENT,3,4,203,OTHER
540000,APARTMENT,5,4,204,OTHER
600000,APARTMENT,3,2,128,OTHER
859000,APARTMENT,3,3,137,"AL RIMAL, EAST RIYADH, RIYADH"
2159000,VILLA,5,7,286,"AL RIMAL, EAST RIYADH, RIYADH"
669000,APARTMENT,3,3,127,"AL RIMAL, EAST RIYADH, RIYADH"
499000,APARTMENT,2,3,131,"OKAZ, SOUTH RIYADH, RIYADH"
559000,APARTMENT,2,3,145,"OKAZ, SOUTH RIYADH, RIYADH"
579000,APARTMENT,2,3,149,"OKAZ, SOUTH RIYADH, RIYADH"
489000,APARTMENT,2,3,145,"OKAZ, SOUTH RIYADH, RIYADH"
720000,FLOOR,3,3,181,"OKAZ, SOUTH RIYADH, RIYADH"
1399000,FLOOR,3,5,157,OTHER
1399900,FLOOR,4,5,1050,OTHER
1500000,VILLA,8,8,400,"TUWAIQ, WEST RIYADH, RIYADH"
1000000,FLOOR,3,3,177,OTHER
459000,APARTMENT,2,3,115,"OKAZ, SOUTH RIYADH, RIYADH"
499000,APARTMENT,2,3,127,"OKAZ, SOUTH RIYADH, RIYADH"
1400000,FLOOR,10,5,400,OTHER
1250000,FLOOR,6,7,337,"AL RIMAL, EAST RIYADH, RIYADH"
830000,APARTMENT,4,3,136,"AL RIMAL, EAST RIYADH, RIYADH"
560000,APARTMENT,5,5,177,OTHER
560000,APARTMENT,5,4,177,OTHER
495000,APARTMENT,4,3,125,OTHER
850000,APARTMENT,3,3,142,"AL RIMAL, EAST RIYADH, RIYADH"
2799000,VILLA,4,5,3960,OTHER
550000,APARTMENT,3,3,99,"AL RAWDAH, NORTH JEDDAH, JEDDAH"
440000,APARTMENT,3,3,103,OTHER
1520000,FLOOR,4,5,343,"AL RIMAL, EAST RIYADH, RIYADH"
680000,APARTMENT,3,2,101,OTHER
495000,APARTMENT,4,2,139,OTHER
850000,APARTMENT,5,3,273,OTHER
3000000,VILLA,6,5,300,"AL MAHDIYAH, WEST RIYADH, RIYADH"
845000,APARTMENT,4,4,180,OTHER
520000,APARTMENT,4,3,131,OTHER
766000,APARTMENT,3,3,178,"AL SALAMAH, NORTH JEDDAH, JEDDAH"
770000,FLOOR,4,4,630,"BADR, SOUTH RIYADH, RIYADH"
2800000,REST HOUSE,5,2,1597,OTHER
530000,APARTMENT,5,5,301,OTHER
1200000,VILLA,8,6,381,OTHER
760000,APARTMENT,4,3,140,"AL SALAMAH, NORTH JEDDAH, JEDDAH"
1400000,FLOOR,3,4,201,OTHER
663000,APARTMENT,3,3,128,"TUWAIQ, WEST RIYADH, RIYADH"
633972,APARTMENT,3,3,122,"TUWAIQ, WEST RIYADH, RIYADH"
662953,APARTMENT,3,3,128,"TUWAIQ, WEST RIYADH, RIYADH"
800000,APARTMENT,4,3,139,"AL RAWDAH, NORTH JEDDAH, JEDDAH"
2600000,VILLA,5,8,378,OTHER
820000,APARTMENT,4,3,165,"AL SALAMAH, NORTH JEDDAH, JEDDAH"
590000,APARTMENT,5,3,145,OTHER
800000,APARTMENT,5,3,175,"AL SALAMAH, NORTH JEDDAH, JEDDAH"
780000,APARTMENT,4,3,136,"AL RAWDAH, NORTH JEDDAH, JEDDAH"
760000,APARTMENT,4,3,137,"AL SALAMAH, NORTH JEDDAH, JEDDAH"
450000,APARTMENT,3,3,177,"BADR, SOUTH RIYADH, RIYADH"
8500000,VILLA,6,5,825,OTHER
750000,APARTMENT,4,3,138,OTHER
5250000,VILLA,5,5,656,OTHER
700000,FLOOR,3,3,151,"BADR, SOUTH RIYADH, RIYADH"
2300000,VILLA,7,6,337,"AL MAHDIYAH, WEST RIYADH, RIYADH"
908000,APARTMENT,5,3,159,"AL QADISIYAH, EAST RIYADH, RIYADH"
3900000,VILLA,6,7,249,"AL NARJIS, NORTH RIYADH, RIYADH"
380000,APARTMENT,3,3,779,OTHER
760000,APARTMENT,5,4,170,OTHER
590000,APARTMENT,5,4,177,OTHER
590000,APARTMENT,5,3,177,OTHER
780000,APARTMENT,4,3,132,"AL RAWDAH, NORTH JEDDAH, JEDDAH"
650000,APARTMENT,4,3,124,"AL SALAMAH, NORTH JEDDAH, JEDDAH"
630000,APARTMENT,4,3,115,"AL SALAMAH, NORTH JEDDAH, JEDDAH"
1150000,VILLA,4,7,251,"OKAZ, SOUTH RIYADH, RIYADH"
1050000,APARTMENT,4,4,153,"AL SALAMAH, NORTH JEDDAH, JEDDAH"
5500000,VILLA,5,5,690,OTHER
2000000,VILLA,4,5,319,OTHER
2560000,FLOOR,3,4,167,"AL NARJIS, NORTH RIYADH, RIYADH"
730000,APARTMENT,3,4,171,OTHER
990000,APARTMENT,3,3,131,"AL MAHDIYAH, WEST RIYADH, RIYADH"
600000,APARTMENT,4,4,207,OTHER
5400000,VILLA,11,9,450,"AL NARJIS, NORTH RIYADH, RIYADH"
3000000,VILLA,3,4,420,OTHER
4250000,VILLA,6,6,371,"AL MUNSIYAH, EAST RIYADH, RIYADH"
650000,APARTMENT,5,4,166,OTHER
650000,APARTMENT,3,4,166,OTHER
950000,APARTMENT,4,3,157,"AL RAWDAH, NORTH JEDDAH, JEDDAH"
600000,APARTMENT,5,3,156,OTHER
475000,APARTMENT,3,3,103,OTHER
830000,APARTMENT,4,3,140,"AL SALAMAH, NORTH JEDDAH, JEDDAH"
750000,APARTMENT,5,4,200,OTHER
3500000,VILLA,10,7,385,"QURTUBAH, EAST RIYADH, RIYADH"
1250000,VILLA,6,6,289,"AL RIMAL, EAST RIYADH, RIYADH"
1350000,VILLA,7,7,303,"AL RIMAL, EAST RIYADH, RIYADH"
570000,VILLA,7,5,600,OTHER
2900000,VILLA,4,6,338,"AL RIMAL, EAST RIYADH, RIYADH"
1350000,VILLA,5,6,303,"AL RIMAL, EAST RIYADH, RIYADH"
1250000,VILLA,5,6,289,"AL RIMAL, EAST RIYADH, RIYADH"
660000,FLOOR,3,4,202,OTHER
1600000,FLOOR,4,6,458,"AL ARID, NORTH RIYADH, RIYADH"
250000,APARTMENT,2,2,706,OTHER
3000000,VILLA,5,9,312,"AL MAHDIYAH, WEST RIYADH, RIYADH"
3100000,VILLA,5,9,365,"AL MAHDIYAH, WEST RIYADH, RIYADH"
1550000,APARTMENT,3,4,238,"AL NARJIS, NORTH RIYADH, RIYADH"
2500000,VILLA,5,6,366,"AL MAHDIYAH, WEST RIYADH, RIYADH"
1200000,APARTMENT,3,3,134,"QURTUBAH, EAST RIYADH, RIYADH"
1000000,APARTMENT,2,2,108,OTHER
1200000,APARTMENT,2,2,76,OTHER
950000,APARTMENT,4,3,188,"AL JANADRIYAH, EAST RIYADH, RIYADH"
1700000,FLOOR,3,2,242,"AL MUNSIYAH, EAST RIYADH, RIYADH"
2150000,VILLA,7,6,225,"AL RIMAL, EAST RIYADH, RIYADH"
699000,APARTMENT,3,3,160,"TUWAIQ, WEST RIYADH, RIYADH"
4500000,VILLA,7,8,270,"AL NARJIS, NORTH RIYADH, RIYADH"
3000000,VILLA,11,5,900,OTHER
4350000,VILLA,6,7,371,"AL MUNSIYAH, EAST RIYADH, RIYADH"
2600000,VILLA,5,5,500,OTHER
630000,APARTMENT,5,3,204,OTHER
870000,APARTMENT,3,3,180,OTHER
730000,APARTMENT,5,4,212,OTHER
9500000,VILLA,10,10,600,"AL NARJIS, NORTH RIYADH, RIYADH"
420000,APARTMENT,4,3,115,OTHER
840000,APARTMENT,3,4,192,OTHER
1800000,VILLA,7,5,244,OTHER
980000,APARTMENT,3,3,177,"AL MUNSIYAH, EAST RIYADH, RIYADH"
1200000,FLOOR,3,3,157,"AL RIMAL, EAST RIYADH, RIYADH"
520000,APARTMENT,6,4,170,OTHER
12000000,VILLA,10,10,520,OTHER
1450000,APARTMENT,4,3,109,OTHER
4500000,VILLA,5,5,446,"AL MAHDIYAH, WEST RIYADH, RIYADH"
770000,APARTMENT,4,3,127,"AL RAWDAH, NORTH JEDDAH, JEDDAH"
3000000,VILLA,5,5,374,OTHER
3800000,VILLA,7,4,450,"AL MAHDIYAH, WEST RIYADH, RIYADH"
900000,APARTMENT,4,5,162,OTHER
4000000,VILLA,6,7,500,OTHER
3100000,VILLA,4,4,312,"AL RIMAL, EAST RIYADH, RIYADH"
3100000,VILLA,6,8,312,"AL RIMAL, EAST RIYADH, RIYADH"
975000,APARTMENT,4,3,129,"AL MUNSIYAH, EAST RIYADH, RIYADH"
1650000,VILLA,5,6,356,OTHER
850000,APARTMENT,4,4,205,OTHER
3450000,VILLA,5,5,270,"AL NARJIS, NORTH RIYADH, RIYADH"
370000,APARTMENT,3,3,145,OTHER
450000,APARTMENT,5,3,210,OTHER
850000,VILLA,5,4,284,OTHER
580000,APARTMENT,5,3,198,OTHER
1440000,VILLA,5,3,300,OTHER
2300000,FLOOR,3,4,186,"AL NARJIS, NORTH RIYADH, RIYADH"
3200000,VILLA,9,7,455,OTHER
530000,APARTMENT,3,3,135,OTHER
6500000,VILLA,4,5,450,OTHER
800000,VILLA,6,4,629,OTHER
5000000,VILLA,7,3,450,OTHER
900000,FLOOR,4,3,155,"AL JANADRIYAH, EAST RIYADH, RIYADH"
4500000,VILLA,4,4,600,OTHER
590000,APARTMENT,4,5,177,OTHER
860000,APARTMENT,6,5,225,OTHER
3900000,VILLA,4,6,312,"AL ARID, NORTH RIYADH, RIYADH"
850000,APARTMENT,6,4,205,OTHER
1550000,VILLA,6,4,302,OTHER
1640000,FLOOR,4,1,157,"AL NARJIS, NORTH RIYADH, RIYADH"
1640000,FLOOR,4,1,129,"AL NARJIS, NORTH RIYADH, RIYADH"
3250000,VILLA,5,5,420,OTHER
2600000,VILLA,5,5,351,OTHER
570000,APARTMENT,3,3,142,"TUWAIQ, WEST RIYADH, RIYADH"
2100000,VILLA,7,5,328,"AL RIMAL, EAST RIYADH, RIYADH"
770000,APARTMENT,4,3,630,"BADR, SOUTH RIYADH, RIYADH"
1050000,APARTMENT,4,4,288,"AL JANADRIYAH, EAST RIYADH, RIYADH"
2600000,VILLA,11,5,380,"AL JANADRIYAH, EAST RIYADH, RIYADH"
2500000,VILLA,7,7,435,OTHER
1299000,APARTMENT,3,3,203,OTHER
550000,APARTMENT,5,3,368,OTHER
650000,FLOOR,3,3,131,"OKAZ, SOUTH RIYADH, RIYADH"
800000,APARTMENT,4,4,630,"BADR, SOUTH RIYADH, RIYADH"
2100000,VILLA,4,7,200,"AL MAHDIYAH, WEST RIYADH, RIYADH"
1650000,FLOOR,3,4,172,"QURTUBAH, EAST RIYADH, RIYADH"
1050000,APARTMENT,11,7,288,"AL JANADRIYAH, EAST RIYADH, RIYADH"
3000000,VILLA,5,5,343,"AL RIMAL, EAST RIYADH, RIYADH"
450000,APARTMENT,5,3,239,OTHER
1900000,FLOOR,3,5,186,"QURTUBAH, EAST RIYADH, RIYADH"
480000,APARTMENT,4,3,156,"BADR, SOUTH RIYADH, RIYADH"
550000,APARTMENT,5,3,217,OTHER
1150000,FLOOR,5,4,206,"AL JANADRIYAH, EAST RIYADH, RIYADH"
3500000,VILLA,6,7,264,"QURTUBAH, EAST RIYADH, RIYADH"
490000,APARTMENT,3,3,103,"AL SALAMAH, NORTH JEDDAH, JEDDAH"
550000,APARTMENT,4,3,132,OTHER
550000,APARTMENT,5,4,140,OTHER
420000,APARTMENT,4,3,102,OTHER
420000,APARTMENT,3,3,102,OTHER
420000,APARTMENT,4,3,146,OTHER
630000,FLOOR,3,3,184,"OKAZ, SOUTH RIYADH, RIYADH"
999000,VILLA,4,4,194,"AL SALAMAH, NORTH JEDDAH, JEDDAH"
670000,FLOOR,4,4,120,"BADR, SOUTH RIYADH, RIYADH"
530000,APARTMENT,3,4,189,OTHER
4411000,VILLA,2,1,300,"AL NARJIS, NORTH RIYADH, RIYADH"
1150000,FLOOR,2,2,206,"AL JANADRIYAH, EAST RIYADH, RIYADH"
670000,APARTMENT,4,4,155,OTHER
490000,APARTMENT,7,4,200,OTHER
1025000,APARTMENT,5,3,156,"AL RIMAL, EAST RIYADH, RIYADH"
1700000,VILLA,7,7,312,OTHER
480000,APARTMENT,4,3,160,OTHER
670000,APARTMENT,5,3,157,OTHER
1000000,FLOOR,10,4,179,OTHER
710000,APARTMENT,5,3,270,OTHER
3500000,VILLA,10,10,951,OTHER
2000000,VILLA,5,5,275,"AL QADISIYAH, EAST RIYADH, RIYADH"
7500000,APARTMENT,5,4,201,OTHER
500000,APARTMENT,3,3,225,OTHER
2500000,VILLA,4,7,250,OTHER
530000,APARTMENT,5,4,302,OTHER
440000,APARTMENT,3,4,191,OTHER
440000,APARTMENT,4,3,192,OTHER
530000,APARTMENT,3,4,301,OTHER
9500000,VILLA,10,10,1133,OTHER
469000,APARTMENT,3,3,131,OTHER
3400000,VILLA,5,9,250,"AL NARJIS, NORTH RIYADH, RIYADH"
750000,APARTMENT,5,3,136,"AL RIMAL, EAST RIYADH, RIYADH"
680000,APARTMENT,2,3,142,OTHER
1590000,APARTMENT,3,2,133,"QURTUBAH, EAST RIYADH, RIYADH"
800000,APARTMENT,5,4,215,OTHER
650000,APARTMENT,5,4,199,OTHER
800000,APARTMENT,4,3,135,OTHER
3700000,VILLA,4,6,500,OTHER
400000,APARTMENT,3,2,110,OTHER
2895000,FLOOR,3,4,275,OTHER
1450000,VILLA,7,5,420,OTHER
860000,APARTMENT,4,4,234,OTHER
3750000,VILLA,7,7,343,"QURTUBAH, EAST RIYADH, RIYADH"
2000000,VILLA,5,5,210,"AL MAHDIYAH, WEST RIYADH, RIYADH"
850000,APARTMENT,4,3,130,OTHER
480000,APARTMENT,5,3,750,OTHER
1100000,FLOOR,6,3,186,"AL RIMAL, EAST RIYADH, RIYADH"
1050000,FLOOR,6,3,207,OTHER
595000,FLOOR,6,3,149,"BADR, SOUTH RIYADH, RIYADH"
2300000,VILLA,5,5,391,"AL MAHDIYAH, WEST RIYADH, RIYADH"
1199000,APARTMENT,4,4,199,"AL QADISIYAH, EAST RIYADH, RIYADH"
1176500,APARTMENT,3,3,115,"AL NARJIS, NORTH RIYADH, RIYADH"
700000,APARTMENT,3,3,155,OTHER
2000000,VILLA,3,3,200,"AL MAHDIYAH, WEST RIYADH, RIYADH"
3500000,VILLA,8,8,400,OTHER
630000,APARTMENT,3,3,125,OTHER
1350000,APARTMENT,4,4,176,"AL NARJIS, NORTH RIYADH, RIYADH"
850000,APARTMENT,3,4,158,"AL RIMAL, EAST RIYADH, RIYADH"
1500000,FLOOR,3,3,200,OTHER
495000,APARTMENT,4,3,425,OTHER
650000,APARTMENT,5,3,264,OTHER
860000,APARTMENT,6,5,197,OTHER
970000,APARTMENT,5,4,1200,OTHER
450000,APARTMENT,4,3,140,OTHER
550000,APARTMENT,3,3,129,OTHER
3600000,VILLA,4,7,250,"AL NARJIS, NORTH RIYADH, RIYADH"
860000,APARTMENT,4,3,156,"AL MAHDIYAH, WEST RIYADH, RIYADH"
595000,FLOOR,3,3,176,"BADR, SOUTH RIYADH, RIYADH"
750000,FLOOR,3,4,208,OTHER
750000,FLOOR,4,5,209,"OKAZ, SOUTH RIYADH, RIYADH"
595000,APARTMENT,3,3,149,"BADR, SOUTH RIYADH, RIYADH"
580000,APARTMENT,2,3,60,"AL JANADRIYAH, EAST RIYADH, RIYADH"
667000,APARTMENT,3,1,138,OTHER
650000,APARTMENT,4,3,116,OTHER
650000,APARTMENT,5,3,180,OTHER
750000,APARTMENT,6,4,190,OTHER
3280000,VILLA,9,6,308,"QURTUBAH, EAST RIYADH, RIYADH"
790000,APARTMENT,5,4,212,OTHER
6500000,VILLA,7,6,510,"AL NARJIS, NORTH RIYADH, RIYADH"
850000,APARTMENT,4,3,134,OTHER
35000000,VILLA,11,7,1270,OTHER
480000,APARTMENT,3,3,156,"BADR, SOUTH RIYADH, RIYADH"
3000000,VILLA,5,8,343,"AL RIMAL, EAST RIYADH, RIYADH"
1100000,FLOOR,3,4,206,"AL QADISIYAH, EAST RIYADH, RIYADH"
1600000,FLOOR,4,3,172,"QURTUBAH, EAST RIYADH, RIYADH"
1000000,APARTMENT,4,3,187,OTHER
750000,APARTMENT,5,5,190,OTHER
830000,APARTMENT,5,4,173,"AL SALAMAH, NORTH JEDDAH, JEDDAH"
2400000,VILLA,5,5,225,"AL MAHDIYAH, WEST RIYADH, RIYADH"
1800000,VILLA,4,4,880,OTHER
3017000,VILLA,3,1,250,"AL NARJIS, NORTH RIYADH, RIYADH"
750000,APARTMENT,4,4,191,"AL SALAMAH, NORTH JEDDAH, JEDDAH"
540000,APARTMENT,3,4,143,OTHER
599000,APARTMENT,3,3,179,OTHER
499000,APARTMENT,4,3,160,OTHER
790000,APARTMENT,3,3,182,"AL RIMAL, EAST RIYADH, RIYADH"
3100000,VILLA,5,8,312,"AL RIMAL, EAST RIYADH, RIYADH"
820000,APARTMENT,4,3,130,"AL MAHDIYAH, WEST RIYADH, RIYADH"
560000,APARTMENT,5,4,174,OTHER
850000,APARTMENT,4,3,162,"AL RIMAL, EAST RIYADH, RIYADH"
790000,APARTMENT,4,3,209,OTHER
950000,VILLA,5,4,262,OTHER
1400000,VILLA,4,4,345,OTHER
1000000,VILLA,7,6,385,OTHER
750000,APARTMENT,4,3,120,"AL RAWDAH, NORTH JEDDAH, JEDDAH"
7500000,APARTMENT,4,4,201,OTHER
830000,APARTMENT,4,4,140,"AL SALAMAH, NORTH JEDDAH, JEDDAH"
1200000,VILLA,3,3,206,"AL RIMAL, EAST RIYADH, RIYADH"
2300000,VILLA,11,7,574,OTHER
1149000,APARTMENT,3,2,127,"AL ARID, NORTH RIYADH, RIYADH"
1435000,FLOOR,3,1,152,OTHER
340000,APARTMENT,3,3,112,OTHER
670000,FLOOR,6,3,300,OTHER
660000,FLOOR,3,3,176,"OKAZ, SOUTH RIYADH, RIYADH"
860000,APARTMENT,4,4,225,OTHER
740000,APARTMENT,4,3,50,"AL QADISIYAH, EAST RIYADH, RIYADH"
870000,APARTMENT,3,5,214,OTHER
500000,APARTMENT,2,3,206,OTHER
850000,APARTMENT,6,5,206,OTHER
1150000,VILLA,6,5,245,OTHER
730000,APARTMENT,5,5,212,OTHER
480000,APARTMENT,3,3,180,"BADR, SOUTH RIYADH, RIYADH"
720000,APARTMENT,4,3,114,"AL RAWDAH, NORTH JEDDAH, JEDDAH"
720000,APARTMENT,4,3,117,"AL RAWDAH, NORTH JEDDAH, JEDDAH"
1100000,APARTMENT,3,2,97,OTHER
1450000,APARTMENT,5,3,5408,"AL MUNSIYAH, EAST RIYADH, RIYADH"
3000000,VILLA,7,5,420,"AL MUNSIYAH, EAST RIYADH, RIYADH"
1850000,VILLA,4,6,360,"AL JANADRIYAH, EAST RIYADH, RIYADH"
950000,FLOOR,6,3,197,"AL RIMAL, EAST RIYADH, RIYADH"
1100000,APARTMENT,3,3,137,"AL ARID, NORTH RIYADH, RIYADH"
530000,APARTMENT,5,4,160,OTHER
590000,APARTMENT,5,4,175,OTHER
950000,FLOOR,5,4,143,OTHER
800000,APARTMENT,4,3,130,OTHER
2950000,APARTMENT,2,3,137,OTHER
570000,APARTMENT,3,3,166,OTHER
5500000,VILLA,11,5,600,OTHER
1500000,VILLA,4,4,275,"AL RIMAL, EAST RIYADH, RIYADH"
370000,APARTMENT,3,3,113,OTHER
350000,APARTMENT,3,3,113,OTHER
390000,APARTMENT,4,3,134,OTHER
570000,APARTMENT,4,3,137,OTHER
560000,APARTMENT,5,4,170,OTHER
560000,APARTMENT,5,4,163,OTHER
620000,APARTMENT,5,4,180,OTHER
520000,APARTMENT,5,4,160,OTHER
550000,APARTMENT,5,4,160,OTHER
760000,APARTMENT,5,5,170,OTHER
2850000,VILLA,6,5,390,OTHER
3200000,VILLA,9,9,459,OTHER
1750000,VILLA,5,8,396,OTHER
4300000,VILLA,10,7,301,"AL RAWDAH, NORTH JEDDAH, JEDDAH"
970000,APARTMENT,7,5,332,OTHER
1300000,FLOOR,3,3,164,OTHER
950000,FLOOR,6,4,211,OTHER
500000,APARTMENT,4,3,125,OTHER
3800000,VILLA,11,8,555,"AL MUNSIYAH, EAST RIYADH, RIYADH"
1100000,VILLA,6,4,200,"TUWAIQ, WEST RIYADH, RIYADH"
430000,APARTMENT,3,2,98,OTHER
790000,APARTMENT,6,4,231,OTHER
560000,APARTMENT,5,4,176,OTHER
560000,APARTMENT,4,4,177,OTHER
3300000,VILLA,10,6,374,OTHER
2000000,VILLA,7,9,451,OTHER
520000,APARTMENT,4,4,167,OTHER
2300000,APARTMENT,4,1,950,"AL ARID, NORTH RIYADH, RIYADH"
540000,APARTMENT,7,5,171,OTHER
570000,FLOOR,7,5,230,OTHER
475000,APARTMENT,4,3,150,OTHER
2000000,VILLA,4,5,400,"AL MAHDIYAH, WEST RIYADH, RIYADH"
733000,APARTMENT,3,3,990,"AL RIMAL, EAST RIYADH, RIYADH"
1090000,APARTMENT,2,1,800,OTHER
1600000,VILLA,5,5,625,OTHER
1300000,FLOOR,4,3,200,"AL JANADRIYAH, EAST RIYADH, RIYADH"
4464,REST HOUSE,2,2,672,OTHER
1100000,APARTMENT,4,3,3098,OTHER
600000,APARTMENT,5,3,198,OTHER
530000,APARTMENT,5,3,182,OTHER
525000,APARTMENT,5,3,150,OTHER
2750000,VILLA,6,5,300,OTHER
1750000,VILLA,4,3,200,OTHER
1650000,APARTMENT,3,3,215,OTHER
6700000,REST HOUSE,6,4,916,"AL ARID, NORTH RIYADH, RIYADH"
950000,APARTMENT,3,4,171,"AL RIMAL, EAST RIYADH, RIYADH"
3341,REST HOUSE,1,1,778,OTHER
780000,FLOOR,5,3,227,OTHER
1000000,APARTMENT,3,4,202,OTHER
580000,APARTMENT,4,3,139,OTHER
580000,APARTMENT,4,3,138,OTHER
770000,APARTMENT,3,3,630,"BADR, SOUTH RIYADH, RIYADH"
770000,APARTMENT,4,5,630,"BADR, SOUTH RIYADH, RIYADH"
760000,FLOOR,4,4,214,"BADR, SOUTH RIYADH, RIYADH"
550000,APARTMENT,3,2,140,OTHER
550000,APARTMENT,4,3,140,OTHER
600000,APARTMENT,3,3,129,OTHER
540000,APARTMENT,4,3,129,OTHER
320000,APARTMENT,3,3,659,OTHER
1250000,VILLA,4,4,400,"TUWAIQ, WEST RIYADH, RIYADH"
560000,APARTMENT,4,3,136,OTHER
1150000,VILLA,7,5,275,OTHER
700000,VILLA,8,4,636,"BADR, SOUTH RIYADH, RIYADH"
4500000,VILLA,11,11,800,"AL JANADRIYAH, EAST RIYADH, RIYADH"
450000,APARTMENT,5,3,168,"BADR, SOUTH RIYADH, RIYADH"
730000,FLOOR,5,5,207,OTHER
1160000,VILLA,3,5,335,OTHER
560000,APARTMENT,4,3,123,"AL SALAMAH, NORTH JEDDAH, JEDDAH"
650000,APARTMENT,5,3,205,OTHER
4200000,VILLA,8,7,663,OTHER
1150000,FLOOR,4,4,144,"AL MUNSIYAH, EAST RIYADH, RIYADH"
560000,APARTMENT,5,3,172,OTHER
460000,APARTMENT,4,3,130,OTHER
650000,FLOOR,3,3,121,OTHER
850000,APARTMENT,4,3,1590,OTHER
885000,APARTMENT,4,3,134,OTHER
1600000,FLOOR,5,5,206,"AL MUNSIYAH, EAST RIYADH, RIYADH"
250000,APARTMENT,2,3,706,OTHER
1370000,APARTMENT,3,4,132,"AL NARJIS, NORTH RIYADH, RIYADH"
790000,APARTMENT,5,3,175,"AL SALAMAH, NORTH JEDDAH, JEDDAH"
2450000,VILLA,6,9,312,OTHER
984000,APARTMENT,3,4,142,OTHER
830000,VILLA,5,6,352,OTHER
680000,APARTMENT,5,4,159,OTHER
550000,APARTMENT,6,2,187,OTHER
3600000,VILLA,6,10,400,"AL MAHDIYAH, WEST RIYADH, RIYADH"
1850000,VILLA,5,4,205,"AL JANADRIYAH, EAST RIYADH, RIYADH"
850000,FLOOR,5,4,155,"AL JANADRIYAH, EAST RIYADH, RIYADH"
1050000,FLOOR,7,6,225,"AL JANADRIYAH, EAST RIYADH, RIYADH"
1800000,APARTMENT,2,3,114,OTHER
2600000,VILLA,11,11,400,OTHER
1150000,APARTMENT,3,3,134,"AL MUNSIYAH, EAST RIYADH, RIYADH"
800000,APARTMENT,3,3,130,OTHER
1100000,VILLA,5,4,250,OTHER
1400000,APARTMENT,3,4,181,OTHER
750000,FLOOR,3,5,242,"OKAZ, SOUTH RIYADH, RIYADH"
4479000,VILLA,5,7,336,OTHER
460000,APARTMENT,4,3,165,OTHER
500000,APARTMENT,5,3,165,OTHER
600000,APARTMENT,6,4,221,OTHER
950000,FLOOR,6,3,290,OTHER
830000,APARTMENT,3,3,120,OTHER
720000,APARTMENT,3,2,166,OTHER
2400000,VILLA,7,4,360,OTHER
950000,VILLA,4,3,201,"AL JANADRIYAH, EAST RIYADH, RIYADH"
700000,VILLA,5,3,250,OTHER
450000,APARTMENT,5,5,127,OTHER
1199000,APARTMENT,3,3,975,"AL NARJIS, NORTH RIYADH, RIYADH"
1600000,FLOOR,9,4,500,OTHER
1700000,APARTMENT,3,5,231,OTHER
1050000,VILLA,4,4,385,"TUWAIQ, WEST RIYADH, RIYADH"
1350000,VILLA,5,5,369,OTHER
1400000,VILLA,4,4,296,OTHER
2239000,FLOOR,4,5,138,OTHER
1540000,APARTMENT,3,3,157,OTHER
345000,APARTMENT,3,3,875,OTHER
700000,APARTMENT,3,3,104,OTHER
5200000,VILLA,4,8,675,OTHER
1750000,VILLA,6,7,446,OTHER
1400000,VILLA,10,6,312,OTHER
1450000,APARTMENT,3,3,4980,"QURTUBAH, EAST RIYADH, RIYADH"
860000,FLOOR,4,3,500,OTHER
860000,FLOOR,3,3,500,OTHER
620000,APARTMENT,3,3,227,OTHER
1900000,VILLA,10,7,480,OTHER
550000,APARTMENT,3,2,98,"AL RAWDAH, NORTH JEDDAH, JEDDAH"
750000,VILLA,4,4,168,"BADR, SOUTH RIYADH, RIYADH"
790000,APARTMENT,5,1,162,OTHER
440000,APARTMENT,2,3,103,OTHER
870000,APARTMENT,4,3,144,"AL RIMAL, EAST RIYADH, RIYADH"
2000000,VILLA,5,6,270,"AL RIMAL, EAST RIYADH, RIYADH"
540000,APARTMENT,4,3,131,OTHER
550000,APARTMENT,4,5,137,OTHER
950000,FLOOR,4,4,152,"AL QADISIYAH, EAST RIYADH, RIYADH"
1003000,APARTMENT,4,4,135,"AL MUNSIYAH, EAST RIYADH, RIYADH"
580000,APARTMENT,5,3,210,OTHER
9000000,VILLA,10,7,754,OTHER
540000,APARTMENT,5,4,159,OTHER
1150000,FLOOR,9,7,750,OTHER
2700000,VILLA,5,4,312,OTHER
1300000,VILLA,7,5,375,OTHER
650000,APARTMENT,3,3,134,OTHER
1180000,FLOOR,5,4,276,"AL RIMAL, EAST RIYADH, RIYADH"
1200000,VILLA,10,8,583,OTHER
6000000,VILLA,11,7,2160,OTHER
1450000,VILLA,3,4,200,"AL RIMAL, EAST RIYADH, RIYADH"
740000,VILLA,7,5,287,"BADR, SOUTH RIYADH, RIYADH"
5000000,VILLA,4,4,442,OTHER
11000000,VILLA,4,4,750,OTHER
450000,APARTMENT,4,3,137,OTHER
970000,APARTMENT,3,4,67,OTHER
740000,VILLA,8,5,287,"BADR, SOUTH RIYADH, RIYADH"
1800000,REST HOUSE,1,2,1999,OTHER
1900000,VILLA,11,8,312,OTHER
27000000,VILLA,11,11,2640,OTHER
670000,APARTMENT,5,3,162,OTHER
1750000,REST HOUSE,2,2,635,OTHER
1500000,APARTMENT,3,3,157,"AL NARJIS, NORTH RIYADH, RIYADH"
4500000,VILLA,10,6,730,OTHER
1150000,VILLA,6,4,315,"AL JANADRIYAH, EAST RIYADH, RIYADH"
920000,FLOOR,4,5,212,"TUWAIQ, WEST RIYADH, RIYADH"
740000,FLOOR,3,3,176,"BADR, SOUTH RIYADH, RIYADH"
800000,VILLA,5,3,375,OTHER
1020000,VILLA,7,4,250,OTHER
4500000,VILLA,8,6,320,OTHER
2000000,VILLA,8,6,287,"AL RIMAL, EAST RIYADH, RIYADH"
666080,APARTMENT,4,3,2450,OTHER
666080,APARTMENT,4,3,245,OTHER
2800000,VILLA,4,4,468,OTHER
770000,APARTMENT,4,4,630,"BADR, SOUTH RIYADH, RIYADH"
685000,APARTMENT,3,3,183,"TUWAIQ, WEST RIYADH, RIYADH"
3700000,VILLA,9,3,390,"QURTUBAH, EAST RIYADH, RIYADH"
865000,FLOOR,4,3,214,"OKAZ, SOUTH RIYADH, RIYADH"
3850000,VILLA,6,6,454,"AL MAHDIYAH, WEST RIYADH, RIYADH"
2200000,VILLA,11,6,450,OTHER
2000000,FLOOR,4,6,264,"AL MUNSIYAH, EAST RIYADH, RIYADH"
1000000,FLOOR,4,4,193,"AL QADISIYAH, EAST RIYADH, RIYADH"
1600000,FLOOR,4,3,165,"AL MUNSIYAH, EAST RIYADH, RIYADH"
1705090,APARTMENT,5,3,215,"QURTUBAH, EAST RIYADH, RIYADH"
850000,APARTMENT,4,4,1043,OTHER
485000,APARTMENT,5,3,184,OTHER
1145000,FLOOR,5,5,186,"AL RIMAL, EAST RIYADH, RIYADH"
2000000,FLOOR,6,5,147,"AL RAWDAH, NORTH JEDDAH, JEDDAH"
4000000,VILLA,5,4,462,OTHER
1000000,FLOOR,4,3,168,"AL RIMAL, EAST RIYADH, RIYADH"
2800000,VILLA,4,4,514,OTHER
5500000,VILLA,8,6,400,OTHER
2035000,VILLA,4,7,407,OTHER
3800000,VILLA,5,5,400,OTHER
2850000,VILLA,5,4,270,"AL ARID, NORTH RIYADH, RIYADH"
1400000,FLOOR,5,4,600,OTHER
630000,APARTMENT,4,4,150,OTHER
1050000,APARTMENT,3,3,138,"QURTUBAH, EAST RIYADH, RIYADH"
7000000,VILLA,11,11,750,OTHER
1200000,FLOOR,3,3,178,OTHER
5500000,VILLA,7,6,450,"AL NARJIS, NORTH RIYADH, RIYADH"
2500000,VILLA,7,6,345,OTHER
739000,FLOOR,3,4,186,"OKAZ, SOUTH RIYADH, RIYADH"
2679000,FLOOR,4,4,351,"AL NARJIS, NORTH RIYADH, RIYADH"
3100000,VILLA,11,7,312,OTHER
580000,APARTMENT,3,3,111,"AL SALAMAH, NORTH JEDDAH, JEDDAH"
900000,APARTMENT,6,3,188,OTHER
1250000,FLOOR,4,4,375,OTHER
750000,VILLA,11,7,312,OTHER
700000,FLOOR,4,4,177,"BADR, SOUTH RIYADH, RIYADH"
740000,APARTMENT,4,4,163,OTHER
550000,APARTMENT,5,3,157,OTHER
650000,APARTMENT,5,3,157,OTHER
650000,APARTMENT,4,3,157,OTHER
730000,APARTMENT,6,4,195,OTHER
549000,APARTMENT,3,2,524,"AL RAWDAH, NORTH JEDDAH, JEDDAH"
549000,APARTMENT,6,3,181,OTHER
800000,APARTMENT,5,4,163,OTHER
600000,APARTMENT,7,4,235,OTHER
2000000,VILLA,5,5,445,OTHER
5900000,VILLA,6,5,720,OTHER
1750000,APARTMENT,5,4,211,OTHER
690000,FLOOR,3,4,180,"OKAZ, SOUTH RIYADH, RIYADH"
650000,FLOOR,4,3,121,OTHER
749000,FLOOR,1,2,80,OTHER
2150000,VILLA,10,7,297,"AL RIMAL, EAST RIYADH, RIYADH"
600000,APARTMENT,2,3,115,OTHER
1200000,VILLA,4,3,400,"TUWAIQ, WEST RIYADH, RIYADH"
540000,APARTMENT,3,4,203,OTHER
1550000,FLOOR,4,4,147,OTHER
1750000,FLOOR,4,4,176,OTHER
8000000,VILLA,5,3,770,OTHER
1850000,APARTMENT,4,4,213,"QURTUBAH, EAST RIYADH, RIYADH"
1150000,VILLA,3,2,171,"AL RIMAL, EAST RIYADH, RIYADH"
1800000,VILLA,5,6,313,OTHER
840000,VILLA,4,4,334,OTHER
1300000,VILLA,4,3,300,"OKAZ, SOUTH RIYADH, RIYADH"
1400000,APARTMENT,2,3,113,"AL ARID, NORTH RIYADH, RIYADH"
1300000,APARTMENT,4,3,94,"QURTUBAH, EAST RIYADH, RIYADH"
450000,APARTMENT,3,3,173,"BADR, SOUTH RIYADH, RIYADH"
520000,APARTMENT,4,3,900,"BADR, SOUTH RIYADH, RIYADH"
520000,APARTMENT,3,4,900,"BADR, SOUTH RIYADH, RIYADH"
1259000,FLOOR,3,4,286,"AL RIMAL, EAST RIYADH, RIYADH"
840000,FLOOR,6,3,2925,"TUWAIQ, WEST RIYADH, RIYADH"
670000,APARTMENT,6,4,216,OTHER
3000000,VILLA,5,6,338,"AL RIMAL, EAST RIYADH, RIYADH"
2450000,VILLA,8,7,600,OTHER
840000,FLOOR,4,3,335,OTHER
950000,FLOOR,3,3,500,OTHER
5250000,VILLA,6,5,656,OTHER
3000000,VILLA,6,5,409,"AL RIMAL, EAST RIYADH, RIYADH"
830000,FLOOR,3,4,245,"TUWAIQ, WEST RIYADH, RIYADH"
1550000,VILLA,6,5,375,OTHER
720000,APARTMENT,4,4,256,"OKAZ, SOUTH RIYADH, RIYADH"
4200000,VILLA,10,6,598,OTHER
1700000,APARTMENT,3,3,141,OTHER
750000,APARTMENT,4,5,167,OTHER
750000,APARTMENT,4,4,167,OTHER
650000,APARTMENT,5,3,164,OTHER
450000,APARTMENT,3,2,102,OTHER
910000,APARTMENT,2,2,143,"AL RIMAL, EAST RIYADH, RIYADH"
4500000,REST HOUSE,3,3,2000,OTHER
1750000,VILLA,7,9,312,OTHER
1650000,VILLA,6,9,312,OTHER
5100000,VILLA,1,5,625,"QURTUBAH, EAST RIYADH, RIYADH"
10000000,VILLA,9,5,750,OTHER
630000,FLOOR,5,3,201,"BADR, SOUTH RIYADH, RIYADH"
760000,FLOOR,6,5,145,OTHER
530000,APARTMENT,5,3,201,OTHER
1160000,VILLA,5,2,335,OTHER
530000,APARTMENT,3,3,152,OTHER
1790000,APARTMENT,3,2,275,"AL RIMAL, EAST RIYADH, RIYADH"
1270000,APARTMENT,3,2,221,"AL RIMAL, EAST RIYADH, RIYADH"
1060000,APARTMENT,5,4,497,OTHER
1100000,VILLA,6,6,200,OTHER
40000000,VILLA,11,10,2512,"AL RAWDAH, NORTH JEDDAH, JEDDAH"
3500000,VILLA,7,6,750,OTHER
3500000,VILLA,5,8,500,OTHER
750000,APARTMENT,3,3,166,OTHER
733000,APARTMENT,4,6,221,OTHER
3300000,VILLA,5,3,391,OTHER
680000,APARTMENT,3,4,186,OTHER
3000000,VILLA,7,5,511,"AL QADISIYAH, EAST RIYADH, RIYADH"
475000,APARTMENT,5,1,150,OTHER
3500000,VILLA,11,7,780,OTHER
890000,APARTMENT,3,4,174,OTHER
1400000,APARTMENT,3,3,138,OTHER
370000,APARTMENT,3,3,146,OTHER
8000000,VILLA,11,7,1118,OTHER
610000,APARTMENT,6,4,178,OTHER
1300000,FLOOR,4,3,375,"AL MUNSIYAH, EAST RIYADH, RIYADH"
1013000,APARTMENT,4,3,124,"AL RIMAL, EAST RIYADH, RIYADH"
990000,APARTMENT,3,2,86,"AL MUNSIYAH, EAST RIYADH, RIYADH"
2000000,VILLA,9,7,308,OTHER
1700000,VILLA,7,9,312,OTHER
1550000,VILLA,6,4,469,OTHER
389000,APARTMENT,2,2,537,"AL RAWDAH, NORTH JEDDAH, JEDDAH"
3500000,VILLA,8,9,625,OTHER
550000,APARTMENT,5,3,146,"BADR, SOUTH RIYADH, RIYADH"
500000,APARTMENT,5,3,163,OTHER
2500000,VILLA,6,5,444,"AL MAHDIYAH, WEST RIYADH, RIYADH"
2250000,VILLA,11,8,400,OTHER
2150000,VILLA,11,10,350,OTHER
580000,APARTMENT,3,3,125,"TUWAIQ, WEST RIYADH, RIYADH"
1360000,VILLA,9,7,437,OTHER
1300000,APARTMENT,3,3,190,"AL NARJIS, NORTH RIYADH, RIYADH"
1200000,APARTMENT,3,4,1155,"AL ARID, NORTH RIYADH, RIYADH"
1125000,APARTMENT,4,4,61,"AL ARID, NORTH RIYADH, RIYADH"
1700000,VILLA,5,4,276,OTHER
3400000,VILLA,4,6,250,"AL NARJIS, NORTH RIYADH, RIYADH"
577000,APARTMENT,3,3,99,"AL RAWDAH, NORTH JEDDAH, JEDDAH"
1150000,APARTMENT,4,3,138,"AL NARJIS, NORTH RIYADH, RIYADH"
900000,APARTMENT,3,3,143,OTHER
850000,APARTMENT,6,5,197,OTHER
640000,FLOOR,3,3,102,OTHER
950000,APARTMENT,3,4,150,"AL RIMAL, EAST RIYADH, RIYADH"
550000,APARTMENT,4,4,123,"AL SALAMAH, NORTH JEDDAH, JEDDAH"
540000,APARTMENT,4,4,163,OTHER
305000,APARTMENT,3,3,63107,OTHER
950000,APARTMENT,4,3,160,"AL RAWDAH, NORTH JEDDAH, JEDDAH"
1450000,VILLA,3,4,350,"AL JANADRIYAH, EAST RIYADH, RIYADH"
2125554,APARTMENT,3,4,246,OTHER
1266370,APARTMENT,3,4,191,OTHER
1354460,APARTMENT,3,4,188,OTHER
1750000,APARTMENT,3,4,211,OTHER
2700000,VILLA,6,5,525,"AL RIMAL, EAST RIYADH, RIYADH"
479000,APARTMENT,2,3,122,"OKAZ, SOUTH RIYADH, RIYADH"
1680000,FLOOR,4,4,151,OTHER
1381506,APARTMENT,3,4,205,OTHER
1345910,APARTMENT,3,4,198,OTHER
1375952,APARTMENT,3,4,200,OTHER
1199224,APARTMENT,3,4,170,OTHER
2422755,APARTMENT,3,4,245,OTHER
1250000,APARTMENT,3,4,175,OTHER
320000,APARTMENT,3,2,659,OTHER
1300000,APARTMENT,5,4,172,"QURTUBAH, EAST RIYADH, RIYADH"
1200000,APARTMENT,2,2,97,"AL NARJIS, NORTH RIYADH, RIYADH"
560000,APARTMENT,5,4,226,OTHER
699000,FLOOR,3,3,6372,OTHER
2162000,FLOOR,3,3,181,"AL NARJIS, NORTH RIYADH, RIYADH"
1500000,FLOOR,4,3,125,"AL NARJIS, NORTH RIYADH, RIYADH"
560000,APARTMENT,6,4,212,OTHER
6400000,VILLA,7,5,660,OTHER
800000,APARTMENT,5,4,203,OTHER
1200000,VILLA,7,6,406,OTHER
580000,APARTMENT,5,4,158,OTHER
820000,APARTMENT,3,3,143,"AL RIMAL, EAST RIYADH, RIYADH"
1600000,FLOOR,3,3,116,"AL NARJIS, NORTH RIYADH, RIYADH"
500000,APARTMENT,4,3,177,OTHER
1200000,VILLA,4,5,479,OTHER
1100000,VILLA,6,6,312,OTHER
750000,APARTMENT,6,3,213,OTHER
2800000,VILLA,11,10,745,OTHER
700000,APARTMENT,5,3,153,OTHER
2050000,VILLA,4,4,200,OTHER
850000,APARTMENT,5,3,201,OTHER
850000,APARTMENT,7,5,257,OTHER
850000,APARTMENT,7,4,257,OTHER
800000,APARTMENT,4,5,249,OTHER
5000000,VILLA,7,4,315,OTHER
740000,APARTMENT,5,4,156,OTHER
850000,APARTMENT,7,4,202,OTHER
996000,APARTMENT,5,3,176,"AL RAWDAH, NORTH JEDDAH, JEDDAH"
650000,APARTMENT,5,3,203,OTHER
490000,APARTMENT,4,3,128,OTHER
3350000,APARTMENT,3,3,168,OTHER
1775000,APARTMENT,2,2,92,OTHER
1200000,FLOOR,3,3,209,"AL QADISIYAH, EAST RIYADH, RIYADH"
1650000,APARTMENT,3,3,115,"AL NARJIS, NORTH RIYADH, RIYADH"
1100000,APARTMENT,5,4,203,OTHER
1100000,FLOOR,4,4,219,OTHER
530000,APARTMENT,4,3,143,OTHER
3600000,VILLA,10,4,450,OTHER
2300000,VILLA,4,7,383,"AL MAHDIYAH, WEST RIYADH, RIYADH"
3300000,VILLA,11,7,375,OTHER
489000,APARTMENT,2,3,124,"OKAZ, SOUTH RIYADH, RIYADH"
569000,APARTMENT,2,3,145,"OKAZ, SOUTH RIYADH, RIYADH"
539000,APARTMENT,2,3,134,"OKAZ, SOUTH RIYADH, RIYADH"
1101000,APARTMENT,3,3,146,"AL MUNSIYAH, EAST RIYADH, RIYADH"
1259000,FLOOR,4,4,286,"AL RIMAL, EAST RIYADH, RIYADH"
4000000,REST HOUSE,9,6,1550,OTHER
1950000,FLOOR,3,3,166,OTHER
7000000,VILLA,7,11,702,OTHER
650000,APARTMENT,5,4,164,OTHER
509000,APARTMENT,2,3,131,"OKAZ, SOUTH RIYADH, RIYADH"
819000,APARTMENT,2,2,101,OTHER
885000,APARTMENT,4,3,130,OTHER
1600000,APARTMENT,4,3,111,"AL NARJIS, NORTH RIYADH, RIYADH"
2250000,VILLA,5,7,388,"AL MAHDIYAH, WEST RIYADH, RIYADH"
950000,FLOOR,3,4,168,"AL RIMAL, EAST RIYADH, RIYADH"
811000,APARTMENT,3,3,8020,OTHER
1150000,APARTMENT,4,5,215,"AL RIMAL, EAST RIYADH, RIYADH"
889000,FLOOR,3,4,164,OTHER
779000,FLOOR,1,2,89,OTHER
1189000,FLOOR,3,3,178,OTHER
859000,FLOOR,3,3,164,OTHER
1229000,FLOOR,4,3,80,OTHER
1600000,FLOOR,3,3,74,OTHER
670000,APARTMENT,3,4,162,OTHER
440000,APARTMENT,3,3,99,"AL SALAMAH, NORTH JEDDAH, JEDDAH"
1100000,FLOOR,3,4,148,"AL RIMAL, EAST RIYADH, RIYADH"
580000,APARTMENT,5,3,138,OTHER
540000,APARTMENT,3,3,184,OTHER
1280000,APARTMENT,2,3,109,OTHER
2500000,VILLA,5,5,304,OTHER
2200000,VILLA,6,5,400,"AL MAHDIYAH, WEST RIYADH, RIYADH"
660000,FLOOR,4,2,181,"OKAZ, SOUTH RIYADH, RIYADH"
1589000,FLOOR,6,2,230,"AL RIMAL, EAST RIYADH, RIYADH"
1000000,VILLA,3,3,312,OTHER
2640000,VILLA,4,6,300,OTHER
750000,APARTMENT,4,4,696,OTHER
1100000,APARTMENT,3,3,118,OTHER
4500000,VILLA,6,4,500,OTHER
1800000,VILLA,8,7,200,"AL MAHDIYAH, WEST RIYADH, RIYADH"
1050000,VILLA,7,6,288,"AL JANADRIYAH, EAST RIYADH, RIYADH"
1200000,FLOOR,5,4,177,"AL RIMAL, EAST RIYADH, RIYADH"
800000,FLOOR,3,3,242,"OKAZ, SOUTH RIYADH, RIYADH"
850000,FLOOR,3,3,204,"AL JANADRIYAH, EAST RIYADH, RIYADH"
780000,FLOOR,3,4,242,"BADR, SOUTH RIYADH, RIYADH"
595000,FLOOR,4,4,242,"BADR, SOUTH RIYADH, RIYADH"
580000,APARTMENT,3,3,60,"AL JANADRIYAH, EAST RIYADH, RIYADH"
800000,FLOOR,4,5,137,"TUWAIQ, WEST RIYADH, RIYADH"
3200000,VILLA,5,4,300,OTHER
2300000,VILLA,5,8,673,OTHER
760000,APARTMENT,4,3,163,OTHER
3075000,VILLA,11,4,315,"AL RIMAL, EAST RIYADH, RIYADH"
350000,APARTMENT,3,3,145,OTHER
7300000,VILLA,6,8,897,OTHER
4200000,VILLA,6,6,371,"AL MUNSIYAH, EAST RIYADH, RIYADH"
1100000,VILLA,4,5,312,OTHER
1250000,APARTMENT,3,4,159,"AL NARJIS, NORTH RIYADH, RIYADH"
860000,FLOOR,5,3,500,OTHER
850000,APARTMENT,6,5,205,OTHER
580000,APARTMENT,4,4,138,OTHER
570000,APARTMENT,5,3,137,OTHER
3350000,APARTMENT,3,3,169,OTHER
400,APARTMENT,3,3,170,"BADR, SOUTH RIYADH, RIYADH"
2200000,FLOOR,3,3,403,OTHER
1699000,FLOOR,3,1,675,OTHER
740000,VILLA,5,5,211,"BADR, SOUTH RIYADH, RIYADH"
1400000,APARTMENT,4,3,138,OTHER
1750000,VILLA,5,6,225,"AL RIMAL, EAST RIYADH, RIYADH"
485000,APARTMENT,4,3,126,OTHER
665000,APARTMENT,6,3,222,OTHER
600000,FLOOR,3,4,362,"BADR, SOUTH RIYADH, RIYADH"
640000,APARTMENT,3,3,150,OTHER
690000,FLOOR,3,3,180,"OKAZ, SOUTH RIYADH, RIYADH"
690000,FLOOR,4,3,186,"OKAZ, SOUTH RIYADH, RIYADH"
2800000,VILLA,11,11,537,OTHER
450000,APARTMENT,3,3,213,OTHER
2499000,VILLA,4,5,266,OTHER
2450000,VILLA,5,6,500,"AL MAHDIYAH, WEST RIYADH, RIYADH"
540000,APARTMENT,5,3,163,"OKAZ, SOUTH RIYADH, RIYADH"
660000,FLOOR,3,5,202,OTHER
580000,APARTMENT,3,3,124,OTHER
550000,APARTMENT,3,2,128,OTHER
1150000,VILLA,4,4,315,"AL JANADRIYAH, EAST RIYADH, RIYADH"
650000,APARTMENT,3,4,193,OTHER
1150000,APARTMENT,5,4,155,"AL RAWDAH, NORTH JEDDAH, JEDDAH"
885000,APARTMENT,3,3,134,OTHER
1700000,APARTMENT,3,4,800,OTHER
1600000,VILLA,3,3,230,"AL RIMAL, EAST RIYADH, RIYADH"
650000,FLOOR,4,3,177,"BADR, SOUTH RIYADH, RIYADH"
1850000,VILLA,7,5,375,"TUWAIQ, WEST RIYADH, RIYADH"
480000,APARTMENT,3,2,180,"BADR, SOUTH RIYADH, RIYADH"
580000,APARTMENT,5,4,157,OTHER
580000,APARTMENT,5,3,148,OTHER
680000,APARTMENT,3,3,990,"AL RIMAL, EAST RIYADH, RIYADH"
965000,APARTMENT,4,4,2640,"AL NARJIS, NORTH RIYADH, RIYADH"
860000,FLOOR,3,4,500,OTHER
430000,APARTMENT,3,3,131,"BADR, SOUTH RIYADH, RIYADH"
729000,APARTMENT,5,4,154,"AL SALAMAH, NORTH JEDDAH, JEDDAH"
600000,APARTMENT,3,4,80,"AL JANADRIYAH, EAST RIYADH, RIYADH"
5500000,VILLA,5,5,444,OTHER
2000000,VILLA,6,4,500,OTHER
800000,FLOOR,4,5,199,"BADR, SOUTH RIYADH, RIYADH"
700000,FLOOR,3,3,175,"OKAZ, SOUTH RIYADH, RIYADH"
570000,FLOOR,4,3,173,"BADR, SOUTH RIYADH, RIYADH"
850000,APARTMENT,4,3,137,"AL MAHDIYAH, WEST RIYADH, RIYADH"
700000,FLOOR,3,4,175,"OKAZ, SOUTH RIYADH, RIYADH"
950,FLOOR,3,5,212,"TUWAIQ, WEST RIYADH, RIYADH"
1000000,APARTMENT,4,4,190,"AL MAHDIYAH, WEST RIYADH, RIYADH"
2300000,APARTMENT,2,2,118,OTHER
1400000,APARTMENT,3,3,113,OTHER
1070000,VILLA,5,5,263,"TUWAIQ, WEST RIYADH, RIYADH"
760000,VILLA,5,4,193,OTHER
840000,APARTMENT,7,4,192,OTHER
440000,APARTMENT,4,3,182,OTHER
550000,APARTMENT,5,3,204,OTHER
900000,FLOOR,3,3,750,"TUWAIQ, WEST RIYADH, RIYADH"
800000,APARTMENT,3,3,630,"BADR, SOUTH RIYADH, RIYADH"
3500000,VILLA,11,3,675,OTHER
890000,APARTMENT,4,4,151,OTHER
350000,FLOOR,10,6,600,OTHER
880000,APARTMENT,7,4,201,OTHER
399000,APARTMENT,3,3,100,OTHER
2100000,VILLA,7,5,275,"AL QADISIYAH, EAST RIYADH, RIYADH"
4000000,VILLA,5,4,450,OTHER
1200000,APARTMENT,3,3,114,OTHER
420000,APARTMENT,3,3,131,OTHER
630000,VILLA,6,3,325,"BADR, SOUTH RIYADH, RIYADH"
530000,APARTMENT,3,4,302,OTHER
4462000,VILLA,5,7,7504,"AL NARJIS, NORTH RIYADH, RIYADH"
4200000,VILLA,5,6,448,OTHER
900000,FLOOR,3,3,192,"TUWAIQ, WEST RIYADH, RIYADH"
730000,APARTMENT,3,3,900,OTHER
1300000,APARTMENT,4,3,142,"AL NARJIS, NORTH RIYADH, RIYADH"
1050000,APARTMENT,5,4,174,"AL MAHDIYAH, WEST RIYADH, RIYADH"
505000,APARTMENT,2,1,115,"TUWAIQ, WEST RIYADH, RIYADH"
7500000,VILLA,6,6,525,OTHER
2600000,VILLA,10,6,870,OTHER
500000,VILLA,8,4,116,OTHER
980000,APARTMENT,3,3,143,OTHER
950000,VILLA,8,5,488,OTHER
1550000,VILLA,9,6,400,OTHER
800000,APARTMENT,3,3,158,"AL RIMAL, EAST RIYADH, RIYADH"
1300000,VILLA,7,6,230,OTHER
2550000,VILLA,6,6,375,OTHER
1699000,FLOOR,2,2,170,OTHER
600000,FLOOR,1,1,500,OTHER
490000,APARTMENT,4,3,125,OTHER
6000000,REST HOUSE,6,6,900,"AL MAHDIYAH, WEST RIYADH, RIYADH"
180000,FLOOR,6,4,484,OTHER
690000,FLOOR,3,3,160,"AL JANADRIYAH, EAST RIYADH, RIYADH"
1350000,VILLA,6,5,200,"TUWAIQ, WEST RIYADH, RIYADH"
950000,FLOOR,3,3,220,"TUWAIQ, WEST RIYADH, RIYADH"
800000,FLOOR,3,3,166,"TUWAIQ, WEST RIYADH, RIYADH"
800000,FLOOR,3,3,137,"TUWAIQ, WEST RIYADH, RIYADH"
780000,APARTMENT,3,4,116,"TUWAIQ, WEST RIYADH, RIYADH"
750000,FLOOR,3,3,208,OTHER
870000,APARTMENT,5,3,170,OTHER
650000,FLOOR,3,3,151,OTHER
3900000,VILLA,9,6,300,"QURTUBAH, EAST RIYADH, RIYADH"
1500000,VILLA,4,5,300,OTHER
1600000,VILLA,4,5,237,OTHER
1550000,APARTMENT,5,4,213,"AL SALAMAH, NORTH JEDDAH, JEDDAH"
800000,APARTMENT,6,4,243,OTHER
3000000,VILLA,7,5,325,OTHER
1250000,FLOOR,5,4,239,OTHER
980000,APARTMENT,5,4,204,OTHER
1600000,APARTMENT,5,4,230,OTHER
800000,FLOOR,6,4,502,OTHER
3200000,VILLA,5,3,337,OTHER
680000,APARTMENT,5,5,175,"TUWAIQ, WEST RIYADH, RIYADH"
1200000,APARTMENT,5,4,185,OTHER
1050000,APARTMENT,5,3,179,"AL SALAMAH, NORTH JEDDAH, JEDDAH"
1200000,APARTMENT,5,4,224,OTHER
790000,APARTMENT,4,4,170,OTHER
520000,APARTMENT,6,4,191,OTHER
1400000,FLOOR,6,3,550,"AL ARID, NORTH RIYADH, RIYADH"
6000000,VILLA,4,6,495,OTHER
1200000,FLOOR,4,5,227,"AL RIMAL, EAST RIYADH, RIYADH"
730000,APARTMENT,5,3,900,OTHER
640000,APARTMENT,5,3,528,OTHER
3650000,VILLA,3,3,324,"AL MUNSIYAH, EAST RIYADH, RIYADH"
10000000,VILLA,7,8,1181,OTHER
860000,APARTMENT,5,4,181,OTHER
4000000,VILLA,4,5,455,OTHER
12000000,VILLA,6,5,222,OTHER
1550000,FLOOR,4,3,390,OTHER
1250000,FLOOR,3,3,403,OTHER
2500000,VILLA,4,4,250,OTHER
1400000,APARTMENT,3,3,150,OTHER
5000000,VILLA,4,7,450,"AL NARJIS, NORTH RIYADH, RIYADH"
6000000,VILLA,5,7,840,OTHER
550000,APARTMENT,5,3,173,OTHER
580000,APARTMENT,3,4,124,OTHER
1500000,FLOOR,6,4,500,"AL JANADRIYAH, EAST RIYADH, RIYADH"
499000,APARTMENT,5,3,158,OTHER
560000,APARTMENT,5,4,162,OTHER
3500000,VILLA,3,3,325,OTHER
6500000,APARTMENT,5,4,173,OTHER
2200000,VILLA,10,5,863,OTHER
720000,FLOOR,4,4,186,"AL JANADRIYAH, EAST RIYADH, RIYADH"
1250000,APARTMENT,3,3,132,"AL ARID, NORTH RIYADH, RIYADH"
520000,APARTMENT,5,4,170,OTHER
4500000,VILLA,10,7,405,"AL MAHDIYAH, WEST RIYADH, RIYADH"
385000,APARTMENT,3,3,108,OTHER
1500000,APARTMENT,3,2,204,OTHER
1400000,APARTMENT,2,3,126,OTHER
1350000,VILLA,7,7,437,OTHER
950000,FLOOR,4,3,189,"TUWAIQ, WEST RIYADH, RIYADH"
1500000,VILLA,6,5,362,OTHER
950000,FLOOR,4,3,105,"TUWAIQ, WEST RIYADH, RIYADH"
750000,FLOOR,4,3,116,"BADR, SOUTH RIYADH, RIYADH"
950000,FLOOR,5,4,164,"TUWAIQ, WEST RIYADH, RIYADH"
950000,FLOOR,3,2,143,OTHER
750000,FLOOR,5,5,242,"BADR, SOUTH RIYADH, RIYADH"
550000,APARTMENT,3,2,116,OTHER
1250000,VILLA,4,3,211,OTHER
2850000,VILLA,4,8,312,"AL RIMAL, EAST RIYADH, RIYADH"
2000000,FLOOR,4,4,264,"AL MUNSIYAH, EAST RIYADH, RIYADH"
1200000,VILLA,8,5,233,OTHER
1400000,VILLA,5,5,295,OTHER
1150000,APARTMENT,4,4,155,"AL RAWDAH, NORTH JEDDAH, JEDDAH"
3800000,VILLA,6,5,450,"AL MAHDIYAH, WEST RIYADH, RIYADH"
2600000,VILLA,5,5,297,"AL QADISIYAH, EAST RIYADH, RIYADH"
3400000,VILLA,6,5,360,"AL RIMAL, EAST RIYADH, RIYADH"
1300000,VILLA,7,5,200,OTHER
2300000,VILLA,4,3,149,OTHER
530000,APARTMENT,4,3,131,OTHER
1850000,VILLA,5,7,312,OTHER
5950000,VILLA,7,4,615,OTHER
6500000,VILLA,11,6,580,OTHER
3000000,VILLA,6,7,375,OTHER
620000,APARTMENT,4,3,140,OTHER
1150000,APARTMENT,3,4,192,"AL RIMAL, EAST RIYADH, RIYADH"
2300000,REST HOUSE,6,2,956,"AL RIMAL, EAST RIYADH, RIYADH"
3700000,VILLA,9,7,362,OTHER
2600000,VILLA,5,5,375,OTHER
800000,APARTMENT,5,3,141,OTHER
4400000,VILLA,6,6,625,OTHER
1400000,VILLA,8,7,300,OTHER
820000,APARTMENT,4,3,750,OTHER
750000,APARTMENT,4,4,750,OTHER
1650000,VILLA,7,9,500,OTHER
1650000,VILLA,6,7,437,OTHER
1750000,VILLA,6,9,437,OTHER
800000,APARTMENT,4,3,630,"BADR, SOUTH RIYADH, RIYADH"
590000,APARTMENT,3,3,106,OTHER
650000,APARTMENT,4,3,136,"AL SALAMAH, NORTH JEDDAH, JEDDAH"
790000,APARTMENT,5,5,179,OTHER
850000,APARTMENT,6,4,219,OTHER
900000,APARTMENT,3,3,121,OTHER
3200000,VILLA,6,5,440,OTHER
3400000,VILLA,7,9,500,OTHER
1500000,VILLA,7,6,335,"AL RIMAL, EAST RIYADH, RIYADH"
1750000,VILLA,6,6,503,OTHER
800000,VILLA,9,6,300,OTHER
1100000,APARTMENT,4,4,186,OTHER
795000,APARTMENT,5,4,181,OTHER
1350000,FLOOR,5,5,200,"TUWAIQ, WEST RIYADH, RIYADH"
7676500,VILLA,10,5,640,OTHER
3300000,VILLA,11,11,450,OTHER
1200000,VILLA,6,5,300,OTHER
900000,FLOOR,3,3,187,OTHER
7000000,VILLA,5,4,450,"AL NARJIS, NORTH RIYADH, RIYADH"
1500000,VILLA,5,5,500,"TUWAIQ, WEST RIYADH, RIYADH"
1300000,VILLA,4,4,202,"AL QADISIYAH, EAST RIYADH, RIYADH"
870000,APARTMENT,4,3,157,OTHER
889000,APARTMENT,3,2,1940,"AL RIMAL, EAST RIYADH, RIYADH"
4000000,VILLA,5,5,371,"AL MUNSIYAH, EAST RIYADH, RIYADH"
500000,FLOOR,6,2,440,OTHER
750000,APARTMENT,5,3,900,OTHER
4380750,VILLA,11,11,675,OTHER
640000,APARTMENT,3,3,145,"TUWAIQ, WEST RIYADH, RIYADH"
690000,APARTMENT,3,3,178,"TUWAIQ, WEST RIYADH, RIYADH"
1400000,VILLA,5,6,250,OTHER
3400000,VILLA,5,5,250,"AL NARJIS, NORTH RIYADH, RIYADH"
900000,FLOOR,4,3,750,OTHER
550000,APARTMENT,4,3,135,OTHER
520000,APARTMENT,4,3,127,OTHER
650000,APARTMENT,4,3,184,OTHER
650000,APARTMENT,5,4,202,OTHER
2500000,VILLA,4,5,643,OTHER
530000,APARTMENT,6,4,239,OTHER
920000,FLOOR,5,5,375,OTHER
955000,APARTMENT,3,5,899,OTHER
820000,VILLA,5,6,451,OTHER
450000,APARTMENT,2,2,102,OTHER
600000,APARTMENT,4,3,179,OTHER
850000,APARTMENT,6,4,197,OTHER
1150000,APARTMENT,6,5,242,OTHER
1100000,FLOOR,4,5,260,"AL RIMAL, EAST RIYADH, RIYADH"
1100000,APARTMENT,5,4,220,"AL SALAMAH, NORTH JEDDAH, JEDDAH"
1950000,APARTMENT,3,4,192,OTHER
520000,APARTMENT,4,3,2300,OTHER
550000,APARTMENT,2,3,128,OTHER
1450000,FLOOR,3,3,260,"AL RIMAL, EAST RIYADH, RIYADH"
1450000,FLOOR,6,6,260,"AL RIMAL, EAST RIYADH, RIYADH"
4400000,VILLA,6,4,900,"AL NARJIS, NORTH RIYADH, RIYADH"
600000,FLOOR,4,4,203,"BADR, SOUTH RIYADH, RIYADH"
900000,VILLA,8,7,225,OTHER
790000,APARTMENT,3,2,85,"AL ARID, NORTH RIYADH, RIYADH"
510000,APARTMENT,4,2,144,OTHER
440000,APARTMENT,3,3,123,OTHER
2700000,VILLA,7,10,418,"AL MAHDIYAH, WEST RIYADH, RIYADH"
6000000,VILLA,6,10,300,OTHER
850000,APARTMENT,4,3,1800,"AL MAHDIYAH, WEST RIYADH, RIYADH"
650000,APARTMENT,6,3,201,OTHER
550000,APARTMENT,5,3,171,OTHER
1325000,APARTMENT,4,4,145,"AL ARID, NORTH RIYADH, RIYADH"
3900000,VILLA,8,10,450,"AL MAHDIYAH, WEST RIYADH, RIYADH"
2700000,VILLA,7,10,300,"AL MAHDIYAH, WEST RIYADH, RIYADH"
1039000,APARTMENT,3,3,107,OTHER
4300000,VILLA,3,4,173,"AL NARJIS, NORTH RIYADH, RIYADH"
420000,APARTMENT,2,2,517,OTHER
7000000,VILLA,7,7,600,"AL NARJIS, NORTH RIYADH, RIYADH"
650000,APARTMENT,5,3,196,OTHER
1850000,APARTMENT,4,5,158,"AL ARID, NORTH RIYADH, RIYADH"
1025000,FLOOR,3,4,400,OTHER
570000,APARTMENT,5,3,158,OTHER
1050000,FLOOR,5,5,900,OTHER
450000,APARTMENT,4,3,151,"BADR, SOUTH RIYADH, RIYADH"
8000000,REST HOUSE,11,7,3210,OTHER
1599000,APARTMENT,3,3,126,OTHER
1000000,APARTMENT,3,4,225,"AL JANADRIYAH, EAST RIYADH, RIYADH"
1000000,APARTMENT,3,4,188,"AL JANADRIYAH, EAST RIYADH, RIYADH"
1150000,APARTMENT,3,4,288,"AL JANADRIYAH, EAST RIYADH, RIYADH"
850000,APARTMENT,4,3,180,"AL MAHDIYAH, WEST RIYADH, RIYADH"
2600000,VILLA,4,3,210,"AL ARID, NORTH RIYADH, RIYADH"
920000,APARTMENT,3,3,130,"AL MAHDIYAH, WEST RIYADH, RIYADH"
5500000,VILLA,6,6,342,OTHER
6000000,VILLA,9,7,399,OTHER
650000,APARTMENT,3,2,106,"AL QADISIYAH, EAST RIYADH, RIYADH"
1350000,FLOOR,4,3,232,"AL QADISIYAH, EAST RIYADH, RIYADH"
750000,FLOOR,3,3,219,"AL JANADRIYAH, EAST RIYADH, RIYADH"
980000,FLOOR,3,3,173,"AL JANADRIYAH, EAST RIYADH, RIYADH"
770000,APARTMENT,3,5,630,"BADR, SOUTH RIYADH, RIYADH"
380000,APARTMENT,3,2,101,OTHER
950000,APARTMENT,3,4,186,OTHER
900000,FLOOR,4,4,212,"TUWAIQ, WEST RIYADH, RIYADH"
690000,FLOOR,3,3,181,"OKAZ, SOUTH RIYADH, RIYADH"
3960000,VILLA,3,5,2250,"AL NARJIS, NORTH RIYADH, RIYADH"
3500000,VILLA,7,8,357,"QURTUBAH, EAST RIYADH, RIYADH"
820000,FLOOR,4,4,246,"OKAZ, SOUTH RIYADH, RIYADH"
850000,VILLA,5,7,299,OTHER
2800000,VILLA,6,8,440,OTHER
560000,APARTMENT,4,3,128,OTHER
1550000,FLOOR,4,4,251,OTHER
1350000,FLOOR,3,4,141,"AL MUNSIYAH, EAST RIYADH, RIYADH"
4200000,VILLA,6,5,385,OTHER
4400000,VILLA,6,6,900,"AL NARJIS, NORTH RIYADH, RIYADH"
1045000,APARTMENT,3,4,1200,OTHER
600000,APARTMENT,4,3,414,OTHER
3700000,VILLA,7,5,312,"AL ARID, NORTH RIYADH, RIYADH"
700000,APARTMENT,4,3,425,OTHER
1650000,VILLA,7,5,365,OTHER
1750000,VILLA,5,4,375,OTHER
4000000,VILLA,9,7,375,"AL NARJIS, NORTH RIYADH, RIYADH"
1400000,FLOOR,4,5,305,"AL QADISIYAH, EAST RIYADH, RIYADH"
850000,FLOOR,3,4,206,"AL JANADRIYAH, EAST RIYADH, RIYADH"
1650000,VILLA,6,9,500,OTHER
1750000,VILLA,6,8,437,OTHER
1900000,VILLA,7,5,252,"AL RIMAL, EAST RIYADH, RIYADH"
720000,FLOOR,3,3,176,"OKAZ, SOUTH RIYADH, RIYADH"
1100000,FLOOR,4,4,198,"TUWAIQ, WEST RIYADH, RIYADH"
1600000,VILLA,6,5,488,"AL JANADRIYAH, EAST RIYADH, RIYADH"
1000000,FLOOR,3,4,177,"AL RIMAL, EAST RIYADH, RIYADH"
980000,FLOOR,3,2,168,"AL RIMAL, EAST RIYADH, RIYADH"
980000,FLOOR,4,4,186,"AL JANADRIYAH, EAST RIYADH, RIYADH"
1700000,VILLA,6,5,249,"AL JANADRIYAH, EAST RIYADH, RIYADH"
1300000,VILLA,6,6,527,OTHER
1250000,FLOOR,3,4,159,"AL MUNSIYAH, EAST RIYADH, RIYADH"
690000,FLOOR,3,3,176,"OKAZ, SOUTH RIYADH, RIYADH"
595000,FLOOR,3,4,149,"BADR, SOUTH RIYADH, RIYADH"
3600000,VILLA,5,3,360,"AL RIMAL, EAST RIYADH, RIYADH"
1100000,FLOOR,6,4,500,OTHER
700000,FLOOR,4,3,163,"BADR, SOUTH RIYADH, RIYADH"
1400000,APARTMENT,3,3,134,OTHER
1300000,VILLA,4,3,162,"AL RIMAL, EAST RIYADH, RIYADH"
750000,APARTMENT,2,3,114,"AL QADISIYAH, EAST RIYADH, RIYADH"
420000,APARTMENT,5,3,200,OTHER
1900000,VILLA,8,8,300,OTHER
300000,REST HOUSE,10,5,500,OTHER
540000,FLOOR,3,3,193,"BADR, SOUTH RIYADH, RIYADH"
4700000,VILLA,8,7,827,OTHER
4000000,VILLA,5,3,630,OTHER
830000,FLOOR,3,3,245,"TUWAIQ, WEST RIYADH, RIYADH"
1450000,APARTMENT,6,5,216,OTHER
850000,VILLA,6,4,270,OTHER
925000,VILLA,5,3,418,OTHER
495000,APARTMENT,4,2,135,OTHER
4000000,VILLA,7,5,400,OTHER
2500000,VILLA,11,11,500,OTHER
600000,APARTMENT,4,3,131,OTHER
1400000,FLOOR,6,3,312,"AL ARID, NORTH RIYADH, RIYADH"
500000,APARTMENT,4,2,195,OTHER
2450000,VILLA,5,4,325,OTHER
7280000,REST HOUSE,3,2,3000,OTHER
500000,APARTMENT,3,3,123,OTHER
550000,APARTMENT,3,3,162,OTHER
1700000,FLOOR,3,3,170,OTHER
650000,APARTMENT,3,3,150,OTHER
1599000,FLOOR,3,3,154,OTHER
440000,APARTMENT,3,3,166,"BADR, SOUTH RIYADH, RIYADH"
2900000,VILLA,5,5,409,OTHER
890000,APARTMENT,3,3,130,"AL MAHDIYAH, WEST RIYADH, RIYADH"
550000,APARTMENT,3,4,160,OTHER
739000,APARTMENT,3,3,132,"AL RIMAL, EAST RIYADH, RIYADH"
650000,APARTMENT,5,4,163,OTHER
950000,APARTMENT,5,3,163,"AL SALAMAH, NORTH JEDDAH, JEDDAH"
1600000,VILLA,5,4,471,OTHER
550000,APARTMENT,4,4,135,OTHER
730000,FLOOR,3,3,180,"OKAZ, SOUTH RIYADH, RIYADH"
620000,APARTMENT,3,3,140,OTHER
3800000,VILLA,6,5,468,"AL MAHDIYAH, WEST RIYADH, RIYADH"
3500000,VILLA,9,7,400,OTHER
900000,FLOOR,4,4,220,"TUWAIQ, WEST RIYADH, RIYADH"
669000,APARTMENT,3,3,128,"AL RIMAL, EAST RIYADH, RIYADH"
600000,APARTMENT,3,3,135,OTHER
4000000,VILLA,5,3,562,OTHER
1650000,VILLA,7,9,437,OTHER
740000,FLOOR,4,3,214,"BADR, SOUTH RIYADH, RIYADH"
3500000,APARTMENT,11,11,400,OTHER
1250000,APARTMENT,5,4,185,OTHER
600000,FLOOR,5,4,640,OTHER
500000,APARTMENT,4,3,195,OTHER
600000,APARTMENT,3,3,116,OTHER
2200000,REST HOUSE,10,8,522,OTHER
860000,FLOOR,8,6,500,OTHER
1050000,VILLA,3,5,385,"TUWAIQ, WEST RIYADH, RIYADH"
850000,APARTMENT,3,3,162,"AL RIMAL, EAST RIYADH, RIYADH"
840000,APARTMENT,4,4,192,OTHER
2950000,VILLA,4,3,377,OTHER
1650000,VILLA,5,4,461,OTHER
1500000,VILLA,5,4,483,OTHER
1650000,VILLA,6,6,500,OTHER
1030000,VILLA,5,5,269,"TUWAIQ, WEST RIYADH, RIYADH"
1700000,FLOOR,7,3,612,OTHER
800000,FLOOR,3,5,193,"AL JANADRIYAH, EAST RIYADH, RIYADH"
800000,FLOOR,3,4,242,"OKAZ, SOUTH RIYADH, RIYADH"
620000,APARTMENT,3,4,152,OTHER
1100000,FLOOR,4,4,500,OTHER
550000,APARTMENT,3,3,146,"BADR, SOUTH RIYADH, RIYADH"
1200000,APARTMENT,3,3,154,OTHER
770000,FLOOR,3,3,630,"BADR, SOUTH RIYADH, RIYADH"
780000,FLOOR,4,5,149,"BADR, SOUTH RIYADH, RIYADH"
4800000,VILLA,6,7,598,OTHER
980000,VILLA,4,4,143,OTHER
850000,VILLA,4,4,239,"AL JANADRIYAH, EAST RIYADH, RIYADH"
1100000,FLOOR,3,5,287,"AL RIMAL, EAST RIYADH, RIYADH"
1100000,FLOOR,3,4,205,"AL RIMAL, EAST RIYADH, RIYADH"
600000,APARTMENT,3,3,166,"TUWAIQ, WEST RIYADH, RIYADH"
560000,APARTMENT,3,3,133,OTHER
570000,FLOOR,3,3,173,"BADR, SOUTH RIYADH, RIYADH"
1000000,VILLA,3,3,263,"TUWAIQ, WEST RIYADH, RIYADH"
950000,FLOOR,3,3,286,"AL JANADRIYAH, EAST RIYADH, RIYADH"
250000,FLOOR,5,2,330,OTHER
590000,APARTMENT,4,4,139,OTHER
1650000,FLOOR,3,3,198,"QURTUBAH, EAST RIYADH, RIYADH"
760000,FLOOR,7,7,214,"BADR, SOUTH RIYADH, RIYADH"
833,REST HOUSE,6,7,600,OTHER
580000,APARTMENT,4,4,124,OTHER
1800000,VILLA,10,4,375,OTHER
860000,FLOOR,5,5,500,OTHER
760000,FLOOR,3,3,214,"BADR, SOUTH RIYADH, RIYADH"
685000,APARTMENT,3,3,180,OTHER
420000,APARTMENT,3,3,170,"BADR, SOUTH RIYADH, RIYADH"
770000,APARTMENT,6,5,630,"BADR, SOUTH RIYADH, RIYADH"
800000,APARTMENT,3,5,630,"BADR, SOUTH RIYADH, RIYADH"
2950000,VILLA,6,10,500,OTHER
800000,APARTMENT,7,7,630,"BADR, SOUTH RIYADH, RIYADH"
770000,APARTMENT,5,4,630,"BADR, SOUTH RIYADH, RIYADH"
3900000,VILLA,5,5,450,OTHER
1650000,VILLA,7,8,500,OTHER
22850000,VILLA,7,5,1895,"AL RAWDAH, NORTH JEDDAH, JEDDAH"
1699000,APARTMENT,3,2,96,OTHER
1459000,APARTMENT,3,3,125,OTHER
800000,APARTMENT,3,4,630,"BADR, SOUTH RIYADH, RIYADH"
780000,FLOOR,4,4,149,"BADR, SOUTH RIYADH, RIYADH"
850000,FLOOR,3,4,204,"AL JANADRIYAH, EAST RIYADH, RIYADH"
500000,APARTMENT,5,4,183,OTHER
950000,FLOOR,7,3,135,OTHER
3900000,VILLA,11,11,450,OTHER
2500000,VILLA,11,7,484,OTHER
3000000,VILLA,7,6,765,OTHER
1000000,APARTMENT,2,3,100,"AL ARID, NORTH RIYADH, RIYADH"
6200000,VILLA,8,7,386,OTHER
1700000,VILLA,4,5,360,OTHER
290000,APARTMENT,2,2,1625,OTHER
760000,APARTMENT,5,4,170,OTHER
1150000,APARTMENT,3,4,182,"AL RAWDAH, NORTH JEDDAH, JEDDAH"
790000,APARTMENT,5,4,171,"TUWAIQ, WEST RIYADH, RIYADH"
13000000,VILLA,10,7,720,OTHER
680000,APARTMENT,5,4,218,OTHER
590000,APARTMENT,5,4,153,OTHER
580000,APARTMENT,4,4,221,OTHER
700000,APARTMENT,4,4,178,OTHER
9045000,VILLA,6,6,603,OTHER
750000,APARTMENT,8,6,355,OTHER
495000,FLOOR,6,4,189,OTHER
1200000,FLOOR,5,4,600,OTHER
1450000,VILLA,4,6,252,OTHER
1850000,VILLA,4,6,327,OTHER
615000,APARTMENT,3,3,112,"TUWAIQ, WEST RIYADH, RIYADH"
1150000,APARTMENT,5,4,211,"AL SALAMAH, NORTH JEDDAH, JEDDAH"
990000,APARTMENT,5,3,175,"AL SALAMAH, NORTH JEDDAH, JEDDAH"
540000,APARTMENT,5,3,126,OTHER
7500000,VILLA,9,9,945,"AL MUNSIYAH, EAST RIYADH, RIYADH"
650000,APARTMENT,5,4,166,OTHER
1100000,APARTMENT,3,4,253,OTHER
5000000,VILLA,5,10,500,OTHER
1000000,FLOOR,5,4,177,"AL RIMAL, EAST RIYADH, RIYADH"
1350000,APARTMENT,6,5,242,OTHER
850000,APARTMENT,4,4,158,OTHER
1300000,APARTMENT,4,4,110,"AL NARJIS, NORTH RIYADH, RIYADH"
540000,FLOOR,6,5,246,OTHER
995000,APARTMENT,4,4,199,OTHER
850000,APARTMENT,5,3,194,OTHER
1570000,FLOOR,4,2,122,OTHER
1990000,FLOOR,4,3,193,OTHER
1100000,FLOOR,3,3,3098,OTHER
2395000,FLOOR,3,5,229,OTHER
985000,APARTMENT,7,5,273,OTHER
480000,APARTMENT,5,3,177,OTHER
880000,APARTMENT,6,5,217,OTHER
1600000,APARTMENT,4,4,112,OTHER
31000000,VILLA,9,7,1910,OTHER
1200000,REST HOUSE,8,6,2000,OTHER
1050000,FLOOR,3,2,151,OTHER
978000,APARTMENT,3,3,118,"AL MUNSIYAH, EAST RIYADH, RIYADH"
1450000,APARTMENT,4,4,121,OTHER
470000,APARTMENT,2,3,506,"AL RAWDAH, NORTH JEDDAH, JEDDAH"
670000,APARTMENT,5,4,158,OTHER
2600000,VILLA,6,7,413,OTHER
2100000,VILLA,5,5,330,"AL MAHDIYAH, WEST RIYADH, RIYADH"
2250000,VILLA,10,7,468,"AL MAHDIYAH, WEST RIYADH, RIYADH"
2500000,VILLA,10,5,375,"AL RIMAL, EAST RIYADH, RIYADH"
470000,APARTMENT,4,3,135,OTHER
700000,APARTMENT,4,4,165,OTHER
830000,FLOOR,5,4,245,"TUWAIQ, WEST RIYADH, RIYADH"
1450000,APARTMENT,3,3,156,"QURTUBAH, EAST RIYADH, RIYADH"
750670,APARTMENT,3,3,9900,OTHER
560000,APARTMENT,6,3,202,OTHER
1100000,VILLA,4,4,269,"OKAZ, SOUTH RIYADH, RIYADH"
750000,APARTMENT,5,4,199,OTHER
3900000,VILLA,6,5,312,"AL NARJIS, NORTH RIYADH, RIYADH"
630000,APARTMENT,4,4,143,OTHER
1950000,VILLA,6,8,381,OTHER
1650000,VILLA,6,8,437,OTHER
430000,APARTMENT,3,4,131,"BADR, SOUTH RIYADH, RIYADH"
3800000,VILLA,5,4,400,"AL MAHDIYAH, WEST RIYADH, RIYADH"
1300000,FLOOR,3,3,600,OTHER
1400000,FLOOR,3,4,560,"AL MUNSIYAH, EAST RIYADH, RIYADH"
3050000,VILLA,5,5,390,OTHER
2100000,VILLA,5,5,328,"AL RIMAL, EAST RIYADH, RIYADH"
2400000,VILLA,5,6,250,OTHER
3750000,VILLA,7,7,357,"QURTUBAH, EAST RIYADH, RIYADH"
1700000,VILLA,5,6,225,"AL RIMAL, EAST RIYADH, RIYADH"
2400000,VILLA,5,5,250,OTHER
1650000,FLOOR,4,4,183,"AL MUNSIYAH, EAST RIYADH, RIYADH"
1150000,FLOOR,3,3,230,OTHER
1350000,FLOOR,3,3,196,"AL MUNSIYAH, EAST RIYADH, RIYADH"
1400000,FLOOR,4,4,251,OTHER
2800000,VILLA,5,5,257,"QURTUBAH, EAST RIYADH, RIYADH"
1450000,FLOOR,3,3,156,"QURTUBAH, EAST RIYADH, RIYADH"
1650000,FLOOR,3,3,172,"QURTUBAH, EAST RIYADH, RIYADH"
1850000,FLOOR,3,3,186,"QURTUBAH, EAST RIYADH, RIYADH"
3500000,VILLA,7,7,357,"QURTUBAH, EAST RIYADH, RIYADH"
2750000,VILLA,5,5,376,OTHER
2600000,VILLA,5,5,376,OTHER
1750000,FLOOR,3,4,222,"AL MUNSIYAH, EAST RIYADH, RIYADH"
1700000,VILLA,5,5,225,"AL RIMAL, EAST RIYADH, RIYADH"
4350000,VILLA,5,5,371,"AL MUNSIYAH, EAST RIYADH, RIYADH"
1650000,FLOOR,4,3,183,"AL MUNSIYAH, EAST RIYADH, RIYADH"
1150000,FLOOR,2,3,144,"AL MUNSIYAH, EAST RIYADH, RIYADH"
1950000,FLOOR,4,4,204,"QURTUBAH, EAST RIYADH, RIYADH"
1450000,FLOOR,3,3,236,OTHER
850000,APARTMENT,3,3,124,OTHER
1700000,FLOOR,3,4,242,"AL MUNSIYAH, EAST RIYADH, RIYADH"
1150000,VILLA,8,8,383,OTHER
1025000,VILLA,5,5,419,OTHER
580000,APARTMENT,5,4,221,OTHER
1250000,FLOOR,3,3,196,OTHER
1400000,FLOOR,3,4,183,OTHER
790000,APARTMENT,3,3,159,"AL QADISIYAH, EAST RIYADH, RIYADH"
2550000,VILLA,5,8,371,OTHER
1700000,FLOOR,4,5,292,"AL RIMAL, EAST RIYADH, RIYADH"
1500000,FLOOR,3,4,225,OTHER
2600000,VILLA,5,8,376,OTHER
700000,APARTMENT,3,3,135,"AL QADISIYAH, EAST RIYADH, RIYADH"
3500000,VILLA,11,9,625,OTHER
800000,APARTMENT,4,3,146,"AL RAWDAH, NORTH JEDDAH, JEDDAH"
2500000,VILLA,3,4,250,"AL MUNSIYAH, EAST RIYADH, RIYADH"
1839000,APARTMENT,4,4,150,OTHER
1500000,FLOOR,3,3,141,"AL MUNSIYAH, EAST RIYADH, RIYADH"
1300000,FLOOR,3,4,180,OTHER
1380000,APARTMENT,4,4,128,"QURTUBAH, EAST RIYADH, RIYADH"
2500000,VILLA,4,8,250,OTHER
530000,APARTMENT,4,3,130,OTHER
1650000,VILLA,6,5,200,OTHER
650000,APARTMENT,5,3,172,OTHER
750000,APARTMENT,5,5,161,"OKAZ, SOUTH RIYADH, RIYADH"
750000,APARTMENT,6,6,200,"OKAZ, SOUTH RIYADH, RIYADH"
1700000,APARTMENT,3,3,104,OTHER
890000,APARTMENT,3,3,136,"AL RIMAL, EAST RIYADH, RIYADH"
700000,APARTMENT,5,4,188,OTHER
3800000,VILLA,7,6,312,"AL ARID, NORTH RIYADH, RIYADH"
339000,APARTMENT,4,3,734,OTHER
450000,APARTMENT,4,3,129,OTHER
920000,VILLA,6,5,333,OTHER
2100000,VILLA,6,6,200,"AL MAHDIYAH, WEST RIYADH, RIYADH"
1750000,VILLA,5,5,273,"AL MAHDIYAH, WEST RIYADH, RIYADH"
500000,APARTMENT,3,3,199,"BADR, SOUTH RIYADH, RIYADH"
16000000,VILLA,11,11,1200,"AL NARJIS, NORTH RIYADH, RIYADH"
570000,APARTMENT,3,3,155,OTHER
1750000,APARTMENT,3,3,130,"AL NARJIS, NORTH RIYADH, RIYADH"
4000000,VILLA,10,3,364,OTHER
490000,APARTMENT,3,3,94,"AL SALAMAH, NORTH JEDDAH, JEDDAH"
820000,VILLA,5,5,393,OTHER
950000,VILLA,5,6,300,OTHER
1850000,FLOOR,3,4,186,"QURTUBAH, EAST RIYADH, RIYADH"
795000,APARTMENT,4,3,158,"AL RIMAL, EAST RIYADH, RIYADH"
850000,APARTMENT,6,4,207,OTHER
415000,APARTMENT,3,3,102,OTHER
790000,APARTMENT,5,4,179,OTHER
2000000,VILLA,4,5,370,"AL MAHDIYAH, WEST RIYADH, RIYADH"
750000,APARTMENT,3,3,113,"AL RAWDAH, NORTH JEDDAH, JEDDAH"
920000,APARTMENT,3,4,143,OTHER
1030000,FLOOR,4,3,789,"AL RIMAL, EAST RIYADH, RIYADH"
435000,APARTMENT,3,3,108,OTHER
1600000,VILLA,7,5,341,"AL RIMAL, EAST RIYADH, RIYADH"
1100000,VILLA,5,3,341,"AL RIMAL, EAST RIYADH, RIYADH"
1050000,APARTMENT,3,3,116,"AL NARJIS, NORTH RIYADH, RIYADH"
4000000,VILLA,7,7,345,OTHER
1070000,VILLA,8,6,200,OTHER
1650000,VILLA,11,7,275,OTHER
1150000,APARTMENT,5,4,182,"AL RAWDAH, NORTH JEDDAH, JEDDAH"
510000,APARTMENT,4,3,130,OTHER
430000,APARTMENT,4,3,122,OTHER
4500000,VILLA,8,7,850,OTHER
1450000,VILLA,11,7,300,OTHER
660000,APARTMENT,5,4,192,OTHER
2200000,VILLA,5,6,455,OTHER
950000,FLOOR,4,4,342,"AL RIMAL, EAST RIYADH, RIYADH"
2900000,VILLA,4,4,341,"AL RIMAL, EAST RIYADH, RIYADH"
730000,APARTMENT,5,3,135,"AL RAWDAH, NORTH JEDDAH, JEDDAH"
3000000,VILLA,8,7,337,"AL ARID, NORTH RIYADH, RIYADH"
489999,APARTMENT,3,4,168,"OKAZ, SOUTH RIYADH, RIYADH"
2200000,VILLA,10,5,450,OTHER
650000,APARTMENT,3,3,184,"TUWAIQ, WEST RIYADH, RIYADH"
3100000,VILLA,8,8,300,"AL NARJIS, NORTH RIYADH, RIYADH"
549000,APARTMENT,3,3,16975,OTHER
4150000,VILLA,6,5,371,"AL MUNSIYAH, EAST RIYADH, RIYADH"
1000000,FLOOR,4,4,165,"AL JANADRIYAH, EAST RIYADH, RIYADH"
1250000,VILLA,4,4,260,"AL JANADRIYAH, EAST RIYADH, RIYADH"
1300000,VILLA,6,3,440,OTHER
570000,FLOOR,3,3,117,"BADR, SOUTH RIYADH, RIYADH"
3500000,VILLA,7,7,324,"AL MUNSIYAH, EAST RIYADH, RIYADH"
1350000,APARTMENT,4,3,188,"QURTUBAH, EAST RIYADH, RIYADH"
3200000,VILLA,6,4,487,OTHER
2100000,REST HOUSE,3,3,400,OTHER
2000000,APARTMENT,3,5,182,OTHER
600000,APARTMENT,4,2,136,OTHER
600000,APARTMENT,5,3,175,OTHER
1410000,APARTMENT,3,3,126,OTHER
5490000,VILLA,4,5,300,OTHER
2100000,FLOOR,5,5,660,"AL NARJIS, NORTH RIYADH, RIYADH"
1350000,FLOOR,5,3,172,OTHER
1000000,APARTMENT,4,3,66,OTHER
700000,APARTMENT,3,3,65,"AL RIMAL, EAST RIYADH, RIYADH"
1650000,VILLA,3,3,257,"AL RIMAL, EAST RIYADH, RIYADH"
850000,FLOOR,3,3,172,"AL RIMAL, EAST RIYADH, RIYADH"
550000,APARTMENT,3,3,140,OTHER
3500000,VILLA,6,5,625,OTHER
560000,FLOOR,2,3,134,"BADR, SOUTH RIYADH, RIYADH"
1800000,VILLA,4,4,359,"AL JANADRIYAH, EAST RIYADH, RIYADH"
1050000,VILLA,5,5,265,"TUWAIQ, WEST RIYADH, RIYADH"
1950000,FLOOR,4,6,204,"QURTUBAH, EAST RIYADH, RIYADH"
4600000,VILLA,4,5,300,"AL NARJIS, NORTH RIYADH, RIYADH"
650000,FLOOR,4,4,149,"BADR, SOUTH RIYADH, RIYADH"
850000,FLOOR,3,4,130,"TUWAIQ, WEST RIYADH, RIYADH"
450000,APARTMENT,4,3,126,OTHER
6000000,VILLA,6,6,480,OTHER
3750000,VILLA,11,7,350,OTHER
1500000,REST HOUSE,4,2,3450,OTHER
830000,FLOOR,9,4,246,"TUWAIQ, WEST RIYADH, RIYADH"
2200000,VILLA,5,6,540,"AL RIMAL, EAST RIYADH, RIYADH"
1150000,VILLA,4,2,315,"AL JANADRIYAH, EAST RIYADH, RIYADH"
1050000,FLOOR,4,3,200,"AL JANADRIYAH, EAST RIYADH, RIYADH"
1150000,VILLA,4,5,288,"AL JANADRIYAH, EAST RIYADH, RIYADH"
800000,APARTMENT,3,4,205,"AL JANADRIYAH, EAST RIYADH, RIYADH"
1500000,APARTMENT,3,3,127,OTHER
4500000,VILLA,6,4,405,"AL MAHDIYAH, WEST RIYADH, RIYADH"
1100000,VILLA,3,3,300,"BADR, SOUTH RIYADH, RIYADH"
850000,FLOOR,3,3,192,"AL RIMAL, EAST RIYADH, RIYADH"
600000,APARTMENT,3,3,98,"AL JANADRIYAH, EAST RIYADH, RIYADH"
750000,FLOOR,4,4,164,"AL JANADRIYAH, EAST RIYADH, RIYADH"
950000,FLOOR,5,5,225,"AL JANADRIYAH, EAST RIYADH, RIYADH"
1200000,FLOOR,4,4,196,OTHER
1650000,VILLA,6,6,437,OTHER
2000000,VILLA,6,6,437,OTHER
950000,VILLA,4,5,392,OTHER
4500000,VILLA,8,7,900,OTHER
1500000,REST HOUSE,10,5,600,OTHER
800000,FLOOR,3,4,164,"TUWAIQ, WEST RIYADH, RIYADH"
1950000,VILLA,9,6,300,OTHER
2000000,VILLA,5,5,327,"AL MAHDIYAH, WEST RIYADH, RIYADH"
2200000,VILLA,5,4,283,"AL RIMAL, EAST RIYADH, RIYADH"
4500000,VILLA,8,6,855,OTHER
6000000,APARTMENT,3,3,115,OTHER
260000,REST HOUSE,3,2,440,OTHER
1280000,VILLA,4,5,461,OTHER
870000,VILLA,6,7,230,OTHER
850000,VILLA,5,3,310,OTHER
2700000,VILLA,7,8,318,OTHER
700000,REST HOUSE,10,10,450,OTHER
900000,APARTMENT,5,4,229,OTHER
3400000,APARTMENT,2,2,169,OTHER
1800000,VILLA,5,5,630,OTHER
820000,APARTMENT,4,3,234,OTHER
750000,APARTMENT,5,3,200,OTHER
4000000,VILLA,11,7,625,OTHER
320000,VILLA,6,3,114,OTHER
510000,APARTMENT,4,3,131,OTHER
1257000,APARTMENT,3,3,128,"AL MUNSIYAH, EAST RIYADH, RIYADH"
950000,FLOOR,4,3,341,"AL RIMAL, EAST RIYADH, RIYADH"
3300000,VILLA,6,7,357,"QURTUBAH, EAST RIYADH, RIYADH"
1537500,VILLA,5,5,200,OTHER
1600000,VILLA,4,5,319,OTHER
510000,APARTMENT,3,3,185,"OKAZ, SOUTH RIYADH, RIYADH"
700000,VILLA,5,5,450,OTHER
3500000,VILLA,11,8,594,OTHER
3049000,VILLA,4,3,6682,OTHER
1400000,FLOOR,3,3,260,"AL RIMAL, EAST RIYADH, RIYADH"
860000,FLOOR,2,4,500,OTHER
1599000,FLOOR,3,3,687,OTHER
6900000,VILLA,7,6,475,OTHER
912000,VILLA,4,4,290,"BADR, SOUTH RIYADH, RIYADH"
1750000,VILLA,5,4,459,OTHER
645000,APARTMENT,6,4,179,OTHER
780000,VILLA,4,3,211,OTHER
2100000,VILLA,7,3,500,OTHER
810000,VILLA,5,3,250,OTHER
800000,FLOOR,4,3,403,OTHER
850000,APARTMENT,4,3,139,OTHER
1200000,VILLA,8,7,500,OTHER
1900000,VILLA,6,6,250,OTHER
830000,APARTMENT,5,5,170,OTHER
1500000,VILLA,10,6,625,OTHER
1800000,VILLA,7,5,465,OTHER
2100000,VILLA,3,3,220,"AL MUNSIYAH, EAST RIYADH, RIYADH"
1070000,VILLA,4,4,263,"TUWAIQ, WEST RIYADH, RIYADH"
4400000,VILLA,4,6,496,"AL MUNSIYAH, EAST RIYADH, RIYADH"
1600000,FLOOR,3,4,206,"AL MUNSIYAH, EAST RIYADH, RIYADH"
1150000,FLOOR,3,3,196,OTHER
1300000,APARTMENT,3,2,212,OTHER
1099000,APARTMENT,3,2,1124,OTHER
1470000,VILLA,5,3,289,"AL JANADRIYAH, EAST RIYADH, RIYADH"
4300000,VILLA,5,6,750,OTHER
685000,APARTMENT,5,4,124,"AL RIMAL, EAST RIYADH, RIYADH"
720000,FLOOR,3,3,143,"TUWAIQ, WEST RIYADH, RIYADH"
750000,APARTMENT,3,3,128,"AL RIMAL, EAST RIYADH, RIYADH"
1750000,VILLA,10,6,500,OTHER
6700000,REST HOUSE,6,8,916,"AL ARID, NORTH RIYADH, RIYADH"
770000,APARTMENT,5,5,170,OTHER
2600000,VILLA,7,6,500,OTHER
900000,REST HOUSE,3,2,750,OTHER
1400000,VILLA,3,2,300,OTHER
1950000,FLOOR,4,5,204,"QURTUBAH, EAST RIYADH, RIYADH"
1700000,VILLA,11,2,360,OTHER
6500000,VILLA,3,2,476,"AL ARID, NORTH RIYADH, RIYADH"
800000,FLOOR,3,3,193,"TUWAIQ, WEST RIYADH, RIYADH"
950000,APARTMENT,3,4,1237,OTHER
9000000,VILLA,8,9,546,OTHER
1399000,FLOOR,3,3,170,OTHER
765000,APARTMENT,3,4,166,OTHER
1010000,APARTMENT,3,3,123,"AL RIMAL, EAST RIYADH, RIYADH"
690000,APARTMENT,3,3,177,"BADR, SOUTH RIYADH, RIYADH"
690000,APARTMENT,4,3,177,"BADR, SOUTH RIYADH, RIYADH"
1500000,REST HOUSE,1,3,2000,OTHER
1500000,REST HOUSE,2,2,2000,OTHER
1350000,FLOOR,2,3,160,"AL RIMAL, EAST RIYADH, RIYADH"
1050000,VILLA,5,5,262,OTHER
1150000,VILLA,4,5,148,"AL RIMAL, EAST RIYADH, RIYADH"
850000,FLOOR,3,5,204,"AL JANADRIYAH, EAST RIYADH, RIYADH"
6000000,VILLA,4,3,560,OTHER
800000,FLOOR,3,4,500,OTHER
930000,FLOOR,5,4,251,"AL JANADRIYAH, EAST RIYADH, RIYADH"
3500000,VILLA,10,7,349,"AL MUNSIYAH, EAST RIYADH, RIYADH"
1550000,VILLA,7,5,420,OTHER
470000,APARTMENT,5,3,126,OTHER
2000000,VILLA,10,9,196,OTHER
950000,VILLA,5,5,167,"AL JANADRIYAH, EAST RIYADH, RIYADH"
1200000,VILLA,6,5,425,OTHER
950000,VILLA,8,6,488,OTHER
1000000,FLOOR,4,4,172,"AL QADISIYAH, EAST RIYADH, RIYADH"
1150000,VILLA,8,7,473,OTHER
630000,APARTMENT,7,1,192,OTHER
740000,FLOOR,4,3,176,"BADR, SOUTH RIYADH, RIYADH"
780000,APARTMENT,5,5,170,OTHER
2400000,VILLA,6,9,200,"AL MAHDIYAH, WEST RIYADH, RIYADH"
1100000,APARTMENT,4,3,600,OTHER
1900000,VILLA,4,8,235,OTHER
2695000,APARTMENT,4,2,257,OTHER
800000,FLOOR,3,3,500,OTHER
540000,APARTMENT,3,3,163,"OKAZ, SOUTH RIYADH, RIYADH"
4000000,VILLA,4,4,420,"QURTUBAH, EAST RIYADH, RIYADH"
1650000,FLOOR,3,4,198,"QURTUBAH, EAST RIYADH, RIYADH"
2150000,VILLA,5,5,225,"AL RIMAL, EAST RIYADH, RIYADH"
2600000,VILLA,6,6,413,OTHER
1020000,APARTMENT,3,4,129,"AL MUNSIYAH, EAST RIYADH, RIYADH"
1350000,FLOOR,4,4,196,OTHER
999000,APARTMENT,2,2,79,OTHER
1699000,APARTMENT,3,3,140,OTHER
1400000,FLOOR,4,4,201,OTHER
650000,APARTMENT,5,3,181,OTHER
1250000,APARTMENT,3,3,142,"AL RIMAL, EAST RIYADH, RIYADH"
975000,APARTMENT,3,3,136,"AL RIMAL, EAST RIYADH, RIYADH"
810000,APARTMENT,3,3,139,"AL RIMAL, EAST RIYADH, RIYADH"
960000,APARTMENT,3,3,136,"AL RIMAL, EAST RIYADH, RIYADH"
1013000,APARTMENT,3,3,124,"AL RIMAL, EAST RIYADH, RIYADH"
805000,APARTMENT,3,3,139,"AL RIMAL, EAST RIYADH, RIYADH"
860000,FLOOR,3,3,500,OTHER
450000,APARTMENT,3,3,176,"BADR, SOUTH RIYADH, RIYADH"
690000,APARTMENT,6,5,219,OTHER
950000,FLOOR,4,3,105,"AL RIMAL, EAST RIYADH, RIYADH"
1150000,FLOOR,3,3,125,"AL RIMAL, EAST RIYADH, RIYADH"
3990000,VILLA,3,4,200,OTHER
590000,APARTMENT,3,3,133,OTHER
450000,FLOOR,3,3,735,"BADR, SOUTH RIYADH, RIYADH"
1050000,FLOOR,4,4,200,"AL JANADRIYAH, EAST RIYADH, RIYADH"
620000,FLOOR,4,4,250,"TUWAIQ, WEST RIYADH, RIYADH"
680000,APARTMENT,3,2,144,"TUWAIQ, WEST RIYADH, RIYADH"
450000,APARTMENT,3,2,167,"BADR, SOUTH RIYADH, RIYADH"
690000,FLOOR,4,3,163,OTHER
1950000,FLOOR,4,5,187,"QURTUBAH, EAST RIYADH, RIYADH"
1150000,APARTMENT,3,3,147,"AL MUNSIYAH, EAST RIYADH, RIYADH"
750000,VILLA,10,7,500,OTHER
460000,FLOOR,3,5,61,OTHER
1150000,APARTMENT,3,4,133,OTHER
700000,APARTMENT,3,2,352,OTHER
680000,APARTMENT,3,4,234,OTHER
775000,APARTMENT,3,5,272,OTHER
550000,APARTMENT,5,3,171,OTHER
580000,APARTMENT,6,4,203,OTHER
950000,VILLA,8,7,312,OTHER
3000000,VILLA,5,4,399,"AL MUNSIYAH, EAST RIYADH, RIYADH"
960000,APARTMENT,5,4,1049,"AL RAWDAH, NORTH JEDDAH, JEDDAH"
4000000,VILLA,10,4,500,OTHER
4500000,VILLA,7,6,300,"AL NARJIS, NORTH RIYADH, RIYADH"
1150000,APARTMENT,2,3,108,OTHER
2200000,VILLA,6,6,296,"AL QADISIYAH, EAST RIYADH, RIYADH"
1500000,APARTMENT,4,3,216,"AL MUNSIYAH, EAST RIYADH, RIYADH"
7500000,VILLA,6,7,500,OTHER
1250000,APARTMENT,3,3,146,OTHER
680000,APARTMENT,5,4,170,OTHER
510000,APARTMENT,4,3,126,OTHER
3500000,VILLA,11,6,576,OTHER
1550000,APARTMENT,7,2,230,"AL RAWDAH, NORTH JEDDAH, JEDDAH"
850000,APARTMENT,3,3,187,OTHER
680000,APARTMENT,5,4,188,OTHER
1550000,VILLA,6,5,250,OTHER
430000,APARTMENT,3,3,94,OTHER
1050000,APARTMENT,6,4,176,"AL RAWDAH, NORTH JEDDAH, JEDDAH"
1537500,VILLA,6,7,300,OTHER
5500000,VILLA,4,4,279,"AL ARID, NORTH RIYADH, RIYADH"
6000000,REST HOUSE,5,3,2401,OTHER
500000,APARTMENT,5,4,171,OTHER
730000,APARTMENT,5,4,220,OTHER
6700000,VILLA,10,10,540,OTHER
950000,APARTMENT,4,3,143,"AL RIMAL, EAST RIYADH, RIYADH"
799000,APARTMENT,4,3,411,"AL RAWDAH, NORTH JEDDAH, JEDDAH"
519000,APARTMENT,4,3,130,OTHER
520000,APARTMENT,5,4,180,OTHER
499000,APARTMENT,5,3,157,OTHER
10000000,VILLA,11,6,980,OTHER
1400000,FLOOR,4,5,251,OTHER
1150000,FLOOR,3,4,230,OTHER
550000,APARTMENT,3,3,214,OTHER
1055000,APARTMENT,3,3,106,"AL MUNSIYAH, EAST RIYADH, RIYADH"
1150000,FLOOR,3,4,196,OTHER
1450000,FLOOR,3,4,236,OTHER
540000,APARTMENT,3,5,184,OTHER
3750000,VILLA,7,8,343,"QURTUBAH, EAST RIYADH, RIYADH"
1600000,FLOOR,3,4,223,"AL MUNSIYAH, EAST RIYADH, RIYADH"
1850000,VILLA,3,6,200,OTHER
660000,FLOOR,3,3,190,OTHER
845000,APARTMENT,3,2,127,OTHER
1100000,APARTMENT,4,4,308,OTHER
740000,APARTMENT,3,3,128,OTHER
1150000,APARTMENT,4,4,182,OTHER
1450000,VILLA,11,11,600,OTHER
859000,APARTMENT,3,3,134,"AL RIMAL, EAST RIYADH, RIYADH"
23000000,VILLA,6,10,1069,OTHER
1050000,VILLA,6,5,200,OTHER
1080000,VILLA,7,5,200,OTHER
1400000,VILLA,9,5,300,OTHER
1300000,APARTMENT,5,4,188,OTHER
4200000,VILLA,5,5,500,OTHER
2500000,VILLA,4,3,517,OTHER
5350000,VILLA,8,9,450,"AL NARJIS, NORTH RIYADH, RIYADH"
2850000,VILLA,11,5,300,"AL RIMAL, EAST RIYADH, RIYADH"
2500000,VILLA,6,7,385,OTHER
820000,APARTMENT,4,3,128,"AL RIMAL, EAST RIYADH, RIYADH"
1150000,APARTMENT,4,4,142,"AL MUNSIYAH, EAST RIYADH, RIYADH"
1500000,FLOOR,3,3,213,OTHER
2100000,FLOOR,4,5,343,OTHER
1500000,FLOOR,6,3,220,"AL MUNSIYAH, EAST RIYADH, RIYADH"
1100000,FLOOR,4,4,167,"AL RIMAL, EAST RIYADH, RIYADH"
1850000,VILLA,5,6,270,OTHER
1600000,VILLA,7,4,275,"AL RAWDAH, NORTH JEDDAH, JEDDAH"
1050000,VILLA,6,5,539,OTHER
1320000,FLOOR,3,3,2120,OTHER
3380000,VILLA,4,3,798,"QURTUBAH, EAST RIYADH, RIYADH"
2390000,FLOOR,3,3,2250,"AL NARJIS, NORTH RIYADH, RIYADH"
3890000,VILLA,4,4,300,OTHER
485000,APARTMENT,4,2,138,OTHER
1250000,VILLA,4,5,260,"AL JANADRIYAH, EAST RIYADH, RIYADH"
989000,APARTMENT,3,3,131,"AL MUNSIYAH, EAST RIYADH, RIYADH"
930000,APARTMENT,4,3,133,"AL RIMAL, EAST RIYADH, RIYADH"
2000000,VILLA,5,6,275,"AL QADISIYAH, EAST RIYADH, RIYADH"
4100000,VILLA,5,5,360,OTHER
4400000,VILLA,5,5,364,OTHER
1150000,APARTMENT,6,6,696,OTHER
1200000,FLOOR,3,4,205,"AL QADISIYAH, EAST RIYADH, RIYADH"
2635000,FLOOR,3,4,182,"AL NARJIS, NORTH RIYADH, RIYADH"
2315000,FLOOR,3,3,177,"AL NARJIS, NORTH RIYADH, RIYADH"
1995000,FLOOR,3,3,117,"AL NARJIS, NORTH RIYADH, RIYADH"
1250000,APARTMENT,5,4,3200,OTHER
4400000,VILLA,10,8,300,OTHER
650000,APARTMENT,3,3,840,"TUWAIQ, WEST RIYADH, RIYADH"
750000,APARTMENT,4,3,179,OTHER
720000,APARTMENT,5,3,170,OTHER
1150000,FLOOR,3,3,198,"TUWAIQ, WEST RIYADH, RIYADH"
4800000,VILLA,4,3,400,OTHER
930000,APARTMENT,3,3,133,"AL RIMAL, EAST RIYADH, RIYADH"
1300000,VILLA,4,4,225,"AL QADISIYAH, EAST RIYADH, RIYADH"
2800000,VILLA,3,4,345,"QURTUBAH, EAST RIYADH, RIYADH"
1500000,FLOOR,4,4,141,"AL MUNSIYAH, EAST RIYADH, RIYADH"
1470000,FLOOR,5,4,251,OTHER
650000,FLOOR,3,4,123,"AL RIMAL, EAST RIYADH, RIYADH"
850000,FLOOR,3,4,133,"AL RIMAL, EAST RIYADH, RIYADH"
850000,FLOOR,4,3,152,OTHER
660000,FLOOR,3,3,147,OTHER
820000,APARTMENT,3,3,128,"AL RIMAL, EAST RIYADH, RIYADH"
860000,APARTMENT,3,3,128,"AL RIMAL, EAST RIYADH, RIYADH"
970000,APARTMENT,4,3,171,"AL RIMAL, EAST RIYADH, RIYADH"
800000,APARTMENT,5,4,158,"AL RIMAL, EAST RIYADH, RIYADH"
900000,APARTMENT,5,4,179,"AL RIMAL, EAST RIYADH, RIYADH"
1150000,VILLA,6,5,170,"AL RIMAL, EAST RIYADH, RIYADH"
560000,APARTMENT,4,3,132,OTHER
610000,APARTMENT,5,4,202,OTHER
2000000,VILLA,6,5,300,OTHER
1500000,APARTMENT,3,3,136,"AL NARJIS, NORTH RIYADH, RIYADH"
3550000,VILLA,5,4,255,"AL NARJIS, NORTH RIYADH, RIYADH"
470000,APARTMENT,4,4,128,OTHER
700000,APARTMENT,7,4,223,OTHER
1400000,REST HOUSE,4,3,800,OTHER
330000,APARTMENT,3,2,105,OTHER
1300000,REST HOUSE,5,3,5869,OTHER
4200000,VILLA,4,3,300,"AL ARID, NORTH RIYADH, RIYADH"
10000000,REST HOUSE,2,2,3000,"AL RIMAL, EAST RIYADH, RIYADH"
2700000,VILLA,8,6,300,"AL ARID, NORTH RIYADH, RIYADH"
2900000,VILLA,8,6,291,"AL ARID, NORTH RIYADH, RIYADH"
1500000,VILLA,6,3,188,"AL ARID, NORTH RIYADH, RIYADH"
900000,APARTMENT,4,4,115,"AL ARID, NORTH RIYADH, RIYADH"
900000,APARTMENT,4,4,132,"AL ARID, NORTH RIYADH, RIYADH"
2500000,VILLA,5,4,300,"AL MAHDIYAH, WEST RIYADH, RIYADH"
650000,APARTMENT,5,4,155,OTHER
920000,FLOOR,3,2,180,"AL JANADRIYAH, EAST RIYADH, RIYADH"
1300000,VILLA,4,4,140,"AL RAWDAH, NORTH JEDDAH, JEDDAH"
950000,APARTMENT,3,5,139,"AL RAWDAH, NORTH JEDDAH, JEDDAH"
1050000,FLOOR,4,4,93,"TUWAIQ, WEST RIYADH, RIYADH"
850000,FLOOR,4,4,193,"TUWAIQ, WEST RIYADH, RIYADH"
610000,FLOOR,4,3,154,"BADR, SOUTH RIYADH, RIYADH"
800000,APARTMENT,6,4,209,OTHER
650000,APARTMENT,5,3,151,OTHER
480000,APARTMENT,3,2,102,OTHER
690000,APARTMENT,4,3,162,OTHER
750000,APARTMENT,5,3,181,OTHER
650000,APARTMENT,5,4,240,OTHER
1950000,FLOOR,5,5,438,"QURTUBAH, EAST RIYADH, RIYADH"
1380000,APARTMENT,5,3,128,"QURTUBAH, EAST RIYADH, RIYADH"
1000000,FLOOR,4,4,143,"AL RIMAL, EAST RIYADH, RIYADH"
3000000,VILLA,7,5,338,"AL RIMAL, EAST RIYADH, RIYADH"
980000,FLOOR,6,3,148,"AL RIMAL, EAST RIYADH, RIYADH"
250000,APARTMENT,3,3,111,OTHER
350000,APARTMENT,3,2,95,OTHER
2000000,VILLA,7,5,195,OTHER
23599000,VILLA,10,10,1823,OTHER
1800000,VILLA,5,10,420,OTHER
3500000,VILLA,5,6,560,"AL RIMAL, EAST RIYADH, RIYADH"
1000000,APARTMENT,3,3,165,"AL RIMAL, EAST RIYADH, RIYADH"
1300000,APARTMENT,3,3,134,"AL ARID, NORTH RIYADH, RIYADH"
730000,FLOOR,4,4,171,"OKAZ, SOUTH RIYADH, RIYADH"
520000,APARTMENT,3,1,102,"AL SALAMAH, NORTH JEDDAH, JEDDAH"
680000,APARTMENT,5,4,176,OTHER
1650000,APARTMENT,4,4,199,OTHER
1650000,FLOOR,4,4,195,"QURTUBAH, EAST RIYADH, RIYADH"
1350000,APARTMENT,5,4,132,"AL NARJIS, NORTH RIYADH, RIYADH"
725000,APARTMENT,4,3,157,OTHER
1350000,APARTMENT,3,2,6299,OTHER
1250000,APARTMENT,5,5,6299,OTHER
560000,APARTMENT,5,3,162,OTHER
3500000,VILLA,4,5,300,"AL ARID, NORTH RIYADH, RIYADH"
480000,APARTMENT,3,3,750,OTHER
740000,APARTMENT,4,3,194,OTHER
1600000,FLOOR,3,3,223,"AL MUNSIYAH, EAST RIYADH, RIYADH"
980000,APARTMENT,3,3,120,"AL MUNSIYAH, EAST RIYADH, RIYADH"
650000,APARTMENT,4,4,179,OTHER
840000,APARTMENT,4,4,186,OTHER
1200000,FLOOR,4,4,225,OTHER
2000000,VILLA,4,5,276,OTHER
900000,VILLA,8,6,225,OTHER
430000,APARTMENT,4,3,2473,"BADR, SOUTH RIYADH, RIYADH"
1000000,APARTMENT,3,3,128,"AL ARID, NORTH RIYADH, RIYADH"
750000,APARTMENT,5,3,219,OTHER
375000,APARTMENT,3,3,108,OTHER
2000000,FLOOR,4,5,200,"AL MAHDIYAH, WEST RIYADH, RIYADH"
2000000,REST HOUSE,5,4,437,OTHER
4500000,VILLA,5,4,450,"AL MAHDIYAH, WEST RIYADH, RIYADH"
565000,APARTMENT,3,2,131,"TUWAIQ, WEST RIYADH, RIYADH"
630000,FLOOR,3,4,182,"BADR, SOUTH RIYADH, RIYADH"
880000,APARTMENT,2,4,140,"AL MAHDIYAH, WEST RIYADH, RIYADH"
1980000,VILLA,6,6,606,OTHER
550000,APARTMENT,2,2,71,OTHER
600000,APARTMENT,3,2,59,"AL JANADRIYAH, EAST RIYADH, RIYADH"
1250000,FLOOR,4,3,219,"AL QADISIYAH, EAST RIYADH, RIYADH"
700000,FLOOR,3,3,269,"BADR, SOUTH RIYADH, RIYADH"
2200000,FLOOR,3,3,186,OTHER
2500000,VILLA,4,7,500,OTHER
850000,FLOOR,3,3,125,"AL RIMAL, EAST RIYADH, RIYADH"
670000,APARTMENT,2,3,47,"AL RIMAL, EAST RIYADH, RIYADH"
950000,FLOOR,3,4,225,"AL JANADRIYAH, EAST RIYADH, RIYADH"
750000,FLOOR,3,2,164,"AL JANADRIYAH, EAST RIYADH, RIYADH"
3000000,VILLA,6,6,303,OTHER
350000,APARTMENT,4,3,104,OTHER
830000,APARTMENT,3,3,136,"AL RIMAL, EAST RIYADH, RIYADH"
499000,APARTMENT,5,3,166,OTHER
520000,APARTMENT,1,2,88,"AL SALAMAH, NORTH JEDDAH, JEDDAH"
2800000,VILLA,5,5,613,OTHER
1200000,VILLA,4,4,500,OTHER
1950000,FLOOR,3,4,187,"QURTUBAH, EAST RIYADH, RIYADH"
900000,FLOOR,6,3,220,"TUWAIQ, WEST RIYADH, RIYADH"
1250000,APARTMENT,3,4,184,OTHER
2400000,VILLA,5,3,250,"AL MUNSIYAH, EAST RIYADH, RIYADH"
490000,APARTMENT,3,3,125,OTHER
470000,APARTMENT,5,5,161,OTHER
1500000,FLOOR,3,3,89,OTHER
2100000,VILLA,5,6,328,"AL RIMAL, EAST RIYADH, RIYADH"
600000,APARTMENT,3,2,98,"AL JANADRIYAH, EAST RIYADH, RIYADH"
1650000,APARTMENT,3,4,199,OTHER
3300000,VILLA,3,3,200,"AL NARJIS, NORTH RIYADH, RIYADH"
1100000,FLOOR,3,4,183,OTHER
930000,FLOOR,7,6,312,OTHER
570000,APARTMENT,4,3,208,OTHER
1020000,VILLA,5,4,265,"TUWAIQ, WEST RIYADH, RIYADH"
850000,FLOOR,6,3,212,"TUWAIQ, WEST RIYADH, RIYADH"
700000,APARTMENT,4,3,160,OTHER
1700000,APARTMENT,4,4,197,"QURTUBAH, EAST RIYADH, RIYADH"
569000,APARTMENT,5,3,161,OTHER
2450000,VILLA,7,5,500,"AL MAHDIYAH, WEST RIYADH, RIYADH"
380000,APARTMENT,3,3,98,OTHER
1500000,VILLA,9,7,400,OTHER
590000,APARTMENT,3,3,894,OTHER
1150000,FLOOR,7,3,283,"TUWAIQ, WEST RIYADH, RIYADH"
680000,APARTMENT,3,5,195,OTHER
750000,APARTMENT,5,4,199,OTHER
1100000,FLOOR,3,4,167,"AL RIMAL, EAST RIYADH, RIYADH"
430000,APARTMENT,4,3,129,OTHER
950000,APARTMENT,6,5,266,OTHER
600000,APARTMENT,4,3,132,OTHER
800000,APARTMENT,3,3,155,OTHER
1200000,FLOOR,4,3,196,OTHER
780000,APARTMENT,3,2,116,"TUWAIQ, WEST RIYADH, RIYADH"
1250000,FLOOR,5,6,337,"AL RIMAL, EAST RIYADH, RIYADH"
14000000,VILLA,5,4,952,OTHER
690000,VILLA,5,4,174,OTHER
1000000,APARTMENT,3,4,165,"AL RIMAL, EAST RIYADH, RIYADH"
3750000,VILLA,4,4,276,"AL NARJIS, NORTH RIYADH, RIYADH"
560000,APARTMENT,5,3,172,OTHER
820000,FLOOR,3,6,179,"AL JANADRIYAH, EAST RIYADH, RIYADH"
1000000,REST HOUSE,4,4,432,OTHER
1600000,REST HOUSE,4,3,625,OTHER
3000000,VILLA,7,7,576,"AL JANADRIYAH, EAST RIYADH, RIYADH"
1400000,APARTMENT,4,4,208,OTHER
1700000,APARTMENT,4,4,164,OTHER
560000,APARTMENT,4,4,135,"AL SALAMAH, NORTH JEDDAH, JEDDAH"
840000,APARTMENT,7,4,252,OTHER
520000,APARTMENT,5,3,174,OTHER
450000,APARTMENT,4,3,121,OTHER
1350000,FLOOR,4,4,196,"AL MUNSIYAH, EAST RIYADH, RIYADH"
1600000,FLOOR,4,4,292,"AL RIMAL, EAST RIYADH, RIYADH"
900000,APARTMENT,4,3,158,OTHER
830000,APARTMENT,4,4,189,OTHER
560000,APARTMENT,4,8,123,"AL SALAMAH, NORTH JEDDAH, JEDDAH"
850000,APARTMENT,2,3,124,OTHER
1500000,FLOOR,4,3,141,"AL MUNSIYAH, EAST RIYADH, RIYADH"
1600000,FLOOR,6,5,206,"AL MUNSIYAH, EAST RIYADH, RIYADH"
1450000,FLOOR,4,3,141,"AL MUNSIYAH, EAST RIYADH, RIYADH"
950000,FLOOR,4,3,271,"AL JANADRIYAH, EAST RIYADH, RIYADH"
1650000,FLOOR,4,5,183,"AL MUNSIYAH, EAST RIYADH, RIYADH"
1000000,APARTMENT,3,3,108,OTHER
930000,APARTMENT,3,3,133,"AL MUNSIYAH, EAST RIYADH, RIYADH"
900000,FLOOR,4,3,197,"AL QADISIYAH, EAST RIYADH, RIYADH"
490000,APARTMENT,3,2,58,OTHER
950000,APARTMENT,3,3,143,"AL RIMAL, EAST RIYADH, RIYADH"
2600000,VILLA,5,5,378,OTHER
850000,APARTMENT,5,4,158,"AL RIMAL, EAST RIYADH, RIYADH"
4150000,VILLA,7,7,371,"AL MUNSIYAH, EAST RIYADH, RIYADH"
1350000,FLOOR,5,4,186,"AL MUNSIYAH, EAST RIYADH, RIYADH"
1050000,APARTMENT,3,3,172,"AL QADISIYAH, EAST RIYADH, RIYADH"
950000,APARTMENT,3,4,163,"AL RIMAL, EAST RIYADH, RIYADH"
1850000,APARTMENT,3,5,213,OTHER
2000000,VILLA,6,4,200,"AL MAHDIYAH, WEST RIYADH, RIYADH"
2700000,VILLA,4,6,580,"AL RIMAL, EAST RIYADH, RIYADH"
1100000,APARTMENT,7,5,301,OTHER
470000,APARTMENT,5,3,136,OTHER
530000,APARTMENT,4,3,124,OTHER
730000,APARTMENT,5,4,188,OTHER
685000,APARTMENT,5,4,179,OTHER
645000,APARTMENT,4,3,158,OTHER
720000,APARTMENT,5,4,164,OTHER
680000,APARTMENT,5,4,169,OTHER
1380000,APARTMENT,4,3,128,"QURTUBAH, EAST RIYADH, RIYADH"
3500000,VILLA,5,4,525,OTHER
1300000,FLOOR,5,3,180,OTHER
950000,FLOOR,4,3,185,OTHER
2500000,VILLA,5,6,250,OTHER
480000,APARTMENT,5,3,167,OTHER
350000,APARTMENT,3,3,616,OTHER
333000,APARTMENT,3,3,662,OTHER
430000,APARTMENT,2,2,1049,OTHER
3500000,VILLA,4,4,400,OTHER
1600000,VILLA,5,4,326,OTHER
1130000,APARTMENT,3,3,146,"AL MUNSIYAH, EAST RIYADH, RIYADH"
1150000,APARTMENT,3,3,129,"AL MUNSIYAH, EAST RIYADH, RIYADH"
800000,APARTMENT,3,2,169,OTHER
1050000,FLOOR,5,3,178,OTHER
800000,APARTMENT,3,2,389,"AL RIMAL, EAST RIYADH, RIYADH"
525,APARTMENT,3,3,520,"AL SALAMAH, NORTH JEDDAH, JEDDAH"
340000,APARTMENT,4,4,142,OTHER
2000000,VILLA,8,6,350,"AL JANADRIYAH, EAST RIYADH, RIYADH"
3400000,VILLA,9,9,450,"AL MAHDIYAH, WEST RIYADH, RIYADH"
2400000,APARTMENT,1,1,99,OTHER
1350000,APARTMENT,2,2,109,"AL ARID, NORTH RIYADH, RIYADH"
3850000,VILLA,5,3,312,"AL NARJIS, NORTH RIYADH, RIYADH"
4000000,VILLA,4,7,312,"AL MUNSIYAH, EAST RIYADH, RIYADH"
1980000,FLOOR,4,6,1288,OTHER
850000,APARTMENT,5,4,207,OTHER
800000,APARTMENT,2,2,139,"AL RIMAL, EAST RIYADH, RIYADH"
1250000,APARTMENT,3,4,149,"AL RAWDAH, NORTH JEDDAH, JEDDAH"
1150000,APARTMENT,3,2,110,"AL ARID, NORTH RIYADH, RIYADH"
3000000,VILLA,11,7,630,OTHER
1450000,VILLA,8,7,303,OTHER
1500000,FLOOR,3,3,129,"AL NARJIS, NORTH RIYADH, RIYADH"
950000,FLOOR,4,4,192,"AL QADISIYAH, EAST RIYADH, RIYADH"
950000,APARTMENT,3,4,143,"AL RIMAL, EAST RIYADH, RIYADH"
3400000,VILLA,11,9,738,OTHER
900000,FLOOR,5,4,200,OTHER
900000,FLOOR,7,4,216,OTHER
499000,APARTMENT,3,2,154,OTHER
1600000,VILLA,5,3,200,OTHER
1250000,APARTMENT,3,3,177,OTHER
1750000,VILLA,6,4,420,OTHER
1250000,FLOOR,3,4,202,"AL MUNSIYAH, EAST RIYADH, RIYADH"
1150000,FLOOR,3,4,144,"AL MUNSIYAH, EAST RIYADH, RIYADH"
6490000,VILLA,11,11,990,OTHER
1500000,VILLA,11,7,375,OTHER
950000,FLOOR,5,5,192,"AL QADISIYAH, EAST RIYADH, RIYADH"
450000,APARTMENT,3,1,170,OTHER
4900000,VILLA,6,4,450,OTHER
760000,APARTMENT,4,3,148,OTHER
2800000,VILLA,5,5,345,"QURTUBAH, EAST RIYADH, RIYADH"
2700000,VILLA,11,11,384,OTHER
1990000,APARTMENT,3,3,174,OTHER
880000,APARTMENT,4,3,139,OTHER
850000,APARTMENT,3,3,123,OTHER
1800000,VILLA,10,10,700,OTHER
560000,APARTMENT,4,3,130,OTHER
520000,APARTMENT,4,3,124,OTHER
550000,APARTMENT,3,3,104,OTHER
3000000,VILLA,7,5,850,OTHER
540000,APARTMENT,4,3,132,OTHER
800000,FLOOR,3,4,212,OTHER
545000,APARTMENT,3,3,119,"OKAZ, SOUTH RIYADH, RIYADH"
605000,APARTMENT,3,3,167,"OKAZ, SOUTH RIYADH, RIYADH"
2500000,VILLA,4,4,265,"AL ARID, NORTH RIYADH, RIYADH"
1200000,VILLA,4,3,547,OTHER
635000,APARTMENT,4,3,115,OTHER
3500000,VILLA,7,5,350,OTHER
20000000,VILLA,11,7,1500,OTHER
20250000,REST HOUSE,2,2,2700,OTHER
500000,REST HOUSE,1,2,260,OTHER
1700000,VILLA,4,2,225,"AL RIMAL, EAST RIYADH, RIYADH"
1800000,VILLA,4,5,285,"AL QADISIYAH, EAST RIYADH, RIYADH"
3500000,VILLA,7,7,350,OTHER
3800000,VILLA,7,6,348,OTHER
1500000,APARTMENT,3,3,98,OTHER
600000,FLOOR,2,2,74,"AL RIMAL, EAST RIYADH, RIYADH"
850000,FLOOR,3,4,138,"AL RIMAL, EAST RIYADH, RIYADH"
770000,APARTMENT,3,2,1578,"AL QADISIYAH, EAST RIYADH, RIYADH"
1900000,VILLA,4,5,315,OTHER
1300000,FLOOR,3,4,167,"AL RIMAL, EAST RIYADH, RIYADH"
1450000,FLOOR,3,5,236,OTHER
1500000,VILLA,5,6,195,OTHER
2350000,VILLA,8,7,360,"AL JANADRIYAH, EAST RIYADH, RIYADH"
2000000,VILLA,5,4,270,"AL RIMAL, EAST RIYADH, RIYADH"
1550000,FLOOR,4,3,57,"AL ARID, NORTH RIYADH, RIYADH"
1100000,APARTMENT,2,2,94,OTHER
2100000,VILLA,5,5,354,"AL MAHDIYAH, WEST RIYADH, RIYADH"
540000,APARTMENT,3,4,163,OTHER
2500000,FLOOR,3,4,600,"AL ARID, NORTH RIYADH, RIYADH"
1450000,FLOOR,3,3,1832,"AL ARID, NORTH RIYADH, RIYADH"
1170000,FLOOR,4,4,233,"AL RIMAL, EAST RIYADH, RIYADH"
850000,FLOOR,5,4,250,OTHER
1450000,FLOOR,3,4,188,OTHER
1200000,APARTMENT,5,4,170,"AL SALAMAH, NORTH JEDDAH, JEDDAH"
470,APARTMENT,3,2,114,"TUWAIQ, WEST RIYADH, RIYADH"
2500000,REST HOUSE,2,3,560,OTHER
1000000,FLOOR,3,2,159,"AL QADISIYAH, EAST RIYADH, RIYADH"
5200000,VILLA,6,11,556,OTHER
1750000,VILLA,5,5,375,"TUWAIQ, WEST RIYADH, RIYADH"
1350000,APARTMENT,5,5,257,"AL RIMAL, EAST RIYADH, RIYADH"
2300000,VILLA,6,5,221,"AL MUNSIYAH, EAST RIYADH, RIYADH"
978000,APARTMENT,4,3,118,"AL MUNSIYAH, EAST RIYADH, RIYADH"
1250000,APARTMENT,4,3,257,"AL RIMAL, EAST RIYADH, RIYADH"
1650000,FLOOR,4,3,190,"QURTUBAH, EAST RIYADH, RIYADH"
800000,FLOOR,3,3,155,"AL RIMAL, EAST RIYADH, RIYADH"
1800000,VILLA,8,11,437,OTHER
1000000,APARTMENT,4,5,233,OTHER
900000,APARTMENT,4,3,141,"AL RAWDAH, NORTH JEDDAH, JEDDAH"
2800000,APARTMENT,4,3,136,OTHER
6000000,VILLA,8,5,900,OTHER
1080000,VILLA,5,3,359,OTHER
1650000,VILLA,6,5,392,OTHER
580000,APARTMENT,6,4,3225,OTHER
600000,APARTMENT,6,4,220,OTHER
490000,APARTMENT,4,4,172,OTHER
800000,APARTMENT,4,5,630,"BADR, SOUTH RIYADH, RIYADH"
2900000,VILLA,5,6,409,OTHER
680000,FLOOR,6,4,185,"OKAZ, SOUTH RIYADH, RIYADH"
850000,FLOOR,10,5,145,OTHER
840000,APARTMENT,5,4,192,OTHER
550000,APARTMENT,3,3,145,OTHER
780000,FLOOR,6,5,259,"OKAZ, SOUTH RIYADH, RIYADH"
600000,APARTMENT,4,3,127,OTHER
1650000,VILLA,5,5,356,OTHER
1800000,VILLA,6,6,307,"AL RIMAL, EAST RIYADH, RIYADH"
900000,FLOOR,3,3,169,OTHER
2300000,VILLA,5,6,420,OTHER
950000,FLOOR,3,4,156,"AL RIMAL, EAST RIYADH, RIYADH"
1450000,APARTMENT,4,3,174,"QURTUBAH, EAST RIYADH, RIYADH"
1050000,FLOOR,3,3,270,OTHER
3700000,VILLA,6,5,500,OTHER
1150000,APARTMENT,3,3,144,"AL MAHDIYAH, WEST RIYADH, RIYADH"
2250000,APARTMENT,3,3,168,"AL MAHDIYAH, WEST RIYADH, RIYADH"
560000,APARTMENT,4,3,135,"AL SALAMAH, NORTH JEDDAH, JEDDAH"
520000,APARTMENT,5,4,174,OTHER
2200000,VILLA,5,6,339,"AL MAHDIYAH, WEST RIYADH, RIYADH"
2500000,VILLA,5,6,499,"AL MAHDIYAH, WEST RIYADH, RIYADH"
2600000,VILLA,7,7,319,"AL MAHDIYAH, WEST RIYADH, RIYADH"
610000,FLOOR,5,4,182,"BADR, SOUTH RIYADH, RIYADH"
550000,FLOOR,5,3,139,"BADR, SOUTH RIYADH, RIYADH"
1100000,FLOOR,3,3,209,"TUWAIQ, WEST RIYADH, RIYADH"
970000,VILLA,6,3,265,"TUWAIQ, WEST RIYADH, RIYADH"
2200000,VILLA,5,5,366,"AL MAHDIYAH, WEST RIYADH, RIYADH"
1450000,APARTMENT,3,3,765,OTHER
1700000,APARTMENT,3,3,197,"QURTUBAH, EAST RIYADH, RIYADH"
550000,FLOOR,3,5,450,"BADR, SOUTH RIYADH, RIYADH"
3200000,VILLA,8,5,565,OTHER
2500000,VILLA,7,6,600,OTHER
5000000,VILLA,11,6,969,OTHER
2200000,FLOOR,4,4,220,"QURTUBAH, EAST RIYADH, RIYADH"
470000,APARTMENT,3,3,114,"TUWAIQ, WEST RIYADH, RIYADH"
296000,APARTMENT,4,3,887,OTHER
6000000,VILLA,4,7,420,OTHER
2000000,VILLA,3,4,270,"AL RIMAL, EAST RIYADH, RIYADH"
1700000,APARTMENT,2,1,117,OTHER
5400000,REST HOUSE,1,1,2520,OTHER
1350000,VILLA,5,5,303,"AL RIMAL, EAST RIYADH, RIYADH"
2200000,VILLA,9,7,400,OTHER
3050000,VILLA,4,8,200,"AL NARJIS, NORTH RIYADH, RIYADH"
2200000,VILLA,6,3,364,"AL JANADRIYAH, EAST RIYADH, RIYADH"
989000,APARTMENT,4,3,120,"AL MUNSIYAH, EAST RIYADH, RIYADH"
480000,APARTMENT,2,2,1511,OTHER
1200000,VILLA,9,6,268,"OKAZ, SOUTH RIYADH, RIYADH"
620000,APARTMENT,5,4,175,OTHER
800000,APARTMENT,5,3,186,OTHER
520000,APARTMENT,5,4,177,OTHER
1100000,VILLA,4,3,272,"TUWAIQ, WEST RIYADH, RIYADH"
1550000,VILLA,11,8,400,OTHER
590000,APARTMENT,5,4,17,OTHER
610000,APARTMENT,5,4,177,OTHER
720000,FLOOR,4,4,157,OTHER
700000,APARTMENT,3,2,389,"AL RIMAL, EAST RIYADH, RIYADH"
1200000,VILLA,9,7,403,OTHER
1200000,VILLA,5,6,400,OTHER
1950000,FLOOR,4,4,250,OTHER
950000,VILLA,3,3,328,OTHER
2800000,VILLA,8,8,330,OTHER
980000,FLOOR,4,3,168,"AL RIMAL, EAST RIYADH, RIYADH"
2000000,VILLA,7,4,309,"AL RIMAL, EAST RIYADH, RIYADH"
1900000,VILLA,5,4,275,"AL QADISIYAH, EAST RIYADH, RIYADH"
2900000,VILLA,11,8,325,"AL MUNSIYAH, EAST RIYADH, RIYADH"
2000000,VILLA,4,4,630,OTHER
2650000,VILLA,5,4,375,"AL RIMAL, EAST RIYADH, RIYADH"
510000,APARTMENT,5,4,202,OTHER
2000000,REST HOUSE,3,6,875,OTHER
1300000,VILLA,4,5,437,OTHER
590000,APARTMENT,5,5,177,OTHER
590000,APARTMENT,4,4,177,OTHER
760000,APARTMENT,5,4,163,OTHER
510000,APARTMENT,5,4,160,OTHER
780000,APARTMENT,5,4,170,OTHER
830000,APARTMENT,5,4,140,OTHER
760000,APARTMENT,5,5,170,OTHER
830000,APARTMENT,5,5,140,OTHER
830000,APARTMENT,3,4,136,"AL RIMAL, EAST RIYADH, RIYADH"
800000,APARTMENT,4,3,137,"AL RAWDAH, NORTH JEDDAH, JEDDAH"
750000,FLOOR,6,5,213,OTHER
1200000,FLOOR,4,3,157,"AL RIMAL, EAST RIYADH, RIYADH"
680000,APARTMENT,4,3,128,OTHER
2400000,VILLA,7,7,325,OTHER
1750000,FLOOR,4,4,405,OTHER
1000000,FLOOR,3,3,344,"AL QADISIYAH, EAST RIYADH, RIYADH"
520000,APARTMENT,3,3,1511,OTHER
610000,APARTMENT,6,4,220,OTHER
510000,APARTMENT,5,4,177,OTHER
520000,APARTMENT,5,4,202,OTHER
540000,APARTMENT,3,4,105,OTHER
350000,APARTMENT,3,2,111,"BADR, SOUTH RIYADH, RIYADH"
2100000,FLOOR,4,3,238,"AL ARID, NORTH RIYADH, RIYADH"
1800000,FLOOR,3,2,188,"AL ARID, NORTH RIYADH, RIYADH"
849000,APARTMENT,5,3,156,"AL RIMAL, EAST RIYADH, RIYADH"
1000000,FLOOR,4,4,250,"AL RIMAL, EAST RIYADH, RIYADH"
1300000,APARTMENT,2,2,102,OTHER
1450000,VILLA,4,3,240,OTHER
1380000,VILLA,5,5,230,OTHER
625000,APARTMENT,3,2,144,OTHER
6000000,VILLA,4,2,637,OTHER
1200000,APARTMENT,3,3,104,"AL NARJIS, NORTH RIYADH, RIYADH"
1550000,APARTMENT,9,4,213,"AL SALAMAH, NORTH JEDDAH, JEDDAH"
940000,APARTMENT,4,4,169,"AL RAWDAH, NORTH JEDDAH, JEDDAH"
1070000,APARTMENT,5,4,203,OTHER
760000,APARTMENT,5,3,166,OTHER
7000000,VILLA,10,7,325,OTHER
3000000,VILLA,3,3,253,OTHER
530000,APARTMENT,4,3,129,OTHER
8000000,VILLA,5,9,393,OTHER
2000000,VILLA,10,6,415,OTHER
500000,APARTMENT,4,3,128,OTHER
365000,APARTMENT,3,4,625,OTHER
5500000,VILLA,4,4,432,"QURTUBAH, EAST RIYADH, RIYADH"
360000,APARTMENT,3,3,875,"AL SALAMAH, NORTH JEDDAH, JEDDAH"
4200000,VILLA,8,8,450,"AL MAHDIYAH, WEST RIYADH, RIYADH"
800000,APARTMENT,4,3,176,OTHER
1180000,APARTMENT,4,3,148,"AL MUNSIYAH, EAST RIYADH, RIYADH"
750000,APARTMENT,3,4,166,OTHER
950000,FLOOR,4,3,192,"AL QADISIYAH, EAST RIYADH, RIYADH"
1300000,VILLA,8,7,312,OTHER
2800000,VILLA,4,4,268,"AL NARJIS, NORTH RIYADH, RIYADH"
2350000,REST HOUSE,1,2,600,OTHER
3000000,VILLA,6,7,312,OTHER
1300000,APARTMENT,5,4,205,"QURTUBAH, EAST RIYADH, RIYADH"
780000,APARTMENT,5,3,189,OTHER
950000,FLOOR,3,4,171,"AL RIMAL, EAST RIYADH, RIYADH"
900000,FLOOR,3,4,179,"AL RIMAL, EAST RIYADH, RIYADH"
1100000,FLOOR,3,3,208,"AL RIMAL, EAST RIYADH, RIYADH"
14000000,VILLA,7,10,499,OTHER
800000,APARTMENT,3,3,98,"AL RIMAL, EAST RIYADH, RIYADH"
685000,APARTMENT,5,3,201,OTHER
550000,APARTMENT,4,3,138,OTHER
1055000,APARTMENT,3,4,106,"AL MUNSIYAH, EAST RIYADH, RIYADH"
470000,APARTMENT,2,3,61,OTHER
700000,APARTMENT,3,4,152,OTHER
470000,APARTMENT,2,4,61,OTHER
1400000,VILLA,5,2,200,"TUWAIQ, WEST RIYADH, RIYADH"
440000,APARTMENT,3,3,94,"TUWAIQ, WEST RIYADH, RIYADH"
3500000,VILLA,6,10,300,"AL ARID, NORTH RIYADH, RIYADH"
1100000,VILLA,7,6,200,"TUWAIQ, WEST RIYADH, RIYADH"
2390000,VILLA,11,7,1305,OTHER
1250000,APARTMENT,5,3,131,OTHER
971000,APARTMENT,3,3,134,"AL MUNSIYAH, EAST RIYADH, RIYADH"
900000,FLOOR,4,5,156,OTHER
2650000,VILLA,6,5,375,"AL RIMAL, EAST RIYADH, RIYADH"
1400000,VILLA,6,6,397,OTHER
3900000,VILLA,4,4,333,"AL NARJIS, NORTH RIYADH, RIYADH"
6500000,REST HOUSE,6,3,1625,OTHER
1000000,FLOOR,3,4,202,OTHER
600000,APARTMENT,5,3,154,OTHER
4500000,VILLA,8,7,375,"AL NARJIS, NORTH RIYADH, RIYADH"
4500000,VILLA,7,7,307,"AL NARJIS, NORTH RIYADH, RIYADH"
765000,APARTMENT,4,4,1000,"TUWAIQ, WEST RIYADH, RIYADH"
2500000,VILLA,8,7,750,OTHER
1450000,FLOOR,5,4,235,OTHER
1150000,FLOOR,4,4,222,"AL QADISIYAH, EAST RIYADH, RIYADH"
680000,APARTMENT,4,4,2400,"AL RAWDAH, NORTH JEDDAH, JEDDAH"
5300000,APARTMENT,5,3,184,"TUWAIQ, WEST RIYADH, RIYADH"
2000000,VILLA,6,6,264,"AL RIMAL, EAST RIYADH, RIYADH"
3000000,VILLA,5,4,420,OTHER
2600000,VILLA,4,8,750,OTHER
670000,APARTMENT,2,2,93,"AL RIMAL, EAST RIYADH, RIYADH"
2400000,VILLA,11,7,375,OTHER
670000,APARTMENT,5,3,166,OTHER
1150000,APARTMENT,3,4,197,OTHER
1375000,APARTMENT,2,2,94,OTHER
1150000,FLOOR,4,4,230,OTHER
1350000,FLOOR,5,5,251,OTHER
750000,APARTMENT,3,4,128,"AL RIMAL, EAST RIYADH, RIYADH"
1100000,FLOOR,3,4,208,"AL RIMAL, EAST RIYADH, RIYADH"
1200000,APARTMENT,3,4,153,"AL MUNSIYAH, EAST RIYADH, RIYADH"
850000,APARTMENT,2,2,60,"AL MUNSIYAH, EAST RIYADH, RIYADH"
2150000,VILLA,5,7,225,"AL RIMAL, EAST RIYADH, RIYADH"
1750000,FLOOR,3,5,222,"AL MUNSIYAH, EAST RIYADH, RIYADH"
1300000,FLOOR,4,3,189,"AL RIMAL, EAST RIYADH, RIYADH"
1380000,APARTMENT,3,4,128,"QURTUBAH, EAST RIYADH, RIYADH"
2000000,FLOOR,4,5,264,"AL MUNSIYAH, EAST RIYADH, RIYADH"
2800000,VILLA,5,7,257,"QURTUBAH, EAST RIYADH, RIYADH"
1750000,FLOOR,3,4,223,"AL MUNSIYAH, EAST RIYADH, RIYADH"
3650000,VILLA,6,7,324,"AL MUNSIYAH, EAST RIYADH, RIYADH"
1200000,FLOOR,2,2,222,"AL RIMAL, EAST RIYADH, RIYADH"
1512000,VILLA,6,7,351,OTHER
3700000,VILLA,5,6,675,OTHER
1800000,APARTMENT,3,3,152,OTHER
1150000,APARTMENT,2,3,120,OTHER
850000,APARTMENT,5,3,214,OTHER
1545000,APARTMENT,3,3,116,OTHER
2400000,VILLA,6,8,344,"AL RIMAL, EAST RIYADH, RIYADH"
1900000,VILLA,5,7,348,OTHER
3500000,VILLA,7,9,357,"QURTUBAH, EAST RIYADH, RIYADH"
1900000,FLOOR,3,3,257,"QURTUBAH, EAST RIYADH, RIYADH"
4500000,VILLA,10,7,864,OTHER
990000,VILLA,6,5,376,OTHER
2700000,VILLA,4,5,411,OTHER
1300000,VILLA,5,4,202,"AL QADISIYAH, EAST RIYADH, RIYADH"
1200000,VILLA,4,4,270,OTHER
3300000,VILLA,5,6,300,"AL NARJIS, NORTH RIYADH, RIYADH"
1350000,FLOOR,4,4,165,"AL MUNSIYAH, EAST RIYADH, RIYADH"
1000000,FLOOR,5,3,202,OTHER
2900000,VILLA,5,8,409,OTHER
1244000,APARTMENT,3,2,82,"AL MUNSIYAH, EAST RIYADH, RIYADH"
1900000,VILLA,5,7,315,OTHER
1550000,FLOOR,4,4,213,OTHER
1900000,VILLA,6,5,315,OTHER
1200000,VILLA,5,6,270,OTHER
4050000,VILLA,4,3,280,"AL ARID, NORTH RIYADH, RIYADH"
3000000,VILLA,3,2,209,"AL NARJIS, NORTH RIYADH, RIYADH"
4200000,VILLA,8,7,450,"AL MAHDIYAH, WEST RIYADH, RIYADH"
1800000,FLOOR,4,3,158,OTHER
3800000,VILLA,5,5,900,OTHER
450000,APARTMENT,4,3,119,OTHER
2000000,VILLA,7,6,266,OTHER
3500000,VILLA,11,7,750,OTHER
950000,APARTMENT,4,3,525,OTHER
1100000,APARTMENT,4,3,506,"AL RAWDAH, NORTH JEDDAH, JEDDAH"
1600000,FLOOR,5,5,142,"AL NARJIS, NORTH RIYADH, RIYADH"
1500000,APARTMENT,3,3,120,OTHER
1170000,APARTMENT,3,3,93,OTHER
350000,APARTMENT,3,2,92,OTHER
430000,APARTMENT,4,3,115,OTHER
1400000,VILLA,10,8,300,OTHER
1100000,VILLA,6,8,414,OTHER
12000000,VILLA,10,7,1031,OTHER
2500000,VILLA,6,4,450,OTHER
2500000,VILLA,11,8,606,OTHER
490000,APARTMENT,3,3,135,"AL SALAMAH, NORTH JEDDAH, JEDDAH"
2000000,VILLA,4,4,370,"AL MAHDIYAH, WEST RIYADH, RIYADH"
5200000,VILLA,11,11,840,OTHER
800000,FLOOR,3,4,205,"AL JANADRIYAH, EAST RIYADH, RIYADH"
1000000,APARTMENT,3,3,141,OTHER
1599000,APARTMENT,2,2,92,OTHER
1750000,APARTMENT,3,3,166,OTHER
700000,APARTMENT,4,4,157,OTHER
1500000,APARTMENT,5,4,196,OTHER
575000,APARTMENT,4,3,121,OTHER
690000,APARTMENT,4,3,151,OTHER
800000,VILLA,8,6,350,OTHER
700000,VILLA,9,6,300,OTHER
700000,VILLA,9,6,334,OTHER
480000,APARTMENT,4,3,600,OTHER
750000,APARTMENT,4,3,142,OTHER
405000,APARTMENT,3,2,129,OTHER
970000,APARTMENT,5,4,162,OTHER
760000,APARTMENT,5,3,161,OTHER
3200000,VILLA,8,7,500,OTHER
650000,APARTMENT,4,3,125,OTHER
970000,APARTMENT,2,3,124,"AL MUNSIYAH, EAST RIYADH, RIYADH"
1050000,VILLA,4,6,171,OTHER
4000000,VILLA,8,7,360,"AL NARJIS, NORTH RIYADH, RIYADH"
1300000,APARTMENT,3,2,179,OTHER
1650000,FLOOR,3,4,183,"AL MUNSIYAH, EAST RIYADH, RIYADH"
1100000,VILLA,6,4,297,OTHER
950000,APARTMENT,3,4,160,"AL RIMAL, EAST RIYADH, RIYADH"
2400000,VILLA,5,6,507,"AL MAHDIYAH, WEST RIYADH, RIYADH"
2800000,VILLA,3,3,212,"AL NARJIS, NORTH RIYADH, RIYADH"
830000,APARTMENT,4,3,189,OTHER
650000,APARTMENT,5,3,184,"TUWAIQ, WEST RIYADH, RIYADH"
1700000,VILLA,8,7,286,OTHER
395000,APARTMENT,3,2,780,"AL SALAMAH, NORTH JEDDAH, JEDDAH"
4000000,VILLA,7,6,390,OTHER
395000,APARTMENT,3,2,104,OTHER
1400000,APARTMENT,3,3,146,OTHER
1100000,VILLA,6,4,275,OTHER
1125000,VILLA,4,5,313,OTHER
3200000,VILLA,5,7,383,"QURTUBAH, EAST RIYADH, RIYADH"
260000,FLOOR,6,3,197,OTHER
680000,APARTMENT,4,4,2720,OTHER
1250000,APARTMENT,2,2,115,OTHER
680000,APARTMENT,5,4,177,OTHER
1700000,VILLA,7,7,625,"BADR, SOUTH RIYADH, RIYADH"
900000,APARTMENT,3,3,130,"AL MAHDIYAH, WEST RIYADH, RIYADH"
900000,APARTMENT,3,3,137,"AL MAHDIYAH, WEST RIYADH, RIYADH"
1900000,VILLA,5,5,691,OTHER
850000,APARTMENT,4,3,129,"AL MAHDIYAH, WEST RIYADH, RIYADH"
800000,APARTMENT,3,4,140,"AL MAHDIYAH, WEST RIYADH, RIYADH"
950000,APARTMENT,4,3,163,"AL MAHDIYAH, WEST RIYADH, RIYADH"
820000,APARTMENT,3,3,108,"AL MAHDIYAH, WEST RIYADH, RIYADH"
830000,APARTMENT,3,3,128,"AL MAHDIYAH, WEST RIYADH, RIYADH"
1200000,FLOOR,4,3,230,OTHER
1450000,VILLA,7,5,289,"AL JANADRIYAH, EAST RIYADH, RIYADH"
1350000,VILLA,10,6,295,OTHER
840000,FLOOR,3,3,167,OTHER
1150000,APARTMENT,4,3,142,"AL MUNSIYAH, EAST RIYADH, RIYADH"
850000,VILLA,5,5,250,OTHER
1130000,APARTMENT,3,3,142,"AL MUNSIYAH, EAST RIYADH, RIYADH"
1150000,APARTMENT,3,4,142,"AL MUNSIYAH, EAST RIYADH, RIYADH"
1000000,VILLA,7,5,200,OTHER
971000,APARTMENT,3,3,110,"AL MUNSIYAH, EAST RIYADH, RIYADH"
1550000,VILLA,6,5,600,"AL JANADRIYAH, EAST RIYADH, RIYADH"
550000,FLOOR,11,4,681,OTHER
1200000,FLOOR,3,4,219,OTHER
700000,APARTMENT,3,3,199,"AL JANADRIYAH, EAST RIYADH, RIYADH"
750000,FLOOR,3,3,215,"AL JANADRIYAH, EAST RIYADH, RIYADH"
550000,APARTMENT,3,2,128,OTHER
950000,FLOOR,3,3,105,"AL RIMAL, EAST RIYADH, RIYADH"
1100000,FLOOR,3,4,201,OTHER
1150000,VILLA,9,7,220,OTHER
1550000,VILLA,9,9,478,OTHER
1250000,VILLA,6,8,527,OTHER
480000,APARTMENT,4,3,1794,"BADR, SOUTH RIYADH, RIYADH"
1100000,FLOOR,3,3,210,OTHER
980000,FLOOR,3,3,173,OTHER
650000,VILLA,4,5,600,OTHER
700000,FLOOR,3,3,196,OTHER
750000,APARTMENT,6,4,223,OTHER
2250000,VILLA,5,6,325,"AL MAHDIYAH, WEST RIYADH, RIYADH"
780000,APARTMENT,5,4,242,"BADR, SOUTH RIYADH, RIYADH"
660000,FLOOR,3,4,160,"OKAZ, SOUTH RIYADH, RIYADH"
2600000,APARTMENT,3,3,174,OTHER
790000,APARTMENT,4,3,120,"AL MAHDIYAH, WEST RIYADH, RIYADH"
1200000,FLOOR,7,4,637,OTHER
680000,FLOOR,3,3,342,OTHER
2300000,VILLA,7,7,300,"AL MAHDIYAH, WEST RIYADH, RIYADH"
5300000,VILLA,5,3,375,OTHER
2000000,VILLA,5,5,345,OTHER
1899000,FLOOR,3,3,126,OTHER
666250,APARTMENT,5,3,187,OTHER
420000,APARTMENT,4,2,118,OTHER
1100000,FLOOR,5,3,157,OTHER
1300000,FLOOR,7,5,232,OTHER
1339000,APARTMENT,3,3,218,OTHER
666250,APARTMENT,5,3,173,OTHER
1070000,VILLA,4,5,346,OTHER
7200000,VILLA,7,7,909,OTHER
7500000,VILLA,4,5,325,OTHER
980000,VILLA,5,5,650,OTHER
1500000,FLOOR,4,4,251,OTHER
1000000,FLOOR,4,2,159,"AL RIMAL, EAST RIYADH, RIYADH"
700000,APARTMENT,3,3,117,OTHER
950000,FLOOR,3,3,237,"AL JANADRIYAH, EAST RIYADH, RIYADH"
2200000,VILLA,6,5,625,OTHER
900000,APARTMENT,3,5,179,"AL RIMAL, EAST RIYADH, RIYADH"
1150000,VILLA,3,3,158,"AL RIMAL, EAST RIYADH, RIYADH"
1150000,APARTMENT,3,5,179,"AL RIMAL, EAST RIYADH, RIYADH"
940000,FLOOR,4,3,193,"AL JANADRIYAH, EAST RIYADH, RIYADH"
650000,APARTMENT,4,3,111,"AL RAWDAH, NORTH JEDDAH, JEDDAH"
685000,APARTMENT,5,3,184,OTHER
650000,APARTMENT,5,4,155,OTHER
500000,APARTMENT,5,3,143,OTHER
550000,APARTMENT,5,4,162,OTHER
850000,APARTMENT,4,3,164,OTHER
950000,VILLA,7,5,168,"TUWAIQ, WEST RIYADH, RIYADH"
480000,APARTMENT,4,3,150,OTHER
880000,VILLA,3,3,318,OTHER
830000,FLOOR,5,3,243,OTHER
950000,VILLA,7,5,272,"TUWAIQ, WEST RIYADH, RIYADH"
1000000,VILLA,4,3,320,OTHER
900000,APARTMENT,3,4,171,"AL RIMAL, EAST RIYADH, RIYADH"
720000,FLOOR,3,3,179,OTHER
1050000,VILLA,6,6,300,OTHER
550000,APARTMENT,3,3,191,OTHER
750000,APARTMENT,3,3,191,OTHER
550000,APARTMENT,3,2,211,OTHER
19000000,VILLA,5,5,2500,OTHER
3000000,VILLA,5,5,300,OTHER
1650000,FLOOR,4,5,203,"AL MUNSIYAH, EAST RIYADH, RIYADH"
5200000,VILLA,4,3,400,OTHER
1100000,APARTMENT,3,2,116,OTHER
1330000,APARTMENT,3,3,111,OTHER
1400000,APARTMENT,2,2,202,"AL MAHDIYAH, WEST RIYADH, RIYADH"
1400000,VILLA,4,7,309,OTHER
3000000,VILLA,3,2,500,OTHER
3500000,VILLA,8,6,875,OTHER
1650000,VILLA,4,5,356,OTHER
2500000,VILLA,4,4,420,"TUWAIQ, WEST RIYADH, RIYADH"
790000,APARTMENT,4,3,127,"AL RAWDAH, NORTH JEDDAH, JEDDAH"
3500000,VILLA,5,5,960,OTHER
570000,APARTMENT,5,3,175,OTHER
1050000,VILLA,6,5,300,OTHER
6600000,VILLA,8,7,875,"AL MUNSIYAH, EAST RIYADH, RIYADH"
2500000,VILLA,4,2,360,OTHER
1000000,VILLA,6,4,402,OTHER
620000,VILLA,6,5,163,"OKAZ, SOUTH RIYADH, RIYADH"
11600000,REST HOUSE,5,4,2940,"AL RIMAL, EAST RIYADH, RIYADH"
1250000,VILLA,4,5,188,"AL QADISIYAH, EAST RIYADH, RIYADH"
550000,VILLA,7,5,400,OTHER
940000,VILLA,4,5,371,OTHER
1300000,VILLA,6,8,527,OTHER
1150000,VILLA,3,5,170,"AL RIMAL, EAST RIYADH, RIYADH"
595000,APARTMENT,3,2,144,OTHER
450000,APARTMENT,4,3,102,OTHER
760000,APARTMENT,2,2,121,OTHER
2500000,VILLA,10,9,312,OTHER
3500000,VILLA,6,5,276,"AL ARID, NORTH RIYADH, RIYADH"
700000,APARTMENT,4,3,162,"AL JANADRIYAH, EAST RIYADH, RIYADH"
1180000,APARTMENT,4,5,148,"AL MUNSIYAH, EAST RIYADH, RIYADH"
700000,APARTMENT,4,3,177,OTHER
4000000,VILLA,3,3,490,OTHER
1600000,VILLA,6,4,371,"TUWAIQ, WEST RIYADH, RIYADH"
8500000,VILLA,6,6,651,"AL QADISIYAH, EAST RIYADH, RIYADH"
570000,APARTMENT,5,3,177,"OKAZ, SOUTH RIYADH, RIYADH"
4500000,VILLA,8,8,312,"AL NARJIS, NORTH RIYADH, RIYADH"
3800000,VILLA,7,5,600,OTHER
2150000,VILLA,5,7,328,"AL RIMAL, EAST RIYADH, RIYADH"
3000000,VILLA,10,5,500,OTHER
900000,APARTMENT,3,3,142,OTHER
900000,VILLA,8,6,235,OTHER
650000,APARTMENT,4,3,110,OTHER
1900000,VILLA,11,10,500,OTHER
920000,APARTMENT,4,4,166,OTHER
590000,APARTMENT,3,4,168,OTHER
700000,APARTMENT,4,3,114,"AL RAWDAH, NORTH JEDDAH, JEDDAH"
900000,FLOOR,4,4,175,OTHER
1050000,FLOOR,5,4,177,OTHER
1250000,VILLA,5,4,341,"BADR, SOUTH RIYADH, RIYADH"
6250000,REST HOUSE,2,2,2520,"AL RIMAL, EAST RIYADH, RIYADH"
1350000,VILLA,4,4,300,OTHER
3000000,VILLA,9,7,360,"AL QADISIYAH, EAST RIYADH, RIYADH"
4000000,VILLA,4,3,350,OTHER
6250000,REST HOUSE,5,5,2520,"AL RIMAL, EAST RIYADH, RIYADH"
640000,APARTMENT,3,3,154,OTHER
3700000,VILLA,4,5,703,OTHER
750000,APARTMENT,3,3,89,OTHER
1050000,VILLA,4,4,269,"TUWAIQ, WEST RIYADH, RIYADH"
620000,VILLA,4,4,160,"OKAZ, SOUTH RIYADH, RIYADH"
4500000,APARTMENT,4,3,365,OTHER
390000,APARTMENT,3,3,99,OTHER
650000,APARTMENT,3,3,56,"AL RIMAL, EAST RIYADH, RIYADH"
3600000,VILLA,11,5,375,"AL MAHDIYAH, WEST RIYADH, RIYADH"
1350000,VILLA,5,5,311,"TUWAIQ, WEST RIYADH, RIYADH"
820000,FLOOR,3,3,157,"TUWAIQ, WEST RIYADH, RIYADH"
5200000,VILLA,5,5,360,OTHER
630000,APARTMENT,3,3,123,OTHER
1300000,FLOOR,3,2,232,OTHER
760000,APARTMENT,4,4,163,OTHER
590000,APARTMENT,4,3,177,OTHER
990000,APARTMENT,3,3,121,OTHER
938000,APARTMENT,3,3,135,"AL MUNSIYAH, EAST RIYADH, RIYADH"
620000,APARTMENT,5,3,205,OTHER
970000,FLOOR,3,3,184,"AL RIMAL, EAST RIYADH, RIYADH"
930000,FLOOR,3,3,156,"AL RIMAL, EAST RIYADH, RIYADH"
1150000,FLOOR,3,3,195,"AL RIMAL, EAST RIYADH, RIYADH"
750000,APARTMENT,2,2,113,"AL RIMAL, EAST RIYADH, RIYADH"
1200000,FLOOR,3,3,222,"AL RIMAL, EAST RIYADH, RIYADH"
1200000,VILLA,3,3,157,"AL RIMAL, EAST RIYADH, RIYADH"
1765000,APARTMENT,3,4,129,"AL NARJIS, NORTH RIYADH, RIYADH"
950000,FLOOR,3,3,195,"AL JANADRIYAH, EAST RIYADH, RIYADH"
1100000,FLOOR,3,3,276,OTHER
900000,FLOOR,3,3,276,OTHER
490000,APARTMENT,3,2,93,OTHER
1250000,VILLA,8,7,289,"AL RIMAL, EAST RIYADH, RIYADH"
800000,APARTMENT,2,3,98,"AL RIMAL, EAST RIYADH, RIYADH"
900000,APARTMENT,3,3,123,OTHER
1600000,FLOOR,4,5,206,"AL MUNSIYAH, EAST RIYADH, RIYADH"
5600000,VILLA,4,7,560,OTHER
850000,APARTMENT,3,3,129,"AL MAHDIYAH, WEST RIYADH, RIYADH"
800000,APARTMENT,3,3,140,"AL MAHDIYAH, WEST RIYADH, RIYADH"
800000,APARTMENT,3,3,478,"AL MAHDIYAH, WEST RIYADH, RIYADH"
3100000,VILLA,5,6,312,"AL RIMAL, EAST RIYADH, RIYADH"
3000000,VILLA,6,7,343,"AL RIMAL, EAST RIYADH, RIYADH"
700000,APARTMENT,2,3,104,OTHER
1350000,VILLA,4,4,311,"TUWAIQ, WEST RIYADH, RIYADH"
800000,APARTMENT,6,4,229,OTHER
740000,APARTMENT,5,3,166,OTHER
1500000,APARTMENT,8,5,330,OTHER
780000,APARTMENT,4,3,121,"AL RAWDAH, NORTH JEDDAH, JEDDAH"
1550000,VILLA,6,6,381,OTHER
2350000,VILLA,11,5,625,OTHER
900000,FLOOR,3,3,177,"AL JANADRIYAH, EAST RIYADH, RIYADH"
1600000,FLOOR,5,5,223,"AL MUNSIYAH, EAST RIYADH, RIYADH"
1200000,FLOOR,4,3,208,"AL RIMAL, EAST RIYADH, RIYADH"
1600000,FLOOR,4,5,575,OTHER
1550000,APARTMENT,4,3,138,OTHER
3000000,VILLA,9,7,1320,OTHER
6700000,VILLA,8,7,900,OTHER
2000000,VILLA,6,5,220,OTHER
4000000,VILLA,7,5,339,OTHER
950000,FLOOR,3,4,185,OTHER
1850000,FLOOR,4,4,200,"QURTUBAH, EAST RIYADH, RIYADH"
2150000,VILLA,5,8,275,"AL QADISIYAH, EAST RIYADH, RIYADH"
2400000,VILLA,5,8,250,OTHER
2150000,VILLA,5,8,225,"AL RIMAL, EAST RIYADH, RIYADH"
4200000,VILLA,6,5,371,"AL MUNSIYAH, EAST RIYADH, RIYADH"
1003000,APARTMENT,4,3,132,"AL MUNSIYAH, EAST RIYADH, RIYADH"
16000000,VILLA,10,10,500,OTHER
3900000,VILLA,5,5,312,"AL ARID, NORTH RIYADH, RIYADH"
1350000,VILLA,8,7,303,"AL RIMAL, EAST RIYADH, RIYADH"
1250000,FLOOR,4,3,210,"AL RIMAL, EAST RIYADH, RIYADH"
971000,APARTMENT,4,3,110,"AL MUNSIYAH, EAST RIYADH, RIYADH"
1300000,FLOOR,4,4,180,OTHER
1600000,FLOOR,5,4,223,"AL MUNSIYAH, EAST RIYADH, RIYADH"
1350000,FLOOR,4,3,205,"AL RIMAL, EAST RIYADH, RIYADH"
1100000,APARTMENT,6,5,189,OTHER
2650000,VILLA,6,5,80,OTHER
1350000,FLOOR,3,4,193,OTHER
1700000,APARTMENT,4,3,197,"QURTUBAH, EAST RIYADH, RIYADH"
1250000,FLOOR,4,5,307,"AL JANADRIYAH, EAST RIYADH, RIYADH"
950000,FLOOR,4,4,271,"AL JANADRIYAH, EAST RIYADH, RIYADH"
945000,APARTMENT,4,3,120,"AL MUNSIYAH, EAST RIYADH, RIYADH"
3650000,VILLA,6,5,324,"AL MUNSIYAH, EAST RIYADH, RIYADH"
1250000,FLOOR,4,3,260,"AL QADISIYAH, EAST RIYADH, RIYADH"
1350000,FLOOR,5,5,232,"AL QADISIYAH, EAST RIYADH, RIYADH"
2750000,VILLA,5,7,317,OTHER
1650000,FLOOR,4,4,198,"QURTUBAH, EAST RIYADH, RIYADH"
1450000,APARTMENT,4,3,156,"QURTUBAH, EAST RIYADH, RIYADH"
3050000,VILLA,5,7,390,OTHER
1250000,FLOOR,4,4,230,OTHER
2100000,VILLA,5,8,328,"AL RIMAL, EAST RIYADH, RIYADH"
2600000,VILLA,5,6,411,OTHER
3600000,VILLA,6,9,320,"AL MUNSIYAH, EAST RIYADH, RIYADH"
1700000,VILLA,5,8,225,"AL RIMAL, EAST RIYADH, RIYADH"
1200000,FLOOR,4,4,222,"AL QADISIYAH, EAST RIYADH, RIYADH"
2400000,VILLA,7,8,460,OTHER
850000,APARTMENT,3,3,88,"AL QADISIYAH, EAST RIYADH, RIYADH"
1550000,FLOOR,4,5,251,OTHER
4200000,VILLA,6,8,371,"AL MUNSIYAH, EAST RIYADH, RIYADH"
3650000,VILLA,6,8,324,"AL MUNSIYAH, EAST RIYADH, RIYADH"
1500000,FLOOR,4,5,213,OTHER
1450000,FLOOR,3,4,141,"AL MUNSIYAH, EAST RIYADH, RIYADH"
3700000,VILLA,7,8,343,"QURTUBAH, EAST RIYADH, RIYADH"
3500000,VILLA,5,8,264,"QURTUBAH, EAST RIYADH, RIYADH"
5700000,VILLA,7,7,525,OTHER
1200000,APARTMENT,5,4,193,OTHER
4000000,VILLA,8,4,345,OTHER
650000,APARTMENT,5,3,133,OTHER
3200000,VILLA,11,11,418,"AL MAHDIYAH, WEST RIYADH, RIYADH"
1200000,FLOOR,4,4,206,"AL RIMAL, EAST RIYADH, RIYADH"
1800000,FLOOR,3,4,197,"QURTUBAH, EAST RIYADH, RIYADH"
2700000,VILLA,6,7,300,OTHER
3000000,VILLA,6,7,270,"AL NARJIS, NORTH RIYADH, RIYADH"
820000,APARTMENT,5,4,210,OTHER
620000,APARTMENT,5,4,174,OTHER
4000000,APARTMENT,3,4,137,OTHER
790000,APARTMENT,6,5,252,OTHER
805000,APARTMENT,7,4,276,OTHER
510000,APARTMENT,4,3,157,OTHER
560000,APARTMENT,3,3,132,OTHER
660000,APARTMENT,6,5,244,OTHER
630000,APARTMENT,5,4,172,OTHER
660000,APARTMENT,5,3,179,OTHER
1200000,APARTMENT,3,4,233,"AL RIMAL, EAST RIYADH, RIYADH"
4500000,VILLA,4,7,333,"AL ARID, NORTH RIYADH, RIYADH"
4000000,VILLA,11,7,420,"AL MAHDIYAH, WEST RIYADH, RIYADH"
490000,APARTMENT,4,3,132,OTHER
20000000,VILLA,7,8,540,OTHER
1500000,FLOOR,2,2,108,OTHER
570000,APARTMENT,5,3,146,OTHER
750000,APARTMENT,3,3,159,"TUWAIQ, WEST RIYADH, RIYADH"
420000,APARTMENT,3,3,143,OTHER
549000,APARTMENT,3,3,120,OTHER
6800000,VILLA,9,6,450,OTHER
840000,APARTMENT,5,3,121,OTHER
650000,APARTMENT,3,3,115,OTHER
460000,APARTMENT,3,3,110,OTHER
2100000,VILLA,7,7,360,"AL RIMAL, EAST RIYADH, RIYADH"
590,APARTMENT,4,3,229,OTHER
5100000,VILLA,7,6,450,OTHER
550000,APARTMENT,4,3,900,"BADR, SOUTH RIYADH, RIYADH"
5400000,VILLA,8,5,450,"AL NARJIS, NORTH RIYADH, RIYADH"
1000000,FLOOR,3,3,177,"AL JANADRIYAH, EAST RIYADH, RIYADH"
1800000,VILLA,4,5,875,OTHER
1400000,VILLA,5,5,200,"TUWAIQ, WEST RIYADH, RIYADH"
600000,APARTMENT,4,2,105,OTHER
1850000,APARTMENT,3,3,141,OTHER
660000,APARTMENT,5,4,175,OTHER
550000,APARTMENT,4,4,144,OTHER
1000000,APARTMENT,3,4,106,OTHER
870000,VILLA,3,5,235,"OKAZ, SOUTH RIYADH, RIYADH"
3200000,VILLA,5,5,258,"AL NARJIS, NORTH RIYADH, RIYADH"
930000,VILLA,5,3,310,OTHER
800000,APARTMENT,2,4,120,"AL MAHDIYAH, WEST RIYADH, RIYADH"
2600000,VILLA,5,5,415,OTHER
6000000,APARTMENT,4,4,441,OTHER
1450000,VILLA,5,5,252,"AL RIMAL, EAST RIYADH, RIYADH"
900000,APARTMENT,5,4,257,OTHER
1500000,FLOOR,4,3,185,"AL MUNSIYAH, EAST RIYADH, RIYADH"
880000,FLOOR,3,4,204,"AL QADISIYAH, EAST RIYADH, RIYADH"
1250000,VILLA,4,4,274,"AL JANADRIYAH, EAST RIYADH, RIYADH"
1500000,FLOOR,3,4,189,OTHER
2100000,VILLA,5,5,332,"AL MAHDIYAH, WEST RIYADH, RIYADH"
1531000,VILLA,5,6,344,OTHER
395000,APARTMENT,3,3,104,OTHER
7000000,REST HOUSE,4,5,5000,OTHER
1950000,VILLA,5,5,400,"AL MAHDIYAH, WEST RIYADH, RIYADH"
2250000,REST HOUSE,3,5,487,OTHER
970000,FLOOR,3,4,220,"TUWAIQ, WEST RIYADH, RIYADH"
3099000,VILLA,5,4,301,OTHER
780000,FLOOR,5,4,149,"OKAZ, SOUTH RIYADH, RIYADH"
7000000,VILLA,5,7,625,OTHER
1250000,FLOOR,3,4,196,OTHER
1550000,FLOOR,4,5,206,"AL MUNSIYAH, EAST RIYADH, RIYADH"
990000,APARTMENT,3,2,157,OTHER
1300000,FLOOR,4,4,255,"AL QADISIYAH, EAST RIYADH, RIYADH"
590000,APARTMENT,3,3,123,OTHER
1600000,VILLA,7,6,437,OTHER
550000,APARTMENT,5,4,195,OTHER
1350000,VILLA,11,10,300,OTHER
680000,APARTMENT,4,4,228,OTHER
759000,APARTMENT,5,3,267,OTHER
1150000,FLOOR,7,5,260,OTHER
900000,VILLA,6,5,481,OTHER
780000,VILLA,5,3,323,OTHER
950000,VILLA,7,5,422,OTHER
550000,APARTMENT,4,5,197,"OKAZ, SOUTH RIYADH, RIYADH"
780000,FLOOR,4,4,227,OTHER
650000,APARTMENT,5,4,217,OTHER
640000,APARTMENT,5,4,217,OTHER
575000,APARTMENT,5,3,151,OTHER
2500000,VILLA,10,8,600,OTHER
2200000,VILLA,5,4,416,OTHER
2000000,VILLA,7,7,437,OTHER
730000,FLOOR,4,4,131,OTHER
560000,APARTMENT,3,3,226,OTHER
520000,APARTMENT,4,4,139,OTHER
4000000,REST HOUSE,5,5,1143,OTHER
1000000,FLOOR,8,5,300,OTHER
829000,APARTMENT,3,3,207,OTHER
1450000,VILLA,4,8,510,"AL NARJIS, NORTH RIYADH, RIYADH"
2208000,VILLA,5,6,552,OTHER
2713000,VILLA,5,7,296,"AL NARJIS, NORTH RIYADH, RIYADH"
520000,APARTMENT,4,3,126,OTHER
950000,VILLA,6,6,300,OTHER
940000,VILLA,5,5,286,"AL JANADRIYAH, EAST RIYADH, RIYADH"
940000,VILLA,6,6,174,"AL JANADRIYAH, EAST RIYADH, RIYADH"
1290000,VILLA,6,6,302,"AL JANADRIYAH, EAST RIYADH, RIYADH"
900000,VILLA,6,5,178,"AL JANADRIYAH, EAST RIYADH, RIYADH"
3000000,VILLA,10,7,600,OTHER
21000000,VILLA,11,7,1400,OTHER
1550000,FLOOR,4,4,206,"AL MUNSIYAH, EAST RIYADH, RIYADH"
868000,APARTMENT,3,3,132,"AL MUNSIYAH, EAST RIYADH, RIYADH"
320000,APARTMENT,3,2,93,OTHER
2600000,VILLA,3,4,600,OTHER
4000000,VILLA,10,7,750,"AL MAHDIYAH, WEST RIYADH, RIYADH"
2600000,VILLA,7,7,424,OTHER
580000,APARTMENT,3,3,157,OTHER
3500000,VILLA,3,4,250,OTHER
620000,APARTMENT,4,4,209,OTHER
350000,APARTMENT,3,2,111,OTHER
650000,VILLA,3,3,240,OTHER
950000,FLOOR,4,3,158,OTHER
3700000,VILLA,7,8,357,"QURTUBAH, EAST RIYADH, RIYADH"
3000000,VILLA,5,6,343,"AL RIMAL, EAST RIYADH, RIYADH"
2750000,VILLA,5,8,376,OTHER
670000,VILLA,5,7,240,OTHER
700000,APARTMENT,5,4,186,OTHER
600000,VILLA,5,7,260,OTHER
900000,FLOOR,3,5,177,OTHER
1650000,APARTMENT,3,3,148,OTHER
1850000,VILLA,5,5,191,"AL ARID, NORTH RIYADH, RIYADH"
700000,APARTMENT,5,3,169,OTHER
1500000,REST HOUSE,5,2,2000,OTHER
2099000,FLOOR,3,4,204,OTHER
800000,FLOOR,3,2,147,OTHER
4224000,VILLA,7,7,528,OTHER
560000,APARTMENT,5,4,146,OTHER
1100000,APARTMENT,4,4,181,OTHER
1380000,VILLA,4,3,341,OTHER
1950000,VILLA,8,7,400,"TUWAIQ, WEST RIYADH, RIYADH"
1800000,VILLA,9,6,200,"AL MAHDIYAH, WEST RIYADH, RIYADH"
700000,APARTMENT,3,3,1050,OTHER
2300000,VILLA,7,5,310,OTHER
690000,APARTMENT,3,3,312,"AL RIMAL, EAST RIYADH, RIYADH"
4000000,VILLA,4,4,300,"AL ARID, NORTH RIYADH, RIYADH"
285000,APARTMENT,2,2,1251,OTHER
600000,FLOOR,3,3,909,"BADR, SOUTH RIYADH, RIYADH"
4500000,VILLA,4,8,523,"QURTUBAH, EAST RIYADH, RIYADH"
850000,FLOOR,4,3,138,"AL RIMAL, EAST RIYADH, RIYADH"
895000,APARTMENT,2,1,116,OTHER
480000,APARTMENT,3,4,180,"BADR, SOUTH RIYADH, RIYADH"
850000,VILLA,6,6,429,OTHER
1150000,VILLA,9,6,435,OTHER
900000,APARTMENT,4,4,203,"AL JANADRIYAH, EAST RIYADH, RIYADH"
770000,APARTMENT,5,4,211,OTHER
22000000,VILLA,8,7,1000,OTHER
650000,APARTMENT,4,3,174,OTHER
600000,APARTMENT,4,3,126,OTHER
3750000,VILLA,3,3,3283,OTHER
695000,APARTMENT,4,4,640,OTHER
625000,APARTMENT,3,4,640,OTHER
3400000,VILLA,5,5,300,OTHER
800000,APARTMENT,3,2,252,"AL RIMAL, EAST RIYADH, RIYADH"
1030000,FLOOR,3,2,150,"AL RIMAL, EAST RIYADH, RIYADH"
1030000,FLOOR,3,3,150,"AL RIMAL, EAST RIYADH, RIYADH"
3500000,VILLA,11,10,550,OTHER
700000,APARTMENT,5,4,170,OTHER
1100000,APARTMENT,2,2,104,"AL ARID, NORTH RIYADH, RIYADH"
6500000,VILLA,9,6,396,OTHER
900000,FLOOR,3,4,177,"AL JANADRIYAH, EAST RIYADH, RIYADH"
5900000,VILLA,5,6,525,OTHER
1050000,VILLA,4,6,900,"TUWAIQ, WEST RIYADH, RIYADH"
900000,REST HOUSE,7,4,477,OTHER
3200000,VILLA,4,2,300,"AL MAHDIYAH, WEST RIYADH, RIYADH"
1350000,VILLA,11,4,500,OTHER
2700000,VILLA,5,9,420,OTHER
2650000,VILLA,5,6,482,OTHER
800000,FLOOR,3,3,177,OTHER
1950000,VILLA,4,5,500,OTHER
1195000,VILLA,6,5,261,OTHER
820000,APARTMENT,6,4,218,OTHER
9800000,REST HOUSE,5,6,3000,OTHER
660000,FLOOR,3,3,152,OTHER
850000,FLOOR,7,5,375,"AL RIMAL, EAST RIYADH, RIYADH"
1195000,APARTMENT,6,4,640,OTHER
2400000,VILLA,5,7,466,OTHER
1450000,APARTMENT,6,4,216,OTHER
2200000,VILLA,6,6,287,"AL QADISIYAH, EAST RIYADH, RIYADH"
700000,APARTMENT,5,4,72,"AL JANADRIYAH, EAST RIYADH, RIYADH"
750000,APARTMENT,3,3,119,OTHER
1100000,VILLA,3,3,1079,"AL JANADRIYAH, EAST RIYADH, RIYADH"
1765000,APARTMENT,2,4,122,"AL NARJIS, NORTH RIYADH, RIYADH"
950000,APARTMENT,4,4,160,"AL RAWDAH, NORTH JEDDAH, JEDDAH"
1600000,FLOOR,3,3,157,"AL NARJIS, NORTH RIYADH, RIYADH"
630000,APARTMENT,4,4,152,"TUWAIQ, WEST RIYADH, RIYADH"
4000000,VILLA,4,8,250,"AL NARJIS, NORTH RIYADH, RIYADH"
1100000,VILLA,4,6,268,"AL JANADRIYAH, EAST RIYADH, RIYADH"
1900000,VILLA,5,7,360,"AL RIMAL, EAST RIYADH, RIYADH"
950000,APARTMENT,3,6,240,"AL JANADRIYAH, EAST RIYADH, RIYADH"
900000,APARTMENT,5,6,195,"OKAZ, SOUTH RIYADH, RIYADH"
720000,APARTMENT,3,2,97,OTHER
560000,APARTMENT,4,3,126,OTHER
640000,APARTMENT,4,3,146,OTHER
850000,APARTMENT,5,4,194,OTHER
620000,APARTMENT,5,3,157,OTHER
620000,APARTMENT,5,4,160,OTHER
1150000,VILLA,4,3,215,OTHER
2700000,VILLA,5,4,536,OTHER
2500000,VILLA,7,7,519,OTHER
640000,APARTMENT,4,4,600,"AL SALAMAH, NORTH JEDDAH, JEDDAH"
1400000,APARTMENT,2,3,152,OTHER
400000,APARTMENT,3,3,1440,OTHER
780000,APARTMENT,4,3,127,"AL SALAMAH, NORTH JEDDAH, JEDDAH"
1400000,VILLA,5,5,350,OTHER
650000,APARTMENT,5,3,181,OTHER
549000,APARTMENT,4,3,525,"AL RAWDAH, NORTH JEDDAH, JEDDAH"
470000,APARTMENT,4,3,137,OTHER
830000,APARTMENT,5,4,177,OTHER
1650000,APARTMENT,3,3,112,"AL ARID, NORTH RIYADH, RIYADH"
670000,APARTMENT,5,4,162,OTHER
1650000,FLOOR,3,3,131,"AL ARID, NORTH RIYADH, RIYADH"
5000000,REST HOUSE,7,7,5245,OTHER
2400000,VILLA,9,5,434,OTHER
1300000,VILLA,8,6,405,OTHER
680000,APARTMENT,5,3,175,OTHER
1700000,VILLA,6,7,368,OTHER
6000000,VILLA,5,5,375,"AL ARID, NORTH RIYADH, RIYADH"
2700000,APARTMENT,3,2,184,OTHER
850000,FLOOR,5,5,353,OTHER
1170000,VILLA,7,5,240,OTHER
2400000,FLOOR,6,4,450,"AL MAHDIYAH, WEST RIYADH, RIYADH"
490000,APARTMENT,3,3,163,OTHER
1850000,FLOOR,3,4,161,"QURTUBAH, EAST RIYADH, RIYADH"
800000,FLOOR,5,2,64,"AL JANADRIYAH, EAST RIYADH, RIYADH"
1500000,REST HOUSE,6,6,4133,OTHER
1400000,VILLA,10,8,312,OTHER
1750000,VILLA,4,6,303,"AL JANADRIYAH, EAST RIYADH, RIYADH"
2350000,VILLA,5,4,308,OTHER
790000,VILLA,7,6,660,OTHER
1400000,REST HOUSE,10,9,3000,OTHER
10000000,REST HOUSE,10,10,8060,OTHER
750000,FLOOR,5,4,245,"BADR, SOUTH RIYADH, RIYADH"
1300000,FLOOR,4,4,132,"AL NARJIS, NORTH RIYADH, RIYADH"
850000,APARTMENT,5,4,174,OTHER
1400000,REST HOUSE,11,11,1177,OTHER
3000000,VILLA,6,7,300,"AL MUNSIYAH, EAST RIYADH, RIYADH"
3500000,VILLA,5,3,300,OTHER
3800000,VILLA,6,6,300,"AL NARJIS, NORTH RIYADH, RIYADH"
1100000,VILLA,11,5,386,OTHER
1140000,VILLA,7,7,241,OTHER
1180000,VILLA,6,6,250,OTHER
1800000,FLOOR,3,3,172,"QURTUBAH, EAST RIYADH, RIYADH"
500000,APARTMENT,4,3,149,"OKAZ, SOUTH RIYADH, RIYADH"
550000,APARTMENT,3,3,130,OTHER
7200000,VILLA,5,5,500,"AL NARJIS, NORTH RIYADH, RIYADH"
2850000,VILLA,4,5,299,OTHER
400000,APARTMENT,4,2,79,OTHER
1450000,FLOOR,5,4,220,OTHER
1200000,VILLA,4,4,675,OTHER
1550000,VILLA,5,6,217,"AL JANADRIYAH, EAST RIYADH, RIYADH"
10000000,VILLA,11,10,450,OTHER
980000,FLOOR,3,3,177,"AL RIMAL, EAST RIYADH, RIYADH"
850000,FLOOR,3,2,138,"AL RIMAL, EAST RIYADH, RIYADH"
820000,FLOOR,5,3,147,OTHER
3300000,VILLA,4,3,327,"AL ARID, NORTH RIYADH, RIYADH"
1300000,FLOOR,5,7,600,OTHER
8250000,VILLA,6,6,1250,OTHER
1250000,APARTMENT,3,2,180,OTHER
700000,APARTMENT,3,3,100,"AL RAWDAH, NORTH JEDDAH, JEDDAH"
1450000,VILLA,6,5,250,OTHER
450000,APARTMENT,4,3,136,OTHER
1800000,APARTMENT,7,6,302,OTHER
600000,APARTMENT,5,3,169,OTHER
1400000,APARTMENT,6,5,262,"AL RAWDAH, NORTH JEDDAH, JEDDAH"
1750000,VILLA,11,7,450,OTHER
550000,APARTMENT,4,3,133,OTHER
1399999,VILLA,6,7,275,OTHER
2250000,VILLA,7,7,405,OTHER
550000,APARTMENT,3,3,151,OTHER
1100000,APARTMENT,4,5,300,"AL JANADRIYAH, EAST RIYADH, RIYADH"
1200000,VILLA,3,1,215,"AL RIMAL, EAST RIYADH, RIYADH"
950000,FLOOR,3,3,201,"TUWAIQ, WEST RIYADH, RIYADH"
390000,APARTMENT,4,3,113,OTHER
3300000,VILLA,7,6,312,"AL MUNSIYAH, EAST RIYADH, RIYADH"
1650000,VILLA,9,6,200,OTHER
8500000,VILLA,11,11,574,"AL RAWDAH, NORTH JEDDAH, JEDDAH"
1050000,APARTMENT,3,2,119,"AL RIMAL, EAST RIYADH, RIYADH"
2600000,VILLA,6,6,200,OTHER
6000000,VILLA,10,8,450,"AL NARJIS, NORTH RIYADH, RIYADH"
2200000,FLOOR,3,3,169,"QURTUBAH, EAST RIYADH, RIYADH"
3500000,VILLA,6,5,418,OTHER
500000,APARTMENT,4,3,131,OTHER
1700000,VILLA,8,6,754,OTHER
650000,APARTMENT,6,4,206,OTHER
670000,FLOOR,3,3,190,"BADR, SOUTH RIYADH, RIYADH"
2950000,VILLA,6,5,250,OTHER
3400000,VILLA,6,7,418,OTHER
1350000,FLOOR,7,6,203,"AL RAWDAH, NORTH JEDDAH, JEDDAH"
1400000,VILLA,7,6,300,"TUWAIQ, WEST RIYADH, RIYADH"
1800000,VILLA,5,6,200,"AL MAHDIYAH, WEST RIYADH, RIYADH"
1500000,REST HOUSE,5,5,1078,OTHER
3300000,VILLA,4,5,550,OTHER
700000,VILLA,6,4,441,OTHER
6800000,VILLA,6,5,510,OTHER
950000,FLOOR,3,4,312,"AL RIMAL, EAST RIYADH, RIYADH"
2100000,VILLA,7,8,390,OTHER
3000000,VILLA,10,6,630,OTHER
2300000,VILLA,10,6,750,OTHER
15000000,VILLA,11,6,1350,OTHER
1400000,VILLA,5,5,245,OTHER
800000,FLOOR,5,3,212,OTHER
2000000,VILLA,4,6,300,OTHER
1250000,APARTMENT,7,6,339,OTHER
490000,FLOOR,4,3,144,OTHER
480000,APARTMENT,4,2,148,"BADR, SOUTH RIYADH, RIYADH"
8900000,VILLA,11,11,1249,OTHER
600000,APARTMENT,5,3,176,"TUWAIQ, WEST RIYADH, RIYADH"
920000,FLOOR,4,5,157,"BADR, SOUTH RIYADH, RIYADH"
1185000,APARTMENT,4,5,175,"AL RIMAL, EAST RIYADH, RIYADH"
1300000,APARTMENT,5,3,186,OTHER
700000,APARTMENT,3,3,176,"TUWAIQ, WEST RIYADH, RIYADH"
1250000,APARTMENT,3,4,171,OTHER
760000,VILLA,7,5,660,OTHER
760000,APARTMENT,4,4,152,"AL SALAMAH, NORTH JEDDAH, JEDDAH"
1400000,FLOOR,4,4,191,OTHER
1200000,FLOOR,3,3,168,"AL RIMAL, EAST RIYADH, RIYADH"
520000,APARTMENT,4,3,121,OTHER
1500000,VILLA,7,5,655,OTHER
535000,APARTMENT,4,4,128,OTHER
1200000,APARTMENT,5,4,199,OTHER
900000,APARTMENT,3,4,183,OTHER
2900000,VILLA,3,5,250,OTHER
3200000,VILLA,6,5,250,OTHER
1100000,APARTMENT,3,3,122,"AL NARJIS, NORTH RIYADH, RIYADH"
1700000,VILLA,7,7,550,OTHER
2100000,VILLA,4,4,395,OTHER
650000,APARTMENT,3,2,112,OTHER
1100000,VILLA,7,5,251,"TUWAIQ, WEST RIYADH, RIYADH"
6000000,VILLA,8,7,580,OTHER
750000,APARTMENT,6,4,205,OTHER
1000000,APARTMENT,5,4,186,OTHER
850000,VILLA,8,7,550,OTHER
650000,APARTMENT,6,3,181,OTHER
640000,APARTMENT,4,4,143,OTHER
3500000,VILLA,5,5,357,"AL NARJIS, NORTH RIYADH, RIYADH"
900000,FLOOR,3,5,179,"AL RIMAL, EAST RIYADH, RIYADH"
900000,FLOOR,3,3,179,"AL RIMAL, EAST RIYADH, RIYADH"
700000,REST HOUSE,3,2,493,OTHER
495000,APARTMENT,3,3,143,OTHER
1200000,VILLA,10,7,390,"BADR, SOUTH RIYADH, RIYADH"
545000,APARTMENT,3,3,1049,"AL RAWDAH, NORTH JEDDAH, JEDDAH"
1700000,VILLA,7,6,275,OTHER
1350000,FLOOR,4,4,204,"AL RIMAL, EAST RIYADH, RIYADH"
1250000,APARTMENT,5,4,193,"AL RAWDAH, NORTH JEDDAH, JEDDAH"
1500000,APARTMENT,5,5,171,"AL RAWDAH, NORTH JEDDAH, JEDDAH"
3500000,VILLA,7,7,375,OTHER
2300000,VILLA,6,8,300,OTHER
700000,APARTMENT,4,3,204,OTHER
1000000,APARTMENT,4,3,204,OTHER
870000,FLOOR,6,4,245,"BADR, SOUTH RIYADH, RIYADH"
2350000,VILLA,4,5,288,"AL RIMAL, EAST RIYADH, RIYADH"
2350000,FLOOR,3,5,258,"AL ARID, NORTH RIYADH, RIYADH"
3500000,VILLA,11,7,525,OTHER
820000,FLOOR,3,2,152,OTHER
2300000,APARTMENT,1,2,99,OTHER
880000,APARTMENT,4,3,186,OTHER
880000,APARTMENT,4,3,223,OTHER
530000,APARTMENT,3,3,148,OTHER
10000000,VILLA,7,7,900,"AL MAHDIYAH, WEST RIYADH, RIYADH"
750000,APARTMENT,3,3,133,OTHER
4200000,VILLA,5,5,337,OTHER
8000000,VILLA,7,8,650,OTHER
450000,APARTMENT,4,3,134,OTHER
1600000,APARTMENT,5,5,206,"AL MUNSIYAH, EAST RIYADH, RIYADH"
1450000,FLOOR,3,3,141,"AL MUNSIYAH, EAST RIYADH, RIYADH"
1950000,VILLA,5,7,241,OTHER
1050000,APARTMENT,4,3,165,OTHER
2700000,APARTMENT,2,3,180,OTHER
1500000,APARTMENT,3,3,88,OTHER
3500000,VILLA,4,5,450,OTHER
6500000,VILLA,8,8,625,OTHER
2912000,APARTMENT,4,3,141,OTHER
1700000,VILLA,8,7,660,OTHER
519000,APARTMENT,3,3,582,OTHER
1400000,FLOOR,4,4,312,"AL RIMAL, EAST RIYADH, RIYADH"
2500000,VILLA,10,7,442,OTHER
720000,APARTMENT,3,4,143,"TUWAIQ, WEST RIYADH, RIYADH"
560000,APARTMENT,3,3,675,OTHER
7000000,VILLA,9,9,475,OTHER
1700000,VILLA,10,7,285,OTHER
1200000,APARTMENT,5,4,177,OTHER
1500000,APARTMENT,3,3,132,OTHER
1150000,VILLA,7,7,427,OTHER
4400000,VILLA,6,5,598,OTHER
390000,APARTMENT,3,3,133,OTHER
3700000,VILLA,9,7,525,OTHER
2200000,VILLA,8,11,400,OTHER
560000,APARTMENT,2,3,176,OTHER
2075000,VILLA,4,5,194,"AL ARID, NORTH RIYADH, RIYADH"
11000000,VILLA,5,8,491,OTHER
3000000,VILLA,7,5,520,OTHER
1150000,APARTMENT,3,3,155,OTHER
719000,APARTMENT,5,4,166,OTHER
820000,VILLA,6,4,600,OTHER
2400000,VILLA,5,10,200,"AL MAHDIYAH, WEST RIYADH, RIYADH"
690000,FLOOR,3,3,639,OTHER
4350000,VILLA,6,6,371,"AL MUNSIYAH, EAST RIYADH, RIYADH"
900000,REST HOUSE,4,2,418,OTHER
3200000,VILLA,6,8,375,"AL MAHDIYAH, WEST RIYADH, RIYADH"
600000,APARTMENT,4,3,173,OTHER
680000,APARTMENT,5,3,161,OTHER
490000,APARTMENT,5,4,203,OTHER
3500000,VILLA,8,5,720,OTHER
800000,APARTMENT,3,3,114,"AL RIMAL, EAST RIYADH, RIYADH"
850000,APARTMENT,3,4,121,OTHER
625000,APARTMENT,3,3,119,OTHER
700000,APARTMENT,4,4,196,OTHER
1600000,VILLA,5,5,400,OTHER
1040000,APARTMENT,5,4,176,"AL RAWDAH, NORTH JEDDAH, JEDDAH"
740000,APARTMENT,3,3,50,"AL QADISIYAH, EAST RIYADH, RIYADH"
900000,APARTMENT,3,4,155,"QURTUBAH, EAST RIYADH, RIYADH"
850000,VILLA,6,5,346,OTHER
1500000,APARTMENT,5,4,182,OTHER
800000,APARTMENT,10,6,410,OTHER
1650000,VILLA,7,7,875,OTHER
1750000,VILLA,7,7,312,OTHER
1800000,VILLA,5,6,240,"AL RIMAL, EAST RIYADH, RIYADH"
1300000,VILLA,7,6,312,OTHER
3800000,VILLA,9,7,324,"AL ARID, NORTH RIYADH, RIYADH"
720000,APARTMENT,3,4,179,"TUWAIQ, WEST RIYADH, RIYADH"
600,APARTMENT,4,3,178,OTHER
1000000,VILLA,6,5,900,OTHER
555000,APARTMENT,3,4,181,"TUWAIQ, WEST RIYADH, RIYADH"
1200000,VILLA,6,6,275,OTHER
1500000,VILLA,5,5,200,OTHER
550000,APARTMENT,3,3,136,OTHER
560000,APARTMENT,4,3,138,OTHER
595000,APARTMENT,5,4,197,OTHER
570000,APARTMENT,5,3,167,OTHER
3100000,VILLA,5,4,450,"QURTUBAH, EAST RIYADH, RIYADH"
600000,APARTMENT,4,4,401,OTHER
2600000,VILLA,11,7,625,OTHER
5900000,VILLA,6,6,720,OTHER
980000,APARTMENT,4,4,153,"AL SALAMAH, NORTH JEDDAH, JEDDAH"
1000000,APARTMENT,6,4,206,"AL SALAMAH, NORTH JEDDAH, JEDDAH"
700000,APARTMENT,5,4,182,OTHER
850000,APARTMENT,5,4,186,OTHER
1100000,APARTMENT,5,4,172,"AL RAWDAH, NORTH JEDDAH, JEDDAH"
2000000,APARTMENT,3,3,166,OTHER
1500000,VILLA,10,6,295,OTHER
390000,APARTMENT,3,3,150,OTHER
1350000,VILLA,6,4,250,OTHER
1800000,FLOOR,4,5,126,OTHER
900000,FLOOR,6,4,199,"AL QADISIYAH, EAST RIYADH, RIYADH"
2500000,VILLA,5,6,330,OTHER
840000,APARTMENT,4,3,127,OTHER
550000,APARTMENT,2,3,600,OTHER
550000,APARTMENT,7,7,241,OTHER
750000,APARTMENT,7,7,245,OTHER
20000000,VILLA,2,2,904,OTHER
4300000,VILLA,4,3,530,OTHER
830000,APARTMENT,4,4,224,OTHER
680000,VILLA,7,7,480,OTHER
3500000,VILLA,11,9,349,"AL MUNSIYAH, EAST RIYADH, RIYADH"
5900000,VILLA,8,8,770,OTHER
1500000,VILLA,5,3,575,OTHER
2900000,VILLA,8,7,345,OTHER
2450000,VILLA,4,6,500,"AL MAHDIYAH, WEST RIYADH, RIYADH"
800000,APARTMENT,3,3,192,OTHER
1800000,VILLA,6,5,490,OTHER
1550000,VILLA,6,6,438,OTHER
1300000,VILLA,6,5,383,OTHER
1350000,VILLA,6,6,250,OTHER
780000,APARTMENT,4,3,450,"AL MAHDIYAH, WEST RIYADH, RIYADH"
800000,APARTMENT,4,4,450,"AL MAHDIYAH, WEST RIYADH, RIYADH"
2300000,FLOOR,9,7,327,OTHER
570000,FLOOR,4,4,120,"BADR, SOUTH RIYADH, RIYADH"
1540000,VILLA,9,6,216,"AL RIMAL, EAST RIYADH, RIYADH"
3000000,VILLA,5,4,360,OTHER
2450000,VILLA,4,4,466,OTHER
1200000,FLOOR,6,4,222,"AL QADISIYAH, EAST RIYADH, RIYADH"
620000,APARTMENT,3,3,111,OTHER
920000,APARTMENT,5,3,173,OTHER
920000,APARTMENT,5,4,177,OTHER
1950000,VILLA,10,6,242,OTHER
1650000,VILLA,5,4,200,OTHER
920000,APARTMENT,3,4,175,"AL RAWDAH, NORTH JEDDAH, JEDDAH"
800000,APARTMENT,3,3,175,"AL RAWDAH, NORTH JEDDAH, JEDDAH"
1600000,VILLA,6,5,387,"AL RIMAL, EAST RIYADH, RIYADH"
1400000,VILLA,4,4,275,OTHER
4200000,VILLA,7,6,891,OTHER
750000,VILLA,7,4,300,OTHER
2500000,VILLA,7,5,300,OTHER
1300000,VILLA,6,5,400,OTHER
650000,APARTMENT,3,4,200,OTHER
2550000,VILLA,9,5,240,OTHER
1250000,APARTMENT,5,4,195,"AL RAWDAH, NORTH JEDDAH, JEDDAH"
1600000,VILLA,5,6,231,OTHER
1050000,APARTMENT,3,3,117,OTHER
690000,APARTMENT,4,4,188,OTHER
6950000,VILLA,11,7,700,OTHER
440000,APARTMENT,2,3,135,OTHER
520000,APARTMENT,4,3,121,OTHER
720000,APARTMENT,4,3,147,OTHER
5500000,VILLA,7,7,402,OTHER
1130000,APARTMENT,6,5,245,OTHER
860000,APARTMENT,6,4,203,OTHER
5200000,VILLA,10,9,400,OTHER
2400000,VILLA,5,4,420,OTHER
1700000,APARTMENT,4,4,231,OTHER
2000000,VILLA,5,6,270,"AL MUNSIYAH, EAST RIYADH, RIYADH"
2000000,VILLA,4,7,275,"AL QADISIYAH, EAST RIYADH, RIYADH"
1050000,REST HOUSE,2,1,829,OTHER
4200000,VILLA,7,5,320,"AL NARJIS, NORTH RIYADH, RIYADH"
1250000,APARTMENT,2,3,134,"AL MUNSIYAH, EAST RIYADH, RIYADH"
1300000,VILLA,10,7,405,OTHER
660000,APARTMENT,5,3,198,OTHER
1300000,VILLA,9,5,673,OTHER
395000,APARTMENT,3,3,750,OTHER
660000,APARTMENT,4,3,139,"AL RIMAL, EAST RIYADH, RIYADH"
3700000,VILLA,10,11,560,"AL RIMAL, EAST RIYADH, RIYADH"
1950000,VILLA,6,6,300,OTHER
1050000,APARTMENT,2,3,93,"AL MUNSIYAH, EAST RIYADH, RIYADH"
1150000,FLOOR,4,4,315,"AL JANADRIYAH, EAST RIYADH, RIYADH"
6000000,APARTMENT,3,4,276,OTHER
750000,APARTMENT,3,3,130,OTHER
1100000,FLOOR,6,5,249,"AL QADISIYAH, EAST RIYADH, RIYADH"
750000,VILLA,4,4,153,"AL SALAMAH, NORTH JEDDAH, JEDDAH"
1560000,APARTMENT,6,4,230,"AL SALAMAH, NORTH JEDDAH, JEDDAH"
971000,APARTMENT,4,3,134,"AL MUNSIYAH, EAST RIYADH, RIYADH"
550000,APARTMENT,3,4,194,OTHER
2350000,VILLA,5,8,250,OTHER
900000,APARTMENT,4,3,142,"AL MAHDIYAH, WEST RIYADH, RIYADH"
440000,APARTMENT,4,4,182,OTHER
14000000,VILLA,9,8,490,OTHER
750000,FLOOR,5,4,367,OTHER
599000,APARTMENT,5,3,184,OTHER
550000,APARTMENT,3,3,100,OTHER
830000,FLOOR,4,3,189,"AL JANADRIYAH, EAST RIYADH, RIYADH"
590000,APARTMENT,3,3,121,OTHER
600000,APARTMENT,5,3,176,OTHER
780000,VILLA,5,6,361,OTHER
1100000,REST HOUSE,3,5,10050,OTHER
1900000,FLOOR,3,5,550,"QURTUBAH, EAST RIYADH, RIYADH"
1150000,FLOOR,4,5,267,"AL JANADRIYAH, EAST RIYADH, RIYADH"
2000000,VILLA,4,4,256,OTHER
1000000,FLOOR,3,3,141,"AL MUNSIYAH, EAST RIYADH, RIYADH"
1050000,VILLA,7,5,200,OTHER
330000,APARTMENT,3,2,60,OTHER
2200000,VILLA,5,4,540,"AL RIMAL, EAST RIYADH, RIYADH"
1332000,FLOOR,3,3,900,"AL NARJIS, NORTH RIYADH, RIYADH"
600000,FLOOR,3,4,500,OTHER
1400000,VILLA,9,5,275,OTHER
600000,APARTMENT,2,2,102,OTHER
850000,VILLA,6,4,297,OTHER
1000000,FLOOR,4,3,271,"AL JANADRIYAH, EAST RIYADH, RIYADH"
365000,APARTMENT,3,3,704,OTHER
780000,APARTMENT,3,3,130,"AL RAWDAH, NORTH JEDDAH, JEDDAH"
1370000,FLOOR,4,4,300,"AL JANADRIYAH, EAST RIYADH, RIYADH"
1100000,FLOOR,3,4,166,OTHER
950000,APARTMENT,4,3,160,"AL RIMAL, EAST RIYADH, RIYADH"
3550000,VILLA,6,5,200,"AL NARJIS, NORTH RIYADH, RIYADH"
2500000,VILLA,4,5,370,"AL MUNSIYAH, EAST RIYADH, RIYADH"
520000,APARTMENT,4,4,127,OTHER
5300000,VILLA,4,3,375,OTHER
11625000,VILLA,4,2,750,OTHER
1250000,VILLA,4,5,274,"AL JANADRIYAH, EAST RIYADH, RIYADH"
2250000,VILLA,10,8,312,OTHER
1250000,VILLA,7,7,220,OTHER
900000,APARTMENT,5,4,179,OTHER
1100000,FLOOR,4,4,307,"AL JANADRIYAH, EAST RIYADH, RIYADH"
900000,FLOOR,4,5,271,"AL JANADRIYAH, EAST RIYADH, RIYADH"
820000,FLOOR,5,4,160,"AL JANADRIYAH, EAST RIYADH, RIYADH"
1400000,FLOOR,5,5,190,"AL MUNSIYAH, EAST RIYADH, RIYADH"
1000000,APARTMENT,3,3,157,OTHER
850000,APARTMENT,3,4,134,"AL RIMAL, EAST RIYADH, RIYADH"
1600000,FLOOR,5,5,292,"AL RIMAL, EAST RIYADH, RIYADH"
1250000,FLOOR,4,4,210,"AL RIMAL, EAST RIYADH, RIYADH"
990000,FLOOR,4,3,177,"AL RIMAL, EAST RIYADH, RIYADH"
950000,FLOOR,4,4,156,"AL RIMAL, EAST RIYADH, RIYADH"
450000,APARTMENT,3,2,500,OTHER
2750000,VILLA,9,9,450,OTHER
780000,APARTMENT,4,2,133,"AL RAWDAH, NORTH JEDDAH, JEDDAH"
950000,APARTMENT,4,4,195,"AL RIMAL, EAST RIYADH, RIYADH"
590000,APARTMENT,3,3,893,OTHER
700000,APARTMENT,5,4,201,OTHER
2000000,APARTMENT,10,7,444,"AL SALAMAH, NORTH JEDDAH, JEDDAH"
980000,APARTMENT,7,6,307,OTHER
950000,APARTMENT,4,5,201,OTHER
600000,APARTMENT,5,4,152,OTHER
6000000,VILLA,6,6,715,OTHER
640000,APARTMENT,3,3,149,"TUWAIQ, WEST RIYADH, RIYADH"
1050000,APARTMENT,6,5,219,"TUWAIQ, WEST RIYADH, RIYADH"
900000,FLOOR,5,4,191,OTHER
1300000,APARTMENT,6,5,227,OTHER
1250000,FLOOR,5,5,207,OTHER
1500000,APARTMENT,7,6,227,OTHER
1400000,VILLA,8,8,515,OTHER
4500000,VILLA,5,4,504,"AL ARID, NORTH RIYADH, RIYADH"
540000,APARTMENT,3,3,143,OTHER
1200000,APARTMENT,5,4,167,"AL RAWDAH, NORTH JEDDAH, JEDDAH"
1250000,APARTMENT,3,3,180,OTHER
1200000,VILLA,6,5,335,OTHER
950000,APARTMENT,5,4,149,OTHER
365000,APARTMENT,3,3,625,OTHER
5300000,VILLA,8,5,375,OTHER
1300000,VILLA,6,6,409,OTHER
1090000,APARTMENT,5,5,237,OTHER
1350000,FLOOR,5,4,227,OTHER
760000,APARTMENT,5,4,210,OTHER
650000,APARTMENT,5,4,192,OTHER
740000,APARTMENT,4,3,223,OTHER
690000,APARTMENT,3,3,177,OTHER
345000,APARTMENT,4,3,1200,OTHER
450000,APARTMENT,4,3,113,OTHER
6500000,VILLA,7,8,375,OTHER
1025000,APARTMENT,3,3,123,"AL RAWDAH, NORTH JEDDAH, JEDDAH"
490000,APARTMENT,4,3,133,OTHER
550000,APARTMENT,4,3,124,OTHER
950000,APARTMENT,6,4,243,OTHER
770000,APARTMENT,5,4,178,"AL SALAMAH, NORTH JEDDAH, JEDDAH"
580000,APARTMENT,3,2,115,OTHER
880000,APARTMENT,6,4,215,OTHER
499000,APARTMENT,4,3,126,OTHER
720000,APARTMENT,4,3,127,OTHER
750000,APARTMENT,6,3,204,OTHER
1300000,APARTMENT,4,5,200,OTHER
1100000,FLOOR,3,1,187,"AL RIMAL, EAST RIYADH, RIYADH"
670000,APARTMENT,5,4,179,OTHER
850000,FLOOR,3,3,900,OTHER
660000,FLOOR,3,3,202,OTHER
1660000,VILLA,6,6,385,OTHER
540000,APARTMENT,5,3,185,OTHER
735000,APARTMENT,6,2,200,OTHER
680000,APARTMENT,4,3,155,OTHER
750000,APARTMENT,5,4,196,OTHER
670000,APARTMENT,3,3,139,"AL RIMAL, EAST RIYADH, RIYADH"
2900000,VILLA,7,7,719,OTHER
880000,APARTMENT,4,3,152,"AL RAWDAH, NORTH JEDDAH, JEDDAH"
2400000,VILLA,5,6,466,OTHER
950000,FLOOR,6,4,287,OTHER
1225000,FLOOR,3,3,145,"AL ARID, NORTH RIYADH, RIYADH"
520000,APARTMENT,5,3,174,OTHER
1050000,FLOOR,3,2,172,"AL RIMAL, EAST RIYADH, RIYADH"
3400000,VILLA,10,7,434,"AL ARID, NORTH RIYADH, RIYADH"
540000,APARTMENT,3,3,141,OTHER
540000,APARTMENT,3,3,159,OTHER
629000,APARTMENT,3,3,146,OTHER
448000,APARTMENT,4,3,575,OTHER
850000,APARTMENT,3,3,131,"AL RIMAL, EAST RIYADH, RIYADH"
660000,APARTMENT,7,4,181,OTHER
1500000,VILLA,6,7,326,OTHER
1500000,VILLA,6,6,290,OTHER
1000000,APARTMENT,6,4,206,OTHER
600000,APARTMENT,5,2,157,OTHER
770000,FLOOR,4,4,172,OTHER
950000,VILLA,6,6,287,OTHER
880000,FLOOR,4,4,249,OTHER
1150000,VILLA,6,6,315,OTHER
580000,APARTMENT,3,3,165,OTHER
1150000,VILLA,6,6,322,OTHER
1100000,VILLA,6,6,300,OTHER
1750000,VILLA,7,7,312,OTHER
1800000,VILLA,6,6,300,OTHER
550000,APARTMENT,6,5,226,OTHER
1550000,VILLA,6,6,273,OTHER
2200000,VILLA,7,5,735,OTHER
7500000,VILLA,10,7,600,OTHER
1380000,APARTMENT,2,2,100,OTHER
1790000,APARTMENT,3,4,180,OTHER
800000,APARTMENT,2,4,186,"TUWAIQ, WEST RIYADH, RIYADH"
1000000,VILLA,5,6,218,OTHER
1600000,FLOOR,6,5,179,OTHER
840000,APARTMENT,5,3,194,OTHER
1380000,APARTMENT,5,4,172,OTHER
850000,APARTMENT,6,4,202,OTHER
732,APARTMENT,5,4,225,OTHER
740000,APARTMENT,4,3,130,"AL SALAMAH, NORTH JEDDAH, JEDDAH"
650000,APARTMENT,4,3,137,OTHER
550000,APARTMENT,4,4,224,OTHER
599000,APARTMENT,3,3,488,OTHER
599000,APARTMENT,3,3,131,OTHER
499000,APARTMENT,3,3,165,OTHER
950000,VILLA,4,5,209,OTHER
2600000,FLOOR,5,6,152,"AL NARJIS, NORTH RIYADH, RIYADH"
4600000,VILLA,5,7,372,OTHER
595000,APARTMENT,5,3,144,OTHER
1200000,VILLA,5,2,376,OTHER
2000000,VILLA,4,6,250,OTHER
845000,FLOOR,3,3,123,OTHER
600000,APARTMENT,3,2,118,"AL JANADRIYAH, EAST RIYADH, RIYADH"
950000,FLOOR,6,4,221,"AL JANADRIYAH, EAST RIYADH, RIYADH"
950000,APARTMENT,5,3,219,"AL JANADRIYAH, EAST RIYADH, RIYADH"
900000,APARTMENT,5,3,203,"AL JANADRIYAH, EAST RIYADH, RIYADH"
1120000,FLOOR,5,3,242,OTHER
880000,FLOOR,5,3,215,OTHER
1550000,VILLA,6,4,261,OTHER
530000,APARTMENT,3,3,101,"AL JANADRIYAH, EAST RIYADH, RIYADH"
1200000,VILLA,6,4,324,"BADR, SOUTH RIYADH, RIYADH"
1900000,VILLA,5,5,516,OTHER
730000,APARTMENT,5,3,100,OTHER
1300000,FLOOR,5,3,405,OTHER
1250000,VILLA,6,6,409,OTHER
8750000,VILLA,5,5,450,OTHER
740000,APARTMENT,7,5,653,OTHER
1500000,APARTMENT,3,1,164,OTHER
550000,APARTMENT,4,2,147,"BADR, SOUTH RIYADH, RIYADH"
700000,APARTMENT,5,3,157,OTHER
2700000,FLOOR,3,3,195,"AL NARJIS, NORTH RIYADH, RIYADH"
1000000,VILLA,3,3,310,OTHER
1250000,VILLA,6,7,269,OTHER
720000,APARTMENT,4,3,223,OTHER
500000,APARTMENT,3,3,98,OTHER
2200000,FLOOR,4,5,220,"QURTUBAH, EAST RIYADH, RIYADH"
1650000,FLOOR,4,2,183,"AL MUNSIYAH, EAST RIYADH, RIYADH"
1500000,FLOOR,4,3,131,"AL MUNSIYAH, EAST RIYADH, RIYADH"
1850000,FLOOR,3,4,200,"QURTUBAH, EAST RIYADH, RIYADH"
1300000,FLOOR,4,5,255,"AL QADISIYAH, EAST RIYADH, RIYADH"
1350000,FLOOR,3,4,196,"AL MUNSIYAH, EAST RIYADH, RIYADH"
770000,VILLA,6,5,264,OTHER
500000,APARTMENT,5,4,141,OTHER
950000,VILLA,6,5,284,OTHER
1500000,FLOOR,4,4,131,"AL MUNSIYAH, EAST RIYADH, RIYADH"
1300000,APARTMENT,4,3,580,"QURTUBAH, EAST RIYADH, RIYADH"
900000,FLOOR,3,4,197,"AL QADISIYAH, EAST RIYADH, RIYADH"
1650000,FLOOR,5,5,203,"AL MUNSIYAH, EAST RIYADH, RIYADH"
2300000,VILLA,5,6,276,OTHER
1380000,FLOOR,6,4,274,"AL QADISIYAH, EAST RIYADH, RIYADH"
1100000,FLOOR,6,4,249,"AL QADISIYAH, EAST RIYADH, RIYADH"
900000,FLOOR,5,4,164,"AL QADISIYAH, EAST RIYADH, RIYADH"
1200000,FLOOR,4,4,492,"AL RIMAL, EAST RIYADH, RIYADH"
1300000,FLOOR,4,5,307,"AL JANADRIYAH, EAST RIYADH, RIYADH"
1000000,FLOOR,4,5,271,"AL JANADRIYAH, EAST RIYADH, RIYADH"
570000,APARTMENT,6,3,197,OTHER
850000,VILLA,5,6,345,OTHER
700000,FLOOR,3,3,170,"AL JANADRIYAH, EAST RIYADH, RIYADH"
900000,FLOOR,3,3,210,"AL JANADRIYAH, EAST RIYADH, RIYADH"
3700000,VILLA,10,10,350,"AL MUNSIYAH, EAST RIYADH, RIYADH"
800000,FLOOR,3,3,159,"AL RIMAL, EAST RIYADH, RIYADH"
550000,APARTMENT,2,3,58,OTHER
4350000,VILLA,5,6,371,"AL MUNSIYAH, EAST RIYADH, RIYADH"
3650000,VILLA,5,7,324,"AL MUNSIYAH, EAST RIYADH, RIYADH"
1350000,FLOOR,3,3,138,"AL MUNSIYAH, EAST RIYADH, RIYADH"
3500000,VILLA,6,7,357,"QURTUBAH, EAST RIYADH, RIYADH"
499000,APARTMENT,3,3,879,"AL RAWDAH, NORTH JEDDAH, JEDDAH"
868000,APARTMENT,2,3,132,"AL MUNSIYAH, EAST RIYADH, RIYADH"
1300000,VILLA,4,7,313,OTHER
1250000,VILLA,5,8,314,OTHER
2900000,VILLA,4,9,395,OTHER
1300000,VILLA,4,7,312,OTHER
3000000,VILLA,7,9,436,OTHER
1350000,FLOOR,3,4,185,"AL MUNSIYAH, EAST RIYADH, RIYADH"
1400000,VILLA,6,8,513,OTHER
1350000,FLOOR,4,4,600,OTHER
700000,APARTMENT,6,4,203,OTHER
3500000,VILLA,4,4,525,OTHER
1300000,FLOOR,5,4,287,OTHER
1000000,APARTMENT,3,3,106,OTHER
1475000,FLOOR,4,4,251,OTHER
1450000,APARTMENT,4,4,206,"AL RIMAL, EAST RIYADH, RIYADH"
1200000,FLOOR,3,4,360,"AL QADISIYAH, EAST RIYADH, RIYADH"
1450000,VILLA,6,4,208,"AL JANADRIYAH, EAST RIYADH, RIYADH"
1050000,APARTMENT,3,4,172,"AL QADISIYAH, EAST RIYADH, RIYADH"
2400000,VILLA,6,5,276,OTHER
1450000,FLOOR,3,4,156,"QURTUBAH, EAST RIYADH, RIYADH"
1400000,FLOOR,3,5,287,OTHER
1100000,FLOOR,3,4,200,"AL JANADRIYAH, EAST RIYADH, RIYADH"
750000,VILLA,7,5,309,OTHER
1150000,FLOOR,4,5,315,"AL JANADRIYAH, EAST RIYADH, RIYADH"
1900000,VILLA,4,5,348,OTHER
950000,FLOOR,3,4,245,"AL JANADRIYAH, EAST RIYADH, RIYADH"
600000,APARTMENT,6,3,214,OTHER
1150000,FLOOR,3,5,315,"AL JANADRIYAH, EAST RIYADH, RIYADH"
750000,APARTMENT,5,4,191,OTHER
1050000,FLOOR,3,4,171,"AL JANADRIYAH, EAST RIYADH, RIYADH"
1250000,FLOOR,4,4,260,"AL JANADRIYAH, EAST RIYADH, RIYADH"
950000,FLOOR,4,4,156,"AL QADISIYAH, EAST RIYADH, RIYADH"
2200000,VILLA,5,5,276,OTHER
580000,APARTMENT,5,4,163,OTHER
1650000,VILLA,5,4,249,"AL JANADRIYAH, EAST RIYADH, RIYADH"
1050000,FLOOR,3,4,165,"AL JANADRIYAH, EAST RIYADH, RIYADH"
850000,VILLA,4,3,259,"OKAZ, SOUTH RIYADH, RIYADH"
1450000,VILLA,7,4,208,"AL JANADRIYAH, EAST RIYADH, RIYADH"
1200000,FLOOR,5,4,200,"AL JANADRIYAH, EAST RIYADH, RIYADH"
700000,APARTMENT,4,3,118,"AL RIMAL, EAST RIYADH, RIYADH"
1150000,APARTMENT,3,4,134,"AL MUNSIYAH, EAST RIYADH, RIYADH"
1200000,FLOOR,5,4,360,"AL QADISIYAH, EAST RIYADH, RIYADH"
1900000,VILLA,4,5,528,OTHER
2350000,VILLA,5,5,250,OTHER
1250000,FLOOR,6,4,600,OTHER
450000,APARTMENT,4,3,168,OTHER
630000,APARTMENT,5,3,181,OTHER
450000,APARTMENT,4,3,182,OTHER
1655000,VILLA,4,3,200,"AL MAHDIYAH, WEST RIYADH, RIYADH"
1900000,VILLA,5,5,276,OTHER
1050000,VILLA,5,5,321,OTHER
950000,VILLA,5,5,392,OTHER
1300000,FLOOR,6,4,315,"AL RIMAL, EAST RIYADH, RIYADH"
4200000,VILLA,5,5,371,"AL MUNSIYAH, EAST RIYADH, RIYADH"
540000,APARTMENT,3,3,147,"TUWAIQ, WEST RIYADH, RIYADH"
1332000,FLOOR,4,4,900,"AL NARJIS, NORTH RIYADH, RIYADH"
600000,FLOOR,4,4,500,OTHER
920000,APARTMENT,5,3,166,"AL QADISIYAH, EAST RIYADH, RIYADH"
800000,FLOOR,2,4,360,"AL QADISIYAH, EAST RIYADH, RIYADH"
2000000,VILLA,5,5,276,OTHER
1350000,APARTMENT,4,4,437,"AL MUNSIYAH, EAST RIYADH, RIYADH"
1600000,FLOOR,5,4,621,"AL MUNSIYAH, EAST RIYADH, RIYADH"
7000000,VILLA,6,5,504,"AL ARID, NORTH RIYADH, RIYADH"
3100000,VILLA,5,4,250,"AL ARID, NORTH RIYADH, RIYADH"
5600000,VILLA,7,5,458,"AL ARID, NORTH RIYADH, RIYADH"
3750000,VILLA,6,4,360,"AL ARID, NORTH RIYADH, RIYADH"
4600000,VILLA,5,4,312,"AL NARJIS, NORTH RIYADH, RIYADH"
1200000,APARTMENT,3,3,167,"AL MUNSIYAH, EAST RIYADH, RIYADH"
780000,VILLA,4,5,201,"BADR, SOUTH RIYADH, RIYADH"
1100000,FLOOR,6,5,269,OTHER
1300000,FLOOR,3,4,300,"AL JANADRIYAH, EAST RIYADH, RIYADH"
990000,FLOOR,3,6,248,"AL JANADRIYAH, EAST RIYADH, RIYADH"
675000,APARTMENT,4,4,127,"AL SALAMAH, NORTH JEDDAH, JEDDAH"
690000,FLOOR,3,5,400,OTHER
560000,APARTMENT,5,4,192,OTHER
550000,APARTMENT,5,4,161,OTHER
610000,APARTMENT,6,4,220,OTHER
1100000,VILLA,5,3,221,"AL JANADRIYAH, EAST RIYADH, RIYADH"
1100000,VILLA,5,4,218,OTHER
2200000,VILLA,5,3,200,OTHER
577000,APARTMENT,4,3,99,"AL RAWDAH, NORTH JEDDAH, JEDDAH"
900000,APARTMENT,6,3,158,OTHER
1980000,FLOOR,4,6,360,"AL ARID, NORTH RIYADH, RIYADH"
1450000,VILLA,5,3,312,OTHER
650000,APARTMENT,6,3,214,OTHER
1000000,APARTMENT,5,4,169,"AL RAWDAH, NORTH JEDDAH, JEDDAH"
700000,FLOOR,4,4,169,"AL RIMAL, EAST RIYADH, RIYADH"
550000,APARTMENT,6,4,192,OTHER
400000,APARTMENT,3,2,144,OTHER
1000000,FLOOR,3,3,227,OTHER
1100000,FLOOR,3,3,219,OTHER
620000,APARTMENT,5,3,189,OTHER
4000000,VILLA,8,8,600,OTHER
480000,APARTMENT,4,3,144,OTHER
500000,APARTMENT,3,3,108,OTHER
680000,APARTMENT,3,3,222,OTHER
1050000,VILLA,6,7,210,OTHER
500000,APARTMENT,3,3,121,OTHER
480000,APARTMENT,3,3,141,OTHER
1300000,VILLA,6,6,409,OTHER
600000,FLOOR,3,3,350,"BADR, SOUTH RIYADH, RIYADH"
950000,APARTMENT,5,4,193,"AL SALAMAH, NORTH JEDDAH, JEDDAH"
1000000,APARTMENT,5,5,177,"AL SALAMAH, NORTH JEDDAH, JEDDAH"
1600000,VILLA,4,6,312,OTHER
1600000,APARTMENT,3,3,144,OTHER
850000,APARTMENT,5,6,224,OTHER
735000,APARTMENT,3,4,130,OTHER
780000,FLOOR,3,4,173,"AL JANADRIYAH, EAST RIYADH, RIYADH"
520000,FLOOR,3,3,203,"BADR, SOUTH RIYADH, RIYADH"
4000000,VILLA,6,6,510,"AL MUNSIYAH, EAST RIYADH, RIYADH"
1200000,APARTMENT,6,4,190,OTHER
1700000,VILLA,5,5,625,OTHER
3200000,VILLA,5,2,300,"AL RIMAL, EAST RIYADH, RIYADH"
900000,VILLA,5,4,218,OTHER
720000,APARTMENT,3,3,183,"TUWAIQ, WEST RIYADH, RIYADH"
900000,APARTMENT,3,2,162,OTHER
1750000,APARTMENT,3,2,219,OTHER
695000,FLOOR,3,4,171,"OKAZ, SOUTH RIYADH, RIYADH"
1400000,VILLA,6,5,250,OTHER
1450000,VILLA,6,4,300,OTHER
700000,FLOOR,5,3,176,OTHER
1400000,VILLA,3,3,205,OTHER
3000000,VILLA,6,6,450,OTHER
950000,FLOOR,6,4,212,"TUWAIQ, WEST RIYADH, RIYADH"
720000,APARTMENT,5,4,163,OTHER
2300000,VILLA,4,3,200,"AL ARID, NORTH RIYADH, RIYADH"
780000,APARTMENT,6,5,249,OTHER
665000,VILLA,4,5,223,OTHER
580000,APARTMENT,5,3,163,OTHER
1030000,VILLA,6,5,225,OTHER
450000,APARTMENT,3,2,91,OTHER
2800000,VILLA,8,7,345,OTHER
650000,APARTMENT,5,4,181,OTHER
540000,APARTMENT,3,2,131,OTHER
1500000,APARTMENT,5,3,220,OTHER
595000,APARTMENT,2,2,750,OTHER
1180000,APARTMENT,6,4,675,OTHER
650000,APARTMENT,3,3,121,OTHER
760000,APARTMENT,4,3,728,OTHER
4500000,REST HOUSE,3,1,543,"AL NARJIS, NORTH RIYADH, RIYADH"
850000,APARTMENT,4,3,150,OTHER
1100000,APARTMENT,5,4,196,"AL RAWDAH, NORTH JEDDAH, JEDDAH"
4000000,VILLA,7,7,520,OTHER
1900000,VILLA,8,7,300,OTHER
10000000,VILLA,8,11,600,OTHER
1110000,FLOOR,5,4,196,"AL RIMAL, EAST RIYADH, RIYADH"
590000,APARTMENT,4,3,132,OTHER
2100000,VILLA,4,5,277,OTHER
4000000,VILLA,6,2,390,"AL ARID, NORTH RIYADH, RIYADH"
700000,APARTMENT,5,4,215,OTHER
595000,APARTMENT,5,3,148,OTHER
1300000,VILLA,7,5,318,OTHER
690000,APARTMENT,3,3,142,OTHER
790000,APARTMENT,4,4,175,"AL SALAMAH, NORTH JEDDAH, JEDDAH"
830000,APARTMENT,4,2,140,"AL SALAMAH, NORTH JEDDAH, JEDDAH"
2300000,VILLA,5,5,325,OTHER
950000,VILLA,6,5,298,OTHER
1000000,VILLA,6,5,316,OTHER
675000,APARTMENT,8,5,331,OTHER
525000,APARTMENT,6,4,209,OTHER
900000,VILLA,7,5,384,OTHER
550000,APARTMENT,6,4,203,OTHER
3300000,VILLA,6,7,300,"AL MAHDIYAH, WEST RIYADH, RIYADH"
760000,VILLA,8,6,300,OTHER
1600000,APARTMENT,6,4,205,OTHER
1650000,APARTMENT,1,2,108,OTHER
2700000,APARTMENT,3,3,162,OTHER
4400000,VILLA,11,7,450,"AL MAHDIYAH, WEST RIYADH, RIYADH"
3250000,VILLA,10,10,333,OTHER
1350000,VILLA,5,1,250,OTHER
1000000,APARTMENT,3,3,137,"AL ARID, NORTH RIYADH, RIYADH"
850000,APARTMENT,5,4,183,OTHER
1235000,APARTMENT,3,5,600,OTHER
1350000,VILLA,6,6,405,OTHER
520000,APARTMENT,4,3,125,OTHER
920000,VILLA,3,3,195,OTHER
1290000,VILLA,6,6,290,OTHER
820000,VILLA,6,5,262,OTHER
770000,VILLA,5,5,288,OTHER
1150000,VILLA,6,4,400,OTHER
700000,APARTMENT,5,4,211,OTHER
1000000,VILLA,6,5,175,OTHER
950000,VILLA,5,5,310,OTHER
1600000,VILLA,10,10,532,OTHER
1100000,VILLA,6,6,300,OTHER
900000,VILLA,3,3,310,OTHER
1100000,VILLA,9,7,369,OTHER
770000,VILLA,8,6,252,OTHER
570000,APARTMENT,6,4,205,OTHER
700000,APARTMENT,4,3,148,OTHER
650000,APARTMENT,4,3,126,OTHER
1150000,VILLA,9,7,294,OTHER
1150000,VILLA,8,6,386,OTHER
1500000,APARTMENT,5,4,166,OTHER
1790000,VILLA,8,7,300,OTHER
1350000,APARTMENT,6,4,750,OTHER
645000,APARTMENT,5,4,170,OTHER
850000,VILLA,5,3,147,OTHER
1400000,VILLA,9,8,341,OTHER
3000000,VILLA,5,8,280,"AL NARJIS, NORTH RIYADH, RIYADH"
750000,APARTMENT,4,3,167,OTHER
2350000,VILLA,4,5,360,OTHER
18450000,VILLA,11,7,750,OTHER
3160000,VILLA,5,5,297,"QURTUBAH, EAST RIYADH, RIYADH"
6000000,VILLA,10,7,615,OTHER
1650000,VILLA,6,6,469,OTHER
4000000,VILLA,5,6,396,OTHER
5500000,VILLA,5,4,462,"AL MAHDIYAH, WEST RIYADH, RIYADH"
2000000,APARTMENT,3,3,200,OTHER
600000,APARTMENT,6,4,207,OTHER
1250000,APARTMENT,4,3,142,OTHER
2500000,VILLA,6,2,200,OTHER
3000000,APARTMENT,3,3,118,OTHER
1400000,VILLA,7,5,200,OTHER
500000,APARTMENT,4,3,123,OTHER
430000,APARTMENT,3,3,103,OTHER
4999000,VILLA,6,4,600,OTHER
1800000,VILLA,11,5,360,OTHER
850000,APARTMENT,5,3,1327,OTHER
600000,APARTMENT,6,4,173,OTHER
850000,APARTMENT,5,4,205,OTHER
495000,APARTMENT,4,3,170,OTHER
4600000,VILLA,6,5,300,"AL NARJIS, NORTH RIYADH, RIYADH"
600000,APARTMENT,3,2,86,"AL RAWDAH, NORTH JEDDAH, JEDDAH"
4200000,VILLA,5,6,334,"AL NARJIS, NORTH RIYADH, RIYADH"
1300000,APARTMENT,6,3,696,OTHER
3600000,VILLA,6,5,261,"AL ARID, NORTH RIYADH, RIYADH"
750000,APARTMENT,3,3,122,OTHER
6000000,VILLA,4,5,350,OTHER
1100000,VILLA,6,5,200,"TUWAIQ, WEST RIYADH, RIYADH"
1500000,VILLA,6,4,600,OTHER
850000,FLOOR,6,6,317,OTHER
4500000,VILLA,4,7,360,OTHER
768750,APARTMENT,5,3,248,OTHER
1600000,VILLA,8,8,452,OTHER
1060000,VILLA,7,5,300,OTHER
630000,APARTMENT,3,3,142,OTHER
2600000,VILLA,10,8,688,OTHER
26000000,VILLA,10,10,1486,OTHER
920000,APARTMENT,5,5,224,OTHER
700000,APARTMENT,4,2,118,"AL RIMAL, EAST RIYADH, RIYADH"
1050000,FLOOR,7,4,225,"AL JANADRIYAH, EAST RIYADH, RIYADH"
1400000,VILLA,6,6,300,OTHER
630000,APARTMENT,3,3,130,OTHER
950000,VILLA,7,6,260,OTHER
1750000,VILLA,6,6,312,OTHER
1100000,VILLA,5,5,275,OTHER
1750000,VILLA,6,6,525,OTHER
570000,APARTMENT,4,4,205,OTHER
780000,VILLA,8,6,343,OTHER
1200000,VILLA,6,5,300,OTHER
1350000,VILLA,6,6,360,OTHER
4000000,VILLA,11,7,364,OTHER
2550000,VILLA,5,6,163,OTHER
1200000,VILLA,6,6,200,OTHER
1050000,VILLA,6,6,200,OTHER
1500000,VILLA,6,6,304,OTHER
1600000,VILLA,5,6,308,OTHER
1650000,VILLA,7,6,312,OTHER
600000,APARTMENT,6,3,181,OTHER
1600000,VILLA,6,5,293,"AL RIMAL, EAST RIYADH, RIYADH"
5000000,VILLA,5,5,432,"AL ARID, NORTH RIYADH, RIYADH"
629000,APARTMENT,3,3,121,OTHER
650000,APARTMENT,3,3,750,OTHER
560000,APARTMENT,3,3,171,OTHER
1350000,VILLA,6,7,250,OTHER
650000,APARTMENT,5,3,184,OTHER
950000,FLOOR,3,3,687,OTHER
1200000,FLOOR,3,2,395,OTHER
1600000,FLOOR,6,3,168,"AL MUNSIYAH, EAST RIYADH, RIYADH"
1600000,VILLA,10,9,290,OTHER
385000,APARTMENT,3,3,660,OTHER
2450000,FLOOR,3,3,224,OTHER
465000,APARTMENT,2,2,1049,"AL RAWDAH, NORTH JEDDAH, JEDDAH"
540000,APARTMENT,2,2,1049,"AL RAWDAH, NORTH JEDDAH, JEDDAH"
1200000,VILLA,7,4,195,OTHER
5000000,VILLA,6,6,553,OTHER
950000,FLOOR,3,3,183,"TUWAIQ, WEST RIYADH, RIYADH"
1000000,VILLA,4,4,780,OTHER
1200000,VILLA,5,5,300,OTHER
1700000,VILLA,4,6,338,"AL RIMAL, EAST RIYADH, RIYADH"
790000,APARTMENT,6,6,241,OTHER
4500000,VILLA,6,5,472,OTHER
3376600,APARTMENT,2,2,168,OTHER
7000000,VILLA,9,7,650,"AL ARID, NORTH RIYADH, RIYADH"
499000,APARTMENT,4,3,130,OTHER
900000,FLOOR,4,4,146,"AL RIMAL, EAST RIYADH, RIYADH"
750000,APARTMENT,3,3,122,"AL RIMAL, EAST RIYADH, RIYADH"
3450000,VILLA,5,4,270,"AL NARJIS, NORTH RIYADH, RIYADH"
4500000,VILLA,4,3,375,OTHER
850000,VILLA,5,3,325,OTHER
1300000,FLOOR,3,3,155,"AL ARID, NORTH RIYADH, RIYADH"
800000,FLOOR,5,4,239,"AL JANADRIYAH, EAST RIYADH, RIYADH"
1200000,FLOOR,3,4,209,"AL QADISIYAH, EAST RIYADH, RIYADH"
1750000,APARTMENT,3,2,136,OTHER
770000,APARTMENT,4,4,187,OTHER
2200000,VILLA,3,2,270,OTHER
1600000,VILLA,9,7,480,OTHER
2100000,VILLA,8,5,507,OTHER
560000,APARTMENT,3,2,147,OTHER
1350000,VILLA,6,3,314,OTHER
530000,APARTMENT,3,2,147,OTHER
3200000,VILLA,7,8,390,OTHER
3300000,VILLA,9,9,680,OTHER
1500000,REST HOUSE,2,1,6000,OTHER
3000000,VILLA,9,5,971,OTHER
870000,FLOOR,2,3,138,"AL RIMAL, EAST RIYADH, RIYADH"
980000,VILLA,6,5,200,OTHER
1550000,VILLA,7,5,312,OTHER
1700000,VILLA,9,9,283,OTHER
750000,FLOOR,6,4,230,OTHER
1200000,VILLA,7,5,418,OTHER
680000,APARTMENT,6,4,218,OTHER
560000,APARTMENT,6,4,279,OTHER
1350000,VILLA,8,6,347,OTHER
750000,APARTMENT,5,3,236,OTHER
720000,VILLA,7,5,295,OTHER
860000,VILLA,7,5,239,OTHER
550000,APARTMENT,5,4,187,OTHER
1200000,VILLA,11,7,580,OTHER
730000,APARTMENT,7,5,335,OTHER
550000,APARTMENT,5,4,190,OTHER
560000,APARTMENT,5,4,224,OTHER
4500000,VILLA,6,7,735,OTHER
1200000,APARTMENT,4,2,146,OTHER
680000,VILLA,5,4,197,OTHER
433000,APARTMENT,4,3,778,OTHER
635000,APARTMENT,4,3,141,OTHER
2500000,VILLA,7,5,360,OTHER
800000,APARTMENT,5,4,177,"AL RAWDAH, NORTH JEDDAH, JEDDAH"
2200000,VILLA,4,4,252,"AL RIMAL, EAST RIYADH, RIYADH"
5000000,VILLA,6,5,616,"AL RIMAL, EAST RIYADH, RIYADH"
1000000,FLOOR,3,3,191,"AL RIMAL, EAST RIYADH, RIYADH"
1200000,VILLA,7,5,300,OTHER
1200000,VILLA,7,4,300,OTHER
500000,APARTMENT,4,3,129,OTHER
2100000,VILLA,6,5,345,"AL MUNSIYAH, EAST RIYADH, RIYADH"
1249000,VILLA,7,8,416,OTHER
800000,FLOOR,4,4,193,"AL JANADRIYAH, EAST RIYADH, RIYADH"
800000,FLOOR,4,4,239,"AL JANADRIYAH, EAST RIYADH, RIYADH"
950000,APARTMENT,7,5,299,OTHER
2500000,VILLA,6,5,400,OTHER
850000,APARTMENT,8,5,256,"AL RIMAL, EAST RIYADH, RIYADH"
610000,APARTMENT,3,4,184,OTHER
340000,APARTMENT,2,2,550,OTHER
620000,APARTMENT,3,3,111,"AL SALAMAH, NORTH JEDDAH, JEDDAH"
645000,APARTMENT,4,3,133,OTHER
1350000,APARTMENT,3,1,128,OTHER
650000,FLOOR,4,2,117,OTHER
850000,APARTMENT,4,3,176,OTHER
1250000,VILLA,6,6,341,OTHER
650000,APARTMENT,3,3,149,OTHER
1450000,VILLA,8,8,300,OTHER
990000,VILLA,6,6,200,OTHER
850000,VILLA,3,3,312,OTHER
1350000,VILLA,8,8,312,OTHER
1250000,VILLA,6,6,312,OTHER
1200000,VILLA,6,6,312,OTHER
850000,APARTMENT,3,3,224,OTHER
485000,APARTMENT,4,3,124,OTHER
1400000,VILLA,10,10,300,OTHER
1700000,VILLA,8,4,234,OTHER
990000,VILLA,7,5,220,OTHER
4500000,VILLA,5,7,397,"AL NARJIS, NORTH RIYADH, RIYADH"
3600000,VILLA,10,7,660,OTHER
17000000,VILLA,11,11,3341,OTHER
650000,APARTMENT,6,4,199,OTHER
5300000,VILLA,10,10,796,OTHER
5500000,VILLA,10,5,495,OTHER
650000,APARTMENT,4,3,135,"AL SALAMAH, NORTH JEDDAH, JEDDAH"
3100000,VILLA,5,5,300,"AL MAHDIYAH, WEST RIYADH, RIYADH"
2200000,VILLA,6,6,225,"AL MAHDIYAH, WEST RIYADH, RIYADH"
1300000,APARTMENT,3,3,1080,"AL NARJIS, NORTH RIYADH, RIYADH"
2300000,VILLA,11,7,438,OTHER
465000,APARTMENT,4,3,126,OTHER
1200000,VILLA,6,4,250,OTHER
2250000,VILLA,10,7,500,"AL MAHDIYAH, WEST RIYADH, RIYADH"
4200000,VILLA,7,10,598,OTHER
950000,APARTMENT,6,4,237,OTHER
680000,FLOOR,3,4,199,OTHER
450000,APARTMENT,5,3,182,OTHER
500000,APARTMENT,4,3,184,OTHER
550000,APARTMENT,5,3,198,OTHER
550000,APARTMENT,5,4,205,OTHER
380000,APARTMENT,4,3,136,OTHER
410000,APARTMENT,4,3,136,OTHER
430000,APARTMENT,5,3,136,OTHER
760000,APARTMENT,7,4,237,OTHER
3500000,VILLA,2,4,360,"AL NARJIS, NORTH RIYADH, RIYADH"
1194000,APARTMENT,2,1,122,"AL ARID, NORTH RIYADH, RIYADH"
690000,APARTMENT,4,3,154,OTHER
1400000,APARTMENT,4,3,142,OTHER
740000,APARTMENT,4,4,141,"AL SALAMAH, NORTH JEDDAH, JEDDAH"
1793000,APARTMENT,2,3,103,OTHER
1250000,APARTMENT,3,3,166,OTHER
3074000,APARTMENT,3,6,214,OTHER
2280000,VILLA,3,4,250,OTHER
1300000,FLOOR,6,6,900,OTHER
1200000,APARTMENT,4,4,135,OTHER
2400000,VILLA,3,4,250,OTHER
1100000,VILLA,5,5,250,OTHER
4950000,VILLA,4,7,360,OTHER
1100000,APARTMENT,5,3,196,"AL RAWDAH, NORTH JEDDAH, JEDDAH"
750000,APARTMENT,5,3,136,OTHER
920000,APARTMENT,4,3,172,"AL RAWDAH, NORTH JEDDAH, JEDDAH"
1600000,VILLA,5,6,312,"TUWAIQ, WEST RIYADH, RIYADH"
1450000,VILLA,5,6,324,OTHER
1550000,FLOOR,3,3,296,"AL RIMAL, EAST RIYADH, RIYADH"
1000000,FLOOR,3,4,625,OTHER
1180000,APARTMENT,5,5,1500,"AL MUNSIYAH, EAST RIYADH, RIYADH"
1750000,VILLA,5,4,222,"AL MUNSIYAH, EAST RIYADH, RIYADH"
800000,APARTMENT,3,2,72,"AL MUNSIYAH, EAST RIYADH, RIYADH"
1350000,FLOOR,5,3,196,"AL MUNSIYAH, EAST RIYADH, RIYADH"
3700000,VILLA,6,5,324,"AL MUNSIYAH, EAST RIYADH, RIYADH"
1450000,VILLA,3,4,660,"AL RIMAL, EAST RIYADH, RIYADH"
850000,APARTMENT,3,3,147,OTHER
880000,VILLA,5,5,262,"OKAZ, SOUTH RIYADH, RIYADH"
2000000,APARTMENT,5,4,163,OTHER
760000,FLOOR,4,3,214,"BADR, SOUTH RIYADH, RIYADH"
860000,FLOOR,4,4,500,OTHER
860000,FLOOR,2,3,500,OTHER
750000,APARTMENT,3,2,130,"AL RIMAL, EAST RIYADH, RIYADH"
680000,APARTMENT,3,3,150,OTHER
450000,APARTMENT,6,3,177,"BADR, SOUTH RIYADH, RIYADH"
1650000,VILLA,3,4,356,OTHER
2200000,VILLA,6,4,540,"AL RIMAL, EAST RIYADH, RIYADH"
1400000,FLOOR,4,3,183,OTHER
700000,APARTMENT,3,4,118,"AL RIMAL, EAST RIYADH, RIYADH"
670000,APARTMENT,6,4,241,OTHER
680000,APARTMENT,5,3,264,OTHER
580000,APARTMENT,4,3,143,OTHER
650000,APARTMENT,4,3,141,OTHER
600000,APARTMENT,6,4,211,OTHER
1200000,VILLA,6,6,332,OTHER
1000000,FLOOR,3,3,177,"AL RIMAL, EAST RIYADH, RIYADH"
2800000,APARTMENT,2,2,152,OTHER
440000,APARTMENT,3,3,140,OTHER
1300000,APARTMENT,4,4,169,OTHER
3000000,VILLA,5,3,300,"AL MAHDIYAH, WEST RIYADH, RIYADH"
650000,APARTMENT,3,2,151,OTHER
2200000,VILLA,5,3,400,"AL MAHDIYAH, WEST RIYADH, RIYADH"
2000000,VILLA,5,3,400,"AL MAHDIYAH, WEST RIYADH, RIYADH"
1350000,VILLA,5,6,453,OTHER
2350000,VILLA,5,7,250,OTHER
550000,APARTMENT,2,2,75,OTHER
460000,APARTMENT,4,3,172,OTHER
3100000,VILLA,8,9,309,"AL MUNSIYAH, EAST RIYADH, RIYADH"
2200000,FLOOR,5,6,287,OTHER
1800000,VILLA,5,7,429,OTHER
970000,VILLA,9,7,397,OTHER
2250000,VILLA,6,5,276,"AL RIMAL, EAST RIYADH, RIYADH"
1100000,FLOOR,2,2,201,OTHER
680000,APARTMENT,5,5,239,OTHER
2800000,VILLA,5,5,200,"AL ARID, NORTH RIYADH, RIYADH"
1300000,VILLA,4,4,700,OTHER
5500000,VILLA,5,7,784,OTHER
1350000,FLOOR,5,5,196,"AL MUNSIYAH, EAST RIYADH, RIYADH"
3650000,VILLA,8,6,324,"AL MUNSIYAH, EAST RIYADH, RIYADH"
850000,FLOOR,5,4,375,OTHER
4500000,VILLA,10,9,785,OTHER
700000,FLOOR,3,2,139,OTHER
1150000,APARTMENT,3,3,223,OTHER
4290,VILLA,7,5,467,OTHER
590000,APARTMENT,4,3,201,OTHER
1850000,VILLA,5,4,292,"AL RIMAL, EAST RIYADH, RIYADH"
2200000,VILLA,4,7,373,"AL MAHDIYAH, WEST RIYADH, RIYADH"
585000,APARTMENT,4,3,146,OTHER
540000,APARTMENT,5,4,217,OTHER
719000,APARTMENT,6,5,223,OTHER
680000,FLOOR,6,3,151,"BADR, SOUTH RIYADH, RIYADH"
1700000,VILLA,4,6,402,OTHER
3000000,VILLA,11,9,400,OTHER
630000,APARTMENT,5,3,180,OTHER
650000,APARTMENT,4,3,116,OTHER
4800000,VILLA,11,6,746,OTHER
1020000,APARTMENT,5,4,177,"AL RAWDAH, NORTH JEDDAH, JEDDAH"
1000000,VILLA,11,7,540,OTHER
1800000,APARTMENT,5,3,157,"AL NARJIS, NORTH RIYADH, RIYADH"
950000,VILLA,5,7,182,OTHER
5000000,VILLA,5,4,450,OTHER
1420000,VILLA,6,8,371,OTHER
2300000,VILLA,5,4,250,OTHER
1250000,VILLA,6,6,371,OTHER
1200000,VILLA,6,5,215,"AL RIMAL, EAST RIYADH, RIYADH"
2750000,VILLA,7,6,488,"AL NARJIS, NORTH RIYADH, RIYADH"
3500000,VILLA,6,5,400,OTHER
650000,APARTMENT,3,4,1183,OTHER
1050000,APARTMENT,2,2,61,"AL ARID, NORTH RIYADH, RIYADH"
1375000,FLOOR,3,3,163,"AL ARID, NORTH RIYADH, RIYADH"
797000,APARTMENT,3,3,88,"AL QADISIYAH, EAST RIYADH, RIYADH"
1200000,FLOOR,4,5,222,"AL QADISIYAH, EAST RIYADH, RIYADH"
1200000,VILLA,6,7,317,OTHER
1450000,VILLA,5,8,437,OTHER
1600000,VILLA,6,4,600,"AL JANADRIYAH, EAST RIYADH, RIYADH"
4700000,VILLA,5,2,400,OTHER
1350000,APARTMENT,4,5,223,OTHER
670000,APARTMENT,6,3,198,OTHER
850000,APARTMENT,4,3,76,OTHER
9000000,VILLA,6,9,450,OTHER
1100000,APARTMENT,2,3,124,"AL RIMAL, EAST RIYADH, RIYADH"
780000,APARTMENT,6,4,214,OTHER
1030000,APARTMENT,5,5,241,OTHER
380000,APARTMENT,3,3,145,OTHER
435000,APARTMENT,3,3,100,OTHER
4700000,VILLA,4,4,475,OTHER
740000,APARTMENT,4,3,112,"AL RAWDAH, NORTH JEDDAH, JEDDAH"
3300000,VILLA,9,7,728,OTHER
1630000,VILLA,7,7,470,OTHER
1350000,VILLA,6,6,400,"AL JANADRIYAH, EAST RIYADH, RIYADH"
2300000,VILLA,6,7,343,OTHER
630000,APARTMENT,4,3,112,"AL SALAMAH, NORTH JEDDAH, JEDDAH"
8000000,VILLA,5,5,472,OTHER
2000000,VILLA,3,3,200,OTHER
470000,APARTMENT,3,2,114,"TUWAIQ, WEST RIYADH, RIYADH"
2200000,VILLA,6,5,225,"AL MAHDIYAH, WEST RIYADH, RIYADH"
700000,APARTMENT,2,2,68,"AL RIMAL, EAST RIYADH, RIYADH"
3500000,VILLA,3,3,418,"AL MAHDIYAH, WEST RIYADH, RIYADH"
4000000,VILLA,11,5,377,OTHER
750000,APARTMENT,4,2,118,"AL RIMAL, EAST RIYADH, RIYADH"
800000,VILLA,4,6,240,OTHER
780000,VILLA,5,6,450,OTHER
1100000,FLOOR,4,3,186,"AL RIMAL, EAST RIYADH, RIYADH"
1900000,VILLA,4,6,387,OTHER
1148000,APARTMENT,3,3,118,"AL MUNSIYAH, EAST RIYADH, RIYADH"
2400000,VILLA,5,7,343,"AL RIMAL, EAST RIYADH, RIYADH"
1600000,FLOOR,3,5,690,OTHER
1000000,FLOOR,3,5,271,"AL JANADRIYAH, EAST RIYADH, RIYADH"
1450000,APARTMENT,4,3,4980,"QURTUBAH, EAST RIYADH, RIYADH"
800000,APARTMENT,3,3,393,OTHER
1130000,APARTMENT,3,3,147,"AL MUNSIYAH, EAST RIYADH, RIYADH"
1800000,VILLA,7,4,312,OTHER
2500000,VILLA,4,6,221,"AL MUNSIYAH, EAST RIYADH, RIYADH"
1800000,VILLA,6,6,300,OTHER
5700000,VILLA,6,5,405,"AL NARJIS, NORTH RIYADH, RIYADH"
3300000,VILLA,9,10,383,"QURTUBAH, EAST RIYADH, RIYADH"
2800000,VILLA,4,4,325,"AL MUNSIYAH, EAST RIYADH, RIYADH"
420000,APARTMENT,4,3,128,OTHER
445000,APARTMENT,4,3,128,OTHER
465000,APARTMENT,4,3,128,OTHER
460000,APARTMENT,4,3,128,OTHER
399000,APARTMENT,3,3,400,OTHER
650000,APARTMENT,4,3,750,OTHER
740000,APARTMENT,4,3,117,"AL RAWDAH, NORTH JEDDAH, JEDDAH"
800000,VILLA,8,6,370,OTHER
1250000,FLOOR,4,3,257,"AL RIMAL, EAST RIYADH, RIYADH"
1850000,VILLA,5,5,270,OTHER
540000,APARTMENT,5,3,163,OTHER
1350000,APARTMENT,7,5,264,OTHER
650000,APARTMENT,6,3,264,OTHER
580000,APARTMENT,3,3,138,OTHER
690000,APARTMENT,4,5,159,"AL JANADRIYAH, EAST RIYADH, RIYADH"
900000,VILLA,7,5,340,OTHER
2800000,VILLA,10,6,510,OTHER
650000,APARTMENT,5,3,261,OTHER
1180000,VILLA,5,2,392,OTHER
3800000,VILLA,10,5,1250,OTHER
4350000,VILLA,7,6,371,"AL MUNSIYAH, EAST RIYADH, RIYADH"
1400000,FLOOR,4,4,292,"AL JANADRIYAH, EAST RIYADH, RIYADH"
1200000,FLOOR,4,4,213,"AL JANADRIYAH, EAST RIYADH, RIYADH"
4300000,VILLA,4,7,225,OTHER
529000,APARTMENT,3,3,582,OTHER
2200000,REST HOUSE,10,7,2000,OTHER
530000,APARTMENT,4,3,126,OTHER
5500000,VILLA,10,7,600,OTHER
1400000,APARTMENT,3,3,138,"AL NARJIS, NORTH RIYADH, RIYADH"
2600000,VILLA,5,4,413,OTHER
1000000,FLOOR,3,4,219,"AL QADISIYAH, EAST RIYADH, RIYADH"
3300000,VILLA,6,6,383,"QURTUBAH, EAST RIYADH, RIYADH"
4500000,VILLA,5,5,525,OTHER
1750000,FLOOR,4,5,405,OTHER
1850000,FLOOR,6,6,405,OTHER
1250000,APARTMENT,6,4,674,OTHER
2500000,VILLA,5,5,370,"AL MUNSIYAH, EAST RIYADH, RIYADH"
1150000,APARTMENT,4,3,134,"AL MUNSIYAH, EAST RIYADH, RIYADH"
820000,VILLA,5,4,178,OTHER
950000,VILLA,6,4,203,OTHER
499000,APARTMENT,4,4,133,OTHER
410000,APARTMENT,5,3,148,OTHER
430000,APARTMENT,3,2,109,OTHER
720000,APARTMENT,4,3,220,OTHER
730000,FLOOR,7,3,275,OTHER
1200000,FLOOR,4,4,200,"AL RIMAL, EAST RIYADH, RIYADH"
1400000,FLOOR,6,6,305,"AL QADISIYAH, EAST RIYADH, RIYADH"
3500000,VILLA,5,6,264,"QURTUBAH, EAST RIYADH, RIYADH"
750000,FLOOR,4,5,167,"AL JANADRIYAH, EAST RIYADH, RIYADH"
1000000,APARTMENT,4,4,124,OTHER
1200000,APARTMENT,3,3,180,"AL MUNSIYAH, EAST RIYADH, RIYADH"
4000000,VILLA,11,11,420,OTHER
1400000,FLOOR,5,7,292,"AL JANADRIYAH, EAST RIYADH, RIYADH"
765000,APARTMENT,3,3,152,"TUWAIQ, WEST RIYADH, RIYADH"
720000,APARTMENT,5,3,130,OTHER
4200000,VILLA,7,6,400,"AL ARID, NORTH RIYADH, RIYADH"
7000000,VILLA,6,6,405,OTHER
1700000,FLOOR,4,3,116,"AL NARJIS, NORTH RIYADH, RIYADH"
1100000,APARTMENT,4,3,186,OTHER
1550000,FLOOR,4,6,206,"AL MUNSIYAH, EAST RIYADH, RIYADH"
720000,APARTMENT,5,3,152,OTHER
930000,APARTMENT,5,5,900,OTHER
2500000,APARTMENT,3,3,107,OTHER
1250000,VILLA,9,5,300,OTHER
515000,APARTMENT,4,4,148,OTHER
795000,APARTMENT,5,4,195,OTHER
3000000,VILLA,11,6,750,OTHER
5000000,VILLA,11,6,450,"AL NARJIS, NORTH RIYADH, RIYADH"
850000,APARTMENT,6,6,221,OTHER
2300000,VILLA,5,5,420,OTHER
499000,APARTMENT,4,4,154,OTHER
600000,APARTMENT,4,4,538,OTHER
1300000,FLOOR,4,4,315,"AL RIMAL, EAST RIYADH, RIYADH"
575000,APARTMENT,5,3,150,OTHER
1550000,APARTMENT,5,3,135,OTHER
8500000,VILLA,9,7,930,OTHER
1850000,APARTMENT,3,4,213,"QURTUBAH, EAST RIYADH, RIYADH"
1000000,FLOOR,3,3,159,"AL RIMAL, EAST RIYADH, RIYADH"
770000,VILLA,5,5,250,OTHER
830000,FLOOR,7,5,220,OTHER
2400000,VILLA,7,6,460,OTHER
1200000,FLOOR,5,4,196,OTHER
1500000,FLOOR,6,5,213,OTHER
700000,APARTMENT,5,4,182,OTHER
950000,APARTMENT,4,3,126,"AL MUNSIYAH, EAST RIYADH, RIYADH"
1180000,APARTMENT,4,3,180,"AL MUNSIYAH, EAST RIYADH, RIYADH"
1500000,FLOOR,3,3,621,"AL MUNSIYAH, EAST RIYADH, RIYADH"
1180000,APARTMENT,4,3,1500,"AL MUNSIYAH, EAST RIYADH, RIYADH"
1500000,FLOOR,5,4,213,OTHER
1000000,FLOOR,4,4,162,"AL RIMAL, EAST RIYADH, RIYADH"
1300000,FLOOR,4,4,175,"AL RIMAL, EAST RIYADH, RIYADH"
2600000,VILLA,10,10,750,OTHER
3500000,VILLA,9,9,426,OTHER
670000,APARTMENT,3,3,205,OTHER
2800000,VILLA,6,7,317,OTHER
1200000,VILLA,4,4,200,"TUWAIQ, WEST RIYADH, RIYADH"
875000,FLOOR,5,3,199,OTHER
450000,APARTMENT,4,3,126,OTHER
849000,APARTMENT,3,3,145,"AL RIMAL, EAST RIYADH, RIYADH"
1400000,FLOOR,4,4,305,"AL QADISIYAH, EAST RIYADH, RIYADH"
1950000,VILLA,5,8,241,OTHER
1900000,VILLA,5,4,528,OTHER
420000,APARTMENT,3,3,132,OTHER
750000,FLOOR,3,3,249,"TUWAIQ, WEST RIYADH, RIYADH"
2200000,VILLA,5,5,225,"AL MAHDIYAH, WEST RIYADH, RIYADH"
1300000,VILLA,4,4,200,"AL MUNSIYAH, EAST RIYADH, RIYADH"
2200000,VILLA,3,6,296,"AL RIMAL, EAST RIYADH, RIYADH"
1150000,FLOOR,4,3,570,"AL QADISIYAH, EAST RIYADH, RIYADH"
950000,VILLA,6,5,396,OTHER
6100000,REST HOUSE,1,1,3000,OTHER
1600000,VILLA,6,5,300,OTHER
1000000,REST HOUSE,2,1,10000,OTHER
2500000,VILLA,5,7,504,"AL MUNSIYAH, EAST RIYADH, RIYADH"
710000,FLOOR,3,3,159,OTHER
11800000,VILLA,4,4,200,"TUWAIQ, WEST RIYADH, RIYADH"
480000,APARTMENT,5,3,181,OTHER
732000,APARTMENT,5,3,225,OTHER
380000,APARTMENT,3,3,135,OTHER
670000,FLOOR,3,2,165,OTHER
4000000,VILLA,7,6,650,OTHER
1700000,VILLA,7,5,225,"AL RIMAL, EAST RIYADH, RIYADH"
1150000,FLOOR,4,4,198,"TUWAIQ, WEST RIYADH, RIYADH"
1380000,FLOOR,5,3,141,"AL MUNSIYAH, EAST RIYADH, RIYADH"
1100000,APARTMENT,2,2,106,OTHER
1375000,FLOOR,3,4,163,"AL ARID, NORTH RIYADH, RIYADH"
470000,APARTMENT,4,4,114,"TUWAIQ, WEST RIYADH, RIYADH"
2200000,VILLA,5,6,225,"AL MAHDIYAH, WEST RIYADH, RIYADH"
650000,APARTMENT,3,2,219,OTHER
900000,VILLA,3,4,143,OTHER
1800000,VILLA,6,7,250,OTHER
380000,APARTMENT,4,2,132,OTHER
1200000,FLOOR,4,4,200,"AL QADISIYAH, EAST RIYADH, RIYADH"
440000,APARTMENT,4,3,103,OTHER
440000,APARTMENT,3,2,99,OTHER
1500000,FLOOR,4,3,160,"AL RIMAL, EAST RIYADH, RIYADH"
1150000,FLOOR,3,4,570,"AL QADISIYAH, EAST RIYADH, RIYADH"
7000000,VILLA,7,7,600,OTHER
900000,APARTMENT,6,4,188,OTHER
1250000,FLOOR,4,4,203,"AL QADISIYAH, EAST RIYADH, RIYADH"
2500000,VILLA,4,5,504,"AL MUNSIYAH, EAST RIYADH, RIYADH"
2200000,REST HOUSE,4,5,10000,OTHER
800000,APARTMENT,4,3,89,"AL QADISIYAH, EAST RIYADH, RIYADH"
2500000,VILLA,8,5,796,"TUWAIQ, WEST RIYADH, RIYADH"
900000,APARTMENT,3,3,400,"AL MAHDIYAH, WEST RIYADH, RIYADH"
2450000,VILLA,6,6,504,"AL MUNSIYAH, EAST RIYADH, RIYADH"
1050000,FLOOR,5,4,219,"AL QADISIYAH, EAST RIYADH, RIYADH"
950000,FLOOR,4,3,219,"AL QADISIYAH, EAST RIYADH, RIYADH"
900000,APARTMENT,5,4,214,OTHER
1250000,FLOOR,5,3,203,"AL QADISIYAH, EAST RIYADH, RIYADH"
4000000,VILLA,6,7,440,OTHER
1000000,FLOOR,5,3,219,"AL QADISIYAH, EAST RIYADH, RIYADH"
1600000,VILLA,11,6,250,OTHER
1800000,FLOOR,3,5,390,"AL NARJIS, NORTH RIYADH, RIYADH"
1000000,APARTMENT,5,3,177,"AL MUNSIYAH, EAST RIYADH, RIYADH"
740000,APARTMENT,5,3,155,OTHER
680000,APARTMENT,5,4,213,OTHER
3350000,VILLA,4,5,828,OTHER
943000,APARTMENT,4,3,190,"AL MUNSIYAH, EAST RIYADH, RIYADH"
1340000,APARTMENT,3,3,119,"AL ARID, NORTH RIYADH, RIYADH"
980000,FLOOR,4,4,233,"AL JANADRIYAH, EAST RIYADH, RIYADH"
1650000,FLOOR,5,4,198,"QURTUBAH, EAST RIYADH, RIYADH"
1250000,FLOOR,3,3,177,"AL RIMAL, EAST RIYADH, RIYADH"
1000000,APARTMENT,4,3,750,OTHER
3500000,VILLA,5,7,351,"AL NARJIS, NORTH RIYADH, RIYADH"
599000,VILLA,4,3,778,OTHER
629000,APARTMENT,4,3,176,"TUWAIQ, WEST RIYADH, RIYADH"
1050000,APARTMENT,5,4,172,"AL QADISIYAH, EAST RIYADH, RIYADH"
2700000,VILLA,10,5,444,OTHER
1050000,APARTMENT,6,3,172,"AL QADISIYAH, EAST RIYADH, RIYADH"
1550000,VILLA,4,5,262,OTHER
3500000,VILLA,10,7,448,OTHER
1300000,APARTMENT,3,2,124,OTHER
399000,APARTMENT,3,3,107,OTHER
1500000,FLOOR,4,4,213,OTHER
460000,APARTMENT,3,3,104,OTHER
4050985,VILLA,4,10,312,"QURTUBAH, EAST RIYADH, RIYADH"
1200000,VILLA,7,7,233,OTHER
4000000,VILLA,7,6,371,"AL MUNSIYAH, EAST RIYADH, RIYADH"
1450000,APARTMENT,4,4,128,"QURTUBAH, EAST RIYADH, RIYADH"
3500000,VILLA,5,6,324,"AL MUNSIYAH, EAST RIYADH, RIYADH"
1650000,FLOOR,4,4,172,"QURTUBAH, EAST RIYADH, RIYADH"
1850000,FLOOR,4,4,186,"QURTUBAH, EAST RIYADH, RIYADH"
5500000,VILLA,10,9,715,"AL MUNSIYAH, EAST RIYADH, RIYADH"
2230000,FLOOR,5,4,257,"QURTUBAH, EAST RIYADH, RIYADH"
2230000,FLOOR,7,4,257,"QURTUBAH, EAST RIYADH, RIYADH"
1850000,FLOOR,5,4,186,"QURTUBAH, EAST RIYADH, RIYADH"
1450000,APARTMENT,6,4,128,"QURTUBAH, EAST RIYADH, RIYADH"
2400000,VILLA,6,7,250,OTHER
2400000,VILLA,6,6,250,OTHER
1650000,FLOOR,6,4,172,"QURTUBAH, EAST RIYADH, RIYADH"
1850000,FLOOR,7,4,186,"QURTUBAH, EAST RIYADH, RIYADH"
1450000,APARTMENT,7,4,128,"QURTUBAH, EAST RIYADH, RIYADH"
1180000,VILLA,5,6,215,OTHER
3200000,VILLA,7,8,383,"QURTUBAH, EAST RIYADH, RIYADH"
1380000,VILLA,6,8,300,OTHER
550000,APARTMENT,3,4,763,OTHER
294000,APARTMENT,2,2,726,OTHER
1250000,APARTMENT,6,6,728,OTHER
600000,APARTMENT,3,3,124,OTHER
1250000,APARTMENT,6,6,696,OTHER
625000,APARTMENT,3,3,140,OTHER
3200000,VILLA,6,6,383,"QURTUBAH, EAST RIYADH, RIYADH"
6500000,VILLA,4,5,600,"AL ARID, NORTH RIYADH, RIYADH"
750000,VILLA,6,4,600,OTHER
680000,APARTMENT,4,3,137,"AL SALAMAH, NORTH JEDDAH, JEDDAH"
650000,APARTMENT,5,3,161,OTHER
650000,APARTMENT,5,3,162,OTHER
630000,APARTMENT,5,3,191,OTHER
3500000,VILLA,7,7,408,"QURTUBAH, EAST RIYADH, RIYADH"
1300000,FLOOR,4,4,307,"AL JANADRIYAH, EAST RIYADH, RIYADH"
550000,APARTMENT,5,3,197,OTHER
770000,APARTMENT,3,3,1414,OTHER
1500000,VILLA,9,7,387,OTHER
700000,APARTMENT,3,3,118,"AL RIMAL, EAST RIYADH, RIYADH"
850000,FLOOR,4,3,155,"AL RIMAL, EAST RIYADH, RIYADH"
1850000,VILLA,6,6,453,"AL RIMAL, EAST RIYADH, RIYADH"
1000000,FLOOR,4,4,177,OTHER
1300000,FLOOR,4,4,315,"AL JANADRIYAH, EAST RIYADH, RIYADH"
600000,APARTMENT,5,4,163,OTHER
535000,APARTMENT,4,3,144,OTHER
1600000,VILLA,8,6,412,OTHER
750000,FLOOR,4,4,538,OTHER
2800000,VILLA,7,9,312,"AL RIMAL, EAST RIYADH, RIYADH"
800000,APARTMENT,2,2,72,"AL MUNSIYAH, EAST RIYADH, RIYADH"
1750000,VILLA,4,4,222,"AL MUNSIYAH, EAST RIYADH, RIYADH"
2500000,VILLA,11,8,494,OTHER
600000,APARTMENT,5,3,179,OTHER
950000,VILLA,8,6,235,OTHER
1300000,VILLA,9,7,254,OTHER
750000,APARTMENT,6,4,185,OTHER
1700000,VILLA,6,7,312,OTHER
970000,APARTMENT,4,5,1200,OTHER
3200000,VILLA,8,7,383,"QURTUBAH, EAST RIYADH, RIYADH"
800000,APARTMENT,4,3,72,"AL MUNSIYAH, EAST RIYADH, RIYADH"
1750000,VILLA,6,5,222,"AL MUNSIYAH, EAST RIYADH, RIYADH"
1350000,FLOOR,5,4,196,"AL MUNSIYAH, EAST RIYADH, RIYADH"
1600000,FLOOR,6,5,223,"AL MUNSIYAH, EAST RIYADH, RIYADH"
3050000,VILLA,5,4,390,OTHER
780000,APARTMENT,3,3,150,"AL RIMAL, EAST RIYADH, RIYADH"
3600000,VILLA,6,8,320,"AL MUNSIYAH, EAST RIYADH, RIYADH"
620000,APARTMENT,5,3,183,OTHER
640000,APARTMENT,3,3,184,OTHER
2300000,APARTMENT,8,5,147,"AL RAWDAH, NORTH JEDDAH, JEDDAH"
1550000,APARTMENT,5,5,213,"AL SALAMAH, NORTH JEDDAH, JEDDAH"
1350000,FLOOR,3,3,185,"AL MUNSIYAH, EAST RIYADH, RIYADH"
640000,APARTMENT,5,4,154,OTHER
1350000,FLOOR,4,3,185,"AL MUNSIYAH, EAST RIYADH, RIYADH"
3300000,VILLA,5,7,345,OTHER
3500000,VILLA,9,8,357,"QURTUBAH, EAST RIYADH, RIYADH"
5200000,VILLA,6,6,319,"AL NARJIS, NORTH RIYADH, RIYADH"
1300000,VILLA,9,6,347,OTHER
1600000,VILLA,6,7,360,OTHER
2300000,VILLA,7,6,318,OTHER
2300000,VILLA,7,7,319,OTHER
750000,APARTMENT,4,3,450,"AL MAHDIYAH, WEST RIYADH, RIYADH"
790000,APARTMENT,4,6,450,"AL MAHDIYAH, WEST RIYADH, RIYADH"
770000,APARTMENT,4,5,450,"AL MAHDIYAH, WEST RIYADH, RIYADH"
800000,APARTMENT,4,3,450,"AL MAHDIYAH, WEST RIYADH, RIYADH"
732000,APARTMENT,5,4,225,OTHER
470000,APARTMENT,3,4,186,OTHER
490000,FLOOR,5,3,160,"BADR, SOUTH RIYADH, RIYADH"
680000,APARTMENT,5,4,161,OTHER
1550000,FLOOR,5,5,251,OTHER
2000000,VILLA,5,6,276,OTHER
950000,APARTMENT,5,4,120,OTHER
800000,FLOOR,4,4,206,"AL JANADRIYAH, EAST RIYADH, RIYADH"
780000,FLOOR,7,5,223,OTHER
1200000,FLOOR,4,3,233,"AL RIMAL, EAST RIYADH, RIYADH"
1500000,VILLA,6,4,275,OTHER
530000,APARTMENT,5,3,198,OTHER
500000,APARTMENT,4,4,199,"BADR, SOUTH RIYADH, RIYADH"
700000,APARTMENT,4,3,136,OTHER
590000,APARTMENT,4,3,138,OTHER
800000,APARTMENT,7,5,630,"BADR, SOUTH RIYADH, RIYADH"
1070000,VILLA,5,5,269,"TUWAIQ, WEST RIYADH, RIYADH"
5500000,APARTMENT,2,3,217,OTHER
2850000,FLOOR,4,4,206,"AL MUNSIYAH, EAST RIYADH, RIYADH"
1850000,FLOOR,5,3,4980,"QURTUBAH, EAST RIYADH, RIYADH"
1450000,VILLA,9,6,300,OTHER
1100000,FLOOR,3,4,141,"AL MUNSIYAH, EAST RIYADH, RIYADH"
650000,APARTMENT,8,4,264,OTHER
6800000,VILLA,4,3,377,OTHER
1500000,FLOOR,4,5,234,OTHER
700000,APARTMENT,5,3,4115,OTHER
3200000,VILLA,7,7,4980,"QURTUBAH, EAST RIYADH, RIYADH"
1050000,VILLA,9,6,441,OTHER
470000,APARTMENT,5,4,248,OTHER
8000000,VILLA,6,5,537,"AL NARJIS, NORTH RIYADH, RIYADH"
1650000,FLOOR,7,5,217,OTHER
1300000,FLOOR,7,4,222,"AL QADISIYAH, EAST RIYADH, RIYADH"
3200000,VILLA,6,6,4980,"QURTUBAH, EAST RIYADH, RIYADH"
770000,APARTMENT,3,3,150,"AL RIMAL, EAST RIYADH, RIYADH"
539000,APARTMENT,2,3,135,"OKAZ, SOUTH RIYADH, RIYADH"
720000,APARTMENT,6,4,197,OTHER
10000000,VILLA,11,7,1450,OTHER
500000,REST HOUSE,2,2,630,OTHER
4090000,VILLA,8,6,400,OTHER
1500000,FLOOR,3,5,234,OTHER
1550000,VILLA,7,6,300,OTHER
1650000,FLOOR,3,4,4980,"QURTUBAH, EAST RIYADH, RIYADH"
2100000,VILLA,6,7,328,"AL RIMAL, EAST RIYADH, RIYADH"
1450000,FLOOR,5,4,252,"AL QADISIYAH, EAST RIYADH, RIYADH"
1100000,REST HOUSE,3,2,625,OTHER
950000,VILLA,6,4,220,OTHER
1150000,VILLA,5,4,262,OTHER
1000000,VILLA,4,3,359,OTHER
920000,VILLA,6,5,200,OTHER
2500000,VILLA,5,5,400,OTHER
1300000,FLOOR,3,4,412,OTHER
785000,FLOOR,4,3,192,"OKAZ, SOUTH RIYADH, RIYADH"
2500000,VILLA,4,6,500,OTHER
5400000,VILLA,11,5,450,"AL NARJIS, NORTH RIYADH, RIYADH"
480000,APARTMENT,4,4,750,OTHER
2000000,VILLA,6,5,276,OTHER
1000000,FLOOR,2,3,185,"AL MUNSIYAH, EAST RIYADH, RIYADH"
550000,APARTMENT,3,3,122,OTHER
1400000,APARTMENT,5,3,197,OTHER
570000,APARTMENT,4,3,125,OTHER
920000,FLOOR,3,4,160,OTHER
900000,FLOOR,4,4,279,"TUWAIQ, WEST RIYADH, RIYADH"
1450000,VILLA,6,6,300,OTHER
3450000,VILLA,5,4,500,"AL QADISIYAH, EAST RIYADH, RIYADH"
1300000,VILLA,6,6,500,OTHER
1950000,VILLA,5,6,241,OTHER
2500000,VILLA,10,8,458,OTHER
6000000,REST HOUSE,3,3,3000,OTHER
1800000,APARTMENT,3,4,139,"AL MUNSIYAH, EAST RIYADH, RIYADH"
829000,APARTMENT,5,3,194,OTHER
499000,APARTMENT,3,3,127,OTHER
700000,APARTMENT,6,3,165,OTHER
2200000,VILLA,5,4,300,OTHER
680000,APARTMENT,4,1,133,OTHER
720000,APARTMENT,3,4,129,"AL QADISIYAH, EAST RIYADH, RIYADH"
580000,APARTMENT,5,4,232,OTHER
595000,APARTMENT,5,3,163,OTHER
650000,APARTMENT,6,6,379,OTHER
900000,FLOOR,3,3,172,OTHER
680000,APARTMENT,5,3,210,OTHER
450000,APARTMENT,3,3,165,OTHER
640000,APARTMENT,6,4,208,OTHER
2000000,VILLA,6,7,200,"AL MAHDIYAH, WEST RIYADH, RIYADH"
700000,APARTMENT,4,2,135,OTHER
620000,APARTMENT,2,3,166,OTHER
670000,APARTMENT,3,2,93,OTHER
1350000,FLOOR,5,4,1056,OTHER
440000,APARTMENT,4,3,128,OTHER
3500000,VILLA,8,7,300,OTHER
2700000,VILLA,8,7,375,"AL MAHDIYAH, WEST RIYADH, RIYADH"
7000000,REST HOUSE,4,4,2520,"AL RIMAL, EAST RIYADH, RIYADH"
850000,APARTMENT,3,3,183,OTHER
1650000,VILLA,6,7,396,OTHER
1400000,VILLA,6,5,839,OTHER
1050000,FLOOR,3,3,141,"AL MUNSIYAH, EAST RIYADH, RIYADH"
950000,FLOOR,4,3,199,"AL QADISIYAH, EAST RIYADH, RIYADH"
1550000,FLOOR,3,3,206,"AL MUNSIYAH, EAST RIYADH, RIYADH"
1070000,APARTMENT,3,3,991,"AL MUNSIYAH, EAST RIYADH, RIYADH"
1650000,FLOOR,3,4,195,"QURTUBAH, EAST RIYADH, RIYADH"
1000000,FLOOR,4,4,168,"AL RIMAL, EAST RIYADH, RIYADH"
950000,FLOOR,3,4,244,"AL JANADRIYAH, EAST RIYADH, RIYADH"
1350000,FLOOR,4,3,206,"AL MUNSIYAH, EAST RIYADH, RIYADH"
1550000,FLOOR,4,4,183,"AL MUNSIYAH, EAST RIYADH, RIYADH"
1200000,FLOOR,3,4,505,"AL QADISIYAH, EAST RIYADH, RIYADH"
620000,APARTMENT,5,3,179,OTHER
760000,FLOOR,3,3,181,"BADR, SOUTH RIYADH, RIYADH"
1550000,FLOOR,3,4,206,"AL MUNSIYAH, EAST RIYADH, RIYADH"
1150000,FLOOR,3,3,393,OTHER
2500000,VILLA,6,4,458,OTHER
1900000,APARTMENT,3,3,179,"AL SALAMAH, NORTH JEDDAH, JEDDAH"
2400000,VILLA,5,6,600,"AL MAHDIYAH, WEST RIYADH, RIYADH"
950000,APARTMENT,3,5,226,OTHER
360000,APARTMENT,2,2,126,"OKAZ, SOUTH RIYADH, RIYADH"
1350000,FLOOR,3,5,185,"AL MUNSIYAH, EAST RIYADH, RIYADH"
12000000,VILLA,5,7,412,OTHER
440000,APARTMENT,4,3,125,OTHER
680000,APARTMENT,5,3,136,"AL SALAMAH, NORTH JEDDAH, JEDDAH"
1650000,VILLA,5,7,274,"AL RIMAL, EAST RIYADH, RIYADH"
750000,APARTMENT,5,3,196,OTHER
670000,APARTMENT,5,3,186,OTHER
600000,APARTMENT,5,3,161,OTHER
2500000,VILLA,6,6,370,"AL MUNSIYAH, EAST RIYADH, RIYADH"
2500000,VILLA,4,3,370,"AL MUNSIYAH, EAST RIYADH, RIYADH"
2470000,VILLA,4,7,250,OTHER
2450000,VILLA,4,5,250,OTHER
2900000,VILLA,6,9,395,OTHER
750000,FLOOR,3,3,206,"AL JANADRIYAH, EAST RIYADH, RIYADH"
2450000,VILLA,4,6,250,OTHER
908000,APARTMENT,4,3,159,"AL QADISIYAH, EAST RIYADH, RIYADH"
1600000,VILLA,4,6,264,"AL JANADRIYAH, EAST RIYADH, RIYADH"
880000,VILLA,5,3,125,"AL RIMAL, EAST RIYADH, RIYADH"
1650000,APARTMENT,3,3,133,OTHER
395000,APARTMENT,3,3,103,OTHER
970000,VILLA,10,5,638,OTHER
2100000,VILLA,6,6,240,OTHER
780000,FLOOR,8,6,259,"OKAZ, SOUTH RIYADH, RIYADH"
800000,FLOOR,3,3,131,OTHER
1050000,FLOOR,3,3,131,"AL MUNSIYAH, EAST RIYADH, RIYADH"
1800000,VILLA,3,4,285,"AL QADISIYAH, EAST RIYADH, RIYADH"
2500000,VILLA,6,6,250,OTHER
2600000,VILLA,5,7,250,OTHER
2000000,VILLA,3,4,275,"AL RIMAL, EAST RIYADH, RIYADH"
650000,APARTMENT,5,4,550,OTHER
1400000,VILLA,4,3,528,OTHER
1150000,FLOOR,4,3,393,OTHER
1000000,FLOOR,3,4,292,"AL QADISIYAH, EAST RIYADH, RIYADH"
2500000,VILLA,5,5,390,"AL RIMAL, EAST RIYADH, RIYADH"
1500000,FLOOR,3,3,186,"AL NARJIS, NORTH RIYADH, RIYADH"
900000,FLOOR,4,5,300,"AL QADISIYAH, EAST RIYADH, RIYADH"
1550000,FLOOR,5,4,206,"AL MUNSIYAH, EAST RIYADH, RIYADH"
1750000,FLOOR,3,4,360,"AL NARJIS, NORTH RIYADH, RIYADH"
2200000,VILLA,5,7,296,"AL QADISIYAH, EAST RIYADH, RIYADH"
1150000,FLOOR,3,3,193,"AL QADISIYAH, EAST RIYADH, RIYADH"
1650000,FLOOR,4,3,195,"QURTUBAH, EAST RIYADH, RIYADH"
1700000,FLOOR,3,4,195,"QURTUBAH, EAST RIYADH, RIYADH"
1100000,FLOOR,3,3,132,"AL MUNSIYAH, EAST RIYADH, RIYADH"
1300000,APARTMENT,3,4,160,"AL MUNSIYAH, EAST RIYADH, RIYADH"
4000000,REST HOUSE,2,1,1120,OTHER
3400000,VILLA,4,6,300,"AL MAHDIYAH, WEST RIYADH, RIYADH"
1275000,FLOOR,4,3,147,OTHER
5500000,REST HOUSE,5,2,750,"AL NARJIS, NORTH RIYADH, RIYADH"
2350000,VILLA,4,5,250,OTHER
1100000,FLOOR,4,3,131,"AL MUNSIYAH, EAST RIYADH, RIYADH"
740000,APARTMENT,5,3,130,OTHER
680000,APARTMENT,5,3,137,"AL SALAMAH, NORTH JEDDAH, JEDDAH"
1150000,FLOOR,2,2,292,"AL QADISIYAH, EAST RIYADH, RIYADH"
860000,APARTMENT,7,6,284,OTHER
2200000,VILLA,4,7,225,"AL MAHDIYAH, WEST RIYADH, RIYADH"
3300000,VILLA,5,7,300,"AL MAHDIYAH, WEST RIYADH, RIYADH"
2400000,VILLA,6,5,225,"AL MAHDIYAH, WEST RIYADH, RIYADH"
1350000,FLOOR,4,5,185,"AL MUNSIYAH, EAST RIYADH, RIYADH"
2500000,VILLA,6,6,225,"AL MAHDIYAH, WEST RIYADH, RIYADH"
750000,FLOOR,1,4,205,"AL JANADRIYAH, EAST RIYADH, RIYADH"
2150000,VILLA,4,6,294,OTHER
1150000,FLOOR,6,5,222,"AL QADISIYAH, EAST RIYADH, RIYADH"
680000,FLOOR,7,4,792,OTHER
1050000,FLOOR,3,4,168,"AL QADISIYAH, EAST RIYADH, RIYADH"
1350000,FLOOR,3,3,188,"AL MUNSIYAH, EAST RIYADH, RIYADH"
2400000,VILLA,6,6,250,"AL MUNSIYAH, EAST RIYADH, RIYADH"
1200000,FLOOR,4,3,220,"AL RIMAL, EAST RIYADH, RIYADH"
1600000,APARTMENT,2,3,118,OTHER
4200000,VILLA,5,7,360,"AL NARJIS, NORTH RIYADH, RIYADH"
1300000,VILLA,6,9,415,OTHER
1200000,VILLA,6,8,300,OTHER
3000000,VILLA,5,7,375,OTHER
2650000,VILLA,7,6,313,"AL RIMAL, EAST RIYADH, RIYADH"
800000,FLOOR,4,5,193,"TUWAIQ, WEST RIYADH, RIYADH"
1380000,VILLA,10,10,547,OTHER
880000,APARTMENT,4,3,166,"AL QADISIYAH, EAST RIYADH, RIYADH"
730000,APARTMENT,2,3,125,"AL QADISIYAH, EAST RIYADH, RIYADH"
2450000,VILLA,5,5,250,OTHER
5000000,VILLA,6,5,650,OTHER
4200000,VILLA,3,4,362,OTHER
1850000,FLOOR,4,3,201,"QURTUBAH, EAST RIYADH, RIYADH"
1200000,FLOOR,4,3,375,OTHER
1100000,VILLA,4,3,189,"AL QADISIYAH, EAST RIYADH, RIYADH"
880000,APARTMENT,4,4,175,"AL QADISIYAH, EAST RIYADH, RIYADH"
2400000,VILLA,6,6,336,"AL QADISIYAH, EAST RIYADH, RIYADH"
1000000,FLOOR,4,3,193,"AL QADISIYAH, EAST RIYADH, RIYADH"
1000000,VILLA,4,4,215,"AL JANADRIYAH, EAST RIYADH, RIYADH"
740000,FLOOR,3,3,158,OTHER
670000,APARTMENT,5,3,188,OTHER
660000,APARTMENT,5,3,203,OTHER
700000,APARTMENT,5,3,195,OTHER
690000,APARTMENT,4,3,165,OTHER
1100000,FLOOR,3,3,131,"AL MUNSIYAH, EAST RIYADH, RIYADH"
1050000,FLOOR,2,2,131,"AL MUNSIYAH, EAST RIYADH, RIYADH"
1380000,FLOOR,5,4,168,"AL MUNSIYAH, EAST RIYADH, RIYADH"
1200000,FLOOR,3,3,242,"AL QADISIYAH, EAST RIYADH, RIYADH"
1350000,FLOOR,4,3,500,"AL MUNSIYAH, EAST RIYADH, RIYADH"
600000,APARTMENT,4,3,174,OTHER
660000,APARTMENT,7,4,181,OTHER
3200000,VILLA,7,6,4980,"QURTUBAH, EAST RIYADH, RIYADH"
639000,APARTMENT,2,2,247,OTHER
670000,APARTMENT,4,3,111,"AL RAWDAH, NORTH JEDDAH, JEDDAH"
680000,APARTMENT,5,3,150,"AL SALAMAH, NORTH JEDDAH, JEDDAH"
650000,APARTMENT,4,3,116,"AL SALAMAH, NORTH JEDDAH, JEDDAH"
700000,APARTMENT,5,3,146,"AL SALAMAH, NORTH JEDDAH, JEDDAH"
1300000,APARTMENT,3,3,124,OTHER
650000,APARTMENT,6,4,233,OTHER
2150000,VILLA,5,5,437,OTHER
1700000,APARTMENT,3,3,135,OTHER
750000,APARTMENT,2,2,133,OTHER
2450000,APARTMENT,3,3,124,OTHER
8000000,VILLA,10,7,800,OTHER
1700000,VILLA,4,6,249,OTHER
1000000,APARTMENT,4,3,194,OTHER
800000,APARTMENT,2,2,176,OTHER
2100000,APARTMENT,2,2,92,OTHER
3500000,VILLA,5,5,500,OTHER
555000,APARTMENT,3,2,181,"TUWAIQ, WEST RIYADH, RIYADH"
2500000,VILLA,6,6,304,OTHER
520000,FLOOR,4,4,222,"BADR, SOUTH RIYADH, RIYADH"
510000,APARTMENT,4,3,144,OTHER
680000,APARTMENT,3,4,247,OTHER
580000,FLOOR,6,4,184,"BADR, SOUTH RIYADH, RIYADH"
1000000,FLOOR,4,4,171,"AL JANADRIYAH, EAST RIYADH, RIYADH"
1550000,FLOOR,6,3,213,OTHER
2000000,FLOOR,6,4,149,OTHER
1400000,APARTMENT,5,3,209,"AL MUNSIYAH, EAST RIYADH, RIYADH"
1700000,FLOOR,6,3,242,"AL MUNSIYAH, EAST RIYADH, RIYADH"
2500000,VILLA,4,6,446,"AL MAHDIYAH, WEST RIYADH, RIYADH"
2500000,VILLA,6,8,446,"AL MAHDIYAH, WEST RIYADH, RIYADH"
2500000,VILLA,5,6,446,"AL MAHDIYAH, WEST RIYADH, RIYADH"
2200000,VILLA,4,6,200,"AL MAHDIYAH, WEST RIYADH, RIYADH"
2050000,VILLA,4,6,450,"AL MAHDIYAH, WEST RIYADH, RIYADH"
990000,FLOOR,5,5,177,"AL RIMAL, EAST RIYADH, RIYADH"
580000,APARTMENT,4,4,134,OTHER
700000,APARTMENT,5,3,187,OTHER
1200000,VILLA,7,6,351,OTHER
650000,APARTMENT,3,2,108,"AL RAWDAH, NORTH JEDDAH, JEDDAH"
1800000,VILLA,6,5,400,OTHER
1300000,VILLA,4,3,300,OTHER
5000000,VILLA,10,7,562,OTHER
2830000,VILLA,5,4,345,"QURTUBAH, EAST RIYADH, RIYADH"
1650000,FLOOR,5,4,190,"QURTUBAH, EAST RIYADH, RIYADH"
2750000,VILLA,8,8,376,OTHER
2200000,FLOOR,6,5,237,"QURTUBAH, EAST RIYADH, RIYADH"
1900000,FLOOR,6,5,220,"QURTUBAH, EAST RIYADH, RIYADH"
1500000,VILLA,6,9,437,OTHER
3200000,VILLA,7,8,450,"AL MAHDIYAH, WEST RIYADH, RIYADH"
3200000,VILLA,6,7,418,"AL MAHDIYAH, WEST RIYADH, RIYADH"
4000000,VILLA,7,9,450,"AL MAHDIYAH, WEST RIYADH, RIYADH"
900000,APARTMENT,3,4,478,"AL MAHDIYAH, WEST RIYADH, RIYADH"
1700000,FLOOR,4,4,195,"QURTUBAH, EAST RIYADH, RIYADH"
1350000,FLOOR,6,4,442,OTHER
600000,APARTMENT,3,4,161,OTHER
600000,APARTMENT,4,3,146,OTHER
780000,APARTMENT,4,3,133,"AL RAWDAH, NORTH JEDDAH, JEDDAH"
325000,APARTMENT,2,2,84,OTHER
350000,APARTMENT,3,2,98,OTHER
465000,APARTMENT,3,3,98,OTHER
2400000,VILLA,4,8,357,"AL MAHDIYAH, WEST RIYADH, RIYADH"
560000,APARTMENT,5,4,186,OTHER
680000,APARTMENT,4,2,139,"AL RAWDAH, NORTH JEDDAH, JEDDAH"
450000,VILLA,6,7,415,OTHER
1550000,FLOOR,3,1,211,"AL ARID, NORTH RIYADH, RIYADH"
995000,APARTMENT,3,3,158,"AL RIMAL, EAST RIYADH, RIYADH"
1250000,VILLA,8,5,330,OTHER
820000,APARTMENT,5,4,177,"AL RAWDAH, NORTH JEDDAH, JEDDAH"
930000,APARTMENT,4,3,123,OTHER
850000,FLOOR,3,4,213,"AL JANADRIYAH, EAST RIYADH, RIYADH"
2200000,VILLA,5,6,360,"AL JANADRIYAH, EAST RIYADH, RIYADH"
2450000,VILLA,6,7,478,"AL MAHDIYAH, WEST RIYADH, RIYADH"
21000000,VILLA,4,6,357,"AL MAHDIYAH, WEST RIYADH, RIYADH"
2100000,VILLA,5,7,418,"AL MAHDIYAH, WEST RIYADH, RIYADH"
1450000,VILLA,6,3,375,OTHER
660000,APARTMENT,4,3,176,OTHER
1650000,APARTMENT,4,4,171,OTHER
450000,VILLA,4,3,150,OTHER
550000,APARTMENT,5,5,187,OTHER
865000,APARTMENT,3,3,135,OTHER
1100000,VILLA,7,8,405,OTHER
1600000,APARTMENT,4,3,161,OTHER
3500000,VILLA,6,5,357,"QURTUBAH, EAST RIYADH, RIYADH"
9000000,VILLA,11,11,806,OTHER
1600000,FLOOR,5,3,198,"QURTUBAH, EAST RIYADH, RIYADH"
3600000,VILLA,8,2,305,OTHER
650000,APARTMENT,4,3,152,OTHER
1250000,FLOOR,5,5,260,"AL QADISIYAH, EAST RIYADH, RIYADH"
780000,FLOOR,3,5,173,"BADR, SOUTH RIYADH, RIYADH"
1300000,VILLA,9,7,394,OTHER
2800000,VILLA,6,6,440,OTHER
600000,APARTMENT,6,4,251,OTHER
995000,APARTMENT,3,2,158,"AL RIMAL, EAST RIYADH, RIYADH"
1650000,FLOOR,4,6,183,"AL MUNSIYAH, EAST RIYADH, RIYADH"
2350000,VILLA,6,6,200,"AL MAHDIYAH, WEST RIYADH, RIYADH"
905000,APARTMENT,4,4,159,"AL QADISIYAH, EAST RIYADH, RIYADH"
1450000,FLOOR,4,4,505,"AL QADISIYAH, EAST RIYADH, RIYADH"
3650000,VILLA,6,6,324,"AL MUNSIYAH, EAST RIYADH, RIYADH"
1200000,APARTMENT,5,3,162,"AL RIMAL, EAST RIYADH, RIYADH"
1650000,FLOOR,5,4,206,"AL MUNSIYAH, EAST RIYADH, RIYADH"
1300000,FLOOR,5,4,222,"AL QADISIYAH, EAST RIYADH, RIYADH"
1400000,APARTMENT,4,3,167,"AL RIMAL, EAST RIYADH, RIYADH"
1800000,VILLA,6,4,292,"AL RIMAL, EAST RIYADH, RIYADH"
2100000,VILLA,6,5,328,"AL RIMAL, EAST RIYADH, RIYADH"
1650000,FLOOR,5,5,183,"AL MUNSIYAH, EAST RIYADH, RIYADH"
2750000,VILLA,7,5,376,OTHER
1450000,VILLA,5,4,274,"AL RIMAL, EAST RIYADH, RIYADH"
1000000,FLOOR,4,4,184,OTHER
1000000,FLOOR,5,4,184,OTHER
1150000,APARTMENT,5,4,178,"AL RIMAL, EAST RIYADH, RIYADH"
3650000,VILLA,5,6,324,"AL MUNSIYAH, EAST RIYADH, RIYADH"
4200000,VILLA,8,7,371,"AL MUNSIYAH, EAST RIYADH, RIYADH"
3650000,VILLA,8,7,324,"AL MUNSIYAH, EAST RIYADH, RIYADH"
1250000,FLOOR,3,3,199,"AL QADISIYAH, EAST RIYADH, RIYADH"
1200000,VILLA,6,4,300,OTHER
1100000,VILLA,8,4,310,OTHER
900000,APARTMENT,4,3,121,OTHER
2500000,VILLA,5,6,504,"AL MUNSIYAH, EAST RIYADH, RIYADH"
850000,APARTMENT,2,4,197,OTHER
1350000,FLOOR,4,4,442,OTHER
1000000,FLOOR,3,3,219,"AL QADISIYAH, EAST RIYADH, RIYADH"
1350000,APARTMENT,5,4,165,"AL MUNSIYAH, EAST RIYADH, RIYADH"
1700000,FLOOR,5,4,206,"AL MUNSIYAH, EAST RIYADH, RIYADH"
2400000,VILLA,6,5,250,OTHER
640000,APARTMENT,5,3,184,OTHER
2830000,VILLA,7,5,345,"QURTUBAH, EAST RIYADH, RIYADH"
1700000,FLOOR,6,5,206,"AL MUNSIYAH, EAST RIYADH, RIYADH"
1700000,FLOOR,6,4,206,"AL MUNSIYAH, EAST RIYADH, RIYADH"
350000,APARTMENT,3,3,600,OTHER
3700000,VILLA,7,6,408,"QURTUBAH, EAST RIYADH, RIYADH"
640000,APARTMENT,6,4,183,OTHER
1350000,VILLA,4,5,492,"AL RIMAL, EAST RIYADH, RIYADH"
3000000,VILLA,8,6,450,"AL RIMAL, EAST RIYADH, RIYADH"
1400000,FLOOR,5,4,166,OTHER
1100000,APARTMENT,5,3,66,OTHER
3700000,VILLA,7,7,408,"QURTUBAH, EAST RIYADH, RIYADH"
1600000,FLOOR,4,4,198,"QURTUBAH, EAST RIYADH, RIYADH"
2200000,VILLA,6,4,200,"AL MAHDIYAH, WEST RIYADH, RIYADH"
2100000,VILLA,7,6,328,"AL RIMAL, EAST RIYADH, RIYADH"
1600000,FLOOR,5,4,198,"QURTUBAH, EAST RIYADH, RIYADH"
710000,APARTMENT,3,3,132,"AL RIMAL, EAST RIYADH, RIYADH"
1000000,FLOOR,4,3,155,"AL RIMAL, EAST RIYADH, RIYADH"
1170000,FLOOR,4,5,233,"AL RIMAL, EAST RIYADH, RIYADH"
1400000,VILLA,4,4,528,OTHER
1100000,APARTMENT,3,3,312,OTHER
1800000,FLOOR,3,3,312,OTHER
1200000,APARTMENT,4,4,144,"QURTUBAH, EAST RIYADH, RIYADH"
1000000,APARTMENT,5,4,106,OTHER
1500000,FLOOR,4,4,234,OTHER
460000,APARTMENT,3,3,107,OTHER
3050000,VILLA,8,7,390,OTHER
1850000,FLOOR,4,3,198,"QURTUBAH, EAST RIYADH, RIYADH"
400000,APARTMENT,3,3,131,OTHER
3500000,VILLA,6,6,300,OTHER
690000,APARTMENT,5,4,162,"AL SALAMAH, NORTH JEDDAH, JEDDAH"
1350000,FLOOR,4,3,131,"AL MUNSIYAH, EAST RIYADH, RIYADH"
780000,FLOOR,8,5,259,"OKAZ, SOUTH RIYADH, RIYADH"
950000,FLOOR,4,3,170,OTHER
1000000,FLOOR,2,3,131,"AL MUNSIYAH, EAST RIYADH, RIYADH"
797000,APARTMENT,4,3,88,"AL QADISIYAH, EAST RIYADH, RIYADH"
1150000,FLOOR,4,3,193,"AL QADISIYAH, EAST RIYADH, RIYADH"
720000,APARTMENT,4,3,156,OTHER
1850000,FLOOR,3,3,200,"QURTUBAH, EAST RIYADH, RIYADH"
1250000,FLOOR,5,3,241,"AL RIMAL, EAST RIYADH, RIYADH"
765000,APARTMENT,3,4,136,"AL QADISIYAH, EAST RIYADH, RIYADH"
1450000,FLOOR,4,4,185,"AL MUNSIYAH, EAST RIYADH, RIYADH"
750000,VILLA,8,6,324,OTHER
720000,APARTMENT,3,4,156,OTHER
1100000,FLOOR,2,3,131,"AL MUNSIYAH, EAST RIYADH, RIYADH"
900000,APARTMENT,2,3,192,"AL MUNSIYAH, EAST RIYADH, RIYADH"
1500000,FLOOR,5,5,185,"AL MUNSIYAH, EAST RIYADH, RIYADH"
850000,FLOOR,3,3,152,OTHER
1850000,FLOOR,4,3,195,"QURTUBAH, EAST RIYADH, RIYADH"
700000,APARTMENT,5,3,205,OTHER
730000,APARTMENT,6,4,205,OTHER
850000,APARTMENT,4,3,140,OTHER
450000,APARTMENT,4,3,103,OTHER
550000,APARTMENT,5,3,124,OTHER
1900000,VILLA,5,5,272,"AL RIMAL, EAST RIYADH, RIYADH"
2800000,VILLA,5,5,230,"AL ARID, NORTH RIYADH, RIYADH"
1000000,APARTMENT,3,3,118,"AL ARID, NORTH RIYADH, RIYADH"
2600000,VILLA,6,5,230,"AL ARID, NORTH RIYADH, RIYADH"
8000000,VILLA,7,5,702,OTHER
2560000,VILLA,5,5,267,"AL RIMAL, EAST RIYADH, RIYADH"
3600000,VILLA,4,6,337,OTHER
730000,APARTMENT,3,3,121,OTHER
1150000,VILLA,4,4,288,"AL JANADRIYAH, EAST RIYADH, RIYADH"
2300000,VILLA,3,4,365,OTHER
2800000,VILLA,9,7,750,OTHER
3200000,VILLA,5,3,250,OTHER
770000,APARTMENT,4,3,133,"AL RAWDAH, NORTH JEDDAH, JEDDAH"
1280000,VILLA,7,7,300,OTHER
1100000,VILLA,8,6,250,OTHER
800000,APARTMENT,5,4,238,"BADR, SOUTH RIYADH, RIYADH"
600000,APARTMENT,4,3,538,OTHER
1720000,VILLA,5,6,220,"AL RIMAL, EAST RIYADH, RIYADH"
669000,APARTMENT,3,3,630,OTHER
930000,APARTMENT,3,4,186,"AL JANADRIYAH, EAST RIYADH, RIYADH"
950000,VILLA,3,5,244,"AL JANADRIYAH, EAST RIYADH, RIYADH"
1700000,APARTMENT,3,3,137,OTHER
1200000,APARTMENT,3,3,138,"AL NARJIS, NORTH RIYADH, RIYADH"
900000,APARTMENT,3,2,101,"AL MAHDIYAH, WEST RIYADH, RIYADH"
550000,REST HOUSE,4,4,700,OTHER
3587500,VILLA,11,7,445,OTHER
5091024,REST HOUSE,5,4,2121,OTHER
1580000,FLOOR,6,4,159,"AL ARID, NORTH RIYADH, RIYADH"
580000,APARTMENT,4,3,128,OTHER
4200000,VILLA,4,4,400,OTHER
850000,APARTMENT,4,3,172,"AL RAWDAH, NORTH JEDDAH, JEDDAH"
580000,APARTMENT,3,2,86,"AL RAWDAH, NORTH JEDDAH, JEDDAH"
3500000,VILLA,6,5,450,OTHER
1900000,VILLA,7,5,494,"AL MAHDIYAH, WEST RIYADH, RIYADH"
285000,APARTMENT,2,2,475,OTHER
1600000,VILLA,8,4,422,"BADR, SOUTH RIYADH, RIYADH"
850000,APARTMENT,3,4,154,"AL MAHDIYAH, WEST RIYADH, RIYADH"
2500000,VILLA,11,7,600,OTHER
750000,FLOOR,3,3,121,OTHER
560000,APARTMENT,5,5,141,OTHER
10500000,REST HOUSE,4,5,4000,OTHER
900000,APARTMENT,2,3,101,"AL MAHDIYAH, WEST RIYADH, RIYADH"
770000,VILLA,6,6,234,OTHER
920000,VILLA,7,7,250,OTHER
900000,APARTMENT,4,4,130,"AL MAHDIYAH, WEST RIYADH, RIYADH"
950000,APARTMENT,5,4,175,"AL RAWDAH, NORTH JEDDAH, JEDDAH"
680000,APARTMENT,4,3,136,"AL SALAMAH, NORTH JEDDAH, JEDDAH"
5000000,VILLA,4,6,450,"AL NARJIS, NORTH RIYADH, RIYADH"
530000,APARTMENT,4,3,127,OTHER
880000,APARTMENT,4,4,140,"AL MAHDIYAH, WEST RIYADH, RIYADH"
1000000,APARTMENT,4,4,170,"AL MAHDIYAH, WEST RIYADH, RIYADH"
850000,APARTMENT,3,3,140,"AL MAHDIYAH, WEST RIYADH, RIYADH"
800000,APARTMENT,4,3,130,"AL MAHDIYAH, WEST RIYADH, RIYADH"
800000,APARTMENT,3,3,130,"AL MAHDIYAH, WEST RIYADH, RIYADH"
680000,APARTMENT,3,3,111,"AL MAHDIYAH, WEST RIYADH, RIYADH"
950000,APARTMENT,3,3,170,"AL MAHDIYAH, WEST RIYADH, RIYADH"
980000,APARTMENT,3,3,155,"AL MAHDIYAH, WEST RIYADH, RIYADH"
850000,APARTMENT,3,3,154,"AL MAHDIYAH, WEST RIYADH, RIYADH"
780000,APARTMENT,2,2,130,"AL MAHDIYAH, WEST RIYADH, RIYADH"
930000,APARTMENT,3,3,170,"AL MAHDIYAH, WEST RIYADH, RIYADH"
1200000,APARTMENT,3,4,165,"AL MAHDIYAH, WEST RIYADH, RIYADH"
1350000,APARTMENT,2,2,153,"AL MAHDIYAH, WEST RIYADH, RIYADH"
900000,APARTMENT,3,3,141,"AL MAHDIYAH, WEST RIYADH, RIYADH"
950000,APARTMENT,3,3,160,"AL MAHDIYAH, WEST RIYADH, RIYADH"
900000,APARTMENT,2,3,130,"AL MAHDIYAH, WEST RIYADH, RIYADH"
900000,APARTMENT,5,3,150,"AL MAHDIYAH, WEST RIYADH, RIYADH"
870000,APARTMENT,4,4,162,"AL MAHDIYAH, WEST RIYADH, RIYADH"
2000000,VILLA,8,3,600,OTHER
720000,APARTMENT,5,4,188,OTHER
800000,VILLA,6,7,263,OTHER
1000000,FLOOR,3,4,110,"AL RIMAL, EAST RIYADH, RIYADH"
700000,APARTMENT,3,3,152,OTHER
1850000,VILLA,7,7,464,OTHER
900000,FLOOR,3,3,143,"AL RIMAL, EAST RIYADH, RIYADH"
800000,APARTMENT,3,3,120,"AL MAHDIYAH, WEST RIYADH, RIYADH"
850000,APARTMENT,3,3,130,"AL MAHDIYAH, WEST RIYADH, RIYADH"
950000,APARTMENT,3,3,120,"AL MAHDIYAH, WEST RIYADH, RIYADH"
950000,APARTMENT,4,3,120,"AL MAHDIYAH, WEST RIYADH, RIYADH"
1200000,FLOOR,4,4,230,OTHER
2450000,VILLA,5,6,235,"AL MAHDIYAH, WEST RIYADH, RIYADH"
820000,FLOOR,3,5,178,OTHER
1400000,APARTMENT,4,2,150,OTHER
850000,FLOOR,3,3,177,OTHER
950000,APARTMENT,4,3,155,"AL RIMAL, EAST RIYADH, RIYADH"
1200000,VILLA,4,4,900,OTHER
2350000,FLOOR,3,5,237,"AL NARJIS, NORTH RIYADH, RIYADH"
1700000,FLOOR,3,3,220,"QURTUBAH, EAST RIYADH, RIYADH"
3500000,VILLA,5,5,408,"QURTUBAH, EAST RIYADH, RIYADH"
6300000,VILLA,11,7,442,"AL ARID, NORTH RIYADH, RIYADH"
1250000,FLOOR,3,4,230,OTHER
1115000,APARTMENT,3,3,146,"AL MUNSIYAH, EAST RIYADH, RIYADH"
1400000,VILLA,3,3,177,"AL MUNSIYAH, EAST RIYADH, RIYADH"
1300000,FLOOR,3,3,131,"AL MUNSIYAH, EAST RIYADH, RIYADH"
400000,APARTMENT,1,1,62,OTHER
2000000,VILLA,8,3,492,OTHER
595000,APARTMENT,5,3,158,OTHER
6100000,VILLA,5,2,1232,OTHER
1350000,APARTMENT,2,3,99,OTHER
1500000,APARTMENT,3,3,110,"AL NARJIS, NORTH RIYADH, RIYADH"
550000,FLOOR,7,6,450,"BADR, SOUTH RIYADH, RIYADH"
3600000,VILLA,11,9,400,"AL MAHDIYAH, WEST RIYADH, RIYADH"
399000,APARTMENT,3,3,616,OTHER
1150000,VILLA,8,6,250,OTHER
2500000,VILLA,3,3,267,"AL RIMAL, EAST RIYADH, RIYADH"
920000,VILLA,5,7,304,OTHER
2700000,VILLA,5,5,400,"AL MAHDIYAH, WEST RIYADH, RIYADH"
2150000,VILLA,4,4,391,"AL MAHDIYAH, WEST RIYADH, RIYADH"
1600000,REST HOUSE,6,7,408,OTHER
1750000,REST HOUSE,1,1,500,OTHER
1700000,VILLA,4,7,312,OTHER
4000000,VILLA,11,11,895,OTHER
320000,APARTMENT,2,2,659,OTHER
2100000,VILLA,4,7,436,OTHER
1450000,APARTMENT,5,4,174,"QURTUBAH, EAST RIYADH, RIYADH"
2150000,VILLA,5,7,356,"AL MAHDIYAH, WEST RIYADH, RIYADH"
2200000,VILLA,5,6,413,"AL MAHDIYAH, WEST RIYADH, RIYADH"
449000,APARTMENT,3,2,500,OTHER
900000,FLOOR,3,4,750,OTHER
1800000,VILLA,8,8,437,OTHER
1450000,APARTMENT,5,2,128,OTHER
8000000,VILLA,11,11,900,"AL MAHDIYAH, WEST RIYADH, RIYADH"
2900000,VILLA,9,9,300,"AL MUNSIYAH, EAST RIYADH, RIYADH"
3800000,VILLA,6,6,418,OTHER
1400000,FLOOR,4,4,234,OTHER
900000,FLOOR,4,5,220,"AL QADISIYAH, EAST RIYADH, RIYADH"
3200000,VILLA,5,1,263,"AL NARJIS, NORTH RIYADH, RIYADH"
4400000,VILLA,6,5,312,"AL NARJIS, NORTH RIYADH, RIYADH"
1700000,APARTMENT,3,4,238,"AL NARJIS, NORTH RIYADH, RIYADH"
890000,APARTMENT,4,4,170,"AL RIMAL, EAST RIYADH, RIYADH"
1245000,APARTMENT,6,4,156,OTHER
890000,APARTMENT,2,2,98,OTHER
9180000,REST HOUSE,4,4,1080,"AL ARID, NORTH RIYADH, RIYADH"
1750000,FLOOR,2,1,176,"AL NARJIS, NORTH RIYADH, RIYADH"
1380000,FLOOR,4,1,210,"AL MUNSIYAH, EAST RIYADH, RIYADH"
1350000,VILLA,7,5,674,OTHER
560000,APARTMENT,5,3,202,OTHER
990000,REST HOUSE,2,4,254,OTHER
485000,APARTMENT,2,3,157,OTHER
1000000,APARTMENT,2,2,118,OTHER
2600000,VILLA,5,5,312,OTHER
700000,APARTMENT,4,4,210,OTHER
850000,APARTMENT,5,5,197,"AL SALAMAH, NORTH JEDDAH, JEDDAH"
770000,APARTMENT,4,3,187,OTHER
4000000,VILLA,5,8,415,OTHER
7000000,VILLA,9,5,507,OTHER
1100000,VILLA,7,4,272,"TUWAIQ, WEST RIYADH, RIYADH"
2000000,VILLA,5,4,450,"AL RIMAL, EAST RIYADH, RIYADH"
2000000,FLOOR,4,4,1056,OTHER
3300000,VILLA,4,5,339,OTHER
6000000,VILLA,4,5,500,OTHER
2200000,VILLA,5,6,400,"AL MAHDIYAH, WEST RIYADH, RIYADH"
950000,APARTMENT,4,3,118,OTHER
1800000,VILLA,4,5,266,"AL RIMAL, EAST RIYADH, RIYADH"
650000,APARTMENT,4,4,242,"BADR, SOUTH RIYADH, RIYADH"
1500000,APARTMENT,5,2,219,OTHER
2100000,VILLA,7,2,319,OTHER
600000,APARTMENT,5,3,200,OTHER
4000000,VILLA,6,5,595,"AL MUNSIYAH, EAST RIYADH, RIYADH"
595000,APARTMENT,4,4,133,OTHER
1665000,APARTMENT,4,4,118,"QURTUBAH, EAST RIYADH, RIYADH"
1050000,VILLA,6,3,265,"TUWAIQ, WEST RIYADH, RIYADH"
820000,FLOOR,4,4,212,OTHER
650000,APARTMENT,3,3,124,OTHER
830000,APARTMENT,5,4,189,OTHER
3850000,VILLA,6,4,625,OTHER
1000000,FLOOR,3,4,184,OTHER
900000,APARTMENT,5,4,172,"AL RIMAL, EAST RIYADH, RIYADH"
311000,APARTMENT,1,1,62,OTHER
690000,APARTMENT,6,5,187,OTHER
1000000,APARTMENT,5,3,93,"TUWAIQ, WEST RIYADH, RIYADH"
630000,APARTMENT,4,3,131,OTHER
2200000,VILLA,5,5,413,"AL MAHDIYAH, WEST RIYADH, RIYADH"
2300000,VILLA,5,5,158,"AL ARID, NORTH RIYADH, RIYADH"
1400000,VILLA,3,4,280,OTHER
1400000,VILLA,5,5,280,OTHER
1300000,FLOOR,4,3,540,"AL MUNSIYAH, EAST RIYADH, RIYADH"
1550000,VILLA,9,9,472,OTHER
1750000,VILLA,10,10,375,OTHER
3300000,VILLA,5,4,357,"QURTUBAH, EAST RIYADH, RIYADH"
3500000,VILLA,11,7,315,"AL ARID, NORTH RIYADH, RIYADH"
720000,APARTMENT,7,5,171,OTHER
1450000,VILLA,4,3,252,OTHER
740000,APARTMENT,4,4,143,"AL SALAMAH, NORTH JEDDAH, JEDDAH"
3000000,VILLA,5,3,407,OTHER
1850000,APARTMENT,3,3,153,OTHER
279000,APARTMENT,2,2,1784,OTHER
1850000,VILLA,5,4,270,OTHER
1350000,FLOOR,3,3,141,"AL MUNSIYAH, EAST RIYADH, RIYADH"
1250000,VILLA,3,4,188,"AL QADISIYAH, EAST RIYADH, RIYADH"
1500000,VILLA,6,7,438,OTHER
780000,VILLA,5,2,187,OTHER
1020000,FLOOR,5,3,166,"AL QADISIYAH, EAST RIYADH, RIYADH"
2100000,APARTMENT,3,3,166,OTHER
370000,APARTMENT,4,3,145,OTHER
540000,APARTMENT,5,3,217,OTHER
7000000,VILLA,10,8,400,OTHER
1200000,FLOOR,4,3,177,"AL JANADRIYAH, EAST RIYADH, RIYADH"
560000,APARTMENT,5,3,164,OTHER
1500000,FLOOR,3,5,251,OTHER
1200000,FLOOR,3,5,230,OTHER
630000,APARTMENT,6,4,212,OTHER
1249000,VILLA,10,6,416,OTHER
5500000,VILLA,7,9,415,OTHER
1700000,VILLA,11,6,281,OTHER
730000,APARTMENT,7,3,240,OTHER
1150000,VILLA,5,4,315,"AL JANADRIYAH, EAST RIYADH, RIYADH"
2400000,VILLA,4,4,484,OTHER
1127500,APARTMENT,4,1,139,"AL NARJIS, NORTH RIYADH, RIYADH"
1000000,VILLA,5,5,312,OTHER
3500000,VILLA,4,5,300,OTHER
620000,APARTMENT,5,4,179,OTHER
870000,FLOOR,4,4,138,"AL RIMAL, EAST RIYADH, RIYADH"
1450000,APARTMENT,3,4,186,"QURTUBAH, EAST RIYADH, RIYADH"
1850000,FLOOR,3,4,174,"QURTUBAH, EAST RIYADH, RIYADH"
1750000,VILLA,4,6,405,OTHER
800000,APARTMENT,2,3,393,OTHER
330000,APARTMENT,4,3,1920,OTHER
1400000,FLOOR,4,6,287,OTHER
900000,FLOOR,5,2,155,"AL RIMAL, EAST RIYADH, RIYADH"
1300000,FLOOR,2,3,492,"AL RIMAL, EAST RIYADH, RIYADH"
350000,APARTMENT,3,3,900,OTHER
1800000,VILLA,4,4,875,OTHER
620000,APARTMENT,3,3,250,OTHER
650000,APARTMENT,3,4,116,OTHER
800000,FLOOR,3,3,180,OTHER
1050000,APARTMENT,3,3,129,"AL RIMAL, EAST RIYADH, RIYADH"
950000,APARTMENT,3,3,161,"AL MAHDIYAH, WEST RIYADH, RIYADH"
900000,APARTMENT,3,3,478,"AL MAHDIYAH, WEST RIYADH, RIYADH"
850000,APARTMENT,3,3,125,"AL MAHDIYAH, WEST RIYADH, RIYADH"
450000,APARTMENT,3,2,119,OTHER
600000,APARTMENT,4,3,174,OTHER
1300000,VILLA,6,4,264,OTHER
1500000,VILLA,6,5,264,OTHER
810000,APARTMENT,2,4,114,OTHER
1200000,FLOOR,5,4,230,OTHER
1500000,APARTMENT,3,4,133,"AL ARID, NORTH RIYADH, RIYADH"
900000,APARTMENT,5,5,162,OTHER
4000000,VILLA,5,4,357,OTHER
1900000,APARTMENT,6,5,173,"AL MUNSIYAH, EAST RIYADH, RIYADH"
1200000,VILLA,7,7,500,OTHER
1250000,FLOOR,3,3,215,"AL RIMAL, EAST RIYADH, RIYADH"
950000,APARTMENT,6,4,200,OTHER
4300000,VILLA,5,10,300,"AL NARJIS, NORTH RIYADH, RIYADH"
3150000,VILLA,5,9,250,"AL NARJIS, NORTH RIYADH, RIYADH"
5750000,VILLA,6,10,479,"AL NARJIS, NORTH RIYADH, RIYADH"
700000,APARTMENT,4,3,81,"AL RIMAL, EAST RIYADH, RIYADH"
1050000,APARTMENT,3,5,172,"AL QADISIYAH, EAST RIYADH, RIYADH"
1200000,FLOOR,3,3,230,OTHER
1780000,VILLA,8,4,375,"TUWAIQ, WEST RIYADH, RIYADH"
2750000,VILLA,6,7,317,OTHER
1400000,FLOOR,5,5,305,"AL QADISIYAH, EAST RIYADH, RIYADH"
1350000,FLOOR,3,3,232,"AL QADISIYAH, EAST RIYADH, RIYADH"
1020000,FLOOR,3,3,166,"AL QADISIYAH, EAST RIYADH, RIYADH"
2200000,VILLA,5,5,275,OTHER
350000,APARTMENT,3,5,219,OTHER
900000,APARTMENT,4,4,158,OTHER
1800000,VILLA,7,5,366,"AL MAHDIYAH, WEST RIYADH, RIYADH"
2000000,VILLA,5,4,210,"AL MAHDIYAH, WEST RIYADH, RIYADH"
2500000,VILLA,7,6,366,"AL MAHDIYAH, WEST RIYADH, RIYADH"
3000000,VILLA,7,5,366,"AL MAHDIYAH, WEST RIYADH, RIYADH"
800000,APARTMENT,3,3,155,"AL MAHDIYAH, WEST RIYADH, RIYADH"
680000,APARTMENT,2,3,520,OTHER
3200000,VILLA,3,6,350,"AL NARJIS, NORTH RIYADH, RIYADH"
2400000,VILLA,3,5,336,"AL QADISIYAH, EAST RIYADH, RIYADH"
1350000,FLOOR,6,3,186,"AL MUNSIYAH, EAST RIYADH, RIYADH"
2100000,VILLA,4,5,328,"AL RIMAL, EAST RIYADH, RIYADH"
750000,FLOOR,3,2,208,"AL JANADRIYAH, EAST RIYADH, RIYADH"
1800000,VILLA,5,5,495,OTHER
1600000,REST HOUSE,4,3,875,OTHER
1450000,APARTMENT,4,4,156,"QURTUBAH, EAST RIYADH, RIYADH"
1450000,APARTMENT,5,4,156,"QURTUBAH, EAST RIYADH, RIYADH"
1450000,APARTMENT,6,4,156,"QURTUBAH, EAST RIYADH, RIYADH"
1550000,FLOOR,4,6,251,OTHER
3300000,VILLA,6,5,383,"QURTUBAH, EAST RIYADH, RIYADH"
16000000,VILLA,4,7,917,OTHER
765000,APARTMENT,3,3,1000,"TUWAIQ, WEST RIYADH, RIYADH"
1750000,VILLA,5,4,225,"AL RIMAL, EAST RIYADH, RIYADH"
1420000,VILLA,3,2,227,"AL RIMAL, EAST RIYADH, RIYADH"
4850000,VILLA,5,10,349,"AL ARID, NORTH RIYADH, RIYADH"
830000,APARTMENT,3,2,478,"AL MAHDIYAH, WEST RIYADH, RIYADH"
1050000,APARTMENT,3,3,478,"AL MAHDIYAH, WEST RIYADH, RIYADH"
880000,APARTMENT,3,2,478,"AL MAHDIYAH, WEST RIYADH, RIYADH"
850000,APARTMENT,3,3,478,"AL MAHDIYAH, WEST RIYADH, RIYADH"
900000,APARTMENT,3,2,478,"AL MAHDIYAH, WEST RIYADH, RIYADH"
1150000,APARTMENT,3,3,478,"AL MAHDIYAH, WEST RIYADH, RIYADH"
3000000,VILLA,7,6,366,"AL MAHDIYAH, WEST RIYADH, RIYADH"
810000,APARTMENT,3,3,130,"AL MAHDIYAH, WEST RIYADH, RIYADH"
799000,APARTMENT,3,4,130,"AL MAHDIYAH, WEST RIYADH, RIYADH"
2000000,VILLA,7,6,366,"AL MAHDIYAH, WEST RIYADH, RIYADH"
2100000,VILLA,5,5,210,"AL MAHDIYAH, WEST RIYADH, RIYADH"
3100000,VILLA,7,5,366,"AL MAHDIYAH, WEST RIYADH, RIYADH"
2200000,VILLA,7,5,366,"AL MAHDIYAH, WEST RIYADH, RIYADH"
850000,APARTMENT,3,3,150,"AL MAHDIYAH, WEST RIYADH, RIYADH"
1950000,VILLA,5,7,260,"AL MAHDIYAH, WEST RIYADH, RIYADH"
1850000,VILLA,7,6,366,"AL MAHDIYAH, WEST RIYADH, RIYADH"
1950000,VILLA,7,5,366,"AL MAHDIYAH, WEST RIYADH, RIYADH"
1950000,VILLA,7,3,366,"AL MAHDIYAH, WEST RIYADH, RIYADH"
2550000,VILLA,7,5,366,"AL MAHDIYAH, WEST RIYADH, RIYADH"
2750000,VILLA,7,5,366,"AL MAHDIYAH, WEST RIYADH, RIYADH"
2250000,VILLA,5,5,270,"AL MAHDIYAH, WEST RIYADH, RIYADH"
2250000,VILLA,7,5,366,"AL MAHDIYAH, WEST RIYADH, RIYADH"
2250000,VILLA,7,4,366,"AL MAHDIYAH, WEST RIYADH, RIYADH"
2100000,VILLA,7,3,366,"AL MAHDIYAH, WEST RIYADH, RIYADH"
1990000,VILLA,7,4,366,"AL MAHDIYAH, WEST RIYADH, RIYADH"
800000,APARTMENT,3,3,150,"AL MAHDIYAH, WEST RIYADH, RIYADH"
2000000,VILLA,6,5,260,"AL MAHDIYAH, WEST RIYADH, RIYADH"
1900000,VILLA,7,5,366,"AL MAHDIYAH, WEST RIYADH, RIYADH"
1000000,APARTMENT,3,2,478,"AL MAHDIYAH, WEST RIYADH, RIYADH"
920000,APARTMENT,3,3,478,"AL MAHDIYAH, WEST RIYADH, RIYADH"
3000000,VILLA,6,4,300,"AL MAHDIYAH, WEST RIYADH, RIYADH"
1990000,VILLA,6,6,200,"AL MAHDIYAH, WEST RIYADH, RIYADH"
1800000,VILLA,5,3,200,"AL MAHDIYAH, WEST RIYADH, RIYADH"
880000,APARTMENT,3,3,150,"AL MAHDIYAH, WEST RIYADH, RIYADH"
2000000,VILLA,6,5,200,"AL MAHDIYAH, WEST RIYADH, RIYADH"
2000000,VILLA,4,6,366,"AL MAHDIYAH, WEST RIYADH, RIYADH"
3200000,VILLA,5,5,366,"AL MAHDIYAH, WEST RIYADH, RIYADH"
2550000,VILLA,7,4,366,"AL MAHDIYAH, WEST RIYADH, RIYADH"
2300000,VILLA,6,5,400,"AL MAHDIYAH, WEST RIYADH, RIYADH"
4000000,VILLA,6,5,300,"AL NARJIS, NORTH RIYADH, RIYADH"
1200000,APARTMENT,3,3,176,OTHER
1200000,APARTMENT,3,4,138,"QURTUBAH, EAST RIYADH, RIYADH"
670000,APARTMENT,5,3,163,OTHER
890000,VILLA,7,5,353,OTHER
850000,VILLA,5,4,312,OTHER
2000000,VILLA,4,5,297,"AL QADISIYAH, EAST RIYADH, RIYADH"
900000,FLOOR,4,4,106,"TUWAIQ, WEST RIYADH, RIYADH"
1600000,VILLA,5,4,283,"AL RIMAL, EAST RIYADH, RIYADH"
1350000,FLOOR,3,4,165,"AL MUNSIYAH, EAST RIYADH, RIYADH"
1450000,FLOOR,5,5,252,"AL QADISIYAH, EAST RIYADH, RIYADH"
1850000,FLOOR,4,4,4980,"QURTUBAH, EAST RIYADH, RIYADH"
2400000,VILLA,5,6,343,"AL RIMAL, EAST RIYADH, RIYADH"
1600000,FLOOR,4,4,690,OTHER
1200000,APARTMENT,4,3,167,"AL MUNSIYAH, EAST RIYADH, RIYADH"
1400000,FLOOR,4,4,600,OTHER
1300000,FLOOR,5,3,412,OTHER
3200000,VILLA,7,8,4980,"QURTUBAH, EAST RIYADH, RIYADH"
25000000,VILLA,8,10,1400,OTHER
1600000,FLOOR,4,3,690,OTHER
950000,VILLA,8,5,429,OTHER
1050000,VILLA,9,5,494,OTHER
1450000,FLOOR,4,4,252,"AL QADISIYAH, EAST RIYADH, RIYADH"
1550000,VILLA,8,7,450,OTHER
500000,APARTMENT,5,4,212,OTHER
650000,APARTMENT,5,4,233,OTHER
550000,APARTMENT,6,4,202,OTHER
610000,APARTMENT,6,5,265,OTHER
520000,APARTMENT,5,3,187,OTHER
590000,FLOOR,5,5,225,OTHER
3300000,VILLA,5,3,312,"AL ARID, NORTH RIYADH, RIYADH"
950000,VILLA,4,5,260,OTHER
5900000,VILLA,5,3,400,OTHER
1250000,APARTMENT,5,2,147,"AL RIMAL, EAST RIYADH, RIYADH"
966000,FLOOR,4,3,195,OTHER
1150000,VILLA,5,4,360,"BADR, SOUTH RIYADH, RIYADH"
1050000,FLOOR,3,3,139,OTHER
1050000,FLOOR,4,4,139,OTHER
1100000,FLOOR,5,4,165,OTHER
540000,APARTMENT,3,3,217,OTHER
700000,APARTMENT,6,3,240,OTHER
920000,APARTMENT,6,4,256,OTHER
480000,APARTMENT,5,5,171,OTHER
7800000,VILLA,5,3,400,"AL NARJIS, NORTH RIYADH, RIYADH"
870000,APARTMENT,5,3,171,OTHER
1250000,FLOOR,5,3,206,"AL QADISIYAH, EAST RIYADH, RIYADH"
630000,APARTMENT,5,3,225,OTHER
1250000,FLOOR,4,3,137,OTHER
1100000,FLOOR,3,5,205,"AL JANADRIYAH, EAST RIYADH, RIYADH"
1750000,VILLA,7,7,375,"TUWAIQ, WEST RIYADH, RIYADH"
3050000,VILLA,4,4,390,OTHER
1100000,VILLA,10,6,449,OTHER
1100000,VILLA,10,6,429,OTHER
819000,APARTMENT,3,3,134,"AL RIMAL, EAST RIYADH, RIYADH"
839000,APARTMENT,2,2,97,OTHER
849000,APARTMENT,3,3,137,"AL RIMAL, EAST RIYADH, RIYADH"
750000,APARTMENT,3,3,149,OTHER
500000,APARTMENT,3,3,173,OTHER
3700000,VILLA,6,4,520,"AL RIMAL, EAST RIYADH, RIYADH"
1650000,FLOOR,4,5,195,"QURTUBAH, EAST RIYADH, RIYADH"
1150000,FLOOR,6,4,223,"AL QADISIYAH, EAST RIYADH, RIYADH"
2700000,FLOOR,4,2,149,OTHER
800000,FLOOR,4,3,206,"AL JANADRIYAH, EAST RIYADH, RIYADH"
999000,APARTMENT,2,2,124,OTHER
1650000,FLOOR,5,4,195,"QURTUBAH, EAST RIYADH, RIYADH"
735000,APARTMENT,4,7,229,OTHER
1800000,VILLA,6,6,361,"AL JANADRIYAH, EAST RIYADH, RIYADH"
1150000,FLOOR,4,5,222,"AL QADISIYAH, EAST RIYADH, RIYADH"
1200000,FLOOR,6,4,300,"AL QADISIYAH, EAST RIYADH, RIYADH"
900000,FLOOR,4,4,199,"AL QADISIYAH, EAST RIYADH, RIYADH"
1300000,FLOOR,3,3,167,"AL MUNSIYAH, EAST RIYADH, RIYADH"
1300000,FLOOR,4,3,167,"AL MUNSIYAH, EAST RIYADH, RIYADH"
1400000,FLOOR,5,4,393,OTHER
1500000,VILLA,5,5,274,"AL RIMAL, EAST RIYADH, RIYADH"
690000,APARTMENT,5,3,194,OTHER
550000,APARTMENT,3,2,117,OTHER
2200000,VILLA,7,6,296,"AL QADISIYAH, EAST RIYADH, RIYADH"
2200000,VILLA,5,5,296,"AL QADISIYAH, EAST RIYADH, RIYADH"
399000,APARTMENT,4,3,525,OTHER
2650000,VILLA,7,7,312,"AL RIMAL, EAST RIYADH, RIYADH"
3500000,VILLA,5,9,300,"AL NARJIS, NORTH RIYADH, RIYADH"
2300000,FLOOR,4,5,1200,"AL NARJIS, NORTH RIYADH, RIYADH"
1050000,VILLA,6,6,321,OTHER
2500000,VILLA,5,6,370,"AL MUNSIYAH, EAST RIYADH, RIYADH"
779000,APARTMENT,3,3,140,"AL QADISIYAH, EAST RIYADH, RIYADH"
6000000,REST HOUSE,3,3,1200,"AL RIMAL, EAST RIYADH, RIYADH"
900000,FLOOR,6,5,199,"AL QADISIYAH, EAST RIYADH, RIYADH"
530000,APARTMENT,3,5,163,"OKAZ, SOUTH RIYADH, RIYADH"
600000,APARTMENT,5,3,202,OTHER
2400000,VILLA,5,7,600,OTHER
5500000,VILLA,5,5,375,OTHER
630000,FLOOR,3,5,184,"OKAZ, SOUTH RIYADH, RIYADH"
880000,VILLA,4,3,260,OTHER
2230000,VILLA,4,5,336,"AL QADISIYAH, EAST RIYADH, RIYADH"
1600000,FLOOR,8,5,303,OTHER
720000,APARTMENT,3,3,144,OTHER
670000,APARTMENT,4,3,115,"AL SALAMAH, NORTH JEDDAH, JEDDAH"
1090000,VILLA,5,6,230,OTHER
250000,APARTMENT,2,2,119,OTHER
2300000,VILLA,9,7,312,"AL RIMAL, EAST RIYADH, RIYADH"
2300000,REST HOUSE,2,1,300,"AL ARID, NORTH RIYADH, RIYADH"
750000,VILLA,7,6,460,OTHER
1200000,FLOOR,4,3,247,"AL RIMAL, EAST RIYADH, RIYADH"
1300000,VILLA,8,5,322,OTHER
1650000,VILLA,11,9,619,OTHER
1300000,VILLA,7,5,498,OTHER
740000,APARTMENT,4,3,143,"AL SALAMAH, NORTH JEDDAH, JEDDAH"
830000,APARTMENT,4,4,127,"AL SALAMAH, NORTH JEDDAH, JEDDAH"
960000,APARTMENT,4,4,156,"AL SALAMAH, NORTH JEDDAH, JEDDAH"
1150000,APARTMENT,5,4,162,"AL SALAMAH, NORTH JEDDAH, JEDDAH"
2400000,VILLA,5,5,313,OTHER
890000,APARTMENT,5,4,252,OTHER
800000,VILLA,7,6,323,OTHER
1650000,VILLA,3,4,200,OTHER
1450000,VILLA,9,7,338,OTHER
1230000,VILLA,5,4,300,OTHER
1025000,APARTMENT,5,4,192,"AL SALAMAH, NORTH JEDDAH, JEDDAH"
1435000,VILLA,5,5,200,OTHER
710000,APARTMENT,5,4,187,OTHER
560000,APARTMENT,3,2,200,"BADR, SOUTH RIYADH, RIYADH"
1000000,VILLA,7,5,687,OTHER
1050000,VILLA,4,3,274,OTHER
780000,FLOOR,4,3,205,OTHER
560000,APARTMENT,3,3,141,"TUWAIQ, WEST RIYADH, RIYADH"
770000,FLOOR,3,3,163,"TUWAIQ, WEST RIYADH, RIYADH"
650000,APARTMENT,6,5,243,OTHER
680000,APARTMENT,3,3,122,"AL RIMAL, EAST RIYADH, RIYADH"
1100000,FLOOR,4,3,208,"AL RIMAL, EAST RIYADH, RIYADH"
650000,APARTMENT,2,2,94,"AL RIMAL, EAST RIYADH, RIYADH"
1400000,FLOOR,5,5,251,OTHER
1550000,FLOOR,4,5,296,"AL RIMAL, EAST RIYADH, RIYADH"
970000,FLOOR,5,3,201,"AL JANADRIYAH, EAST RIYADH, RIYADH"
820000,VILLA,4,4,220,OTHER
3200000,VILLA,4,3,275,OTHER
1500000,APARTMENT,4,3,185,"AL RIMAL, EAST RIYADH, RIYADH"
800000,APARTMENT,3,3,114,"AL QADISIYAH, EAST RIYADH, RIYADH"
1090000,FLOOR,5,3,205,"AL RIMAL, EAST RIYADH, RIYADH"
1100000,FLOOR,4,4,208,"AL RIMAL, EAST RIYADH, RIYADH"
2600000,VILLA,6,8,500,OTHER
3000000,VILLA,7,7,343,"AL RIMAL, EAST RIYADH, RIYADH"
1700000,APARTMENT,4,4,167,"AL RIMAL, EAST RIYADH, RIYADH"
1300000,APARTMENT,3,3,167,"AL RIMAL, EAST RIYADH, RIYADH"
1700000,APARTMENT,4,8,167,"AL RIMAL, EAST RIYADH, RIYADH"
1100000,FLOOR,5,4,167,"AL RIMAL, EAST RIYADH, RIYADH"
1600000,FLOOR,3,4,292,"AL RIMAL, EAST RIYADH, RIYADH"
900000,FLOOR,3,3,179,OTHER
5100000,VILLA,10,9,450,"AL ARID, NORTH RIYADH, RIYADH"
650000,FLOOR,3,3,147,OTHER
580000,APARTMENT,6,4,223,OTHER
600000,APARTMENT,6,4,212,OTHER
630000,APARTMENT,6,4,212,OTHER
780000,APARTMENT,8,5,318,OTHER
460000,APARTMENT,4,3,137,OTHER
3500000,VILLA,9,5,360,OTHER
1150000,VILLA,3,3,170,"AL RIMAL, EAST RIYADH, RIYADH"
900000,FLOOR,3,3,171,"AL RIMAL, EAST RIYADH, RIYADH"
430000,APARTMENT,3,2,112,OTHER
800000,FLOOR,3,3,193,"AL JANADRIYAH, EAST RIYADH, RIYADH"
6800000,REST HOUSE,5,3,8521,OTHER
3000000,VILLA,8,6,449,OTHER
570000,APARTMENT,5,4,171,OTHER
740000,APARTMENT,3,3,229,OTHER
1400000,FLOOR,4,4,183,OTHER
950000,FLOOR,4,4,218,"AL JANADRIYAH, EAST RIYADH, RIYADH"
1050000,APARTMENT,3,3,93,"AL MUNSIYAH, EAST RIYADH, RIYADH"
850000,FLOOR,4,3,196,OTHER
1700000,VILLA,6,6,276,OTHER
1050000,APARTMENT,3,4,93,"AL MUNSIYAH, EAST RIYADH, RIYADH"
1300000,VILLA,6,6,312,OTHER
1250000,VILLA,6,11,314,OTHER
1200000,FLOOR,5,5,156,OTHER
850000,FLOOR,3,4,177,"AL RIMAL, EAST RIYADH, RIYADH"
1000000,FLOOR,3,3,138,"AL RIMAL, EAST RIYADH, RIYADH"
1700000,FLOOR,4,4,206,"AL MUNSIYAH, EAST RIYADH, RIYADH"
1200000,FLOOR,4,4,144,"AL MUNSIYAH, EAST RIYADH, RIYADH"
1500000,VILLA,6,6,437,OTHER
1400000,VILLA,6,6,513,OTHER
1450000,VILLA,6,7,437,OTHER
1500000,VILLA,6,8,437,OTHER
1450000,VILLA,6,6,437,OTHER
1200000,VILLA,6,6,316,OTHER
750000,FLOOR,3,3,185,"AL JANADRIYAH, EAST RIYADH, RIYADH"
1020000,FLOOR,5,5,163,OTHER
1650000,VILLA,6,7,500,OTHER
1450000,FLOOR,3,4,167,"AL RIMAL, EAST RIYADH, RIYADH"
1700000,VILLA,9,9,300,"AL JANADRIYAH, EAST RIYADH, RIYADH"
1250000,FLOOR,4,3,260,"AL JANADRIYAH, EAST RIYADH, RIYADH"
1500000,FLOOR,4,5,230,OTHER
1400000,FLOOR,4,3,305,"AL QADISIYAH, EAST RIYADH, RIYADH"
1050000,VILLA,6,8,321,OTHER
1650000,VILLA,4,4,356,OTHER
3800000,VILLA,6,4,350,"AL ARID, NORTH RIYADH, RIYADH"
5500000,VILLA,6,4,474,"AL ARID, NORTH RIYADH, RIYADH"
750000,APARTMENT,5,4,182,OTHER
550000,APARTMENT,5,4,182,OTHER
720000,FLOOR,7,6,202,"BADR, SOUTH RIYADH, RIYADH"
666000,APARTMENT,4,3,126,"AL SALAMAH, NORTH JEDDAH, JEDDAH"
820000,FLOOR,3,2,178,OTHER
1300000,FLOOR,5,6,240,OTHER
1900000,VILLA,4,6,315,OTHER
700000,FLOOR,4,3,209,"OKAZ, SOUTH RIYADH, RIYADH"
1300000,REST HOUSE,2,4,5000,OTHER
1450000,VILLA,5,4,364,"AL JANADRIYAH, EAST RIYADH, RIYADH"
960000,VILLA,4,3,201,"AL JANADRIYAH, EAST RIYADH, RIYADH"
1150000,FLOOR,4,4,233,"AL RIMAL, EAST RIYADH, RIYADH"
1150000,FLOOR,4,3,275,"AL RIMAL, EAST RIYADH, RIYADH"
875000,APARTMENT,2,2,172,OTHER
1050912,APARTMENT,2,3,118,"AL MAHDIYAH, WEST RIYADH, RIYADH"
720000,APARTMENT,5,4,207,OTHER
1170000,FLOOR,5,5,186,"AL RIMAL, EAST RIYADH, RIYADH"
600000,FLOOR,6,4,215,OTHER
450000,APARTMENT,3,4,187,OTHER
500000,APARTMENT,2,3,177,OTHER
980000,APARTMENT,3,3,150,OTHER
6200000,VILLA,5,1,385,OTHER
685000,APARTMENT,5,3,175,OTHER
890000,APARTMENT,4,3,150,OTHER
650000,REST HOUSE,4,3,633,OTHER
1050000,VILLA,8,8,300,OTHER
1400000,VILLA,9,8,300,OTHER
1100000,VILLA,9,8,200,OTHER
1100000,VILLA,7,6,300,OTHER
2800000,VILLA,10,5,268,"AL NARJIS, NORTH RIYADH, RIYADH"
440000,APARTMENT,2,3,2473,"BADR, SOUTH RIYADH, RIYADH"
410000,APARTMENT,4,2,112,OTHER
1080000,APARTMENT,3,3,109,"AL ARID, NORTH RIYADH, RIYADH"
3200000,VILLA,5,8,263,"AL NARJIS, NORTH RIYADH, RIYADH"
1000000,FLOOR,4,4,163,OTHER
850000,APARTMENT,3,4,77,OTHER
850000,APARTMENT,4,4,76,OTHER
1000000,FLOOR,5,4,166,OTHER
1200000,FLOOR,5,4,157,OTHER
1500000,FLOOR,4,3,163,"AL ARID, NORTH RIYADH, RIYADH"
3500000,VILLA,6,6,264,"QURTUBAH, EAST RIYADH, RIYADH"
1550000,FLOOR,5,5,206,"AL MUNSIYAH, EAST RIYADH, RIYADH"
1050000,APARTMENT,4,4,93,"AL MUNSIYAH, EAST RIYADH, RIYADH"
850000,APARTMENT,2,3,60,"AL MUNSIYAH, EAST RIYADH, RIYADH"
1350000,VILLA,6,4,200,"AL JANADRIYAH, EAST RIYADH, RIYADH"
850000,APARTMENT,3,2,60,"AL MUNSIYAH, EAST RIYADH, RIYADH"
1500000,VILLA,8,5,335,"AL RIMAL, EAST RIYADH, RIYADH"
580000,APARTMENT,3,2,88,"AL RIMAL, EAST RIYADH, RIYADH"
1350000,VILLA,5,6,200,"AL JANADRIYAH, EAST RIYADH, RIYADH"
1550000,FLOOR,3,3,175,"AL MUNSIYAH, EAST RIYADH, RIYADH"
1700000,VILLA,6,6,225,"AL RIMAL, EAST RIYADH, RIYADH"
920000,APARTMENT,4,4,159,"AL QADISIYAH, EAST RIYADH, RIYADH"
620000,APARTMENT,5,5,212,OTHER
3050000,VILLA,5,5,250,"AL ARID, NORTH RIYADH, RIYADH"
800000,FLOOR,3,3,239,"AL JANADRIYAH, EAST RIYADH, RIYADH"
2600000,VILLA,5,4,378,OTHER
750000,APARTMENT,6,5,207,OTHER
650000,FLOOR,3,3,123,"AL RIMAL, EAST RIYADH, RIYADH"
850000,FLOOR,3,3,133,"AL RIMAL, EAST RIYADH, RIYADH"
7300000,VILLA,5,3,562,OTHER
1850000,APARTMENT,4,3,181,"QURTUBAH, EAST RIYADH, RIYADH"
1250000,VILLA,6,8,371,OTHER
1400000,VILLA,6,9,371,OTHER
750000,VILLA,4,4,200,"BADR, SOUTH RIYADH, RIYADH"
400000,APARTMENT,3,2,130,OTHER
580000,APARTMENT,5,3,163,OTHER
630000,APARTMENT,4,4,145,OTHER
670000,FLOOR,3,3,120,"BADR, SOUTH RIYADH, RIYADH"
620000,APARTMENT,3,4,220,OTHER
3200000,VILLA,5,5,312,"AL ARID, NORTH RIYADH, RIYADH"
440000,APARTMENT,3,3,99,OTHER
850000,APARTMENT,3,3,825,"AL QADISIYAH, EAST RIYADH, RIYADH"
770000,APARTMENT,2,3,150,"AL RIMAL, EAST RIYADH, RIYADH"
530000,APARTMENT,5,4,301,OTHER
440000,APARTMENT,4,3,191,OTHER
530000,APARTMENT,5,4,189,OTHER
1700000,VILLA,4,3,250,OTHER
445000,APARTMENT,4,3,125,OTHER
635000,APARTMENT,4,3,177,OTHER
595000,APARTMENT,3,4,160,OTHER
370000,APARTMENT,3,2,101,OTHER
460000,APARTMENT,4,3,123,OTHER
1550000,VILLA,6,7,480,OTHER
1200000,FLOOR,6,4,218,"AL RIMAL, EAST RIYADH, RIYADH"
2150000,VILLA,8,5,275,"AL QADISIYAH, EAST RIYADH, RIYADH"
2100000,VILLA,8,5,328,"AL RIMAL, EAST RIYADH, RIYADH"
5250000,VILLA,6,3,656,OTHER
1155000,APARTMENT,3,3,853,"QURTUBAH, EAST RIYADH, RIYADH"
900000,APARTMENT,3,3,142,"AL RIMAL, EAST RIYADH, RIYADH"
1050000,FLOOR,3,4,241,"AL JANADRIYAH, EAST RIYADH, RIYADH"
2300000,VILLA,4,5,287,OTHER
1350000,VILLA,4,5,200,"AL JANADRIYAH, EAST RIYADH, RIYADH"
1200000,FLOOR,4,5,213,"AL JANADRIYAH, EAST RIYADH, RIYADH"
1300000,FLOOR,3,3,162,"AL RIMAL, EAST RIYADH, RIYADH"
800000,FLOOR,3,3,158,"AL JANADRIYAH, EAST RIYADH, RIYADH"
2300000,VILLA,5,7,225,"AL RIMAL, EAST RIYADH, RIYADH"
1150000,FLOOR,3,3,144,"AL MUNSIYAH, EAST RIYADH, RIYADH"
1150000,FLOOR,4,5,144,"AL MUNSIYAH, EAST RIYADH, RIYADH"
7000000,VILLA,10,10,3907,OTHER
1850000,FLOOR,4,4,292,"AL RIMAL, EAST RIYADH, RIYADH"
1850000,FLOOR,4,5,292,"AL RIMAL, EAST RIYADH, RIYADH"
1300000,FLOOR,4,3,162,"AL RIMAL, EAST RIYADH, RIYADH"
2750000,VILLA,7,7,317,OTHER
2300000,VILLA,5,5,287,OTHER
1050000,FLOOR,3,3,241,"AL JANADRIYAH, EAST RIYADH, RIYADH"
1000000,FLOOR,5,4,192,"AL QADISIYAH, EAST RIYADH, RIYADH"
2100000,VILLA,6,6,328,"AL RIMAL, EAST RIYADH, RIYADH"
1700000,VILLA,4,5,225,"AL RIMAL, EAST RIYADH, RIYADH"
460000,APARTMENT,4,3,122,OTHER
1000000,FLOOR,5,3,304,"AL JANADRIYAH, EAST RIYADH, RIYADH"
900000,APARTMENT,4,4,121,OTHER
900000,APARTMENT,4,3,122,OTHER
1500000,FLOOR,5,4,234,OTHER
1090000,APARTMENT,4,3,129,"AL MUNSIYAH, EAST RIYADH, RIYADH"
1300000,FLOOR,4,7,162,"AL RIMAL, EAST RIYADH, RIYADH"
1150000,FLOOR,3,3,570,"AL QADISIYAH, EAST RIYADH, RIYADH"
1400000,FLOOR,3,3,560,"AL MUNSIYAH, EAST RIYADH, RIYADH"
680000,APARTMENT,4,3,112,OTHER
1100000,FLOOR,5,4,170,OTHER
680000,APARTMENT,3,3,112,OTHER
830000,FLOOR,3,3,185,"AL JANADRIYAH, EAST RIYADH, RIYADH"
1030000,FLOOR,3,4,173,"AL RIMAL, EAST RIYADH, RIYADH"
1000000,FLOOR,3,4,239,"AL RIMAL, EAST RIYADH, RIYADH"
1030000,FLOOR,3,3,210,"AL RIMAL, EAST RIYADH, RIYADH"
1450000,FLOOR,4,5,420,"AL QADISIYAH, EAST RIYADH, RIYADH"
1100000,FLOOR,4,5,185,"AL JANADRIYAH, EAST RIYADH, RIYADH"
750000,FLOOR,3,4,185,"AL JANADRIYAH, EAST RIYADH, RIYADH"
1700000,VILLA,4,5,276,OTHER
1400000,FLOOR,5,4,305,"AL QADISIYAH, EAST RIYADH, RIYADH"
620000,APARTMENT,3,3,140,"AL RIMAL, EAST RIYADH, RIYADH"
1700000,VILLA,5,6,276,OTHER
950000,VILLA,4,5,500,OTHER
2200000,APARTMENT,3,3,242,OTHER
4800000,VILLA,5,5,525,"AL MUNSIYAH, EAST RIYADH, RIYADH"
1750000,FLOOR,6,5,621,"AL MUNSIYAH, EAST RIYADH, RIYADH"
1200000,FLOOR,5,4,200,"AL QADISIYAH, EAST RIYADH, RIYADH"
1090000,APARTMENT,3,4,129,"AL MUNSIYAH, EAST RIYADH, RIYADH"
750000,FLOOR,5,5,173,"AL JANADRIYAH, EAST RIYADH, RIYADH"
750000,FLOOR,5,3,185,"AL JANADRIYAH, EAST RIYADH, RIYADH"
1750000,FLOOR,5,3,621,"AL MUNSIYAH, EAST RIYADH, RIYADH"
1750000,FLOOR,3,3,621,"AL MUNSIYAH, EAST RIYADH, RIYADH"
1600000,FLOOR,3,3,621,"AL MUNSIYAH, EAST RIYADH, RIYADH"
1600000,FLOOR,3,4,621,"AL MUNSIYAH, EAST RIYADH, RIYADH"
1750000,FLOOR,4,5,621,"AL MUNSIYAH, EAST RIYADH, RIYADH"
1250000,FLOOR,3,5,203,"AL QADISIYAH, EAST RIYADH, RIYADH"
750000,FLOOR,4,5,173,"AL JANADRIYAH, EAST RIYADH, RIYADH"
800000,APARTMENT,4,4,89,"AL QADISIYAH, EAST RIYADH, RIYADH"
1250000,FLOOR,3,4,203,"AL QADISIYAH, EAST RIYADH, RIYADH"
800000,APARTMENT,3,4,89,"AL QADISIYAH, EAST RIYADH, RIYADH"
550000,APARTMENT,3,3,170,OTHER
920000,FLOOR,5,3,150,"AL RIMAL, EAST RIYADH, RIYADH"
485000,APARTMENT,2,2,650,OTHER
1150000,FLOOR,3,4,203,"AL RIMAL, EAST RIYADH, RIYADH"
1550000,FLOOR,3,5,175,"AL MUNSIYAH, EAST RIYADH, RIYADH"
1700000,FLOOR,3,5,179,"AL ARID, NORTH RIYADH, RIYADH"
2400000,VILLA,7,6,484,OTHER
1550000,FLOOR,6,4,206,"AL MUNSIYAH, EAST RIYADH, RIYADH"
2000000,VILLA,6,6,276,OTHER
700000,APARTMENT,4,3,157,OTHER
1250000,VILLA,9,7,380,OTHER
800000,APARTMENT,5,4,217,OTHER
700000,VILLA,6,4,450,OTHER
470000,APARTMENT,4,3,130,OTHER
1300000,VILLA,6,4,450,OTHER
850000,APARTMENT,5,3,175,OTHER
1250000,VILLA,9,7,275,OTHER
1100000,APARTMENT,6,4,199,"AL RAWDAH, NORTH JEDDAH, JEDDAH"
730000,APARTMENT,3,3,194,"AL SALAMAH, NORTH JEDDAH, JEDDAH"
1200000,VILLA,8,6,387,OTHER
1200000,VILLA,8,6,386,OTHER
560000,APARTMENT,5,3,173,OTHER
1050000,FLOOR,3,3,168,"AL QADISIYAH, EAST RIYADH, RIYADH"
800000,APARTMENT,3,2,120,"AL MAHDIYAH, WEST RIYADH, RIYADH"
1700000,VILLA,7,6,225,"AL RIMAL, EAST RIYADH, RIYADH"
1200000,VILLA,3,4,350,"OKAZ, SOUTH RIYADH, RIYADH"
2300000,VILLA,8,5,375,"AL JANADRIYAH, EAST RIYADH, RIYADH"
710000,APARTMENT,4,3,132,"AL RIMAL, EAST RIYADH, RIYADH"
6000000,REST HOUSE,3,5,2000,OTHER
860000,APARTMENT,3,3,184,"AL RIMAL, EAST RIYADH, RIYADH"
1100000,FLOOR,4,5,165,OTHER
1200000,APARTMENT,3,3,966,OTHER
3500000,VILLA,8,4,337,OTHER
1350000,FLOOR,4,4,298,"AL QADISIYAH, EAST RIYADH, RIYADH"
700000,APARTMENT,3,3,151,OTHER
1250000,VILLA,4,7,527,OTHER
3000000,VILLA,6,6,436,OTHER
2900000,VILLA,6,6,395,OTHER
1100000,FLOOR,6,5,205,"AL JANADRIYAH, EAST RIYADH, RIYADH"
4500000,VILLA,5,6,360,"AL NARJIS, NORTH RIYADH, RIYADH"
5880000,VILLA,5,7,304,OTHER
3400000,VILLA,6,9,500,OTHER
3200000,VILLA,6,8,440,OTHER
1300000,VILLA,6,6,415,OTHER
850000,FLOOR,4,3,192,"AL JANADRIYAH, EAST RIYADH, RIYADH"
2000000,VILLA,4,7,276,OTHER
3100000,VILLA,5,5,309,"AL MUNSIYAH, EAST RIYADH, RIYADH"
1200000,FLOOR,4,3,165,"AL RIMAL, EAST RIYADH, RIYADH"
1300000,FLOOR,3,3,164,"AL RIMAL, EAST RIYADH, RIYADH"
1250000,FLOOR,3,3,164,"AL RIMAL, EAST RIYADH, RIYADH"
850000,FLOOR,4,3,205,"AL JANADRIYAH, EAST RIYADH, RIYADH"
1150000,FLOOR,4,3,168,"AL QADISIYAH, EAST RIYADH, RIYADH"
1150000,FLOOR,5,4,203,"AL RIMAL, EAST RIYADH, RIYADH"
1800000,VILLA,6,9,581,OTHER
1800000,VILLA,6,6,581,OTHER
950000,FLOOR,5,4,244,"AL JANADRIYAH, EAST RIYADH, RIYADH"
930000,FLOOR,4,3,158,OTHER
730000,FLOOR,4,3,131,OTHER
2500000,VILLA,4,5,250,OTHER
1100000,FLOOR,5,5,570,"AL QADISIYAH, EAST RIYADH, RIYADH"
950000,FLOOR,6,5,170,OTHER
950000,FLOOR,5,3,170,OTHER
650000,FLOOR,4,5,184,"BADR, SOUTH RIYADH, RIYADH"
3800000,VILLA,5,9,450,OTHER
850000,FLOOR,3,3,170,OTHER
850000,FLOOR,4,3,170,OTHER
950000,APARTMENT,4,3,159,"AL QADISIYAH, EAST RIYADH, RIYADH"
1100000,FLOOR,4,4,570,"AL QADISIYAH, EAST RIYADH, RIYADH"
950000,APARTMENT,3,3,159,"AL QADISIYAH, EAST RIYADH, RIYADH"
1150000,VILLA,5,7,262,OTHER
1200000,FLOOR,3,3,243,"AL QADISIYAH, EAST RIYADH, RIYADH"
2350000,VILLA,5,6,250,OTHER
2500000,VILLA,5,6,250,OTHER
3600000,VILLA,4,7,250,"AL ARID, NORTH RIYADH, RIYADH"
900000,FLOOR,5,4,206,"AL JANADRIYAH, EAST RIYADH, RIYADH"
1600000,VILLA,5,6,600,"AL JANADRIYAH, EAST RIYADH, RIYADH"
880000,FLOOR,6,4,205,"AL JANADRIYAH, EAST RIYADH, RIYADH"
900000,FLOOR,6,5,205,"AL JANADRIYAH, EAST RIYADH, RIYADH"
1400000,FLOOR,5,4,253,OTHER
900000,VILLA,5,4,341,OTHER
790000,APARTMENT,3,4,159,"AL QADISIYAH, EAST RIYADH, RIYADH"
905000,APARTMENT,3,3,140,"AL QADISIYAH, EAST RIYADH, RIYADH"
905000,APARTMENT,4,3,140,"AL QADISIYAH, EAST RIYADH, RIYADH"
1200000,VILLA,5,7,300,OTHER
1350000,VILLA,5,6,452,OTHER
1100000,FLOOR,6,6,168,"AL QADISIYAH, EAST RIYADH, RIYADH"
790000,APARTMENT,3,4,140,"AL QADISIYAH, EAST RIYADH, RIYADH"
905000,APARTMENT,4,3,159,"AL QADISIYAH, EAST RIYADH, RIYADH"
790000,APARTMENT,4,3,140,"AL QADISIYAH, EAST RIYADH, RIYADH"
1350000,FLOOR,3,4,600,OTHER
880000,APARTMENT,4,4,166,"AL QADISIYAH, EAST RIYADH, RIYADH"
1070000,APARTMENT,4,3,142,"AL MUNSIYAH, EAST RIYADH, RIYADH"
1450000,FLOOR,5,5,185,"AL MUNSIYAH, EAST RIYADH, RIYADH"
1200000,FLOOR,5,5,243,"AL QADISIYAH, EAST RIYADH, RIYADH"
1200000,FLOOR,4,3,242,"AL QADISIYAH, EAST RIYADH, RIYADH"
1200000,FLOOR,4,4,242,"AL QADISIYAH, EAST RIYADH, RIYADH"
1200000,FLOOR,4,5,242,"AL QADISIYAH, EAST RIYADH, RIYADH"
950000,APARTMENT,3,3,153,"AL MUNSIYAH, EAST RIYADH, RIYADH"
1070000,APARTMENT,3,3,142,"AL MUNSIYAH, EAST RIYADH, RIYADH"
905000,APARTMENT,3,3,137,"AL MUNSIYAH, EAST RIYADH, RIYADH"
2500000,VILLA,5,5,250,"AL MUNSIYAH, EAST RIYADH, RIYADH"
3100000,VILLA,4,3,375,"AL MAHDIYAH, WEST RIYADH, RIYADH"
780000,APARTMENT,3,3,119,OTHER
790000,APARTMENT,6,4,203,OTHER
1000000,VILLA,7,5,200,"TUWAIQ, WEST RIYADH, RIYADH"
3500000,VILLA,9,1,975,OTHER
870000,APARTMENT,3,3,138,"AL MAHDIYAH, WEST RIYADH, RIYADH"
2500000,VILLA,7,6,663,OTHER
1250000,FLOOR,3,5,260,"AL QADISIYAH, EAST RIYADH, RIYADH"
730000,APARTMENT,4,4,80,"AL RIMAL, EAST RIYADH, RIYADH"
1300000,VILLA,4,4,250,"AL JANADRIYAH, EAST RIYADH, RIYADH"
450000,APARTMENT,2,3,103,"BADR, SOUTH RIYADH, RIYADH"
850000,FLOOR,3,3,158,"AL RIMAL, EAST RIYADH, RIYADH"
650000,APARTMENT,5,3,166,"TUWAIQ, WEST RIYADH, RIYADH"
650000,FLOOR,5,3,151,OTHER
700000,FLOOR,4,5,187,OTHER
700000,FLOOR,4,3,187,OTHER
2800000,VILLA,6,5,400,"AL MAHDIYAH, WEST RIYADH, RIYADH"
850000,APARTMENT,4,3,135,OTHER
1600000,VILLA,6,4,434,OTHER
4500000,REST HOUSE,4,3,3380,OTHER
2000000,VILLA,5,6,400,"AL MAHDIYAH, WEST RIYADH, RIYADH"
600000,FLOOR,4,4,172,OTHER
900000,FLOOR,5,5,155,"TUWAIQ, WEST RIYADH, RIYADH"
750000,FLOOR,4,4,199,"OKAZ, SOUTH RIYADH, RIYADH"
710000,FLOOR,3,4,176,OTHER
920000,FLOOR,3,4,212,"TUWAIQ, WEST RIYADH, RIYADH"
2100000,VILLA,6,5,264,"AL RIMAL, EAST RIYADH, RIYADH"
1250000,FLOOR,5,4,260,"AL QADISIYAH, EAST RIYADH, RIYADH"
1300000,VILLA,6,7,318,OTHER
4000000,VILLA,6,4,340,"AL NARJIS, NORTH RIYADH, RIYADH"
1200000,APARTMENT,3,3,150,OTHER
2200000,VILLA,9,5,400,"AL MAHDIYAH, WEST RIYADH, RIYADH"
950000,APARTMENT,5,4,237,OTHER
630000,APARTMENT,5,3,152,OTHER
1600000,VILLA,5,4,250,"TUWAIQ, WEST RIYADH, RIYADH"
970000,VILLA,5,3,265,"TUWAIQ, WEST RIYADH, RIYADH"
1100000,FLOOR,3,3,186,"AL RIMAL, EAST RIYADH, RIYADH"
710000,FLOOR,2,2,176,OTHER
1050000,FLOOR,3,3,193,"TUWAIQ, WEST RIYADH, RIYADH"
780000,FLOOR,3,3,242,"BADR, SOUTH RIYADH, RIYADH"
1200000,VILLA,3,6,450,OTHER
690000,FLOOR,4,3,176,"OKAZ, SOUTH RIYADH, RIYADH"
11787500,VILLA,10,11,620,OTHER
830000,FLOOR,3,2,152,OTHER
1100000,VILLA,5,5,200,"TUWAIQ, WEST RIYADH, RIYADH"
1300000,VILLA,6,4,500,OTHER
1550000,VILLA,6,8,312,OTHER
680000,VILLA,6,5,396,OTHER
2450000,VILLA,6,9,200,"AL MAHDIYAH, WEST RIYADH, RIYADH"
800000,FLOOR,5,2,164,"TUWAIQ, WEST RIYADH, RIYADH"
739000,FLOOR,4,5,180,"OKAZ, SOUTH RIYADH, RIYADH"
460000,APARTMENT,4,4,179,"BADR, SOUTH RIYADH, RIYADH"
1320000,VILLA,10,7,472,OTHER
3800000,VILLA,5,5,414,"AL MAHDIYAH, WEST RIYADH, RIYADH"
750000,FLOOR,6,2,450,OTHER
880000,VILLA,5,4,312,OTHER
520000,FLOOR,3,3,500,"BADR, SOUTH RIYADH, RIYADH"
820000,FLOOR,6,5,238,"BADR, SOUTH RIYADH, RIYADH"
550000,FLOOR,3,2,300,"OKAZ, SOUTH RIYADH, RIYADH"
3000000,VILLA,5,7,595,OTHER
1250000,FLOOR,5,5,202,"AL MUNSIYAH, EAST RIYADH, RIYADH"
2150000,VILLA,5,3,400,"AL MAHDIYAH, WEST RIYADH, RIYADH"
1250000,FLOOR,5,3,202,"AL MUNSIYAH, EAST RIYADH, RIYADH"
1250000,FLOOR,3,3,202,"AL MUNSIYAH, EAST RIYADH, RIYADH"
970000,VILLA,6,5,265,"TUWAIQ, WEST RIYADH, RIYADH"
400000,APARTMENT,2,2,98,OTHER
780000,APARTMENT,6,4,203,OTHER
350000,REST HOUSE,2,2,594,OTHER
650000,APARTMENT,3,3,166,"TUWAIQ, WEST RIYADH, RIYADH"
600000,FLOOR,3,3,179,"BADR, SOUTH RIYADH, RIYADH"
2200000,VILLA,5,6,332,"AL MAHDIYAH, WEST RIYADH, RIYADH"
3200000,VILLA,5,9,250,"AL NARJIS, NORTH RIYADH, RIYADH"
740000,APARTMENT,4,3,134,"AL RAWDAH, NORTH JEDDAH, JEDDAH"
399000,APARTMENT,3,3,96,OTHER
900000,FLOOR,3,1,166,"TUWAIQ, WEST RIYADH, RIYADH"
1150000,FLOOR,4,3,279,"TUWAIQ, WEST RIYADH, RIYADH"
700000,APARTMENT,3,2,50,"AL RIMAL, EAST RIYADH, RIYADH"
780000,FLOOR,4,3,227,"BADR, SOUTH RIYADH, RIYADH"
900000,FLOOR,4,3,279,"TUWAIQ, WEST RIYADH, RIYADH"
1200000,VILLA,6,4,360,OTHER
980000,FLOOR,3,3,166,"AL JANADRIYAH, EAST RIYADH, RIYADH"
820000,FLOOR,3,3,160,"AL JANADRIYAH, EAST RIYADH, RIYADH"
700000,APARTMENT,3,3,72,"AL JANADRIYAH, EAST RIYADH, RIYADH"
820000,FLOOR,5,3,160,"AL JANADRIYAH, EAST RIYADH, RIYADH"
980000,FLOOR,4,3,166,"AL JANADRIYAH, EAST RIYADH, RIYADH"
700000,APARTMENT,5,3,72,"AL JANADRIYAH, EAST RIYADH, RIYADH"
9500000,VILLA,6,5,930,OTHER
750000,APARTMENT,5,3,150,OTHER
920000,FLOOR,2,3,154,"AL RIMAL, EAST RIYADH, RIYADH"
920000,APARTMENT,5,4,173,OTHER
2900000,VILLA,6,6,319,"AL MAHDIYAH, WEST RIYADH, RIYADH"
1900000,VILLA,5,5,400,"AL MAHDIYAH, WEST RIYADH, RIYADH"
3000000,VILLA,5,5,400,"AL MAHDIYAH, WEST RIYADH, RIYADH"
2300000,VILLA,5,3,400,"AL MAHDIYAH, WEST RIYADH, RIYADH"
2350000,VILLA,6,5,200,"AL MAHDIYAH, WEST RIYADH, RIYADH"
2150000,VILLA,6,5,200,"AL MAHDIYAH, WEST RIYADH, RIYADH"
2000000,VILLA,6,7,260,"AL MAHDIYAH, WEST RIYADH, RIYADH"
1800000,VILLA,6,7,260,"AL MAHDIYAH, WEST RIYADH, RIYADH"
869000,APARTMENT,3,3,138,"AL MAHDIYAH, WEST RIYADH, RIYADH"
2000000,VILLA,5,5,400,"AL MAHDIYAH, WEST RIYADH, RIYADH"
1799999,VILLA,4,3,400,"AL MAHDIYAH, WEST RIYADH, RIYADH"
3000000,VILLA,5,4,400,"AL MAHDIYAH, WEST RIYADH, RIYADH"
2700000,VILLA,7,4,300,"AL MAHDIYAH, WEST RIYADH, RIYADH"
1450000,APARTMENT,5,4,217,OTHER
1000000,FLOOR,6,4,312,"AL RIMAL, EAST RIYADH, RIYADH"
670000,APARTMENT,3,3,150,OTHER
600000,FLOOR,3,4,204,OTHER
1800000,FLOOR,3,4,196,"AL NARJIS, NORTH RIYADH, RIYADH"
2200000,VILLA,5,5,292,"AL QADISIYAH, EAST RIYADH, RIYADH"
1400000,VILLA,5,4,600,OTHER
580000,APARTMENT,3,3,154,OTHER
880000,FLOOR,8,5,625,OTHER
1450000,APARTMENT,6,4,217,OTHER
2000000,VILLA,4,6,264,"AL RIMAL, EAST RIYADH, RIYADH"
2200000,VILLA,6,5,275,"AL RIMAL, EAST RIYADH, RIYADH"
2200000,VILLA,3,4,275,"AL RIMAL, EAST RIYADH, RIYADH"
550000,APARTMENT,6,4,191,OTHER
1750000,VILLA,8,9,433,"AL MAHDIYAH, WEST RIYADH, RIYADH"
900000,APARTMENT,2,4,145,OTHER
2500000,APARTMENT,3,3,132,OTHER
750000,APARTMENT,4,3,136,"AL MAHDIYAH, WEST RIYADH, RIYADH"
760000,APARTMENT,4,3,137,"AL MAHDIYAH, WEST RIYADH, RIYADH"
1250000,VILLA,5,5,357,OTHER
570000,APARTMENT,3,3,163,OTHER
420000,APARTMENT,3,2,107,OTHER
1300000,APARTMENT,4,4,141,OTHER
1150000,VILLA,4,3,260,OTHER
3500000,VILLA,6,9,625,OTHER
670000,APARTMENT,3,2,100,OTHER
1000000,APARTMENT,3,5,189,"AL SALAMAH, NORTH JEDDAH, JEDDAH"
700000,APARTMENT,5,3,158,OTHER
850000,APARTMENT,6,4,203,OTHER
500000,APARTMENT,5,2,145,OTHER
380000,APARTMENT,4,2,131,OTHER
600000,APARTMENT,3,2,82,OTHER
1000000,VILLA,6,3,391,OTHER
690000,APARTMENT,4,4,177,"BADR, SOUTH RIYADH, RIYADH"
750000,APARTMENT,5,4,205,OTHER
4500000,VILLA,6,7,402,OTHER
690000,APARTMENT,6,4,219,OTHER
970000,VILLA,4,4,220,OTHER
1200000,VILLA,6,5,307,OTHER
1350000,FLOOR,5,4,185,"AL MUNSIYAH, EAST RIYADH, RIYADH"
3300000,VILLA,4,5,250,"AL NARJIS, NORTH RIYADH, RIYADH"
2400000,VILLA,6,4,240,"AL MUNSIYAH, EAST RIYADH, RIYADH"
550000,APARTMENT,3,3,182,OTHER
1030000,VILLA,3,2,173,"AL RIMAL, EAST RIYADH, RIYADH"
2100000,VILLA,6,4,307,"AL RIMAL, EAST RIYADH, RIYADH"
1100000,VILLA,6,6,313,OTHER
650000,FLOOR,3,4,204,OTHER
550000,APARTMENT,5,4,197,OTHER
650000,APARTMENT,3,5,257,OTHER
859000,APARTMENT,3,3,2187,OTHER
315000,APARTMENT,2,1,702,OTHER
1100000,VILLA,7,5,200,OTHER
1200000,VILLA,7,8,399,OTHER
900000,VILLA,7,4,324,OTHER
730000,APARTMENT,7,3,223,OTHER
2400000,VILLA,5,4,300,"AL MUNSIYAH, EAST RIYADH, RIYADH"
720000,APARTMENT,5,3,176,OTHER
600000,APARTMENT,6,3,230,OTHER
770000,VILLA,5,2,319,OTHER
850000,FLOOR,5,3,195,"AL RIMAL, EAST RIYADH, RIYADH"
650000,APARTMENT,3,3,83,"AL RIMAL, EAST RIYADH, RIYADH"
980000,FLOOR,5,4,173,"AL RIMAL, EAST RIYADH, RIYADH"
2700000,VILLA,5,5,450,OTHER
900000,REST HOUSE,3,1,420,"OKAZ, SOUTH RIYADH, RIYADH"
1450000,APARTMENT,3,3,972,OTHER
630000,APARTMENT,5,4,163,OTHER
430000,APARTMENT,3,3,99,OTHER
1650000,VILLA,7,3,360,OTHER
1250000,FLOOR,3,3,203,"AL QADISIYAH, EAST RIYADH, RIYADH"
499000,APARTMENT,3,3,120,OTHER
1450000,APARTMENT,8,4,264,OTHER
2500000,VILLA,5,4,504,"AL MUNSIYAH, EAST RIYADH, RIYADH"
780000,VILLA,5,6,336,OTHER
1050000,VILLA,6,5,500,OTHER
1000000,VILLA,5,7,500,OTHER
520000,APARTMENT,3,3,173,OTHER
780000,VILLA,5,4,336,OTHER
1000000,FLOOR,4,3,219,"AL QADISIYAH, EAST RIYADH, RIYADH"
1150000,FLOOR,4,5,159,"AL QADISIYAH, EAST RIYADH, RIYADH"
1700000,VILLA,5,6,324,"AL RIMAL, EAST RIYADH, RIYADH"
2000000,VILLA,6,6,281,"AL RIMAL, EAST RIYADH, RIYADH"
1100000,FLOOR,5,5,209,OTHER
600000,FLOOR,3,3,214,"BADR, SOUTH RIYADH, RIYADH"
950000,FLOOR,5,5,170,OTHER
1100000,FLOOR,3,3,209,OTHER
1100000,FLOOR,4,3,209,OTHER
430000,APARTMENT,5,3,149,"BADR, SOUTH RIYADH, RIYADH"
530000,FLOOR,6,4,179,"BADR, SOUTH RIYADH, RIYADH"
4000000,VILLA,6,7,400,"AL MAHDIYAH, WEST RIYADH, RIYADH"
1350000,APARTMENT,3,3,188,"AL MUNSIYAH, EAST RIYADH, RIYADH"
1350000,APARTMENT,4,4,188,"AL MUNSIYAH, EAST RIYADH, RIYADH"
450000,APARTMENT,3,3,182,"BADR, SOUTH RIYADH, RIYADH"
1800000,VILLA,6,5,500,OTHER
2300000,VILLA,8,6,750,OTHER
1100000,VILLA,6,6,200,OTHER
1050000,VILLA,6,6,200,OTHER
800000,VILLA,6,7,240,OTHER
1500000,VILLA,4,6,250,OTHER
2000000,VILLA,6,7,450,OTHER
1350000,VILLA,8,6,300,OTHER
2050000,VILLA,6,5,270,OTHER
1200000,VILLA,6,7,300,OTHER
1150000,VILLA,4,6,310,OTHER
1050000,VILLA,6,6,200,OTHER
1200000,VILLA,4,4,390,OTHER
780000,FLOOR,4,3,208,"BADR, SOUTH RIYADH, RIYADH"
1550000,FLOOR,3,3,185,"AL MUNSIYAH, EAST RIYADH, RIYADH"
480000,APARTMENT,4,3,166,OTHER
900000,VILLA,5,5,200,OTHER
850000,VILLA,3,4,310,OTHER
1200000,VILLA,5,6,280,OTHER
1300000,VILLA,8,8,300,OTHER
660000,APARTMENT,3,3,183,OTHER
500000,APARTMENT,3,3,181,OTHER
900000,VILLA,5,6,340,OTHER
900000,VILLA,5,6,360,OTHER
490000,APARTMENT,5,3,213,OTHER
920000,FLOOR,3,2,61,OTHER
490000,APARTMENT,4,4,168,"OKAZ, SOUTH RIYADH, RIYADH"
550000,FLOOR,4,4,217,OTHER
520000,APARTMENT,4,4,239,OTHER
450000,APARTMENT,4,3,164,"BADR, SOUTH RIYADH, RIYADH"
5500000,VILLA,5,5,425,OTHER
630000,APARTMENT,5,3,112,"AL SALAMAH, NORTH JEDDAH, JEDDAH"
750000,APARTMENT,3,3,123,OTHER
590000,APARTMENT,3,4,222,OTHER
950000,VILLA,8,5,320,OTHER
680000,VILLA,5,3,313,OTHER
569000,APARTMENT,3,3,138,OTHER
620000,APARTMENT,5,3,166,OTHER
2400000,VILLA,5,5,639,"AL MAHDIYAH, WEST RIYADH, RIYADH"
500000,FLOOR,3,2,110,"BADR, SOUTH RIYADH, RIYADH"
550000,APARTMENT,3,3,149,"BADR, SOUTH RIYADH, RIYADH"
820000,APARTMENT,5,3,165,"AL SALAMAH, NORTH JEDDAH, JEDDAH"
580000,APARTMENT,3,4,169,"TUWAIQ, WEST RIYADH, RIYADH"
780000,APARTMENT,5,3,176,"AL SALAMAH, NORTH JEDDAH, JEDDAH"
950000,APARTMENT,6,4,600,OTHER
1350000,VILLA,4,5,300,OTHER
600000,APARTMENT,3,4,133,OTHER
1100000,VILLA,5,5,450,OTHER
700000,APARTMENT,4,3,158,OTHER
5500000,VILLA,7,5,200,OTHER
1100000,VILLA,11,6,831,OTHER
830000,APARTMENT,7,4,280,OTHER
430000,APARTMENT,5,3,145,OTHER
750000,APARTMENT,4,3,219,OTHER
1250000,VILLA,6,7,300,OTHER
679000,APARTMENT,3,3,136,"AL MAHDIYAH, WEST RIYADH, RIYADH"
1450000,VILLA,4,5,453,OTHER
550000,FLOOR,3,4,217,OTHER
690000,APARTMENT,6,4,210,OTHER
690000,APARTMENT,5,4,220,"BADR, SOUTH RIYADH, RIYADH"
520000,APARTMENT,3,3,86,"AL RAWDAH, NORTH JEDDAH, JEDDAH"
550000,APARTMENT,3,4,229,OTHER
490000,APARTMENT,5,4,214,OTHER
620000,APARTMENT,3,4,225,OTHER
580000,FLOOR,6,5,242,"BADR, SOUTH RIYADH, RIYADH"
600000,VILLA,7,5,413,OTHER
380000,APARTMENT,2,1,76,OTHER
1600000,VILLA,5,6,297,OTHER
3000000,VILLA,4,3,420,OTHER
1500000,VILLA,9,6,274,"AL RIMAL, EAST RIYADH, RIYADH"
2500000,VILLA,4,4,500,OTHER
999000,APARTMENT,3,3,184,OTHER
1800000,VILLA,6,6,359,"AL JANADRIYAH, EAST RIYADH, RIYADH"
1350000,FLOOR,3,4,500,"AL MUNSIYAH, EAST RIYADH, RIYADH"
720000,APARTMENT,4,3,101,OTHER
2350000,VILLA,12,5,810,OTHER
2500000,VILLA,11,7,750,OTHER
3600000,VILLA,5,8,250,"AL NARJIS, NORTH RIYADH, RIYADH"
1800000,VILLA,5,6,285,"AL QADISIYAH, EAST RIYADH, RIYADH"
720000,APARTMENT,3,3,156,OTHER
839000,APARTMENT,3,3,159,"AL QADISIYAH, EAST RIYADH, RIYADH"
5000000,VILLA,7,7,684,OTHER
630000,APARTMENT,4,3,232,OTHER
850000,VILLA,7,5,600,OTHER
733000,APARTMENT,6,4,227,OTHER
560000,APARTMENT,4,3,232,OTHER
630000,APARTMENT,5,3,233,OTHER
600000,APARTMENT,4,3,177,OTHER
870000,VILLA,4,5,375,OTHER
870000,VILLA,5,4,311,OTHER
450000,APARTMENT,4,3,129,OTHER
720000,APARTMENT,5,3,144,OTHER
770000,APARTMENT,4,3,140,"AL QADISIYAH, EAST RIYADH, RIYADH"
770000,APARTMENT,3,3,140,"AL QADISIYAH, EAST RIYADH, RIYADH"
400000,FLOOR,3,2,137,OTHER
780000,FLOOR,6,5,672,OTHER
1200000,VILLA,11,6,1856,OTHER
6000000,VILLA,4,3,350,OTHER
1350000,FLOOR,3,3,500,"AL MUNSIYAH, EAST RIYADH, RIYADH"
675000,APARTMENT,4,3,127,"AL SALAMAH, NORTH JEDDAH, JEDDAH"
1350000,FLOOR,4,4,185,"AL MUNSIYAH, EAST RIYADH, RIYADH"
1100000,FLOOR,4,4,131,"AL MUNSIYAH, EAST RIYADH, RIYADH"
927000,APARTMENT,4,4,192,"AL MUNSIYAH, EAST RIYADH, RIYADH"
900000,APARTMENT,3,3,326,"AL QADISIYAH, EAST RIYADH, RIYADH"
720000,APARTMENT,3,3,101,OTHER
730000,APARTMENT,3,3,141,OTHER
1050000,FLOOR,5,3,331,OTHER
3000000,VILLA,5,5,420,OTHER
1050000,FLOOR,4,3,331,OTHER
790000,APARTMENT,3,3,160,"AL QADISIYAH, EAST RIYADH, RIYADH"
790000,APARTMENT,4,4,159,"AL QADISIYAH, EAST RIYADH, RIYADH"
850000,APARTMENT,3,3,145,OTHER
1000000,APARTMENT,4,3,142,OTHER
820000,VILLA,7,5,400,OTHER
870000,APARTMENT,4,3,160,OTHER
270000,APARTMENT,2,2,108,OTHER
1050000,VILLA,6,5,300,"BADR, SOUTH RIYADH, RIYADH"
1150000,VILLA,5,5,350,OTHER
560000,APARTMENT,5,3,168,OTHER
550000,APARTMENT,3,3,375,"BADR, SOUTH RIYADH, RIYADH"
790000,APARTMENT,5,4,170,"AL SALAMAH, NORTH JEDDAH, JEDDAH"
2300000,VILLA,6,7,425,OTHER
5300000,VILLA,11,8,625,OTHER
820000,VILLA,4,3,220,OTHER
950000,FLOOR,3,3,192,"AL QADISIYAH, EAST RIYADH, RIYADH"
590000,FLOOR,4,4,297,OTHER
1700000,VILLA,9,7,548,OTHER
750000,VILLA,3,3,500,OTHER
1130000,VILLA,10,1,392,OTHER
620000,APARTMENT,3,2,84,OTHER
1270000,VILLA,6,6,243,OTHER
2600000,VILLA,10,8,220,OTHER
1400000,VILLA,6,6,369,OTHER
1000000,FLOOR,3,2,350,OTHER
1700000,APARTMENT,3,3,156,"AL ARID, NORTH RIYADH, RIYADH"
670000,APARTMENT,5,3,154,OTHER
299000,APARTMENT,4,4,1784,OTHER
1300000,VILLA,10,6,675,OTHER
9500000,VILLA,7,6,930,OTHER
3200000,VILLA,8,8,600,OTHER
580000,APARTMENT,5,4,221,OTHER
1500000,APARTMENT,6,4,207,"AL RAWDAH, NORTH JEDDAH, JEDDAH"
4000000,VILLA,11,7,375,OTHER
2450000,VILLA,8,8,409,OTHER
850000,VILLA,8,6,440,OTHER
2900000,VILLA,5,5,338,"AL RIMAL, EAST RIYADH, RIYADH"
2000000,VILLA,5,8,276,OTHER
2300000,VILLA,5,6,450,"AL MAHDIYAH, WEST RIYADH, RIYADH"
930000,APARTMENT,5,4,680,OTHER
540000,APARTMENT,3,3,229,OTHER
590000,FLOOR,4,5,367,OTHER
620000,APARTMENT,3,3,105,OTHER
900000,FLOOR,4,3,276,OTHER
520000,APARTMENT,3,3,153,OTHER
5000000,VILLA,7,10,550,OTHER
940000,FLOOR,3,3,9100,"AL MUNSIYAH, EAST RIYADH, RIYADH"
660000,FLOOR,4,3,152,OTHER
1400000,VILLA,4,4,300,"AL JANADRIYAH, EAST RIYADH, RIYADH"
350000,FLOOR,5,2,146,OTHER
250000,VILLA,7,4,82,OTHER
850000,APARTMENT,4,3,186,"TUWAIQ, WEST RIYADH, RIYADH"
900000,FLOOR,5,3,1806,OTHER
4000000,REST HOUSE,3,1,3000,OTHER
449000,APARTMENT,4,3,750,OTHER
580000,APARTMENT,3,2,100,OTHER
380000,APARTMENT,4,2,134,OTHER
590000,APARTMENT,8,6,1375,OTHER
669000,APARTMENT,3,3,148,OTHER
530000,APARTMENT,2,2,1049,"AL RAWDAH, NORTH JEDDAH, JEDDAH"
480000,APARTMENT,3,3,179,"BADR, SOUTH RIYADH, RIYADH"
650000,APARTMENT,6,4,178,OTHER
1950000,VILLA,5,5,195,OTHER
730000,APARTMENT,6,4,219,OTHER
650000,APARTMENT,7,4,1183,OTHER
3450000,VILLA,5,6,324,"AL MUNSIYAH, EAST RIYADH, RIYADH"
12000000,VILLA,3,7,1004,OTHER
1200000,FLOOR,5,3,381,OTHER
1750000,VILLA,9,8,303,"AL JANADRIYAH, EAST RIYADH, RIYADH"
3200000,VILLA,10,10,625,"TUWAIQ, WEST RIYADH, RIYADH"
1350000,FLOOR,4,3,207,"AL MUNSIYAH, EAST RIYADH, RIYADH"
2350000,VILLA,6,5,250,OTHER
4700000,VILLA,10,10,827,OTHER
680000,APARTMENT,5,2,161,OTHER
870000,APARTMENT,4,5,450,"AL MAHDIYAH, WEST RIYADH, RIYADH"
770000,APARTMENT,4,4,450,"AL MAHDIYAH, WEST RIYADH, RIYADH"
820000,APARTMENT,4,3,450,"AL MAHDIYAH, WEST RIYADH, RIYADH"
950000,APARTMENT,4,3,450,"AL MAHDIYAH, WEST RIYADH, RIYADH"
760000,APARTMENT,4,3,450,"AL MAHDIYAH, WEST RIYADH, RIYADH"
2200000,VILLA,5,5,390,"AL MAHDIYAH, WEST RIYADH, RIYADH"
2360000,VILLA,5,6,250,OTHER
595000,APARTMENT,5,3,178,OTHER
700000,APARTMENT,5,4,174,OTHER
2665000,VILLA,5,5,594,OTHER
1550000,VILLA,8,5,312,OTHER
6500000,VILLA,5,7,478,OTHER
600000,APARTMENT,3,2,341,"AL RIMAL, EAST RIYADH, RIYADH"
2650000,VILLA,6,4,250,OTHER
1020000,APARTMENT,4,3,192,"AL MUNSIYAH, EAST RIYADH, RIYADH"
510000,APARTMENT,4,3,133,"AL RAWDAH, NORTH JEDDAH, JEDDAH"
280000,APARTMENT,2,2,102,OTHER
780000,FLOOR,4,4,180,"AL JANADRIYAH, EAST RIYADH, RIYADH"
1450000,APARTMENT,5,4,171,"AL RAWDAH, NORTH JEDDAH, JEDDAH"
1400000,FLOOR,5,3,600,OTHER
2500000,VILLA,5,6,231,"AL MUNSIYAH, EAST RIYADH, RIYADH"
1800000,FLOOR,3,5,57,"AL ARID, NORTH RIYADH, RIYADH"
750000,APARTMENT,3,3,167,OTHER
12000000,VILLA,8,7,1015,OTHER
790000,FLOOR,3,4,152,OTHER
2000000,VILLA,9,1,324,OTHER
750000,VILLA,4,2,300,OTHER
610000,APARTMENT,3,3,1804,OTHER
1850000,VILLA,5,3,330,"AL RIMAL, EAST RIYADH, RIYADH"
3800000,VILLA,9,6,324,"AL ARID, NORTH RIYADH, RIYADH"
2450000,VILLA,5,5,250,"AL MUNSIYAH, EAST RIYADH, RIYADH"
2090000,VILLA,6,5,184,"AL NARJIS, NORTH RIYADH, RIYADH"
870000,APARTMENT,3,3,130,"AL MAHDIYAH, WEST RIYADH, RIYADH"
650000,APARTMENT,2,2,82,OTHER
800000,APARTMENT,4,3,122,OTHER
1200000,VILLA,1,1,229,OTHER
860000,APARTMENT,4,3,186,"AL MUNSIYAH, EAST RIYADH, RIYADH"
730000,VILLA,5,5,429,OTHER
720000,VILLA,8,6,360,OTHER
830000,FLOOR,7,5,525,OTHER
590000,APARTMENT,4,2,132,OTHER
690000,FLOOR,3,1,160,"OKAZ, SOUTH RIYADH, RIYADH"
1150000,VILLA,4,1,357,"BADR, SOUTH RIYADH, RIYADH"
1450000,APARTMENT,3,3,172,"QURTUBAH, EAST RIYADH, RIYADH"
1650000,VILLA,7,5,360,OTHER
2200000,VILLA,5,5,210,"AL MAHDIYAH, WEST RIYADH, RIYADH"
2200000,VILLA,7,6,366,"AL MAHDIYAH, WEST RIYADH, RIYADH"
660000,APARTMENT,3,2,124,OTHER
2100000,VILLA,7,6,200,"AL MAHDIYAH, WEST RIYADH, RIYADH"
2600000,VILLA,7,5,366,"AL MAHDIYAH, WEST RIYADH, RIYADH"
2800000,VILLA,7,7,366,"AL MAHDIYAH, WEST RIYADH, RIYADH"
1850000,VILLA,5,7,260,"AL MAHDIYAH, WEST RIYADH, RIYADH"
3200000,VILLA,7,5,366,"AL MAHDIYAH, WEST RIYADH, RIYADH"
2000000,VILLA,7,5,366,"AL MAHDIYAH, WEST RIYADH, RIYADH"
4000000,VILLA,7,5,366,"AL MAHDIYAH, WEST RIYADH, RIYADH"
1990000,VILLA,7,5,366,"AL MAHDIYAH, WEST RIYADH, RIYADH"
2750000,VILLA,7,5,400,"AL MAHDIYAH, WEST RIYADH, RIYADH"
1950000,VILLA,6,5,215,"AL MAHDIYAH, WEST RIYADH, RIYADH"
800000,APARTMENT,3,4,478,"AL MAHDIYAH, WEST RIYADH, RIYADH"
3000000,VILLA,7,5,300,"AL MAHDIYAH, WEST RIYADH, RIYADH"
1980000,VILLA,6,5,400,"AL MAHDIYAH, WEST RIYADH, RIYADH"
1800000,VILLA,7,6,366,"AL MAHDIYAH, WEST RIYADH, RIYADH"
1850000,VILLA,7,4,366,"AL MAHDIYAH, WEST RIYADH, RIYADH"
1300000,APARTMENT,4,5,120,"AL ARID, NORTH RIYADH, RIYADH"
2600000,VILLA,5,5,250,OTHER
1300000,FLOOR,3,4,167,"AL MUNSIYAH, EAST RIYADH, RIYADH"
1500000,VILLA,2,2,839,OTHER
750000,APARTMENT,4,3,137,"AL SALAMAH, NORTH JEDDAH, JEDDAH"
1000000,REST HOUSE,2,2,748,OTHER
845000,APARTMENT,3,3,94,OTHER
555000,APARTMENT,3,3,181,"TUWAIQ, WEST RIYADH, RIYADH"
6000000,VILLA,4,7,450,"AL NARJIS, NORTH RIYADH, RIYADH"
930000,APARTMENT,3,4,400,"AL MAHDIYAH, WEST RIYADH, RIYADH"
560000,APARTMENT,5,4,208,OTHER
825000,APARTMENT,3,3,121,OTHER
1000000,VILLA,6,6,531,OTHER
550000,REST HOUSE,4,3,8521,OTHER
850000,FLOOR,4,3,236,"OKAZ, SOUTH RIYADH, RIYADH"
1300000,VILLA,5,4,304,"TUWAIQ, WEST RIYADH, RIYADH"
650000,FLOOR,4,3,236,"OKAZ, SOUTH RIYADH, RIYADH"
1450000,FLOOR,6,7,305,"AL QADISIYAH, EAST RIYADH, RIYADH"
750000,APARTMENT,5,3,185,OTHER
1700000,VILLA,9,8,200,OTHER
1070000,APARTMENT,4,3,143,"AL MUNSIYAH, EAST RIYADH, RIYADH"
1800000,VILLA,3,5,285,"AL QADISIYAH, EAST RIYADH, RIYADH"
1500000,VILLA,11,7,930,OTHER
650000,FLOOR,5,5,197,OTHER
595000,FLOOR,3,3,149,"BADR, SOUTH RIYADH, RIYADH"
480000,APARTMENT,3,3,89,"BADR, SOUTH RIYADH, RIYADH"
1100000,VILLA,5,4,526,"TUWAIQ, WEST RIYADH, RIYADH"
900000,FLOOR,5,3,750,"TUWAIQ, WEST RIYADH, RIYADH"
1800000,VILLA,4,7,400,"AL MAHDIYAH, WEST RIYADH, RIYADH"
1800000,VILLA,5,4,400,"AL MAHDIYAH, WEST RIYADH, RIYADH"
1900000,VILLA,6,5,200,"AL MAHDIYAH, WEST RIYADH, RIYADH"
980000,APARTMENT,4,3,164,"AL MAHDIYAH, WEST RIYADH, RIYADH"
4500000,VILLA,4,3,400,"AL MAHDIYAH, WEST RIYADH, RIYADH"
1990000,VILLA,3,3,138,"AL MAHDIYAH, WEST RIYADH, RIYADH"
3000000,VILLA,5,5,420,"AL MUNSIYAH, EAST RIYADH, RIYADH"
925000,VILLA,5,5,488,OTHER
1000000,FLOOR,4,3,223,"AL RIMAL, EAST RIYADH, RIYADH"
4650000,VILLA,5,6,656,OTHER
780000,VILLA,7,5,251,OTHER
720000,VILLA,5,4,300,OTHER
590000,APARTMENT,3,3,111,"AL SALAMAH, NORTH JEDDAH, JEDDAH"
189000,APARTMENT,2,1,60,OTHER
189000,APARTMENT,2,2,60,OTHER
450000,APARTMENT,3,3,151,OTHER
760000,APARTMENT,6,4,254,OTHER
900000,APARTMENT,3,4,140,"AL QADISIYAH, EAST RIYADH, RIYADH"
750000,APARTMENT,5,4,170,OTHER
560000,APARTMENT,4,4,141,OTHER
1280000,VILLA,7,7,262,OTHER
1950000,VILLA,7,5,359,OTHER
1899000,FLOOR,3,5,181,"AL NARJIS, NORTH RIYADH, RIYADH"
2390000,VILLA,7,6,414,"AL RIMAL, EAST RIYADH, RIYADH"
1100000,FLOOR,3,2,190,OTHER
1300000,APARTMENT,6,3,232,OTHER
2000000,VILLA,10,7,451,OTHER
4500000,VILLA,6,5,535,OTHER
3700000,VILLA,5,4,324,"AL MUNSIYAH, EAST RIYADH, RIYADH"
640000,APARTMENT,3,3,2400,OTHER
4000000,VILLA,10,7,351,"AL NARJIS, NORTH RIYADH, RIYADH"
550000,APARTMENT,5,3,155,OTHER
650000,VILLA,5,3,83,OTHER
1100000,VILLA,3,3,434,"BADR, SOUTH RIYADH, RIYADH"
1150000,FLOOR,4,3,172,"AL RIMAL, EAST RIYADH, RIYADH"
1300000,APARTMENT,4,2,168,OTHER
3200000,VILLA,4,5,702,OTHER
2800000,VILLA,6,5,408,OTHER
2800000,VILLA,4,5,700,OTHER
1500000,VILLA,6,5,305,OTHER
1500000,VILLA,6,5,457,OTHER
630000,APARTMENT,3,2,222,OTHER
600000,APARTMENT,3,4,211,OTHER
1770000,VILLA,6,5,372,OTHER
3500000,VILLA,6,5,682,OTHER
2400000,VILLA,1,1,430,OTHER
680000,APARTMENT,5,4,175,"TUWAIQ, WEST RIYADH, RIYADH"
1100000,FLOOR,3,3,500,OTHER
450000,APARTMENT,3,3,126,OTHER
500000,APARTMENT,3,2,195,OTHER
850000,FLOOR,6,4,450,"TUWAIQ, WEST RIYADH, RIYADH"
620000,FLOOR,5,4,188,"OKAZ, SOUTH RIYADH, RIYADH"
630000,VILLA,3,2,389,OTHER
500000,APARTMENT,5,4,123,OTHER
3000000,VILLA,8,6,375,OTHER
1200000,VILLA,5,5,502,OTHER
1450000,APARTMENT,3,4,190,OTHER
1210000,REST HOUSE,4,3,312,OTHER
5200000,VILLA,9,9,450,"AL NARJIS, NORTH RIYADH, RIYADH"
1550000,VILLA,6,5,437,OTHER
680000,APARTMENT,3,4,200,OTHER
530000,APARTMENT,6,4,204,OTHER
680000,APARTMENT,6,4,200,OTHER
3000000,VILLA,9,9,291,"AL ARID, NORTH RIYADH, RIYADH"
2000000,VILLA,7,5,266,"AL RIMAL, EAST RIYADH, RIYADH"
4000000,VILLA,6,5,400,OTHER
1395000,APARTMENT,2,2,100,OTHER
1100000,APARTMENT,5,3,186,"AL RAWDAH, NORTH JEDDAH, JEDDAH"
3600000,VILLA,10,6,625,OTHER
520000,APARTMENT,3,3,102,"AL SALAMAH, NORTH JEDDAH, JEDDAH"
1100000,APARTMENT,3,3,151,OTHER
630000,APARTMENT,6,4,220,OTHER
560000,APARTMENT,5,3,219,OTHER
1300000,FLOOR,5,4,404,"AL RIMAL, EAST RIYADH, RIYADH"
690000,APARTMENT,3,4,181,OTHER
560000,APARTMENT,6,4,212,OTHER
650000,APARTMENT,5,4,123,"AL JANADRIYAH, EAST RIYADH, RIYADH"
820000,VILLA,4,3,594,OTHER
1000000,VILLA,5,6,358,OTHER
550000,FLOOR,5,4,460,OTHER
720000,VILLA,5,7,385,OTHER
630000,FLOOR,3,3,420,"BADR, SOUTH RIYADH, RIYADH"
1050000,VILLA,3,3,402,OTHER
880000,VILLA,6,4,408,OTHER
720000,FLOOR,3,3,420,"BADR, SOUTH RIYADH, RIYADH"
1650000,VILLA,10,6,286,OTHER
600000,APARTMENT,6,5,124,OTHER
900000,VILLA,7,6,374,OTHER
950000,FLOOR,4,3,545,OTHER
1100000,VILLA,4,3,340,OTHER
730000,APARTMENT,6,5,240,OTHER
490000,APARTMENT,4,3,214,OTHER
1950000,VILLA,4,3,283,OTHER
1230000,VILLA,4,4,435,OTHER
420000,APARTMENT,3,2,101,OTHER
1050000,VILLA,5,1,344,OTHER
320000,APARTMENT,3,3,138,OTHER
640000,FLOOR,7,5,450,OTHER
1150000,VILLA,4,3,356,OTHER
750000,FLOOR,3,4,176,"TUWAIQ, WEST RIYADH, RIYADH"
650000,APARTMENT,3,2,212,OTHER
380000,APARTMENT,3,1,125,OTHER
770000,VILLA,5,8,385,OTHER
1450000,VILLA,4,4,330,OTHER
600000,APARTMENT,5,3,158,OTHER
1100000,VILLA,8,6,625,OTHER
500000,APARTMENT,5,3,176,OTHER
500000,APARTMENT,5,3,176,OTHER
930000,VILLA,5,4,374,OTHER
1900000,VILLA,5,4,225,OTHER
630000,APARTMENT,6,5,212,OTHER
490000,APARTMENT,5,3,169,OTHER
750000,VILLA,4,5,301,OTHER
560000,APARTMENT,6,3,197,OTHER
660000,APARTMENT,5,4,190,OTHER
1050000,VILLA,5,4,300,OTHER
620000,FLOOR,4,3,450,OTHER
950000,VILLA,5,4,397,OTHER
650000,FLOOR,6,6,320,OTHER
550000,APARTMENT,5,3,144,OTHER
520000,APARTMENT,3,3,141,OTHER
1150000,VILLA,7,5,220,OTHER
800000,VILLA,4,5,385,OTHER
660000,FLOOR,6,4,237,OTHER
690000,APARTMENT,4,3,153,"AL RIMAL, EAST RIYADH, RIYADH"
550000,APARTMENT,6,3,201,OTHER
680000,APARTMENT,3,3,190,OTHER
870000,VILLA,7,5,311,OTHER
580000,FLOOR,3,3,190,"OKAZ, SOUTH RIYADH, RIYADH"
480000,APARTMENT,5,3,204,OTHER
1200000,VILLA,7,6,394,OTHER
730000,FLOOR,6,3,450,OTHER
600000,APARTMENT,6,4,220,OTHER
850000,VILLA,4,6,313,OTHER
465000,APARTMENT,3,4,163,OTHER
450000,VILLA,5,3,152,OTHER
1400000,VILLA,11,8,440,OTHER
650000,APARTMENT,6,1,212,OTHER
950000,VILLA,8,5,405,OTHER
500000,APARTMENT,3,3,192,OTHER
950000,VILLA,6,1,340,OTHER
620000,FLOOR,5,4,218,OTHER
530000,APARTMENT,5,3,197,OTHER
1550000,VILLA,8,7,427,OTHER
530000,APARTMENT,6,4,211,OTHER
870000,VILLA,8,5,374,OTHER
650000,APARTMENT,6,4,214,OTHER
750000,APARTMENT,6,3,222,OTHER
780000,VILLA,5,3,337,OTHER
1000000,VILLA,7,5,481,OTHER
1280000,VILLA,5,4,424,OTHER
1150000,VILLA,4,6,250,OTHER
700000,VILLA,6,5,400,OTHER
320000,APARTMENT,4,3,138,OTHER
590000,APARTMENT,3,1,156,OTHER
430000,APARTMENT,4,3,129,OTHER
690000,APARTMENT,4,3,325,"BADR, SOUTH RIYADH, RIYADH"
1750000,VILLA,6,5,331,OTHER
650000,APARTMENT,7,6,295,OTHER
1450000,VILLA,5,9,462,OTHER
520000,APARTMENT,5,4,167,OTHER
800000,VILLA,6,6,300,OTHER
730000,APARTMENT,6,2,329,OTHER
520000,APARTMENT,5,3,168,OTHER
420000,APARTMENT,3,3,104,OTHER
550000,APARTMENT,2,3,228,OTHER
550000,APARTMENT,3,2,229,OTHER
680000,VILLA,4,5,296,OTHER
1300000,VILLA,6,4,412,OTHER
530000,APARTMENT,3,4,224,OTHER
1500000,VILLA,5,4,560,OTHER
520000,APARTMENT,3,3,206,OTHER
1100000,VILLA,4,5,408,OTHER
580000,APARTMENT,5,4,186,OTHER
1200000,VILLA,5,4,207,"AL QADISIYAH, EAST RIYADH, RIYADH"
1200000,VILLA,5,3,300,OTHER
1000000,VILLA,5,6,384,OTHER
650000,APARTMENT,3,3,300,OTHER
550000,APARTMENT,2,2,96,OTHER
770000,VILLA,6,4,216,OTHER
900000,VILLA,7,6,324,OTHER
490000,APARTMENT,5,1,131,OTHER
730000,APARTMENT,7,5,223,OTHER
900000,VILLA,6,5,143,OTHER
550000,APARTMENT,5,3,171,OTHER
760000,APARTMENT,6,5,280,OTHER
850000,FLOOR,5,4,300,OTHER
850000,FLOOR,3,4,170,OTHER
800000,VILLA,5,4,400,OTHER
800000,APARTMENT,6,5,165,OTHER
700000,VILLA,3,5,599,OTHER
640000,APARTMENT,4,5,215,OTHER
1200000,VILLA,4,5,408,OTHER
610000,APARTMENT,6,3,173,OTHER
980000,VILLA,8,5,301,OTHER
1650000,VILLA,4,5,312,OTHER
750000,VILLA,5,1,326,OTHER
650000,FLOOR,3,3,450,OTHER
1100000,VILLA,5,4,288,OTHER
800000,VILLA,5,5,326,OTHER
580000,APARTMENT,3,4,221,OTHER
620000,APARTMENT,3,3,184,OTHER
610000,APARTMENT,3,3,184,OTHER
700000,VILLA,4,5,315,OTHER
1350000,VILLA,6,4,462,OTHER
970000,APARTMENT,3,3,321,OTHER
720000,FLOOR,4,4,176,"OKAZ, SOUTH RIYADH, RIYADH"
480000,APARTMENT,4,4,3491,OTHER
1800000,VILLA,5,5,356,OTHER
950000,FLOOR,4,3,223,"AL JANADRIYAH, EAST RIYADH, RIYADH"
1500000,VILLA,4,3,439,OTHER
840000,VILLA,3,3,400,OTHER
1300000,VILLA,7,6,262,OTHER
550000,APARTMENT,4,3,226,OTHER
1200000,VILLA,6,5,316,OTHER
560000,APARTMENT,3,2,211,OTHER
1000000,FLOOR,4,4,415,OTHER
400000,APARTMENT,4,3,157,OTHER
720000,APARTMENT,4,4,188,OTHER
550000,APARTMENT,3,2,98,OTHER
240000,APARTMENT,2,2,96,OTHER
780000,FLOOR,3,2,147,OTHER
870000,FLOOR,3,2,190,"AL RIMAL, EAST RIYADH, RIYADH"
1750000,VILLA,6,5,225,"AL RIMAL, EAST RIYADH, RIYADH"
2500000,VILLA,6,5,344,"AL RIMAL, EAST RIYADH, RIYADH"
730000,APARTMENT,3,4,295,OTHER
560000,FLOOR,3,4,210,OTHER
2000000,VILLA,9,8,308,OTHER
1300000,VILLA,6,7,300,OTHER
1100000,VILLA,8,5,275,OTHER
620000,APARTMENT,5,3,148,OTHER
1150000,VILLA,8,5,300,OTHER
1500000,VILLA,6,4,328,OTHER
650000,FLOOR,5,4,149,"BADR, SOUTH RIYADH, RIYADH"
1450000,VILLA,6,5,500,OTHER
550000,APARTMENT,4,3,173,OTHER
780000,FLOOR,5,4,243,"BADR, SOUTH RIYADH, RIYADH"
1000000,APARTMENT,3,4,186,"AL JANADRIYAH, EAST RIYADH, RIYADH"
2400000,VILLA,10,5,420,OTHER
590000,APARTMENT,3,4,600,OTHER
950000,VILLA,6,5,250,OTHER
850000,APARTMENT,6,4,226,OTHER
500000,APARTMENT,3,4,209,OTHER
400000,APARTMENT,4,3,175,OTHER
950000,VILLA,4,3,418,OTHER
1150000,FLOOR,4,3,198,"TUWAIQ, WEST RIYADH, RIYADH"
1999000,APARTMENT,3,3,114,OTHER
1300000,VILLA,4,3,200,OTHER
950000,APARTMENT,6,3,196,OTHER
800000,FLOOR,3,3,158,"AL RIMAL, EAST RIYADH, RIYADH"
850000,VILLA,5,6,351,OTHER
750000,APARTMENT,4,4,295,OTHER
800000,FLOOR,10,8,627,OTHER
550000,APARTMENT,5,3,187,OTHER
580000,FLOOR,7,5,229,"BADR, SOUTH RIYADH, RIYADH"
630000,APARTMENT,4,4,600,OTHER
1200000,VILLA,4,3,383,OTHER
550000,APARTMENT,7,4,234,OTHER
950000,VILLA,6,4,275,OTHER
850000,VILLA,5,3,500,OTHER
1550000,VILLA,6,4,400,OTHER
1250000,VILLA,7,5,275,OTHER
950000,VILLA,5,4,310,OTHER
625000,APARTMENT,4,5,171,OTHER
1500000,FLOOR,4,4,241,"AL RIMAL, EAST RIYADH, RIYADH"
550000,APARTMENT,6,3,235,OTHER
590000,APARTMENT,7,3,251,OTHER
1000000,VILLA,7,5,380,OTHER
780000,APARTMENT,4,6,600,OTHER
900000,APARTMENT,6,3,218,OTHER
500000,APARTMENT,4,4,244,OTHER
800000,APARTMENT,6,1,215,OTHER
950000,APARTMENT,5,4,173,"AL RAWDAH, NORTH JEDDAH, JEDDAH"
630000,FLOOR,3,3,161,OTHER
890000,FLOOR,3,4,312,OTHER
660000,APARTMENT,7,4,307,OTHER
1100000,VILLA,5,4,290,OTHER
1000000,VILLA,3,3,300,OTHER
650000,APARTMENT,5,3,180,OTHER
700000,FLOOR,4,3,223,"TUWAIQ, WEST RIYADH, RIYADH"
1300000,FLOOR,5,5,247,OTHER
1350000,FLOOR,4,4,206,"AL MUNSIYAH, EAST RIYADH, RIYADH"
1350000,FLOOR,3,5,1056,OTHER
520000,APARTMENT,5,4,192,OTHER
550000,APARTMENT,5,4,214,OTHER
750000,APARTMENT,6,5,205,OTHER
610000,APARTMENT,6,4,195,OTHER
1480000,VILLA,6,5,286,OTHER
980000,VILLA,4,6,310,OTHER
1330000,VILLA,4,3,210,OTHER
1000000,VILLA,6,4,300,OTHER
4500000,VILLA,11,9,420,"AL MAHDIYAH, WEST RIYADH, RIYADH"
1200000,VILLA,5,3,251,"AL JANADRIYAH, EAST RIYADH, RIYADH"
1500000,VILLA,11,10,326,OTHER
1050000,FLOOR,5,4,400,OTHER
1360000,APARTMENT,8,6,249,OTHER
1000000,VILLA,8,5,390,OTHER
710000,APARTMENT,5,4,182,OTHER
2100000,VILLA,8,5,312,OTHER
1450000,VILLA,5,4,375,OTHER
400000,APARTMENT,2,2,113,OTHER
600000,APARTMENT,2,2,117,OTHER
720000,APARTMENT,3,3,177,OTHER
1150000,VILLA,4,3,600,OTHER
580000,APARTMENT,5,3,127,OTHER
630000,FLOOR,5,3,220,OTHER
730000,APARTMENT,5,3,219,OTHER
770000,VILLA,8,4,252,OTHER
700000,APARTMENT,5,3,206,OTHER
830000,VILLA,6,3,503,OTHER
560000,APARTMENT,4,3,239,OTHER
770000,VILLA,7,4,252,OTHER
600000,APARTMENT,6,4,195,OTHER
575000,APARTMENT,5,4,161,OTHER
540000,APARTMENT,5,4,171,OTHER
950000,VILLA,6,5,324,OTHER
630000,APARTMENT,5,4,181,OTHER
430000,APARTMENT,5,3,115,OTHER
1350000,FLOOR,4,6,690,OTHER
520000,APARTMENT,4,3,120,"BADR, SOUTH RIYADH, RIYADH"
1070000,VILLA,9,5,494,OTHER
1150000,VILLA,3,6,280,OTHER
750000,VILLA,7,5,304,OTHER
570000,APARTMENT,5,3,198,OTHER
1000000,VILLA,5,4,429,OTHER
850000,FLOOR,5,4,169,OTHER
580000,APARTMENT,4,3,144,OTHER
1400000,VILLA,11,8,300,OTHER
560000,APARTMENT,5,3,197,OTHER
950000,FLOOR,4,4,312,OTHER
1000000,APARTMENT,3,3,118,OTHER
850000,VILLA,6,5,346,OTHER
700000,VILLA,5,3,500,OTHER
700000,VILLA,4,4,303,OTHER
1250000,VILLA,4,5,400,OTHER
480000,APARTMENT,2,3,173,OTHER
480000,APARTMENT,3,4,164,OTHER
1350000,VILLA,11,8,300,OTHER
520000,APARTMENT,5,3,205,OTHER
1130000,VILLA,4,6,405,OTHER
550000,APARTMENT,5,4,222,OTHER
850000,VILLA,4,6,361,OTHER
900000,FLOOR,3,4,160,OTHER
1595000,VILLA,5,8,310,OTHER
1900000,VILLA,3,4,167,OTHER
720000,APARTMENT,3,2,73,"AL RIMAL, EAST RIYADH, RIYADH"
1200000,VILLA,4,4,222,"AL JANADRIYAH, EAST RIYADH, RIYADH"
700000,APARTMENT,2,2,97,OTHER
1800000,VILLA,9,7,438,OTHER
650000,APARTMENT,3,2,123,OTHER
650000,APARTMENT,5,4,187,OTHER
1400000,VILLA,6,5,360,"AL JANADRIYAH, EAST RIYADH, RIYADH"
850000,FLOOR,3,2,169,OTHER
750000,FLOOR,3,2,125,OTHER
900000,FLOOR,3,2,168,OTHER
600000,APARTMENT,3,2,94,OTHER
850000,FLOOR,3,2,149,OTHER
650000,FLOOR,3,2,142,OTHER
1050000,FLOOR,3,2,150,OTHER
1100000,FLOOR,3,2,205,"AL RIMAL, EAST RIYADH, RIYADH"
1300000,VILLA,6,5,319,OTHER
950000,VILLA,7,5,465,OTHER
580000,APARTMENT,4,3,140,OTHER
600000,APARTMENT,3,3,154,OTHER
750000,APARTMENT,1,1,43,OTHER
8000000,VILLA,6,4,600,OTHER
949000,APARTMENT,3,3,165,"AL QADISIYAH, EAST RIYADH, RIYADH"
2600000,VILLA,5,4,750,OTHER
950000,APARTMENT,3,3,126,"AL MUNSIYAH, EAST RIYADH, RIYADH"
1200000,APARTMENT,4,3,180,"AL MUNSIYAH, EAST RIYADH, RIYADH"
1200000,APARTMENT,4,4,180,"AL MUNSIYAH, EAST RIYADH, RIYADH"
950000,APARTMENT,4,4,126,"AL MUNSIYAH, EAST RIYADH, RIYADH"
3000000,VILLA,6,5,260,"AL ARID, NORTH RIYADH, RIYADH"
3200000,VILLA,5,5,300,"AL ARID, NORTH RIYADH, RIYADH"
3000000,VILLA,7,5,312,"AL ARID, NORTH RIYADH, RIYADH"
650000,APARTMENT,3,3,220,OTHER
700000,APARTMENT,3,3,162,"AL JANADRIYAH, EAST RIYADH, RIYADH"
1100000,VILLA,4,3,353,OTHER
1150000,VILLA,7,5,362,OTHER
680000,APARTMENT,2,2,128,"AL RIMAL, EAST RIYADH, RIYADH"
350000,APARTMENT,2,3,112,OTHER
1400000,FLOOR,3,3,155,"AL NARJIS, NORTH RIYADH, RIYADH"
280000,APARTMENT,3,2,98,OTHER
475000,APARTMENT,2,2,1049,"AL RAWDAH, NORTH JEDDAH, JEDDAH"
1550000,VILLA,10,7,304,OTHER
1200000,VILLA,10,9,300,OTHER
550000,APARTMENT,3,3,103,"AL SALAMAH, NORTH JEDDAH, JEDDAH"
770000,VILLA,6,4,265,OTHER
1900000,VILLA,7,7,438,OTHER
850000,VILLA,6,4,382,OTHER
550000,FLOOR,6,3,195,OTHER
730000,FLOOR,5,4,194,OTHER
1400000,VILLA,8,7,569,OTHER
900000,VILLA,6,5,370,OTHER
1490000,VILLA,5,4,308,"OKAZ, SOUTH RIYADH, RIYADH"
3500000,VILLA,4,4,352,"AL ARID, NORTH RIYADH, RIYADH"
4400000,VILLA,6,5,300,"AL NARJIS, NORTH RIYADH, RIYADH"
5350000,VILLA,11,7,704,"AL MAHDIYAH, WEST RIYADH, RIYADH"
600000,APARTMENT,4,3,117,OTHER
300000,APARTMENT,3,2,99,OTHER
13500000,VILLA,5,4,270,"BADR, SOUTH RIYADH, RIYADH"
990000,APARTMENT,4,4,497,OTHER
690000,APARTMENT,5,4,211,OTHER
705000,APARTMENT,4,3,224,OTHER
751000,APARTMENT,4,4,197,OTHER
2650000,VILLA,8,9,413,OTHER
450000,APARTMENT,4,5,127,OTHER
3600000,VILLA,4,6,300,OTHER
590000,APARTMENT,5,3,202,OTHER
650000,APARTMENT,3,3,116,OTHER
2450000,VILLA,4,5,500,"AL MAHDIYAH, WEST RIYADH, RIYADH"
2500000,VILLA,5,5,300,"AL MAHDIYAH, WEST RIYADH, RIYADH"
3000000,VILLA,6,3,773,"AL MAHDIYAH, WEST RIYADH, RIYADH"
3300000,VILLA,5,5,300,"AL MAHDIYAH, WEST RIYADH, RIYADH"
2500000,VILLA,5,8,366,"AL MAHDIYAH, WEST RIYADH, RIYADH"
950000,FLOOR,5,5,600,"TUWAIQ, WEST RIYADH, RIYADH"
2400000,VILLA,5,5,479,OTHER
950000,VILLA,7,6,311,OTHER
12000000,VILLA,4,6,1004,OTHER
600000,APARTMENT,3,4,84,OTHER
6900000,VILLA,7,5,500,"AL ARID, NORTH RIYADH, RIYADH"
4500000,VILLA,6,5,308,"AL NARJIS, NORTH RIYADH, RIYADH"
4200000,VILLA,7,5,300,"AL ARID, NORTH RIYADH, RIYADH"
2900000,VILLA,5,5,202,"AL ARID, NORTH RIYADH, RIYADH"
1000000,VILLA,7,5,300,OTHER
5000000,VILLA,10,8,4126,OTHER
830000,FLOOR,5,4,260,OTHER
4000000,VILLA,4,4,355,OTHER
2800000,APARTMENT,3,3,146,"AL ARID, NORTH RIYADH, RIYADH"
3000000,VILLA,6,5,276,"AL NARJIS, NORTH RIYADH, RIYADH"
3300000,VILLA,6,4,250,"AL ARID, NORTH RIYADH, RIYADH"
2300000,VILLA,10,10,500,OTHER
15000000,VILLA,10,7,450,"AL NARJIS, NORTH RIYADH, RIYADH"
4850000,VILLA,4,4,550,OTHER
790000,APARTMENT,1,1,211,OTHER
3000000,VILLA,4,6,300,OTHER
2250000,VILLA,5,5,517,OTHER
7000000,VILLA,3,4,317,"AL MUNSIYAH, EAST RIYADH, RIYADH"
1500000,APARTMENT,4,3,94,"QURTUBAH, EAST RIYADH, RIYADH"
995000,APARTMENT,4,3,158,"AL RIMAL, EAST RIYADH, RIYADH"
650000,APARTMENT,3,3,750,OTHER
460000,APARTMENT,3,3,118,OTHER
449000,APARTMENT,3,3,525,OTHER
620000,APARTMENT,4,3,149,OTHER
439000,APARTMENT,4,4,510,"AL SALAMAH, NORTH JEDDAH, JEDDAH"
460000,APARTMENT,4,3,118,OTHER
750000,APARTMENT,5,3,163,OTHER
540000,APARTMENT,4,3,127,OTHER
570000,APARTMENT,5,3,865,OTHER
610000,APARTMENT,5,4,185,OTHER
490000,APARTMENT,4,4,128,OTHER
2200000,VILLA,7,5,500,OTHER
1450000,VILLA,4,6,310,OTHER
1300000,APARTMENT,3,3,212,OTHER
650000,APARTMENT,5,4,180,OTHER
490000,APARTMENT,4,3,128,OTHER
490000,APARTMENT,4,3,129,OTHER
490000,APARTMENT,2,2,94,"AL SALAMAH, NORTH JEDDAH, JEDDAH"
440000,APARTMENT,2,2,99,OTHER
440000,APARTMENT,2,2,1092,OTHER
655000,APARTMENT,3,3,529,"AL RAWDAH, NORTH JEDDAH, JEDDAH"
490000,APARTMENT,3,1,94,"AL SALAMAH, NORTH JEDDAH, JEDDAH"
740000,APARTMENT,1,1,50,"AL QADISIYAH, EAST RIYADH, RIYADH"
1600000,VILLA,3,2,264,"AL JANADRIYAH, EAST RIYADH, RIYADH"
440000,APARTMENT,3,3,99,OTHER
1500000,VILLA,1,1,312,OTHER
1750000,VILLA,1,1,262,"AL MUNSIYAH, EAST RIYADH, RIYADH"
5500000,VILLA,2,1,462,"AL MAHDIYAH, WEST RIYADH, RIYADH"
1550000,FLOOR,1,1,116,"AL NARJIS, NORTH RIYADH, RIYADH"
440000,APARTMENT,3,3,100,OTHER
550000,APARTMENT,4,3,130,OTHER
750000,APARTMENT,4,3,164,OTHER
610000,APARTMENT,5,3,185,OTHER
690000,APARTMENT,5,4,174,OTHER
600000,APARTMENT,4,3,180,OTHER
690000,APARTMENT,3,2,174,OTHER
464000,APARTMENT,3,3,1358,OTHER
490000,APARTMENT,2,3,94,"AL SALAMAH, NORTH JEDDAH, JEDDAH"
570000,APARTMENT,3,2,865,OTHER
415000,APARTMENT,3,3,630,"AL SALAMAH, NORTH JEDDAH, JEDDAH"
529000,APARTMENT,2,3,500,OTHER
830000,APARTMENT,4,3,177,OTHER
920000,APARTMENT,4,3,173,OTHER
7000000,VILLA,6,7,500,"AL NARJIS, NORTH RIYADH, RIYADH"
2150000,VILLA,3,3,200,OTHER
4200000,VILLA,6,6,435,"QURTUBAH, EAST RIYADH, RIYADH"
4500000,VILLA,5,5,490,OTHER
2500000,VILLA,3,5,450,OTHER
430000,APARTMENT,5,3,122,OTHER
900000,FLOOR,6,5,633,OTHER
800000,VILLA,9,8,382,OTHER
370000,APARTMENT,4,3,202,OTHER
1400000,VILLA,7,5,300,OTHER
1800000,VILLA,5,5,285,"AL QADISIYAH, EAST RIYADH, RIYADH"
1150000,FLOOR,4,3,900,"TUWAIQ, WEST RIYADH, RIYADH"
950000,FLOOR,4,3,212,"TUWAIQ, WEST RIYADH, RIYADH"
1150000,FLOOR,5,4,296,"TUWAIQ, WEST RIYADH, RIYADH"
1050000,FLOOR,4,4,193,"TUWAIQ, WEST RIYADH, RIYADH"
850000,FLOOR,3,4,151,OTHER
1100000,FLOOR,4,5,255,"TUWAIQ, WEST RIYADH, RIYADH"
1000000,FLOOR,3,3,179,"TUWAIQ, WEST RIYADH, RIYADH"
1400000,VILLA,1,1,200,"TUWAIQ, WEST RIYADH, RIYADH"
850000,FLOOR,3,3,105,OTHER
1200000,FLOOR,1,1,222,"TUWAIQ, WEST RIYADH, RIYADH"
950000,FLOOR,3,3,189,"TUWAIQ, WEST RIYADH, RIYADH"
880000,VILLA,10,7,163,"OKAZ, SOUTH RIYADH, RIYADH"
850000,FLOOR,3,3,500,OTHER
850000,FLOOR,4,3,500,OTHER
880000,VILLA,5,5,163,"OKAZ, SOUTH RIYADH, RIYADH"
1750000,VILLA,5,7,450,OTHER
950000,FLOOR,1,1,201,"TUWAIQ, WEST RIYADH, RIYADH"
700000,APARTMENT,1,1,220,"TUWAIQ, WEST RIYADH, RIYADH"
2850000,VILLA,10,5,845,OTHER
1250000,FLOOR,6,5,278,OTHER
694000,APARTMENT,5,4,198,OTHER
750000,VILLA,5,4,345,OTHER
680000,APARTMENT,5,4,175,OTHER
1100000,FLOOR,5,6,228,"AL RIMAL, EAST RIYADH, RIYADH"
550000,APARTMENT,5,4,168,OTHER
600000,VILLA,3,4,375,OTHER
980000,VILLA,2,3,300,OTHER
690000,APARTMENT,3,3,194,OTHER
600000,FLOOR,5,3,600,OTHER
1250000,FLOOR,5,3,340,OTHER
800000,FLOOR,7,5,275,OTHER
900000,VILLA,7,5,368,OTHER
1050000,FLOOR,5,3,213,"AL RIMAL, EAST RIYADH, RIYADH"
700000,FLOOR,3,5,800,OTHER
640000,APARTMENT,3,3,171,OTHER
450000,APARTMENT,4,3,80,OTHER
1250000,VILLA,6,5,376,OTHER
450000,APARTMENT,7,5,252,OTHER
1100000,FLOOR,6,3,400,OTHER
950000,FLOOR,3,4,122,"AL RIMAL, EAST RIYADH, RIYADH"
750000,APARTMENT,5,3,180,OTHER
420000,APARTMENT,3,3,139,OTHER
540000,APARTMENT,5,4,171,OTHER
730000,VILLA,6,5,268,OTHER
630000,APARTMENT,5,4,217,OTHER
430000,APARTMENT,5,4,154,OTHER
580000,APARTMENT,4,3,186,OTHER
950000,VILLA,4,3,315,OTHER
690000,APARTMENT,3,3,325,"BADR, SOUTH RIYADH, RIYADH"
950000,VILLA,5,6,410,OTHER
1600000,VILLA,5,7,300,OTHER
1400000,VILLA,7,7,476,OTHER
680000,APARTMENT,2,3,228,OTHER
500000,APARTMENT,3,2,206,OTHER
1250000,VILLA,8,7,464,OTHER
950000,VILLA,5,3,395,OTHER
950000,VILLA,6,3,349,OTHER
1150000,VILLA,3,4,188,"AL QADISIYAH, EAST RIYADH, RIYADH"
1350000,FLOOR,6,4,400,OTHER
430000,APARTMENT,5,3,181,OTHER
480000,APARTMENT,3,3,129,OTHER
1250000,VILLA,5,4,443,OTHER
500000,APARTMENT,6,4,229,OTHER
630000,APARTMENT,4,4,229,"BADR, SOUTH RIYADH, RIYADH"
780000,APARTMENT,3,4,186,OTHER
1050000,VILLA,4,3,200,OTHER
580000,APARTMENT,6,5,188,OTHER
1900000,FLOOR,3,3,209,"QURTUBAH, EAST RIYADH, RIYADH"
1650000,VILLA,4,6,325,OTHER
530000,APARTMENT,5,4,205,OTHER
1165000,VILLA,5,4,600,OTHER
750000,APARTMENT,3,3,208,"OKAZ, SOUTH RIYADH, RIYADH"
550000,APARTMENT,5,3,190,OTHER
500000,VILLA,5,3,187,OTHER
680000,APARTMENT,5,3,203,OTHER
1300000,VILLA,5,5,233,OTHER
700000,APARTMENT,6,4,210,"BADR, SOUTH RIYADH, RIYADH"
1150000,VILLA,4,7,423,OTHER
600000,APARTMENT,5,3,196,OTHER
1750000,VILLA,4,4,356,OTHER
1000000,VILLA,5,4,310,OTHER
620000,APARTMENT,4,3,218,OTHER
1300000,VILLA,6,4,380,OTHER
510000,APARTMENT,6,4,211,OTHER
670000,APARTMENT,5,3,194,OTHER
560000,APARTMENT,4,2,159,OTHER
900000,VILLA,6,3,320,OTHER
880000,VILLA,7,5,408,OTHER
1450000,VILLA,11,10,300,OTHER
650000,APARTMENT,5,3,185,OTHER
1300000,VILLA,9,6,443,OTHER
450000,APARTMENT,5,3,147,OTHER
1350000,VILLA,6,4,787,OTHER
500000,APARTMENT,5,4,159,OTHER
725000,APARTMENT,5,3,178,OTHER
430000,APARTMENT,5,4,145,OTHER
1330000,VILLA,6,4,347,OTHER
620000,APARTMENT,6,5,166,"BADR, SOUTH RIYADH, RIYADH"
975000,VILLA,5,3,360,OTHER
900000,APARTMENT,3,4,154,"AL RIMAL, EAST RIYADH, RIYADH"
770000,FLOOR,3,2,312,OTHER
770000,FLOOR,6,4,341,OTHER
1050000,VILLA,4,3,200,OTHER
1250000,VILLA,9,8,630,OTHER
750000,FLOOR,3,3,283,OTHER
1750000,VILLA,7,6,437,OTHER
520000,APARTMENT,3,3,179,"BADR, SOUTH RIYADH, RIYADH"
490000,APARTMENT,5,5,120,OTHER
450000,APARTMENT,5,3,184,OTHER
880000,VILLA,4,3,349,OTHER
460000,APARTMENT,3,2,159,OTHER
780000,APARTMENT,6,4,250,OTHER
540000,APARTMENT,5,3,139,OTHER
900000,VILLA,5,3,233,OTHER
6500000,FLOOR,6,5,420,OTHER
900000,VILLA,6,3,312,OTHER
510000,APARTMENT,5,3,172,OTHER
2500000,VILLA,3,3,450,OTHER
3500000,VILLA,8,6,315,OTHER
950000,VILLA,4,4,364,OTHER
1500000,VILLA,6,7,270,OTHER
700000,VILLA,5,4,260,OTHER
530000,APARTMENT,3,2,194,OTHER
620000,APARTMENT,7,6,218,OTHER
250000,APARTMENT,4,3,142,OTHER
730000,APARTMENT,7,10,328,OTHER
1750000,VILLA,7,5,437,OTHER
480000,APARTMENT,4,3,128,OTHER
1200000,VILLA,7,5,375,OTHER
1050000,VILLA,5,7,311,OTHER
800000,APARTMENT,3,3,169,"AL RIMAL, EAST RIYADH, RIYADH"
580000,APARTMENT,5,3,172,OTHER
950000,APARTMENT,6,4,274,OTHER
570000,APARTMENT,5,4,171,OTHER
1100000,FLOOR,3,3,343,OTHER
640000,APARTMENT,6,5,206,OTHER
700000,APARTMENT,5,4,217,"BADR, SOUTH RIYADH, RIYADH"
750000,APARTMENT,2,3,151,OTHER
1200000,VILLA,5,4,307,OTHER
620000,APARTMENT,7,6,218,OTHER
900000,VILLA,6,5,300,OTHER
2000000,VILLA,6,3,286,"AL RIMAL, EAST RIYADH, RIYADH"
1400000,FLOOR,5,3,400,OTHER
1450000,VILLA,6,5,437,OTHER
2700000,VILLA,4,4,375,"AL RIMAL, EAST RIYADH, RIYADH"
1000000,VILLA,3,6,840,OTHER
1300000,VILLA,7,5,420,OTHER
720000,VILLA,4,5,325,OTHER
1450000,VILLA,6,4,480,OTHER
1550000,VILLA,11,8,550,OTHER
550000,APARTMENT,6,4,220,OTHER
900000,VILLA,5,4,310,OTHER
750000,APARTMENT,3,3,171,OTHER
1500000,FLOOR,5,3,554,OTHER
480000,APARTMENT,5,4,174,OTHER
650000,APARTMENT,4,3,228,OTHER
620000,APARTMENT,4,5,218,OTHER
630000,APARTMENT,5,2,190,OTHER
950000,VILLA,6,4,351,OTHER
530000,APARTMENT,5,4,213,OTHER
620000,APARTMENT,5,4,218,OTHER
750000,APARTMENT,4,3,353,OTHER
1000000,VILLA,4,3,215,"AL JANADRIYAH, EAST RIYADH, RIYADH"
850000,VILLA,6,5,355,OTHER
1100000,VILLA,5,3,325,OTHER
540000,APARTMENT,4,3,161,OTHER
800000,FLOOR,4,4,512,OTHER
670000,APARTMENT,4,3,176,OTHER
1150000,VILLA,6,5,305,OTHER
650000,APARTMENT,3,4,171,OTHER
2200000,VILLA,4,4,250,OTHER
950000,VILLA,5,6,408,OTHER
800000,APARTMENT,6,3,224,OTHER
600000,APARTMENT,3,3,199,OTHER
835000,VILLA,5,3,266,"BADR, SOUTH RIYADH, RIYADH"
670000,APARTMENT,4,4,180,OTHER
900000,VILLA,8,6,375,OTHER
800000,VILLA,3,4,500,OTHER
950000,VILLA,5,8,360,OTHER
500000,APARTMENT,6,3,209,OTHER
1150000,VILLA,10,5,367,OTHER
930000,APARTMENT,4,4,164,OTHER
850000,FLOOR,3,3,150,"AL RIMAL, EAST RIYADH, RIYADH"
979000,APARTMENT,3,3,120,OTHER
2500000,VILLA,5,3,370,"AL MUNSIYAH, EAST RIYADH, RIYADH"
890000,APARTMENT,3,3,158,"AL RIMAL, EAST RIYADH, RIYADH"
890000,APARTMENT,4,3,159,"AL RIMAL, EAST RIYADH, RIYADH"
890000,APARTMENT,4,4,158,"AL RIMAL, EAST RIYADH, RIYADH"
1350000,FLOOR,3,4,206,"AL MUNSIYAH, EAST RIYADH, RIYADH"
890000,APARTMENT,4,3,158,"AL RIMAL, EAST RIYADH, RIYADH"
1550000,FLOOR,5,5,183,"AL MUNSIYAH, EAST RIYADH, RIYADH"
430000,APARTMENT,5,3,174,"BADR, SOUTH RIYADH, RIYADH"
1400000,FLOOR,4,6,305,"AL QADISIYAH, EAST RIYADH, RIYADH"
3000000,VILLA,6,5,773,"AL MAHDIYAH, WEST RIYADH, RIYADH"
2000000,VILLA,3,4,250,OTHER
11500000,VILLA,9,10,792,OTHER
635000,APARTMENT,2,3,176,"TUWAIQ, WEST RIYADH, RIYADH"
570000,APARTMENT,4,3,195,OTHER
1109000,APARTMENT,3,3,151,"AL NARJIS, NORTH RIYADH, RIYADH"
989000,APARTMENT,3,3,130,OTHER
1280000,VILLA,7,5,200,OTHER
1500000,VILLA,5,6,360,OTHER
1700000,VILLA,5,5,200,OTHER
1200000,VILLA,4,4,310,OTHER
1650000,VILLA,7,3,308,OTHER
980000,VILLA,5,4,300,OTHER
1130000,VILLA,5,4,300,OTHER
900000,VILLA,3,3,312,OTHER
1200000,VILLA,3,3,300,OTHER
1650000,VILLA,3,2,275,OTHER
950000,VILLA,6,5,312,OTHER
1250000,VILLA,5,5,240,OTHER
1750000,VILLA,6,8,450,"TUWAIQ, WEST RIYADH, RIYADH"
1600000,VILLA,7,5,600,"AL JANADRIYAH, EAST RIYADH, RIYADH"
1650000,FLOOR,4,5,630,OTHER
900000,APARTMENT,4,4,450,"AL MAHDIYAH, WEST RIYADH, RIYADH"
930000,APARTMENT,4,4,450,"AL MAHDIYAH, WEST RIYADH, RIYADH"
930000,APARTMENT,4,3,450,"AL MAHDIYAH, WEST RIYADH, RIYADH"
850000,APARTMENT,4,4,450,"AL MAHDIYAH, WEST RIYADH, RIYADH"
750000,APARTMENT,4,4,450,"AL MAHDIYAH, WEST RIYADH, RIYADH"
770000,APARTMENT,3,3,450,"AL MAHDIYAH, WEST RIYADH, RIYADH"
380000,APARTMENT,3,3,92,OTHER
850000,FLOOR,5,1,166,"AL JANADRIYAH, EAST RIYADH, RIYADH"
3300000,VILLA,6,5,300,OTHER
1080000,FLOOR,4,3,229,"TUWAIQ, WEST RIYADH, RIYADH"
1100000,VILLA,5,4,225,OTHER
1150000,FLOOR,4,3,183,OTHER
1070000,VILLA,5,5,272,"TUWAIQ, WEST RIYADH, RIYADH"
1100000,FLOOR,4,4,209,OTHER
1200000,FLOOR,5,5,259,OTHER
950000,FLOOR,3,3,164,"TUWAIQ, WEST RIYADH, RIYADH"
950000,FLOOR,5,3,180,"TUWAIQ, WEST RIYADH, RIYADH"
1150000,FLOOR,5,5,180,"TUWAIQ, WEST RIYADH, RIYADH"
1350000,FLOOR,3,3,240,OTHER
700000,APARTMENT,3,3,94,"TUWAIQ, WEST RIYADH, RIYADH"
850000,FLOOR,3,1,137,"TUWAIQ, WEST RIYADH, RIYADH"
1000000,FLOOR,3,3,212,"TUWAIQ, WEST RIYADH, RIYADH"
1300000,VILLA,5,5,304,"TUWAIQ, WEST RIYADH, RIYADH"
1100000,FLOOR,3,3,188,"TUWAIQ, WEST RIYADH, RIYADH"
1600000,VILLA,5,5,365,OTHER
1650000,FLOOR,4,3,198,"QURTUBAH, EAST RIYADH, RIYADH"
3300000,VILLA,5,4,300,"AL MAHDIYAH, WEST RIYADH, RIYADH"
250000,FLOOR,5,4,209,OTHER
950000,VILLA,10,5,503,OTHER
1600000,FLOOR,3,4,690,OTHER
3199999,VILLA,4,4,330,OTHER
1200000,VILLA,6,5,300,OTHER
899000,APARTMENT,3,4,170,OTHER
1039000,APARTMENT,3,4,231,OTHER
3500000,APARTMENT,3,3,75,OTHER
2300000,VILLA,6,8,462,OTHER
5000000,VILLA,5,4,375,OTHER
1300000,APARTMENT,3,3,123,"AL NARJIS, NORTH RIYADH, RIYADH"
6000000,VILLA,5,5,567,OTHER
3900000,APARTMENT,5,5,430,OTHER
790000,APARTMENT,4,3,136,"AL QADISIYAH, EAST RIYADH, RIYADH"
1500000,APARTMENT,4,3,153,OTHER
3400000,VILLA,6,6,200,OTHER
5600000,VILLA,6,5,400,OTHER
1800000,VILLA,8,7,625,OTHER
1400000,VILLA,3,4,250,OTHER
780000,APARTMENT,2,2,171,OTHER
1000000,VILLA,5,6,250,OTHER
1300000,FLOOR,4,4,132,"AL MUNSIYAH, EAST RIYADH, RIYADH"
730000,APARTMENT,4,3,141,OTHER
650000,VILLA,4,3,152,OTHER
2100000,APARTMENT,3,2,120,OTHER
1850000,APARTMENT,3,3,181,"QURTUBAH, EAST RIYADH, RIYADH"
550000,APARTMENT,3,2,94,"AL RIMAL, EAST RIYADH, RIYADH"
520000,FLOOR,3,3,222,"BADR, SOUTH RIYADH, RIYADH"
1400000,FLOOR,7,5,900,OTHER
1050000,VILLA,6,5,269,"TUWAIQ, WEST RIYADH, RIYADH"
1000000,FLOOR,3,2,124,OTHER
1550000,FLOOR,3,3,234,OTHER
1250000,APARTMENT,3,2,126,OTHER
3000000,VILLA,5,5,810,OTHER
490000,APARTMENT,4,2,1511,OTHER
3500000,VILLA,7,8,297,OTHER
1200000,FLOOR,5,4,505,"AL QADISIYAH, EAST RIYADH, RIYADH"
1450000,FLOOR,5,4,505,"AL QADISIYAH, EAST RIYADH, RIYADH"
1200000,FLOOR,5,5,505,"AL QADISIYAH, EAST RIYADH, RIYADH"
1000000,FLOOR,4,3,131,"AL MUNSIYAH, EAST RIYADH, RIYADH"
1200000,FLOOR,3,3,505,"AL QADISIYAH, EAST RIYADH, RIYADH"
995000,APARTMENT,4,4,158,"AL RIMAL, EAST RIYADH, RIYADH"
999000,APARTMENT,3,3,203,"AL QADISIYAH, EAST RIYADH, RIYADH"
1200000,FLOOR,4,4,222,"AL RIMAL, EAST RIYADH, RIYADH"
550000,APARTMENT,5,3,166,OTHER
450000,APARTMENT,3,3,98,OTHER
480000,APARTMENT,3,2,103,OTHER
750000,APARTMENT,5,3,182,OTHER
325000,APARTMENT,2,2,85,OTHER
470000,APARTMENT,3,3,107,OTHER
690000,APARTMENT,5,3,161,OTHER
9000000,VILLA,6,9,735,OTHER
940000,FLOOR,5,4,193,"AL JANADRIYAH, EAST RIYADH, RIYADH"
1500000,VILLA,4,4,367,OTHER
720000,APARTMENT,6,3,143,"TUWAIQ, WEST RIYADH, RIYADH"
980000,APARTMENT,5,3,143,OTHER
590000,APARTMENT,3,2,133,OTHER
739000,FLOOR,7,6,186,"OKAZ, SOUTH RIYADH, RIYADH"
1900000,VILLA,9,7,321,OTHER
1000000,VILLA,3,5,327,OTHER
520000,APARTMENT,10,5,239,OTHER
790000,APARTMENT,4,3,175,OTHER
550000,APARTMENT,3,2,123,OTHER
420000,APARTMENT,5,3,148,OTHER
950000,FLOOR,7,5,425,OTHER
400000,APARTMENT,4,3,113,OTHER
1200000,VILLA,9,5,250,OTHER
1250000,VILLA,1,1,299,OTHER
630000,APARTMENT,1,1,144,OTHER
630000,APARTMENT,1,1,153,OTHER
735000,APARTMENT,1,1,186,OTHER
790000,APARTMENT,1,1,226,OTHER
750000,APARTMENT,4,3,141,"AL SALAMAH, NORTH JEDDAH, JEDDAH"
1190000,APARTMENT,6,5,640,OTHER
850000,APARTMENT,3,4,207,OTHER
550000,APARTMENT,3,3,122,OTHER
1050000,APARTMENT,7,6,339,OTHER
720000,APARTMENT,5,4,175,OTHER
740000,APARTMENT,4,3,141,"AL SALAMAH, NORTH JEDDAH, JEDDAH"
520000,APARTMENT,3,4,102,"AL SALAMAH, NORTH JEDDAH, JEDDAH"
850000,APARTMENT,4,5,150,OTHER
850000,APARTMENT,6,5,207,OTHER
950000,APARTMENT,5,4,166,"AL SALAMAH, NORTH JEDDAH, JEDDAH"
740000,APARTMENT,1,1,141,"AL SALAMAH, NORTH JEDDAH, JEDDAH"
780000,APARTMENT,1,1,133,"AL RAWDAH, NORTH JEDDAH, JEDDAH"
720000,APARTMENT,1,1,175,OTHER
520000,APARTMENT,1,1,102,"AL SALAMAH, NORTH JEDDAH, JEDDAH"
730000,APARTMENT,1,1,166,OTHER
1285000,VILLA,1,1,325,OTHER
770000,APARTMENT,1,1,177,OTHER
600000,APARTMENT,2,4,215,OTHER
545000,APARTMENT,4,3,137,OTHER
670000,APARTMENT,1,1,176,OTHER
750000,APARTMENT,4,3,152,OTHER
780000,APARTMENT,1,1,153,OTHER
735000,APARTMENT,1,1,172,OTHER
650000,APARTMENT,1,1,159,OTHER
3950000,VILLA,1,1,620,OTHER
450000,APARTMENT,4,3,137,OTHER
750000,APARTMENT,4,5,152,OTHER
545000,APARTMENT,4,5,137,OTHER
3500000,VILLA,11,7,3433,OTHER
650000,FLOOR,6,5,199,OTHER
810000,VILLA,10,7,250,OTHER
750000,FLOOR,5,4,600,"BADR, SOUTH RIYADH, RIYADH"
3500000,VILLA,5,4,682,OTHER
1500000,VILLA,5,5,149,OTHER
2000000,VILLA,5,2,437,OTHER
1250000,APARTMENT,3,3,147,OTHER
850000,APARTMENT,6,3,205,OTHER
1400000,FLOOR,5,4,600,OTHER
5300000,VILLA,9,7,400,OTHER
3000000,VILLA,5,5,403,OTHER
650000,APARTMENT,3,3,140,OTHER
780000,APARTMENT,5,4,196,OTHER
680000,APARTMENT,4,4,157,OTHER
1450000,VILLA,5,5,200,OTHER
3300000,VILLA,4,5,330,"AL ARID, NORTH RIYADH, RIYADH"
5500000,VILLA,4,5,457,"AL NARJIS, NORTH RIYADH, RIYADH"
2250000,FLOOR,3,4,397,"AL NARJIS, NORTH RIYADH, RIYADH"
1800000,VILLA,6,6,450,OTHER
1750000,VILLA,4,3,412,OTHER
900000,VILLA,5,3,312,OTHER
1350000,VILLA,7,6,322,OTHER
1050000,VILLA,3,3,312,OTHER
750000,APARTMENT,4,6,167,OTHER
950000,APARTMENT,4,3,120,OTHER
2000000,FLOOR,4,5,420,"TUWAIQ, WEST RIYADH, RIYADH"
3000000,VILLA,5,5,375,"AL RIMAL, EAST RIYADH, RIYADH"
1400000,VILLA,6,5,200,"TUWAIQ, WEST RIYADH, RIYADH"
1070000,VILLA,5,5,265,"TUWAIQ, WEST RIYADH, RIYADH"
780000,APARTMENT,3,3,116,"TUWAIQ, WEST RIYADH, RIYADH"
1150000,FLOOR,3,3,183,OTHER
700000,APARTMENT,2,2,105,"TUWAIQ, WEST RIYADH, RIYADH"
850000,FLOOR,5,5,166,"TUWAIQ, WEST RIYADH, RIYADH"
1350000,VILLA,6,5,311,"TUWAIQ, WEST RIYADH, RIYADH"
1100000,VILLA,5,4,259,"TUWAIQ, WEST RIYADH, RIYADH"
900000,FLOOR,3,3,220,"TUWAIQ, WEST RIYADH, RIYADH"
5800000,APARTMENT,5,2,163,OTHER
450000,APARTMENT,3,3,106,OTHER
800000,VILLA,5,4,504,OTHER
450000,APARTMENT,5,3,146,OTHER
750000,APARTMENT,6,3,175,OTHER
700000,APARTMENT,5,4,182,OTHER
780000,APARTMENT,6,4,210,OTHER
670000,APARTMENT,5,3,192,OTHER
800000,APARTMENT,6,4,210,OTHER
700000,APARTMENT,5,4,181,OTHER
550000,APARTMENT,5,3,191,"OKAZ, SOUTH RIYADH, RIYADH"
900000,VILLA,9,7,550,OTHER
750000,VILLA,4,4,280,OTHER
9990000,APARTMENT,3,2,125,OTHER
1250000,VILLA,6,7,427,OTHER
1050000,APARTMENT,3,3,119,"AL RIMAL, EAST RIYADH, RIYADH"
500000,FLOOR,3,2,144,OTHER
650000,APARTMENT,3,3,538,OTHER
1250000,FLOOR,5,1,206,"AL QADISIYAH, EAST RIYADH, RIYADH"
1550000,VILLA,4,4,217,"AL JANADRIYAH, EAST RIYADH, RIYADH"
2400000,VILLA,7,5,420,OTHER
1000000,FLOOR,5,1,193,"AL QADISIYAH, EAST RIYADH, RIYADH"
1850000,VILLA,6,4,276,OTHER
1500000,FLOOR,3,3,234,OTHER
1400000,FLOOR,5,5,292,"AL JANADRIYAH, EAST RIYADH, RIYADH"
850000,FLOOR,4,3,182,OTHER
1000000,APARTMENT,3,3,124,"AL RIMAL, EAST RIYADH, RIYADH"
1720000,VILLA,6,6,220,"AL RIMAL, EAST RIYADH, RIYADH"
2100000,VILLA,5,4,328,"AL RIMAL, EAST RIYADH, RIYADH"
600000,APARTMENT,3,3,538,OTHER
1500000,VILLA,5,4,301,"AL RIMAL, EAST RIYADH, RIYADH"
1900000,VILLA,6,4,270,OTHER
1244000,APARTMENT,3,3,82,"AL MUNSIYAH, EAST RIYADH, RIYADH"
1250000,FLOOR,3,3,190,OTHER
1000000,FLOOR,3,4,251,"AL JANADRIYAH, EAST RIYADH, RIYADH"
1400000,FLOOR,3,3,292,"AL JANADRIYAH, EAST RIYADH, RIYADH"
1145000,APARTMENT,3,3,151,"AL MUNSIYAH, EAST RIYADH, RIYADH"
2250000,VILLA,7,5,276,"AL RIMAL, EAST RIYADH, RIYADH"
1000000,FLOOR,5,4,271,"AL JANADRIYAH, EAST RIYADH, RIYADH"
1200000,FLOOR,3,3,213,"AL JANADRIYAH, EAST RIYADH, RIYADH"
1350000,FLOOR,6,5,621,"AL MUNSIYAH, EAST RIYADH, RIYADH"
1200000,FLOOR,5,5,213,"AL JANADRIYAH, EAST RIYADH, RIYADH"
1650000,VILLA,4,3,356,OTHER
930000,APARTMENT,5,4,175,OTHER
2000000,VILLA,5,4,420,"AL RIMAL, EAST RIYADH, RIYADH"
450000,APARTMENT,3,2,112,OTHER
590000,APARTMENT,5,4,525,"AL SALAMAH, NORTH JEDDAH, JEDDAH"
600000,APARTMENT,5,4,169,OTHER
900000,VILLA,8,5,171,OTHER
1200000,FLOOR,5,4,257,OTHER
2300000,VILLA,8,4,483,OTHER
1100000,APARTMENT,4,3,126,OTHER
3000000,VILLA,6,4,487,"AL NARJIS, NORTH RIYADH, RIYADH"
1250000,FLOOR,5,4,224,"AL RIMAL, EAST RIYADH, RIYADH"
820000,APARTMENT,5,4,266,OTHER
880000,VILLA,7,6,258,"AL JANADRIYAH, EAST RIYADH, RIYADH"
1300000,VILLA,4,4,225,OTHER
3000000,VILLA,6,5,525,OTHER
2000000,VILLA,11,7,542,OTHER
1000000,VILLA,7,5,250,OTHER
1100000,VILLA,4,3,330,OTHER
5500000,VILLA,4,7,450,OTHER
1300000,APARTMENT,2,2,124,OTHER
460000,APARTMENT,4,3,134,"BADR, SOUTH RIYADH, RIYADH"
1500000,VILLA,6,6,861,OTHER
800000,VILLA,7,6,287,OTHER
550000,APARTMENT,3,4,181,OTHER
600000,APARTMENT,4,3,116,OTHER
1350000,VILLA,5,4,200,"TUWAIQ, WEST RIYADH, RIYADH"
610000,APARTMENT,5,3,145,OTHER
1200000,VILLA,5,5,200,"TUWAIQ, WEST RIYADH, RIYADH"
850000,FLOOR,5,3,190,"TUWAIQ, WEST RIYADH, RIYADH"
610000,APARTMENT,3,3,145,OTHER
1100000,FLOOR,3,3,900,OTHER
1500000,VILLA,4,5,343,OTHER
650000,FLOOR,3,3,270,"BADR, SOUTH RIYADH, RIYADH"
850000,FLOOR,3,3,189,"TUWAIQ, WEST RIYADH, RIYADH"
500000,APARTMENT,3,3,229,OTHER
540000,APARTMENT,3,3,116,OTHER
600000,APARTMENT,3,3,116,OTHER
600000,APARTMENT,4,3,117,OTHER
900000,FLOOR,4,5,190,"TUWAIQ, WEST RIYADH, RIYADH"
1350000,VILLA,5,5,200,"TUWAIQ, WEST RIYADH, RIYADH"
700000,APARTMENT,2,2,85,OTHER
490000,APARTMENT,5,4,172,OTHER
5173250,VILLA,5,6,412,OTHER
400000,APARTMENT,2,2,98,OTHER
690000,FLOOR,5,3,169,"OKAZ, SOUTH RIYADH, RIYADH"
550000,APARTMENT,3,2,98,"TUWAIQ, WEST RIYADH, RIYADH"
1400000,VILLA,7,5,200,"TUWAIQ, WEST RIYADH, RIYADH"
850000,FLOOR,5,3,187,OTHER
800000,APARTMENT,3,3,141,OTHER
1150000,VILLA,4,5,500,OTHER
850000,APARTMENT,3,3,153,"AL MAHDIYAH, WEST RIYADH, RIYADH"
555000,APARTMENT,3,3,153,"OKAZ, SOUTH RIYADH, RIYADH"
1100000,FLOOR,3,4,198,"TUWAIQ, WEST RIYADH, RIYADH"
950000,VILLA,6,5,454,OTHER
800000,APARTMENT,3,2,130,"AL MAHDIYAH, WEST RIYADH, RIYADH"
750000,APARTMENT,3,2,142,"AL MAHDIYAH, WEST RIYADH, RIYADH"
900000,APARTMENT,3,3,150,"AL MAHDIYAH, WEST RIYADH, RIYADH"
750000,APARTMENT,3,2,150,"AL MAHDIYAH, WEST RIYADH, RIYADH"
900000,APARTMENT,4,4,141,"AL MAHDIYAH, WEST RIYADH, RIYADH"
750000,APARTMENT,4,4,229,OTHER
380000,APARTMENT,3,3,82,OTHER
1000000,VILLA,4,4,346,OTHER
2100000,VILLA,8,5,900,OTHER
450000,REST HOUSE,1,1,620,OTHER
2500000,VILLA,11,7,936,OTHER
1750000,VILLA,5,5,405,OTHER
750000,APARTMENT,3,3,130,OTHER
1450000,VILLA,4,3,660,"AL RIMAL, EAST RIYADH, RIYADH"
670000,APARTMENT,3,3,113,"AL RIMAL, EAST RIYADH, RIYADH"
1250000,FLOOR,3,3,189,"AL QADISIYAH, EAST RIYADH, RIYADH"
1250000,FLOOR,4,3,190,OTHER
1450000,APARTMENT,3,5,4980,"QURTUBAH, EAST RIYADH, RIYADH"
1300000,FLOOR,4,3,600,OTHER
2800000,VILLA,5,5,312,"AL RIMAL, EAST RIYADH, RIYADH"
1250000,FLOOR,3,3,205,"AL QADISIYAH, EAST RIYADH, RIYADH"
900000,APARTMENT,3,3,121,OTHER
1650000,FLOOR,4,4,4980,"QURTUBAH, EAST RIYADH, RIYADH"
1300000,FLOOR,4,4,189,OTHER
1300000,APARTMENT,3,3,135,"AL RIMAL, EAST RIYADH, RIYADH"
800000,APARTMENT,4,3,393,OTHER
1250000,VILLA,4,4,224,"AL RIMAL, EAST RIYADH, RIYADH"
1400000,FLOOR,4,3,600,OTHER
3800000,VILLA,6,5,450,OTHER
1350000,APARTMENT,4,3,437,"AL MUNSIYAH, EAST RIYADH, RIYADH"
1400000,FLOOR,4,3,185,"AL MUNSIYAH, EAST RIYADH, RIYADH"
800000,APARTMENT,3,4,393,OTHER
1400000,FLOOR,4,5,393,OTHER
1500000,VILLA,4,4,206,"AL RIMAL, EAST RIYADH, RIYADH"
2500000,VILLA,3,4,355,OTHER
1450000,FLOOR,4,4,360,"QURTUBAH, EAST RIYADH, RIYADH"
1800000,VILLA,6,5,240,"AL RIMAL, EAST RIYADH, RIYADH"
1000000,APARTMENT,3,3,124,OTHER
650000,APARTMENT,4,3,178,OTHER
750000,APARTMENT,6,3,178,OTHER
580000,APARTMENT,4,4,178,OTHER
380000,APARTMENT,3,3,126,OTHER
975000,APARTMENT,3,3,129,"AL MUNSIYAH, EAST RIYADH, RIYADH"
2000000,VILLA,6,9,200,"AL MAHDIYAH, WEST RIYADH, RIYADH"
1100000,APARTMENT,3,3,130,"AL MAHDIYAH, WEST RIYADH, RIYADH"
680000,APARTMENT,3,3,193,OTHER
1800000,VILLA,5,5,400,"AL MAHDIYAH, WEST RIYADH, RIYADH"
600000,APARTMENT,4,4,163,OTHER
830000,FLOOR,3,4,200,"AL JANADRIYAH, EAST RIYADH, RIYADH"
600000,VILLA,10,7,525,OTHER
1500000,VILLA,5,3,282,OTHER
800000,FLOOR,5,4,169,OTHER
1650000,VILLA,5,7,533,OTHER
3000000,VILLA,3,3,500,OTHER
3000000,VILLA,6,5,600,OTHER
1500000,APARTMENT,2,3,124,"AL NARJIS, NORTH RIYADH, RIYADH"
1280000,VILLA,5,4,313,OTHER
850000,APARTMENT,4,4,295,OTHER
1100000,FLOOR,3,3,400,OTHER
450000,APARTMENT,3,3,101,OTHER
750000,VILLA,3,3,625,OTHER
670000,APARTMENT,5,4,210,OTHER
1300000,APARTMENT,5,4,113,"AL NARJIS, NORTH RIYADH, RIYADH"
580000,FLOOR,4,3,648,OTHER
1380000,VILLA,4,3,300,OTHER
850000,FLOOR,4,3,246,"TUWAIQ, WEST RIYADH, RIYADH"
995000,VILLA,5,4,348,OTHER
700000,VILLA,7,6,500,OTHER
750000,APARTMENT,6,5,239,OTHER
200000,APARTMENT,4,4,107,OTHER
1200000,VILLA,5,5,463,OTHER
1200000,VILLA,5,5,250,OTHER
1100000,VILLA,5,4,375,OTHER
800000,VILLA,4,4,620,OTHER
600000,APARTMENT,3,4,203,OTHER
1300000,APARTMENT,3,3,119,"AL NARJIS, NORTH RIYADH, RIYADH"
580000,APARTMENT,4,3,134,OTHER
980000,VILLA,6,6,600,OTHER
1100000,VILLA,5,4,600,OTHER
920000,FLOOR,5,4,310,OTHER
490000,APARTMENT,6,5,237,OTHER
750000,APARTMENT,5,4,218,OTHER
620000,APARTMENT,5,4,155,OTHER
945000,VILLA,7,5,690,OTHER
455000,APARTMENT,4,3,170,OTHER
1990000,VILLA,3,7,660,OTHER
820000,VILLA,5,2,339,OTHER
1200000,VILLA,6,4,450,OTHER
1250000,VILLA,4,4,420,OTHER
400000,APARTMENT,5,3,145,OTHER
780000,FLOOR,4,3,525,OTHER
630000,FLOOR,3,3,229,"BADR, SOUTH RIYADH, RIYADH"
1400000,VILLA,5,5,390,OTHER
480000,APARTMENT,3,2,109,"TUWAIQ, WEST RIYADH, RIYADH"
485000,APARTMENT,4,3,131,OTHER
985000,VILLA,5,4,290,OTHER
845000,VILLA,4,4,250,OTHER
500000,FLOOR,2,3,126,OTHER
1100000,VILLA,6,5,250,OTHER
1000000,VILLA,5,4,301,OTHER
700000,APARTMENT,5,3,148,OTHER
2800000,VILLA,7,5,438,OTHER
1100000,VILLA,4,4,300,OTHER
1330000,APARTMENT,4,4,280,OTHER
950000,FLOOR,5,4,500,OTHER
700000,VILLA,4,3,248,OTHER
480000,APARTMENT,3,3,128,OTHER
1200000,VILLA,4,3,288,OTHER
550000,APARTMENT,4,3,154,OTHER
580000,APARTMENT,4,5,177,OTHER
970000,FLOOR,4,5,615,OTHER
870000,VILLA,7,7,400,OTHER
900000,FLOOR,4,4,312,OTHER
1200000,VILLA,5,5,215,"AL RIMAL, EAST RIYADH, RIYADH"
620000,APARTMENT,3,3,128,"TUWAIQ, WEST RIYADH, RIYADH"
1250000,VILLA,5,4,258,OTHER
700000,FLOOR,6,3,165,OTHER
1750000,VILLA,4,5,288,OTHER
1125000,VILLA,4,4,228,OTHER
720000,APARTMENT,1,1,186,OTHER
790000,APARTMENT,1,1,229,OTHER
1290000,VILLA,1,1,299,OTHER
1600000,VILLA,1,1,272,OTHER
760000,APARTMENT,1,1,169,OTHER
920000,APARTMENT,1,1,221,OTHER
725000,APARTMENT,1,1,185,OTHER
1150000,VILLA,1,1,390,OTHER
1250000,VILLA,1,1,394,OTHER
725000,APARTMENT,1,1,226,OTHER
1500000,VILLA,1,1,265,OTHER
750000,APARTMENT,1,1,175,OTHER
790000,APARTMENT,1,1,177,OTHER
1680000,VILLA,1,1,272,OTHER
1750000,VILLA,1,1,344,OTHER
1300000,VILLA,1,1,212,OTHER
1200000,VILLA,1,1,343,OTHER
680000,APARTMENT,1,1,242,OTHER
595000,APARTMENT,1,1,137,OTHER
990000,APARTMENT,1,1,221,OTHER
930000,APARTMENT,1,1,230,OTHER
490000,APARTMENT,1,1,156,OTHER
1150000,VILLA,1,1,388,OTHER
730000,APARTMENT,1,1,151,OTHER
1750000,VILLA,1,1,350,OTHER
725000,APARTMENT,1,1,184,OTHER
720000,APARTMENT,1,1,137,OTHER
900000,APARTMENT,1,1,212,OTHER
1500000,VILLA,1,1,297,OTHER
2700000,VILLA,1,1,400,OTHER
1550000,VILLA,1,1,435,OTHER
750000,APARTMENT,1,1,167,OTHER
1250000,APARTMENT,5,4,700,OTHER
550000,APARTMENT,3,2,700,OTHER
1260000,APARTMENT,5,4,520,"AL SALAMAH, NORTH JEDDAH, JEDDAH"
2700000,VILLA,7,6,167,OTHER
665000,APARTMENT,4,3,520,"AL SALAMAH, NORTH JEDDAH, JEDDAH"
660000,APARTMENT,5,3,162,OTHER
1050000,APARTMENT,3,3,153,"AL SALAMAH, NORTH JEDDAH, JEDDAH"
1400000,APARTMENT,4,3,223,OTHER
1260000,APARTMENT,3,4,520,"AL SALAMAH, NORTH JEDDAH, JEDDAH"
1350000,APARTMENT,1,1,520,OTHER
1350000,APARTMENT,3,3,520,OTHER
1250000,APARTMENT,6,5,700,OTHER
1460000,APARTMENT,6,5,199,OTHER
1250000,APARTMENT,6,4,700,OTHER
400000,VILLA,6,6,433,OTHER
400000,VILLA,2,2,315,OTHER
680000,VILLA,5,5,688,OTHER
350000,VILLA,6,6,601,OTHER
600000,VILLA,5,7,296,OTHER
250000,VILLA,6,5,400,OTHER
300000,VILLA,5,5,599,OTHER
300000,VILLA,5,4,502,OTHER
350000,REST HOUSE,2,1,662,OTHER
660000,APARTMENT,1,1,162,OTHER
1550000,VILLA,6,7,922,OTHER
730000,APARTMENT,1,1,166,OTHER
1460000,APARTMENT,1,1,199,OTHER
730000,APARTMENT,1,1,177,OTHER
1100000,FLOOR,1,1,343,OTHER
700000,VILLA,4,7,381,OTHER
600000,VILLA,6,5,796,OTHER
780000,APARTMENT,1,1,357,OTHER
1000000,VILLA,4,4,441,OTHER
600000,APARTMENT,3,3,73,"AL RIMAL, EAST RIYADH, RIYADH"
1300000,FLOOR,1,1,286,OTHER
680000,APARTMENT,1,1,111,OTHER
650000,VILLA,6,5,421,OTHER
1100000,FLOOR,1,1,340,OTHER
400000,VILLA,4,5,124,OTHER
1435000,VILLA,1,1,445,OTHER
580000,APARTMENT,1,1,176,OTHER
730000,APARTMENT,1,1,189,OTHER
400000,VILLA,5,4,709,OTHER
1750000,VILLA,1,1,485,OTHER
1700000,VILLA,1,1,439,OTHER
1140000,VILLA,1,1,200,OTHER
725000,APARTMENT,1,1,226,OTHER
1450000,VILLA,1,1,341,OTHER
1300000,VILLA,8,5,650,OTHER
820000,APARTMENT,1,1,238,OTHER
1750000,VILLA,1,1,439,OTHER
760000,APARTMENT,1,1,205,OTHER
2200000,VILLA,1,1,303,OTHER
1390000,VILLA,1,1,248,OTHER
2700000,VILLA,1,1,308,OTHER
600000,APARTMENT,1,1,149,OTHER
1050000,FLOOR,1,1,300,OTHER
1200000,FLOOR,1,1,312,OTHER
1400000,FLOOR,1,1,350,OTHER
730000,APARTMENT,1,1,175,OTHER
1450000,VILLA,1,1,340,OTHER
1240000,VILLA,1,1,228,OTHER
1450000,VILLA,1,1,366,OTHER
790000,FLOOR,1,1,260,OTHER
650000,APARTMENT,4,4,112,"AL RIMAL, EAST RIYADH, RIYADH"
950000,FLOOR,1,1,384,OTHER
1200000,FLOOR,7,6,341,OTHER
950000,VILLA,1,1,220,OTHER
2700000,VILLA,5,5,341,OTHER
1250000,VILLA,1,1,327,OTHER
1450000,VILLA,1,1,490,OTHER
1600000,VILLA,1,1,432,OTHER
580000,APARTMENT,5,6,159,OTHER
1540000,VILLA,1,1,382,OTHER
650000,APARTMENT,4,3,112,"AL RIMAL, EAST RIYADH, RIYADH"
735000,APARTMENT,1,1,175,OTHER
1250000,FLOOR,1,1,437,OTHER
1050000,FLOOR,5,4,341,"AL RIMAL, EAST RIYADH, RIYADH"
1190000,VILLA,1,1,335,OTHER
600000,APARTMENT,3,3,234,"AL RIMAL, EAST RIYADH, RIYADH"
700000,APARTMENT,3,2,341,"AL RIMAL, EAST RIYADH, RIYADH"
1300000,VILLA,9,6,300,OTHER
600000,APARTMENT,3,2,73,"AL RIMAL, EAST RIYADH, RIYADH"
1450000,FLOOR,1,1,479,OTHER
700000,APARTMENT,5,4,150,OTHER
820000,APARTMENT,1,1,169,OTHER
700000,APARTMENT,5,4,151,OTHER
1350000,VILLA,6,5,400,OTHER
1250000,VILLA,1,1,381,OTHER
1250000,APARTMENT,1,1,357,OTHER
1100000,VILLA,1,1,376,OTHER
1600000,VILLA,1,1,435,OTHER
1300000,VILLA,4,6,228,OTHER
1200000,VILLA,5,4,492,OTHER
350000,REST HOUSE,6,3,590,OTHER
1000000,VILLA,6,5,400,OTHER
950000,VILLA,5,5,540,OTHER
1500000,REST HOUSE,5,4,12987,OTHER
300000,FLOOR,3,4,500,OTHER
200000,APARTMENT,3,5,110,OTHER
500000,VILLA,5,4,295,OTHER
475000,VILLA,5,4,281,OTHER
1500000,VILLA,5,3,276,OTHER
1000000,VILLA,3,3,502,OTHER
650000,APARTMENT,5,4,161,OTHER
655000,APARTMENT,3,3,400,"AL RAWDAH, NORTH JEDDAH, JEDDAH"
790000,APARTMENT,1,1,230,OTHER
850000,VILLA,8,5,386,OTHER
725000,APARTMENT,1,1,211,OTHER
965000,VILLA,1,1,244,OTHER
550000,VILLA,6,5,489,OTHER
1500000,VILLA,1,1,474,OTHER
1350000,VILLA,1,1,345,OTHER
1250000,VILLA,1,1,334,OTHER
3500000,VILLA,1,1,599,OTHER
900000,FLOOR,1,1,312,OTHER
685000,APARTMENT,1,1,150,OTHER
785000,APARTMENT,1,1,175,OTHER
800000,VILLA,8,5,588,OTHER
1800000,VILLA,1,1,522,OTHER
695000,APARTMENT,1,1,170,OTHER
720000,APARTMENT,1,1,200,OTHER
720000,APARTMENT,1,1,235,OTHER
1500000,VILLA,1,1,499,OTHER
1285000,VILLA,1,1,336,OTHER
600000,APARTMENT,1,1,144,OTHER
1500000,VILLA,4,5,437,OTHER
1390000,FLOOR,1,1,351,OTHER
1100000,FLOOR,1,1,374,OTHER
730000,APARTMENT,1,1,173,OTHER
730000,APARTMENT,1,1,187,OTHER
1390000,VILLA,1,1,334,OTHER
5700000,VILLA,7,5,911,OTHER
715000,APARTMENT,1,1,190,OTHER
1500000,VILLA,1,1,423,OTHER
685000,APARTMENT,1,1,222,OTHER
490000,APARTMENT,3,2,135,OTHER
1450000,VILLA,1,1,448,OTHER
1300000,VILLA,7,7,875,OTHER
990000,APARTMENT,1,1,242,OTHER
630000,APARTMENT,1,1,177,OTHER
550000,APARTMENT,4,3,157,OTHER
3600000,VILLA,1,1,570,OTHER
700000,APARTMENT,3,3,145,OTHER
500000,APARTMENT,4,3,120,OTHER
1550000,FLOOR,1,1,552,OTHER
765000,APARTMENT,1,1,175,OTHER
499000,APARTMENT,4,3,141,OTHER
1200000,VILLA,1,1,277,OTHER
2200000,VILLA,4,5,375,OTHER
950000,APARTMENT,3,4,107,OTHER
640000,APARTMENT,1,1,186,OTHER
1500000,VILLA,4,3,265,OTHER
1550000,VILLA,1,1,366,OTHER
730000,APARTMENT,5,4,167,OTHER
1100000,FLOOR,1,1,300,OTHER
560000,APARTMENT,5,3,147,OTHER
7500000,VILLA,9,7,766,OTHER
490000,APARTMENT,3,3,115,OTHER
750000,APARTMENT,3,3,124,OTHER
610000,APARTMENT,5,3,160,OTHER
1490000,VILLA,1,1,438,OTHER
1070000,APARTMENT,1,1,195,OTHER
700000,APARTMENT,1,1,214,OTHER
1250000,FLOOR,1,1,382,OTHER
690000,APARTMENT,1,1,211,OTHER
710000,APARTMENT,1,1,216,OTHER
660000,APARTMENT,1,1,151,OTHER
660000,APARTMENT,1,1,266,OTHER
1080000,VILLA,1,1,210,OTHER
669000,APARTMENT,2,2,630,OTHER
380000,APARTMENT,3,2,102,OTHER
610000,APARTMENT,2,2,160,OTHER
950000,APARTMENT,4,3,186,OTHER
1575000,VILLA,1,1,366,OTHER
635000,APARTMENT,2,2,127,"AL SALAMAH, NORTH JEDDAH, JEDDAH"
390000,APARTMENT,2,2,500,OTHER
520000,APARTMENT,3,3,103,"AL SALAMAH, NORTH JEDDAH, JEDDAH"
730000,APARTMENT,5,4,166,OTHER
560000,APARTMENT,4,3,135,OTHER
930000,APARTMENT,1,1,133,"AL MUNSIYAH, EAST RIYADH, RIYADH"
1020000,APARTMENT,1,1,120,"AL MUNSIYAH, EAST RIYADH, RIYADH"
530000,APARTMENT,4,3,128,OTHER
550000,APARTMENT,5,3,147,OTHER
625000,APARTMENT,3,3,129,OTHER
55000,APARTMENT,5,3,147,OTHER
570000,APARTMENT,4,3,134,OTHER
971000,APARTMENT,1,1,110,"AL MUNSIYAH, EAST RIYADH, RIYADH"
1000000,FLOOR,1,1,156,OTHER
1500000,FLOOR,1,1,141,"AL MUNSIYAH, EAST RIYADH, RIYADH"
389000,APARTMENT,2,2,598,OTHER
415000,APARTMENT,1,2,580,"AL SALAMAH, NORTH JEDDAH, JEDDAH"
429000,APARTMENT,2,2,524,"AL RAWDAH, NORTH JEDDAH, JEDDAH"
610000,APARTMENT,5,4,160,OTHER
635000,APARTMENT,4,3,127,"AL SALAMAH, NORTH JEDDAH, JEDDAH"
490000,APARTMENT,3,2,115,OTHER
560000,APARTMENT,3,2,147,OTHER
360000,APARTMENT,2,2,875,"AL SALAMAH, NORTH JEDDAH, JEDDAH"
299000,APARTMENT,2,2,875,"AL SALAMAH, NORTH JEDDAH, JEDDAH"
650000,APARTMENT,5,3,149,OTHER
429000,APARTMENT,2,2,501,"AL RAWDAH, NORTH JEDDAH, JEDDAH"
660000,APARTMENT,3,4,175,OTHER
365000,APARTMENT,2,2,625,OTHER
415000,APARTMENT,3,3,580,"AL SALAMAH, NORTH JEDDAH, JEDDAH"
380000,APARTMENT,2,3,750,OTHER
350000,APARTMENT,2,3,900,OTHER
560000,APARTMENT,3,2,865,OTHER
399000,APARTMENT,3,3,1920,OTHER
1560000,APARTMENT,3,3,230,"AL SALAMAH, NORTH JEDDAH, JEDDAH"
285000,APARTMENT,2,2,726,OTHER
284000,APARTMENT,2,2,726,OTHER
730000,APARTMENT,1,1,130,OTHER
750000,APARTMENT,4,3,121,"AL RAWDAH, NORTH JEDDAH, JEDDAH"
580000,APARTMENT,3,2,214,OTHER
1350000,FLOOR,7,6,252,"AL RIMAL, EAST RIYADH, RIYADH"
260000,FLOOR,5,3,392,OTHER
500000,APARTMENT,3,2,335,OTHER
740000,APARTMENT,4,3,118,"AL RAWDAH, NORTH JEDDAH, JEDDAH"
900000,APARTMENT,1,1,188,OTHER
1950000,VILLA,1,1,373,OTHER
1300000,VILLA,8,7,225,OTHER
685000,APARTMENT,1,1,186,OTHER
1445000,APARTMENT,4,5,129,"QURTUBAH, EAST RIYADH, RIYADH"
520000,APARTMENT,4,3,174,OTHER
380000,APARTMENT,2,2,750,OTHER
3200000,VILLA,1,1,256,"AL MUNSIYAH, EAST RIYADH, RIYADH"
740000,APARTMENT,1,1,117,"AL RAWDAH, NORTH JEDDAH, JEDDAH"
1250000,VILLA,5,5,200,"TUWAIQ, WEST RIYADH, RIYADH"
730000,APARTMENT,1,1,112,"AL RAWDAH, NORTH JEDDAH, JEDDAH"
1500000,VILLA,6,5,256,OTHER
2850000,VILLA,5,5,448,OTHER
680000,FLOOR,4,3,263,OTHER
2600000,VILLA,5,4,406,"AL RIMAL, EAST RIYADH, RIYADH"
600000,APARTMENT,3,1,103,"AL RIMAL, EAST RIYADH, RIYADH"
2700000,VILLA,1,1,345,"QURTUBAH, EAST RIYADH, RIYADH"
1500000,VILLA,4,3,437,OTHER
750000,VILLA,3,3,336,OTHER
1350000,VILLA,5,4,462,OTHER
650000,APARTMENT,5,3,160,OTHER
1000000,VILLA,4,5,474,OTHER
1150000,FLOOR,4,3,467,OTHER
620000,FLOOR,4,3,450,OTHER
720000,FLOOR,6,4,248,OTHER
580000,APARTMENT,3,3,130,OTHER
770000,FLOOR,4,3,198,"TUWAIQ, WEST RIYADH, RIYADH"
957000,APARTMENT,5,3,185,OTHER
1300000,FLOOR,5,4,391,OTHER
1500000,VILLA,5,5,385,OTHER
1850000,VILLA,6,2,337,OTHER
1750000,VILLA,7,6,312,OTHER
660000,APARTMENT,6,5,310,OTHER
1850000,VILLA,5,5,322,OTHER
2500000,VILLA,6,3,600,OTHER
900000,APARTMENT,4,3,246,OTHER
679000,APARTMENT,4,3,282,OTHER
3200000,VILLA,6,5,450,OTHER
750000,VILLA,3,3,607,OTHER
650000,VILLA,4,3,378,OTHER
520000,FLOOR,4,3,193,OTHER
850000,APARTMENT,2,1,80,OTHER
830000,VILLA,4,3,440,OTHER
1150000,VILLA,7,6,540,OTHER
820000,VILLA,8,7,348,OTHER
480000,APARTMENT,3,2,105,OTHER
5750000,VILLA,11,11,833,"AL QADISIYAH, EAST RIYADH, RIYADH"
1650000,REST HOUSE,6,5,743,OTHER
900000,FLOOR,4,3,179,OTHER
690000,APARTMENT,3,3,187,OTHER
1100000,VILLA,5,4,250,OTHER
600000,FLOOR,3,3,400,OTHER
1100000,VILLA,5,5,362,OTHER
570000,FLOOR,7,5,177,"BADR, SOUTH RIYADH, RIYADH"
950000,FLOOR,4,3,298,OTHER
1000000,APARTMENT,1,1,158,OTHER
5000000,VILLA,4,5,600,"AL RIMAL, EAST RIYADH, RIYADH"
3500000,VILLA,5,5,400,"AL RIMAL, EAST RIYADH, RIYADH"
8000000,VILLA,7,5,690,OTHER
10500000,VILLA,10,6,540,"AL NARJIS, NORTH RIYADH, RIYADH"
3500000,VILLA,5,4,362,OTHER
3500000,VILLA,5,4,325,"AL NARJIS, NORTH RIYADH, RIYADH"
850000,APARTMENT,4,3,146,OTHER
560000,APARTMENT,4,3,138,OTHER
739000,VILLA,7,7,186,"OKAZ, SOUTH RIYADH, RIYADH"
1400000,VILLA,4,4,319,"TUWAIQ, WEST RIYADH, RIYADH"
600000,APARTMENT,4,3,106,"TUWAIQ, WEST RIYADH, RIYADH"
1300000,VILLA,6,5,208,OTHER
700000,FLOOR,4,3,152,OTHER
950000,FLOOR,4,3,189,OTHER
650000,APARTMENT,3,2,93,"TUWAIQ, WEST RIYADH, RIYADH"
950000,FLOOR,5,4,181,"TUWAIQ, WEST RIYADH, RIYADH"
1100000,VILLA,6,4,270,"TUWAIQ, WEST RIYADH, RIYADH"
1350000,VILLA,7,5,200,"TUWAIQ, WEST RIYADH, RIYADH"
1400000,VILLA,7,6,200,"TUWAIQ, WEST RIYADH, RIYADH"
1300000,VILLA,6,5,207,OTHER
850000,FLOOR,5,4,151,OTHER
1400000,VILLA,7,5,407,"TUWAIQ, WEST RIYADH, RIYADH"
2500000,VILLA,5,5,384,"AL MAHDIYAH, WEST RIYADH, RIYADH"
2150000,VILLA,5,5,356,"AL MAHDIYAH, WEST RIYADH, RIYADH"
2250000,VILLA,6,6,370,"AL MAHDIYAH, WEST RIYADH, RIYADH"
2100000,VILLA,5,5,356,"AL MAHDIYAH, WEST RIYADH, RIYADH"
850000,FLOOR,3,3,151,OTHER
850000,VILLA,5,5,209,"OKAZ, SOUTH RIYADH, RIYADH"
850000,VILLA,5,5,242,"OKAZ, SOUTH RIYADH, RIYADH"
1150000,VILLA,4,5,255,"TUWAIQ, WEST RIYADH, RIYADH"
1650000,VILLA,5,5,328,OTHER
1500000,VILLA,4,4,175,"TUWAIQ, WEST RIYADH, RIYADH"
2100000,VILLA,5,7,370,OTHER
1200000,APARTMENT,2,1,120,OTHER
550000,APARTMENT,4,3,174,OTHER
580000,APARTMENT,2,2,233,OTHER
1000000,APARTMENT,2,1,118,OTHER
1600000,VILLA,5,1,264,"AL JANADRIYAH, EAST RIYADH, RIYADH"
1600000,APARTMENT,4,3,129,"QURTUBAH, EAST RIYADH, RIYADH"
1550000,VILLA,5,3,274,"AL RIMAL, EAST RIYADH, RIYADH"
3500000,VILLA,5,1,720,"AL MAHDIYAH, WEST RIYADH, RIYADH"
570000,APARTMENT,4,3,254,OTHER
750000,APARTMENT,2,2,124,OTHER
920000,VILLA,6,5,312,OTHER
535000,APARTMENT,3,3,173,OTHER
520000,APARTMENT,5,5,216,OTHER
585000,APARTMENT,5,4,233,OTHER
1050000,VILLA,4,4,312,OTHER
610000,APARTMENT,3,3,240,OTHER
520000,APARTMENT,3,3,400,OTHER
1200000,VILLA,6,6,250,"OKAZ, SOUTH RIYADH, RIYADH"
560000,APARTMENT,3,5,337,OTHER
1450000,VILLA,3,4,256,OTHER
630000,APARTMENT,5,5,256,OTHER
460000,REST HOUSE,1,3,260,OTHER
580000,APARTMENT,5,5,254,OTHER
590000,APARTMENT,5,5,248,OTHER
520000,APARTMENT,5,3,216,OTHER
1300000,VILLA,6,1,284,OTHER
2250000,VILLA,5,5,399,"AL MAHDIYAH, WEST RIYADH, RIYADH"
1350000,VILLA,5,6,465,OTHER
720000,VILLA,5,7,270,OTHER
720000,VILLA,5,5,270,OTHER
560000,APARTMENT,5,5,337,OTHER
545000,APARTMENT,3,3,182,OTHER
810000,VILLA,5,5,250,OTHER
430000,REST HOUSE,3,3,375,OTHER
1550000,VILLA,5,5,660,OTHER
845000,VILLA,5,7,250,OTHER
870000,VILLA,5,7,428,OTHER
1250000,VILLA,5,7,468,OTHER
635000,APARTMENT,3,3,337,OTHER
950000,VILLA,5,7,480,OTHER
770000,VILLA,5,6,225,OTHER
470000,APARTMENT,3,3,216,OTHER
750000,VILLA,5,4,250,OTHER
580000,APARTMENT,3,4,233,OTHER
475000,APARTMENT,4,2,180,OTHER
480000,APARTMENT,3,3,212,OTHER
839000,VILLA,5,6,351,OTHER
595000,APARTMENT,5,4,240,OTHER
885000,APARTMENT,4,4,130,OTHER
580000,APARTMENT,3,3,178,OTHER
615000,APARTMENT,5,4,204,OTHER
770000,APARTMENT,2,3,125,"AL SALAMAH, NORTH JEDDAH, JEDDAH"
680000,APARTMENT,3,3,189,OTHER
620000,APARTMENT,3,3,215,OTHER
1100000,APARTMENT,3,3,167,"AL SALAMAH, NORTH JEDDAH, JEDDAH"
520000,APARTMENT,2,3,164,OTHER
800000,APARTMENT,4,5,264,OTHER
520000,APARTMENT,2,2,146,OTHER
330000,APARTMENT,2,2,105,OTHER
4000000,VILLA,5,4,1500,OTHER
830000,FLOOR,5,4,154,"AL RIMAL, EAST RIYADH, RIYADH"
6000000,VILLA,9,7,420,OTHER
4450000,VILLA,4,5,441,"AL NARJIS, NORTH RIYADH, RIYADH"
1550000,FLOOR,3,3,233,"AL RIMAL, EAST RIYADH, RIYADH"
890000,APARTMENT,5,3,5087,"AL MUNSIYAH, EAST RIYADH, RIYADH"
2650000,VILLA,6,4,321,OTHER
420000,APARTMENT,4,3,122,OTHER
890000,VILLA,3,3,342,OTHER
1100000,APARTMENT,4,5,306,OTHER
810000,VILLA,5,7,250,OTHER
500000,FLOOR,3,3,700,OTHER
1100000,FLOOR,7,5,348,OTHER
380000,APARTMENT,4,3,101,OTHER
375000,APARTMENT,3,2,101,OTHER
600000,APARTMENT,4,3,111,"AL SALAMAH, NORTH JEDDAH, JEDDAH"
550000,APARTMENT,4,3,195,OTHER
580000,APARTMENT,5,3,158,OTHER
600000,APARTMENT,4,3,112,"AL SALAMAH, NORTH JEDDAH, JEDDAH"
1800000,VILLA,6,5,366,"AL MAHDIYAH, WEST RIYADH, RIYADH"
1850000,VILLA,6,5,574,OTHER
590000,APARTMENT,4,3,159,OTHER
750000,FLOOR,5,5,233,"OKAZ, SOUTH RIYADH, RIYADH"
730,FLOOR,3,3,149,OTHER
950000,FLOOR,5,5,350,OTHER
1300000,VILLA,7,5,304,"TUWAIQ, WEST RIYADH, RIYADH"
720000,APARTMENT,4,3,129,OTHER
1350000,VILLA,6,4,400,OTHER
1170000,VILLA,4,5,200,"TUWAIQ, WEST RIYADH, RIYADH"
1300000,VILLA,5,5,290,"TUWAIQ, WEST RIYADH, RIYADH"
850000,APARTMENT,4,6,221,OTHER
1170000,VILLA,6,5,210,OTHER
880000,FLOOR,3,2,155,"TUWAIQ, WEST RIYADH, RIYADH"
670000,APARTMENT,4,3,94,"TUWAIQ, WEST RIYADH, RIYADH"
1070000,VILLA,5,4,265,"TUWAIQ, WEST RIYADH, RIYADH"
1650000,VILLA,5,4,306,OTHER
1750000,VILLA,6,6,375,"TUWAIQ, WEST RIYADH, RIYADH"
750000,FLOOR,4,4,312,OTHER
1070,VILLA,5,4,265,"TUWAIQ, WEST RIYADH, RIYADH"
900000,FLOOR,6,4,212,OTHER
950000,FLOOR,5,4,189,"TUWAIQ, WEST RIYADH, RIYADH"
750000,FLOOR,6,5,245,"TUWAIQ, WEST RIYADH, RIYADH"
850000,FLOOR,6,3,166,"TUWAIQ, WEST RIYADH, RIYADH"
780000,FLOOR,4,2,116,OTHER
800000,FLOOR,4,3,500,OTHER
7000000,VILLA,11,7,650,"AL ARID, NORTH RIYADH, RIYADH"
4800000,VILLA,6,5,300,"AL ARID, NORTH RIYADH, RIYADH"
2300000,VILLA,3,4,250,OTHER
750000,APARTMENT,2,2,129,"AL QADISIYAH, EAST RIYADH, RIYADH"
987600,APARTMENT,4,3,155,"AL MUNSIYAH, EAST RIYADH, RIYADH"
3500000,VILLA,7,5,390,"AL NARJIS, NORTH RIYADH, RIYADH"
800000,APARTMENT,4,3,178,"TUWAIQ, WEST RIYADH, RIYADH"
3500000,VILLA,5,6,315,OTHER
3000000,VILLA,5,4,336,OTHER
492000,APARTMENT,5,3,168,OTHER
1350000,VILLA,6,6,275,OTHER
730000,APARTMENT,4,3,114,"AL RAWDAH, NORTH JEDDAH, JEDDAH"
950000,APARTMENT,5,4,155,"AL RIMAL, EAST RIYADH, RIYADH"
1150000,VILLA,6,7,376,OTHER
770000,VILLA,5,7,222,OTHER
1250000,APARTMENT,4,3,11412,OTHER
1050000,APARTMENT,3,2,124,"AL MAHDIYAH, WEST RIYADH, RIYADH"
1050000,APARTMENT,4,3,130,"AL MAHDIYAH, WEST RIYADH, RIYADH"
1900000,VILLA,8,7,250,"AL MAHDIYAH, WEST RIYADH, RIYADH"
1950000,VILLA,5,5,200,"AL MAHDIYAH, WEST RIYADH, RIYADH"
891000,APARTMENT,3,3,478,"AL MAHDIYAH, WEST RIYADH, RIYADH"
750000,APARTMENT,3,3,478,"AL MAHDIYAH, WEST RIYADH, RIYADH"
2000000,VILLA,7,7,366,"AL MAHDIYAH, WEST RIYADH, RIYADH"
2100000,VILLA,7,5,366,"AL MAHDIYAH, WEST RIYADH, RIYADH"
1800000,VILLA,6,5,200,"AL MAHDIYAH, WEST RIYADH, RIYADH"
2150000,VILLA,5,5,400,"AL MAHDIYAH, WEST RIYADH, RIYADH"
2000000,VILLA,5,5,200,"AL MAHDIYAH, WEST RIYADH, RIYADH"
9200000,APARTMENT,3,4,478,"AL MAHDIYAH, WEST RIYADH, RIYADH"
2000000,VILLA,7,4,366,"AL MAHDIYAH, WEST RIYADH, RIYADH"
4000000,VILLA,6,7,450,"AL MAHDIYAH, WEST RIYADH, RIYADH"
4000000,VILLA,6,5,450,"AL MAHDIYAH, WEST RIYADH, RIYADH"
3200000,VILLA,6,7,300,"AL MAHDIYAH, WEST RIYADH, RIYADH"
2100000,VILLA,7,6,366,"AL MAHDIYAH, WEST RIYADH, RIYADH"
1980000,VILLA,7,4,366,"AL MAHDIYAH, WEST RIYADH, RIYADH"
2000000,VILLA,4,4,366,"AL MAHDIYAH, WEST RIYADH, RIYADH"
4600000,VILLA,6,5,805,OTHER
1450000,APARTMENT,2,1,98,OTHER
800000,APARTMENT,7,5,212,OTHER
3850000,VILLA,5,4,415,"AL MAHDIYAH, WEST RIYADH, RIYADH"
2000000,VILLA,6,6,200,"AL MAHDIYAH, WEST RIYADH, RIYADH"
850000,APARTMENT,4,6,900,OTHER
650000,APARTMENT,5,4,161,"TUWAIQ, WEST RIYADH, RIYADH"
1800000,VILLA,6,6,400,"TUWAIQ, WEST RIYADH, RIYADH"
1500000,APARTMENT,3,3,550,"AL ARID, NORTH RIYADH, RIYADH"
1100000,FLOOR,5,4,375,OTHER
950000,FLOOR,3,3,268,"TUWAIQ, WEST RIYADH, RIYADH"
750000,FLOOR,3,4,131,OTHER
650000,FLOOR,3,3,242,OTHER
1400000,APARTMENT,5,3,246,OTHER
1020000,FLOOR,5,5,173,"AL JANADRIYAH, EAST RIYADH, RIYADH"
984000,VILLA,5,7,374,OTHER
4000000,VILLA,5,5,400,"AL MAHDIYAH, WEST RIYADH, RIYADH"
1020000,FLOOR,5,5,475,OTHER
1500000,VILLA,6,4,381,OTHER
780000,VILLA,5,3,485,OTHER
1950000,VILLA,5,4,200,OTHER
650000,APARTMENT,4,3,179,OTHER
620000,APARTMENT,5,2,218,OTHER
2000000,VILLA,4,3,312,OTHER
520000,APARTMENT,3,3,145,OTHER
1062889,VILLA,4,3,203,OTHER
580000,APARTMENT,4,4,355,OTHER
530000,APARTMENT,2,4,193,OTHER
440000,VILLA,3,3,700,OTHER
790000,VILLA,5,3,375,OTHER
600000,APARTMENT,3,3,226,OTHER
720000,VILLA,5,2,375,OTHER
800000,APARTMENT,5,4,199,OTHER
470000,APARTMENT,3,3,128,OTHER
1000000,VILLA,6,5,378,OTHER
1700000,VILLA,6,5,506,OTHER
650000,VILLA,5,3,185,"BADR, SOUTH RIYADH, RIYADH"
1850000,VILLA,6,5,600,OTHER
590000,APARTMENT,5,5,159,OTHER
850000,APARTMENT,5,4,207,OTHER
3200000,VILLA,9,10,383,"QURTUBAH, EAST RIYADH, RIYADH"
749000,APARTMENT,3,3,134,"AL RIMAL, EAST RIYADH, RIYADH"
800000,APARTMENT,5,4,179,OTHER
670000,APARTMENT,4,3,900,OTHER
2500000,VILLA,11,7,605,OTHER
800000,APARTMENT,3,3,180,OTHER
6500000,VILLA,6,7,400,OTHER
4500000,VILLA,7,7,450,OTHER
750000,FLOOR,5,4,208,"AL JANADRIYAH, EAST RIYADH, RIYADH"
6000000,VILLA,11,7,690,OTHER
1900000,REST HOUSE,4,4,525,OTHER
1200000,VILLA,5,6,550,OTHER
900000,VILLA,8,7,650,OTHER
370000,APARTMENT,4,3,171,OTHER
300000,APARTMENT,3,2,201,OTHER
550000,VILLA,5,6,185,OTHER
750000,VILLA,5,4,270,OTHER
2500000,REST HOUSE,7,6,4280,OTHER
750000,REST HOUSE,3,2,512,OTHER
1200000,VILLA,4,5,500,OTHER
850000,REST HOUSE,4,3,490,OTHER
1100000,REST HOUSE,4,3,477,OTHER
4000000,VILLA,6,5,460,OTHER
869000,APARTMENT,3,3,135,"AL RIMAL, EAST RIYADH, RIYADH"
1000000,APARTMENT,3,3,266,OTHER
7800000,VILLA,5,5,780,OTHER
385000,APARTMENT,1,2,151,"BADR, SOUTH RIYADH, RIYADH"
850000,APARTMENT,3,2,171,"AL RIMAL, EAST RIYADH, RIYADH"
2200000,VILLA,5,5,540,"AL RIMAL, EAST RIYADH, RIYADH"
1350000,FLOOR,4,3,214,"AL RIMAL, EAST RIYADH, RIYADH"
1150000,FLOOR,3,3,196,"AL RIMAL, EAST RIYADH, RIYADH"
2000000,VILLA,5,4,264,"AL RIMAL, EAST RIYADH, RIYADH"
700000,APARTMENT,2,2,118,"AL RIMAL, EAST RIYADH, RIYADH"
750000,APARTMENT,2,3,157,"AL RIMAL, EAST RIYADH, RIYADH"
900000,FLOOR,5,4,260,"AL RIMAL, EAST RIYADH, RIYADH"
1300000,FLOOR,5,4,135,"AL RIMAL, EAST RIYADH, RIYADH"
1150000,FLOOR,5,5,375,"AL RIMAL, EAST RIYADH, RIYADH"
2200000,FLOOR,5,5,287,OTHER
850000,FLOOR,5,3,165,"AL RIMAL, EAST RIYADH, RIYADH"
750000,APARTMENT,3,3,157,"AL RIMAL, EAST RIYADH, RIYADH"
1800000,VILLA,6,4,240,"AL RIMAL, EAST RIYADH, RIYADH"
1600000,FLOOR,3,3,448,"AL ARID, NORTH RIYADH, RIYADH"
700000,APARTMENT,5,4,191,OTHER
1200000,VILLA,10,7,300,OTHER
1350000,VILLA,7,5,400,OTHER
1100000,FLOOR,5,4,245,"TUWAIQ, WEST RIYADH, RIYADH"
800000,FLOOR,5,4,257,OTHER
1350000,VILLA,5,5,400,OTHER
560000,APARTMENT,3,4,141,"TUWAIQ, WEST RIYADH, RIYADH"
850000,APARTMENT,6,5,242,OTHER
850000,APARTMENT,5,4,242,OTHER
700000,VILLA,7,4,396,OTHER
500000,VILLA,6,5,484,OTHER
390000,VILLA,7,5,461,OTHER
1380000,FLOOR,6,4,322,OTHER
850000,FLOOR,3,4,538,OTHER
740000,APARTMENT,3,3,129,"AL RIMAL, EAST RIYADH, RIYADH"
750000,APARTMENT,3,2,157,"AL RIMAL, EAST RIYADH, RIYADH"
850000,APARTMENT,4,3,825,"AL QADISIYAH, EAST RIYADH, RIYADH"
900000,APARTMENT,4,3,137,"AL RIMAL, EAST RIYADH, RIYADH"
1200000,FLOOR,4,4,241,"AL RIMAL, EAST RIYADH, RIYADH"
860000,APARTMENT,4,3,184,"AL RIMAL, EAST RIYADH, RIYADH"
650000,REST HOUSE,4,2,512,OTHER
540000,APARTMENT,5,3,182,OTHER
1900000,VILLA,7,4,366,"AL MAHDIYAH, WEST RIYADH, RIYADH"
490000,APARTMENT,3,3,134,"OKAZ, SOUTH RIYADH, RIYADH"
620000,APARTMENT,6,5,207,OTHER
750000,FLOOR,5,3,187,OTHER
600000,FLOOR,3,2,173,"BADR, SOUTH RIYADH, RIYADH"
3500000,VILLA,1,1,507,OTHER
730000,APARTMENT,1,1,162,OTHER
680000,APARTMENT,1,1,166,OTHER
660000,APARTMENT,1,1,158,OTHER
730000,APARTMENT,1,1,152,OTHER
850000,REST HOUSE,3,3,4968,OTHER
850000,VILLA,3,6,399,OTHER
2000000,REST HOUSE,3,3,36605,OTHER
600000,VILLA,4,6,312,OTHER
1250000,VILLA,6,5,307,OTHER
600000,APARTMENT,3,3,94,"AL RIMAL, EAST RIYADH, RIYADH"
1050000,VILLA,3,4,488,OTHER
1100000,FLOOR,5,4,229,"AL RIMAL, EAST RIYADH, RIYADH"
1100000,VILLA,6,6,311,OTHER
1100000,FLOOR,5,3,229,"AL RIMAL, EAST RIYADH, RIYADH"
1950000,VILLA,4,5,241,OTHER
630000,APARTMENT,1,1,140,OTHER
500000,APARTMENT,4,3,227,OTHER
900000,VILLA,4,4,414,OTHER
900000,VILLA,2,2,306,OTHER
430000,APARTMENT,4,3,133,OTHER
830000,VILLA,6,5,300,OTHER
1350000,VILLA,4,3,300,OTHER
1400000,VILLA,9,5,275,"AL RIMAL, EAST RIYADH, RIYADH"
950000,VILLA,1,1,287,OTHER
950000,APARTMENT,6,5,251,OTHER
700000,VILLA,4,4,330,OTHER
1100000,VILLA,6,6,343,OTHER
1150000,VILLA,1,1,262,OTHER
800000,VILLA,8,7,275,OTHER
1200000,VILLA,10,7,300,OTHER
1500000,VILLA,10,7,312,OTHER
1100000,VILLA,9,7,348,OTHER
970000,VILLA,5,4,312,OTHER
600000,APARTMENT,3,2,94,"AL RIMAL, EAST RIYADH, RIYADH"
700000,APARTMENT,5,4,205,OTHER
430000,APARTMENT,4,4,158,OTHER
800000,APARTMENT,5,4,229,OTHER
1285000,VILLA,6,7,312,OTHER
650000,APARTMENT,3,3,150,OTHER
1500000,VILLA,9,7,403,OTHER
1270000,VILLA,4,7,377,OTHER
850000,VILLA,8,7,500,OTHER
890000,VILLA,5,4,511,OTHER
1350000,VILLA,8,7,300,OTHER
1020000,VILLA,5,4,312,OTHER
550000,APARTMENT,2,3,170,OTHER
1050000,APARTMENT,7,6,304,OTHER
720000,FLOOR,4,3,132,OTHER
650000,VILLA,4,4,750,OTHER
660000,APARTMENT,5,4,198,OTHER
600000,REST HOUSE,3,1,10331,OTHER
400000,VILLA,4,3,900,OTHER
500000,VILLA,6,5,639,OTHER
1150000,VILLA,4,7,479,OTHER
450000,REST HOUSE,5,3,702,OTHER
460000,APARTMENT,3,3,168,OTHER
1300000,VILLA,5,3,660,OTHER
2500000,VILLA,5,4,492,OTHER
1000000,VILLA,7,5,268,OTHER
6000000,VILLA,10,7,1936,OTHER
1400000,VILLA,7,5,300,OTHER
550000,REST HOUSE,2,3,533,OTHER
580000,APARTMENT,6,5,226,OTHER
1050000,VILLA,1,1,266,OTHER
915000,VILLA,1,1,400,OTHER
1400000,FLOOR,1,1,500,OTHER
1050000,VILLA,7,6,261,OTHER
500000,APARTMENT,5,4,189,OTHER
1150000,FLOOR,1,1,392,OTHER
1100000,VILLA,1,1,236,OTHER
890000,VILLA,1,1,287,OTHER
2550000,VILLA,1,1,350,OTHER
1100000,VILLA,7,5,451,OTHER
650000,APARTMENT,3,3,128,OTHER
900000,FLOOR,1,1,197,"AL RIMAL, EAST RIYADH, RIYADH"
1350000,FLOOR,1,1,257,"AL RIMAL, EAST RIYADH, RIYADH"
780000,APARTMENT,6,5,219,OTHER
1000000,FLOOR,1,1,165,"AL JANADRIYAH, EAST RIYADH, RIYADH"
550000,APARTMENT,6,4,201,OTHER
690000,VILLA,4,5,199,OTHER
680000,APARTMENT,3,3,264,OTHER
550000,APARTMENT,4,3,212,OTHER
900000,VILLA,7,6,300,OTHER
630000,APARTMENT,6,5,244,OTHER
670000,APARTMENT,6,5,216,OTHER
550000,APARTMENT,6,5,211,OTHER
490000,APARTMENT,5,4,225,OTHER
1280000,VILLA,6,5,375,OTHER
550000,APARTMENT,6,4,211,OTHER
780000,VILLA,9,6,368,OTHER
650000,APARTMENT,1,1,111,"AL SALAMAH, NORTH JEDDAH, JEDDAH"
1150000,VILLA,5,4,439,OTHER
830000,APARTMENT,1,1,140,"AL SALAMAH, NORTH JEDDAH, JEDDAH"
650000,APARTMENT,6,5,366,OTHER
550000,APARTMENT,6,5,211,OTHER
1050000,VILLA,7,6,481,OTHER
500000,APARTMENT,5,4,171,OTHER
580000,APARTMENT,6,5,203,OTHER
1400000,VILLA,4,4,240,OTHER
800000,VILLA,8,7,437,OTHER
750000,APARTMENT,4,3,169,OTHER
770000,APARTMENT,5,4,257,OTHER
2500000,VILLA,4,5,350,"AL RIMAL, EAST RIYADH, RIYADH"
600000,APARTMENT,3,3,93,"AL RIMAL, EAST RIYADH, RIYADH"
600000,APARTMENT,2,3,88,"AL RIMAL, EAST RIYADH, RIYADH"
1300000,VILLA,4,5,262,OTHER
1250000,FLOOR,6,4,236,OTHER
650000,APARTMENT,3,2,104,"TUWAIQ, WEST RIYADH, RIYADH"
680000,APARTMENT,3,3,181,"TUWAIQ, WEST RIYADH, RIYADH"
650000,APARTMENT,3,3,104,"TUWAIQ, WEST RIYADH, RIYADH"
6000000,VILLA,7,6,635,"AL RIMAL, EAST RIYADH, RIYADH"
3600000,VILLA,4,4,250,"AL NARJIS, NORTH RIYADH, RIYADH"
5500000,VILLA,5,5,704,"AL MAHDIYAH, WEST RIYADH, RIYADH"
1200000,VILLA,6,6,220,OTHER
650000,APARTMENT,3,4,176,OTHER
875000,FLOOR,5,4,199,OTHER
970000,APARTMENT,5,4,177,OTHER
350000,APARTMENT,2,2,79,OTHER
5300000,VILLA,5,5,400,OTHER
2200000,APARTMENT,3,5,242,OTHER
1050000,VILLA,5,6,237,"BADR, SOUTH RIYADH, RIYADH"
565000,APARTMENT,4,3,134,"TUWAIQ, WEST RIYADH, RIYADH"
650000,APARTMENT,2,4,1050,OTHER
1250000,VILLA,6,6,345,OTHER
690000,APARTMENT,5,3,1110,OTHER
550000,APARTMENT,5,2,898,OTHER
930000,VILLA,5,6,307,OTHER
760000,FLOOR,3,3,168,"BADR, SOUTH RIYADH, RIYADH"
900000,FLOOR,3,3,189,"TUWAIQ, WEST RIYADH, RIYADH"
600000,FLOOR,3,4,249,"BADR, SOUTH RIYADH, RIYADH"
900000,APARTMENT,6,5,238,OTHER
1100000,FLOOR,5,4,240,OTHER
750000,APARTMENT,4,3,238,OTHER
1200000,VILLA,6,5,400,OTHER
570000,FLOOR,3,2,165,OTHER
650000,APARTMENT,2,2,901,OTHER
1000000,VILLA,5,5,200,OTHER
750000,APARTMENT,3,3,238,OTHER
1349000,APARTMENT,3,3,803,"AL ARID, NORTH RIYADH, RIYADH"
1400000,VILLA,5,4,640,OTHER
1300000,APARTMENT,3,3,113,"AL NARJIS, NORTH RIYADH, RIYADH"
2187500,VILLA,9,7,875,OTHER
2200000,VILLA,7,5,250,"AL RIMAL, EAST RIYADH, RIYADH"
3450000,VILLA,3,2,250,"AL NARJIS, NORTH RIYADH, RIYADH"
1750000,FLOOR,5,4,397,"AL NARJIS, NORTH RIYADH, RIYADH"
1100000,APARTMENT,4,2,102,OTHER
1600000,APARTMENT,5,4,226,OTHER
1250000,VILLA,5,7,300,"TUWAIQ, WEST RIYADH, RIYADH"
2900000,VILLA,3,3,300,"AL MUNSIYAH, EAST RIYADH, RIYADH"
5800000,VILLA,8,7,625,OTHER
2500000,VILLA,4,3,420,"AL RIMAL, EAST RIYADH, RIYADH"
475000,APARTMENT,4,3,137,"BADR, SOUTH RIYADH, RIYADH"
1500000,FLOOR,4,5,630,OTHER
750000,FLOOR,3,3,227,"AL JANADRIYAH, EAST RIYADH, RIYADH"
4050400,REST HOUSE,4,3,10126,OTHER
1350000,VILLA,6,6,300,OTHER
950000,APARTMENT,5,3,194,"AL SALAMAH, NORTH JEDDAH, JEDDAH"
2000000,VILLA,4,4,250,OTHER
3600000,VILLA,4,5,250,"AL NARJIS, NORTH RIYADH, RIYADH"
1750000,FLOOR,3,4,221,"AL NARJIS, NORTH RIYADH, RIYADH"
650000,FLOOR,3,3,450,OTHER
4000000,VILLA,5,3,313,OTHER
4000000,VILLA,5,5,313,OTHER
800000,APARTMENT,4,2,135,OTHER
560000,APARTMENT,3,3,172,OTHER
700000,APARTMENT,4,3,1050,OTHER
2300000,VILLA,5,4,390,OTHER
1900000,VILLA,6,4,600,"AL JANADRIYAH, EAST RIYADH, RIYADH"
1550000,VILLA,6,4,584,OTHER
1000000,FLOOR,5,3,315,OTHER
1300000,APARTMENT,3,3,124,"AL NARJIS, NORTH RIYADH, RIYADH"
2000000,VILLA,4,7,300,"AL MAHDIYAH, WEST RIYADH, RIYADH"
3000000,VILLA,4,5,300,OTHER
1450000,VILLA,7,4,240,OTHER
800000,APARTMENT,3,3,186,OTHER
7000000,VILLA,8,6,561,OTHER
1030000,FLOOR,4,3,150,"AL RIMAL, EAST RIYADH, RIYADH"
1390000,FLOOR,3,3,155,"AL NARJIS, NORTH RIYADH, RIYADH"
1900000,VILLA,6,5,350,"AL JANADRIYAH, EAST RIYADH, RIYADH"
3000000,VILLA,5,6,300,"AL ARID, NORTH RIYADH, RIYADH"
560000,APARTMENT,3,3,199,"BADR, SOUTH RIYADH, RIYADH"
690000,APARTMENT,3,4,153,OTHER
1190000,VILLA,9,7,300,OTHER
300000,REST HOUSE,2,3,700,OTHER
550000,VILLA,6,5,588,OTHER
800000,VILLA,7,6,579,OTHER
860000,VILLA,7,6,480,OTHER
580000,VILLA,6,5,500,OTHER
280000,VILLA,7,5,1111,OTHER
450000,VILLA,5,5,672,OTHER
550000,VILLA,7,3,588,OTHER
800000,VILLA,7,3,579,OTHER
1100000,FLOOR,5,4,627,"TUWAIQ, WEST RIYADH, RIYADH"
850000,FLOOR,3,4,221,"AL JANADRIYAH, EAST RIYADH, RIYADH"
690000,FLOOR,3,4,176,"OKAZ, SOUTH RIYADH, RIYADH"
1900000,VILLA,7,6,300,OTHER
1000000,VILLA,7,1,368,OTHER
1200000,VILLA,4,3,381,OTHER
650000,APARTMENT,7,6,160,OTHER
970000,VILLA,5,4,310,OTHER
1350000,VILLA,5,4,339,OTHER
1050000,VILLA,6,5,367,OTHER
850000,APARTMENT,6,5,208,OTHER
1050000,VILLA,5,4,352,OTHER
700000,FLOOR,7,6,196,"TUWAIQ, WEST RIYADH, RIYADH"
530000,APARTMENT,3,3,202,OTHER
750000,APARTMENT,7,5,226,OTHER
1050000,VILLA,7,5,372,OTHER
1550000,VILLA,7,6,450,OTHER
1150000,VILLA,7,6,250,OTHER
630000,APARTMENT,7,6,218,OTHER
1300000,FLOOR,7,3,247,OTHER
1160000,FLOOR,7,6,145,"AL MUNSIYAH, EAST RIYADH, RIYADH"
700000,FLOOR,7,6,258,OTHER
1200000,VILLA,5,5,292,OTHER
560000,APARTMENT,7,5,222,OTHER
750000,APARTMENT,4,3,140,OTHER
2300000,VILLA,5,5,468,OTHER
800000,FLOOR,1,1,300,OTHER
1300000,VILLA,7,5,409,OTHER
1350000,VILLA,4,2,478,OTHER
1250000,VILLA,8,7,240,OTHER
1450000,VILLA,8,7,330,OTHER
1050000,VILLA,7,6,200,OTHER
400000,VILLA,3,2,630,OTHER
450000,REST HOUSE,5,3,142709,OTHER
900000,VILLA,6,5,360,OTHER
850000,VILLA,5,4,310,OTHER
1000000,VILLA,6,5,600,OTHER
1250000,VILLA,6,5,443,OTHER
850000,VILLA,6,5,506,OTHER
620000,APARTMENT,5,4,174,OTHER
950000,VILLA,3,3,323,OTHER
1750000,VILLA,4,3,453,OTHER
1200000,VILLA,7,6,312,OTHER
1270000,VILLA,4,4,297,OTHER
650000,APARTMENT,6,5,170,OTHER
725000,APARTMENT,5,4,171,OTHER
1400000,VILLA,4,4,312,OTHER
690000,VILLA,5,4,233,OTHER
2500000,REST HOUSE,4,3,487,OTHER
900000,VILLA,6,5,357,OTHER
950000,VILLA,5,4,349,OTHER
1800000,VILLA,5,3,400,OTHER
2000000,VILLA,11,7,469,OTHER
1600000,REST HOUSE,1,1,1154,OTHER
2000000,VILLA,8,5,800,OTHER
1000000,VILLA,5,4,189,OTHER
1200000,REST HOUSE,2,1,875,OTHER
620000,APARTMENT,1,1,111,OTHER
950000,VILLA,5,3,550,OTHER
260000,APARTMENT,3,2,138,OTHER
155000,REST HOUSE,1,1,368,OTHER
570000,VILLA,4,4,500,OTHER
660000,APARTMENT,6,5,306,OTHER
870000,APARTMENT,5,4,224,OTHER
600000,APARTMENT,7,6,209,OTHER
1050000,VILLA,7,6,380,OTHER
520000,APARTMENT,3,3,190,OTHER
650000,FLOOR,5,4,221,OTHER
480000,APARTMENT,3,3,207,OTHER
370000,APARTMENT,3,3,197,OTHER
570000,APARTMENT,3,3,259,OTHER
1200000,VILLA,8,5,375,OTHER
800000,FLOOR,5,4,276,"AL RIMAL, EAST RIYADH, RIYADH"
800000,FLOOR,5,3,236,"AL RIMAL, EAST RIYADH, RIYADH"
700000,FLOOR,5,4,170,"AL JANADRIYAH, EAST RIYADH, RIYADH"
850000,FLOOR,5,4,210,"AL JANADRIYAH, EAST RIYADH, RIYADH"
2250000,VILLA,7,6,300,"AL RIMAL, EAST RIYADH, RIYADH"
2400000,VILLA,7,6,450,"AL RIMAL, EAST RIYADH, RIYADH"
600000,APARTMENT,4,4,233,"AL RIMAL, EAST RIYADH, RIYADH"
980000,FLOOR,5,4,236,"AL RIMAL, EAST RIYADH, RIYADH"
750000,APARTMENT,4,3,130,OTHER
1500000,FLOOR,6,4,202,"AL RIMAL, EAST RIYADH, RIYADH"
750000,FLOOR,5,4,147,OTHER
900000,FLOOR,5,4,210,"AL RIMAL, EAST RIYADH, RIYADH"
980000,FLOOR,5,4,227,"AL JANADRIYAH, EAST RIYADH, RIYADH"
820000,APARTMENT,4,3,1800,"AL MAHDIYAH, WEST RIYADH, RIYADH"
1050000,APARTMENT,5,3,174,"AL MAHDIYAH, WEST RIYADH, RIYADH"
785000,APARTMENT,4,3,130,"AL MAHDIYAH, WEST RIYADH, RIYADH"
650000,VILLA,3,3,241,"BADR, SOUTH RIYADH, RIYADH"
1400000,VILLA,6,5,320,"TUWAIQ, WEST RIYADH, RIYADH"
650000,VILLA,5,3,242,"BADR, SOUTH RIYADH, RIYADH"
850000,APARTMENT,5,1,186,"TUWAIQ, WEST RIYADH, RIYADH"
490000,APARTMENT,3,3,157,OTHER
750000,VILLA,5,7,250,OTHER
530000,APARTMENT,5,5,213,OTHER
800000,FLOOR,3,3,217,OTHER
1400000,VILLA,3,2,198,"OKAZ, SOUTH RIYADH, RIYADH"
780000,FLOOR,5,4,209,"BADR, SOUTH RIYADH, RIYADH"
1100000,FLOOR,5,3,627,"TUWAIQ, WEST RIYADH, RIYADH"
700000,FLOOR,5,4,209,"BADR, SOUTH RIYADH, RIYADH"
800000,FLOOR,5,4,217,OTHER
650000,FLOOR,5,4,209,"BADR, SOUTH RIYADH, RIYADH"
740000,FLOOR,5,4,200,"BADR, SOUTH RIYADH, RIYADH"
1200000,VILLA,5,3,301,"BADR, SOUTH RIYADH, RIYADH"
800000,FLOOR,3,4,217,OTHER
850000,FLOOR,5,4,160,"OKAZ, SOUTH RIYADH, RIYADH"
700000,FLOOR,5,4,159,"OKAZ, SOUTH RIYADH, RIYADH"
650000,FLOOR,3,4,209,"BADR, SOUTH RIYADH, RIYADH"
1550000,VILLA,4,3,200,"TUWAIQ, WEST RIYADH, RIYADH"
930000,FLOOR,3,2,198,OTHER
3400000,VILLA,4,4,270,"AL NARJIS, NORTH RIYADH, RIYADH"
1400000,VILLA,5,4,200,OTHER
2500000,VILLA,6,5,400,OTHER
1500000,VILLA,5,5,262,OTHER
1750000,VILLA,5,5,312,OTHER
1850000,VILLA,3,3,312,OTHER
1190000,VILLA,6,3,200,OTHER
300000,APARTMENT,3,2,67,OTHER
1550000,VILLA,5,5,262,OTHER
550000,APARTMENT,7,3,213,OTHER
1070000,VILLA,6,4,200,OTHER
4000000,VILLA,5,4,400,"AL MAHDIYAH, WEST RIYADH, RIYADH"
1200000,APARTMENT,3,2,140,OTHER
670000,APARTMENT,5,3,210,OTHER
1600000,VILLA,6,6,200,"AL MAHDIYAH, WEST RIYADH, RIYADH"
850000,APARTMENT,5,4,900,OTHER
1700000,VILLA,5,6,328,OTHER
1700000,VILLA,5,5,407,OTHER
900000,FLOOR,4,5,110,"TUWAIQ, WEST RIYADH, RIYADH"
1300000,VILLA,4,3,322,"TUWAIQ, WEST RIYADH, RIYADH"
810000,VILLA,5,4,153,"TUWAIQ, WEST RIYADH, RIYADH"
500000,APARTMENT,5,3,180,OTHER
1300000,VILLA,3,4,232,OTHER
1800000,VILLA,5,5,360,OTHER
2100000,VILLA,6,5,613,OTHER
1350000,VILLA,6,5,337,OTHER
500000,APARTMENT,4,3,135,OTHER
950000,VILLA,5,4,550,OTHER
1300000,FLOOR,6,5,375,OTHER
700000,FLOOR,6,5,371,OTHER
830000,APARTMENT,5,5,175,OTHER
500000,APARTMENT,4,3,172,OTHER
1250000,REST HOUSE,5,4,400,OTHER
750000,APARTMENT,4,3,137,"AL MAHDIYAH, WEST RIYADH, RIYADH"
2400000,VILLA,6,5,592,"AL MAHDIYAH, WEST RIYADH, RIYADH"
3300000,VILLA,7,5,360,"AL MAHDIYAH, WEST RIYADH, RIYADH"
2400000,VILLA,6,5,200,"AL MAHDIYAH, WEST RIYADH, RIYADH"
3000000,VILLA,7,5,309,"AL MAHDIYAH, WEST RIYADH, RIYADH"
1800000,VILLA,7,7,450,OTHER
900000,APARTMENT,3,3,127,"AL MAHDIYAH, WEST RIYADH, RIYADH"
2900000,VILLA,6,5,494,"AL MAHDIYAH, WEST RIYADH, RIYADH"
850000,APARTMENT,3,3,100,"AL MAHDIYAH, WEST RIYADH, RIYADH"
3300000,VILLA,7,6,360,"AL MAHDIYAH, WEST RIYADH, RIYADH"
2400000,VILLA,5,5,200,"AL MAHDIYAH, WEST RIYADH, RIYADH"
850000,APARTMENT,3,2,125,"AL MAHDIYAH, WEST RIYADH, RIYADH"
4200000,VILLA,7,6,457,"AL MAHDIYAH, WEST RIYADH, RIYADH"
2600000,VILLA,7,6,550,"AL MAHDIYAH, WEST RIYADH, RIYADH"
3150000,VILLA,7,6,300,"AL MAHDIYAH, WEST RIYADH, RIYADH"
3000000,VILLA,7,6,308,"AL MAHDIYAH, WEST RIYADH, RIYADH"
1800000,VILLA,5,4,423,"AL MAHDIYAH, WEST RIYADH, RIYADH"
4200000,VILLA,6,5,457,"AL MAHDIYAH, WEST RIYADH, RIYADH"
1750000,VILLA,6,5,220,"AL MAHDIYAH, WEST RIYADH, RIYADH"
3900000,VILLA,8,5,470,"AL MAHDIYAH, WEST RIYADH, RIYADH"
3150000,VILLA,7,5,300,"AL MAHDIYAH, WEST RIYADH, RIYADH"
4200000,VILLA,7,5,457,"AL MAHDIYAH, WEST RIYADH, RIYADH"
2000000,VILLA,4,3,400,"AL MAHDIYAH, WEST RIYADH, RIYADH"
2700000,VILLA,6,5,250,"AL MAHDIYAH, WEST RIYADH, RIYADH"
2150000,VILLA,5,4,400,"AL MAHDIYAH, WEST RIYADH, RIYADH"
3200000,VILLA,5,5,400,"AL MAHDIYAH, WEST RIYADH, RIYADH"
7500000,VILLA,5,5,400,"AL MAHDIYAH, WEST RIYADH, RIYADH"
1950000,VILLA,3,3,260,"AL MAHDIYAH, WEST RIYADH, RIYADH"
1850000,VILLA,3,3,138,"AL MAHDIYAH, WEST RIYADH, RIYADH"
1250000,VILLA,7,3,275,"TUWAIQ, WEST RIYADH, RIYADH"
700000,APARTMENT,3,2,134,OTHER
550000,APARTMENT,4,3,176,"BADR, SOUTH RIYADH, RIYADH"
3500000,VILLA,4,3,300,"AL MAHDIYAH, WEST RIYADH, RIYADH"
520000,APARTMENT,7,6,142,OTHER
680000,FLOOR,7,6,688,OTHER
1200000,VILLA,5,5,640,OTHER
890000,APARTMENT,3,4,190,OTHER
750000,APARTMENT,4,3,115,OTHER
1600000,APARTMENT,1,2,88,OTHER
750000,APARTMENT,2,2,129,OTHER
1250000,VILLA,7,6,300,"BADR, SOUTH RIYADH, RIYADH"
2000000,VILLA,10,7,625,OTHER
2600000,VILLA,11,5,420,"OKAZ, SOUTH RIYADH, RIYADH"
3900000,VILLA,9,6,375,"AL NARJIS, NORTH RIYADH, RIYADH"
560000,APARTMENT,3,3,2300,OTHER
550000,APARTMENT,4,3,128,OTHER
2500000,VILLA,6,5,663,OTHER
400000,APARTMENT,2,2,146,OTHER
670000,APARTMENT,5,4,195,OTHER
520000,APARTMENT,4,3,194,"OKAZ, SOUTH RIYADH, RIYADH"
400000,REST HOUSE,2,4,667,OTHER
600000,VILLA,4,5,448,OTHER
1000000,REST HOUSE,6,5,9947,OTHER
480000,VILLA,3,5,312,OTHER
5000000,VILLA,2,2,690,OTHER
520000,APARTMENT,6,5,195,OTHER
1550000,VILLA,5,6,345,OTHER
5000000,VILLA,5,6,620,OTHER
2500000,VILLA,5,5,504,"AL MUNSIYAH, EAST RIYADH, RIYADH"
720000,FLOOR,5,4,176,"TUWAIQ, WEST RIYADH, RIYADH"
880000,VILLA,5,5,432,OTHER
550000,APARTMENT,5,4,128,OTHER
550000,APARTMENT,3,2,127,OTHER
1100000,VILLA,5,4,312,OTHER
430000,APARTMENT,4,3,99,OTHER
7000000,VILLA,10,10,750,OTHER
270000,APARTMENT,3,3,125,OTHER
1300000,FLOOR,5,3,127,"AL ARID, NORTH RIYADH, RIYADH"
6200000,VILLA,1,1,750,OTHER
1150000,APARTMENT,3,3,140,OTHER
2500000,VILLA,11,8,500,OTHER
7000000,REST HOUSE,10,5,17000,OTHER
1700000,VILLA,8,7,375,OTHER
1700000,VILLA,5,7,360,OTHER
7000000,VILLA,11,7,586,"AL NARJIS, NORTH RIYADH, RIYADH"
1800000,APARTMENT,4,3,181,"AL NARJIS, NORTH RIYADH, RIYADH"
700000,FLOOR,5,2,400,OTHER
3700000,VILLA,6,6,324,"AL MUNSIYAH, EAST RIYADH, RIYADH"
2500000,VILLA,9,6,535,OTHER
2000000,VILLA,8,10,462,OTHER
790000,VILLA,5,3,300,OTHER
500000,APARTMENT,3,2,185,OTHER
850000,APARTMENT,3,3,255,OTHER
1250000,VILLA,6,7,300,OTHER
1600000,VILLA,6,6,600,OTHER
700000,APARTMENT,5,4,165,OTHER
1900000,VILLA,10,6,276,OTHER
900000,VILLA,3,3,500,OTHER
490000,APARTMENT,5,3,121,OTHER
3000000,VILLA,9,6,619,OTHER
690000,APARTMENT,3,4,182,OTHER
1500000,FLOOR,3,4,141,"AL MUNSIYAH, EAST RIYADH, RIYADH"
1600000,FLOOR,4,5,292,"AL RIMAL, EAST RIYADH, RIYADH"
1450000,FLOOR,4,4,141,"AL MUNSIYAH, EAST RIYADH, RIYADH"
3400,REST HOUSE,1,1,525,OTHER
660000,FLOOR,6,4,282,OTHER
3829000,VILLA,4,8,480,OTHER
2300000,VILLA,4,3,276,OTHER
650000,APARTMENT,4,3,203,OTHER
600000,APARTMENT,3,3,124,OTHER
700000,FLOOR,3,3,147,OTHER
1200000,FLOOR,3,3,205,"AL RIMAL, EAST RIYADH, RIYADH"
880000,FLOOR,3,4,145,OTHER
1300000,APARTMENT,2,2,141,OTHER
1500000,APARTMENT,3,4,131,OTHER
1500000,REST HOUSE,2,2,449,OTHER
1700000,VILLA,6,7,310,OTHER
600000,APARTMENT,5,3,163,OTHER
4100000,VILLA,7,8,360,OTHER
4500000,REST HOUSE,2,1,3000,OTHER
1450000,VILLA,7,5,276,OTHER
720000,FLOOR,3,4,501,OTHER
4200000,VILLA,5,5,300,"AL NARJIS, NORTH RIYADH, RIYADH"
2400000,VILLA,4,4,390,OTHER
1400000,VILLA,6,3,300,"TUWAIQ, WEST RIYADH, RIYADH"
850000,VILLA,9,6,404,OTHER
780000,VILLA,8,6,334,OTHER
11000000,VILLA,6,4,900,OTHER
2500000,APARTMENT,3,3,1050,OTHER
2000000,VILLA,1,3,420,OTHER
2500000,VILLA,5,5,320,OTHER
450000,APARTMENT,5,4,136,OTHER
2000000,REST HOUSE,1,3,420,OTHER
650000,APARTMENT,6,4,201,OTHER
700000,FLOOR,4,3,177,"BADR, SOUTH RIYADH, RIYADH"
2000000,VILLA,10,8,600,OTHER
1500000,APARTMENT,5,4,230,"AL RAWDAH, NORTH JEDDAH, JEDDAH"
4300000,VILLA,8,3,625,OTHER
971000,APARTMENT,2,3,134,"AL MUNSIYAH, EAST RIYADH, RIYADH"
439000,APARTMENT,3,3,510,"AL SALAMAH, NORTH JEDDAH, JEDDAH"
449000,APARTMENT,2,2,698,OTHER
1650000,FLOOR,3,4,190,"QURTUBAH, EAST RIYADH, RIYADH"
1000000,APARTMENT,4,4,148,OTHER
850000,APARTMENT,3,3,93,"TUWAIQ, WEST RIYADH, RIYADH"
550000,APARTMENT,1,1,105,OTHER
400000,FLOOR,6,3,350,OTHER
620000,VILLA,4,3,163,"OKAZ, SOUTH RIYADH, RIYADH"
868000,APARTMENT,3,6,132,"AL MUNSIYAH, EAST RIYADH, RIYADH"
750000,APARTMENT,4,3,175,"TUWAIQ, WEST RIYADH, RIYADH"
1300000,VILLA,7,4,375,OTHER
1750000,VILLA,8,5,433,"AL MAHDIYAH, WEST RIYADH, RIYADH"
800000,VILLA,6,5,312,OTHER
600000,FLOOR,6,5,164,"BADR, SOUTH RIYADH, RIYADH"
590000,FLOOR,5,3,345,OTHER
550000,APARTMENT,4,3,136,OTHER
900000,APARTMENT,5,3,158,OTHER
1000000,FLOOR,6,4,600,"AL JANADRIYAH, EAST RIYADH, RIYADH"
1109000,APARTMENT,3,3,141,OTHER
790000,APARTMENT,5,1,175,"AL SALAMAH, NORTH JEDDAH, JEDDAH"
1100000,VILLA,3,3,300,OTHER
1350000,VILLA,4,7,287,OTHER
1350000,FLOOR,4,3,165,"AL MUNSIYAH, EAST RIYADH, RIYADH"
1600000,FLOOR,4,3,223,"AL MUNSIYAH, EAST RIYADH, RIYADH"
880000,APARTMENT,4,4,450,"AL MAHDIYAH, WEST RIYADH, RIYADH"
1150000,FLOOR,5,5,283,"TUWAIQ, WEST RIYADH, RIYADH"
5000000,VILLA,7,7,523,OTHER
1300000,FLOOR,3,3,412,OTHER
8000000,VILLA,5,5,560,"AL NARJIS, NORTH RIYADH, RIYADH"
2050000,VILLA,5,6,275,"AL RIMAL, EAST RIYADH, RIYADH"
2450000,VILLA,5,5,500,"AL MAHDIYAH, WEST RIYADH, RIYADH"
960000,VILLA,5,4,312,OTHER
4500000,VILLA,5,4,500,OTHER
1300000,VILLA,8,6,250,"TUWAIQ, WEST RIYADH, RIYADH"
3800000,VILLA,6,6,450,OTHER
430000,APARTMENT,3,3,100,OTHER
1300000,VILLA,8,4,300,OTHER
3300000,VILLA,11,5,520,OTHER
1050000,FLOOR,4,4,215,"AL JANADRIYAH, EAST RIYADH, RIYADH"
4000000,VILLA,5,7,308,"AL MAHDIYAH, WEST RIYADH, RIYADH"
300000,APARTMENT,2,2,85,OTHER
300000,APARTMENT,3,2,85,OTHER
3700000,VILLA,6,5,408,"QURTUBAH, EAST RIYADH, RIYADH"
485000,APARTMENT,4,3,625,OTHER
1350000,APARTMENT,6,4,165,"AL MUNSIYAH, EAST RIYADH, RIYADH"
620000,APARTMENT,6,4,183,OTHER
1350000,FLOOR,5,3,186,"AL MUNSIYAH, EAST RIYADH, RIYADH"
1100000,VILLA,5,5,259,"TUWAIQ, WEST RIYADH, RIYADH"
1100000,VILLA,5,5,269,"TUWAIQ, WEST RIYADH, RIYADH"
1050000,FLOOR,4,3,168,"AL QADISIYAH, EAST RIYADH, RIYADH"
2070600,VILLA,5,3,375,OTHER
1010000,VILLA,10,8,637,OTHER
2000000,FLOOR,3,2,465,OTHER
2500000,VILLA,8,7,600,OTHER
4200000,VILLA,10,5,400,OTHER
1000000,VILLA,5,3,250,OTHER
450000,APARTMENT,2,2,106,OTHER
4000000,VILLA,4,6,532,OTHER
600000,APARTMENT,6,5,220,OTHER
490000,APARTMENT,1,1,172,OTHER
1200000,VILLA,6,5,315,OTHER
1750000,VILLA,6,8,465,OTHER
570000,FLOOR,3,3,203,OTHER
400000,APARTMENT,2,3,203,OTHER
3700000,VILLA,10,7,389,OTHER
3000000,VILLA,11,11,927,OTHER
880000,VILLA,3,4,262,"OKAZ, SOUTH RIYADH, RIYADH"
1400000,REST HOUSE,7,6,750,OTHER
5300000,VILLA,4,4,375,OTHER
800000,APARTMENT,4,3,119,OTHER
2900000,VILLA,5,5,370,OTHER
3800000,VILLA,4,5,413,OTHER
1500000,REST HOUSE,5,4,266,OTHER
1050000,VILLA,7,6,300,OTHER
900000,VILLA,5,4,204,OTHER
1200000,FLOOR,4,3,500,OTHER
1250000,FLOOR,3,3,500,OTHER
950000,VILLA,6,6,251,OTHER
1350000,APARTMENT,5,4,520,OTHER
1000000,VILLA,6,7,1497,OTHER
700000,FLOOR,3,3,648,OTHER
600000,VILLA,3,6,269,OTHER
1900000,FLOOR,4,5,257,"QURTUBAH, EAST RIYADH, RIYADH"
2400000,VILLA,5,5,600,OTHER
415000,APARTMENT,2,2,580,"AL SALAMAH, NORTH JEDDAH, JEDDAH"
1650000,VILLA,5,5,450,OTHER
830000,VILLA,5,5,400,OTHER
850000,FLOOR,3,3,212,"TUWAIQ, WEST RIYADH, RIYADH"
850000,VILLA,2,2,105,OTHER
555000,APARTMENT,6,6,149,OTHER
970000,VILLA,6,3,300,OTHER
330000,APARTMENT,3,2,88,OTHER
570000,APARTMENT,3,3,111,"AL SALAMAH, NORTH JEDDAH, JEDDAH"
2200000,VILLA,5,4,262,"AL MAHDIYAH, WEST RIYADH, RIYADH"
2400000,VILLA,7,7,500,"AL MAHDIYAH, WEST RIYADH, RIYADH"
2200000,VILLA,5,4,330,"AL RIMAL, EAST RIYADH, RIYADH"
890500,VILLA,6,5,250,OTHER
403949,APARTMENT,3,2,175,OTHER
900000,APARTMENT,3,2,135,"AL MAHDIYAH, WEST RIYADH, RIYADH"
1800000,VILLA,5,5,366,"AL MAHDIYAH, WEST RIYADH, RIYADH"
4100000,VILLA,6,5,366,"AL MAHDIYAH, WEST RIYADH, RIYADH"
2800000,VILLA,7,5,366,"AL MAHDIYAH, WEST RIYADH, RIYADH"
858000,APARTMENT,3,3,130,"AL MAHDIYAH, WEST RIYADH, RIYADH"
759000,APARTMENT,3,3,128,"AL MAHDIYAH, WEST RIYADH, RIYADH"
3200000,VILLA,7,5,300,"AL MAHDIYAH, WEST RIYADH, RIYADH"
1200000,APARTMENT,4,4,200,"AL MAHDIYAH, WEST RIYADH, RIYADH"
750000,APARTMENT,3,3,132,"AL MAHDIYAH, WEST RIYADH, RIYADH"
3100000,VILLA,7,4,366,"AL MAHDIYAH, WEST RIYADH, RIYADH"
1400000,APARTMENT,3,4,138,OTHER
3500000,APARTMENT,4,4,212,OTHER
963000,VILLA,11,7,270,"BADR, SOUTH RIYADH, RIYADH"
800000,APARTMENT,3,3,128,OTHER
460000,APARTMENT,4,3,126,OTHER
3000000,VILLA,8,5,275,OTHER
550000,APARTMENT,2,3,87,OTHER
400000,APARTMENT,3,4,286,OTHER
1200000,VILLA,4,3,428,OTHER
1000000,VILLA,5,4,346,OTHER
1700000,VILLA,4,4,420,"TUWAIQ, WEST RIYADH, RIYADH"
1500000,VILLA,8,6,300,"TUWAIQ, WEST RIYADH, RIYADH"
3270000,VILLA,4,2,263,"AL NARJIS, NORTH RIYADH, RIYADH"
1400000,REST HOUSE,2,3,656,OTHER
1200000,FLOOR,3,3,156,OTHER
950000,VILLA,6,6,392,OTHER
350000,APARTMENT,4,2,104,OTHER
1200000,VILLA,3,3,215,"AL RIMAL, EAST RIYADH, RIYADH"
400000,APARTMENT,2,2,51,"AL RIMAL, EAST RIYADH, RIYADH"
1100000,VILLA,5,4,311,OTHER
1350000,VILLA,5,4,300,OTHER
1000000,REST HOUSE,1,1,11700,OTHER
1000000,VILLA,7,5,261,OTHER
1100000,VILLA,1,1,215,OTHER
750000,APARTMENT,6,5,357,OTHER
1350000,APARTMENT,4,5,235,"AL RIMAL, EAST RIYADH, RIYADH"
600000,APARTMENT,6,5,203,OTHER
675000,APARTMENT,3,2,145,OTHER
1450000,VILLA,7,3,200,OTHER
1300000,VILLA,5,1,200,"TUWAIQ, WEST RIYADH, RIYADH"
2100000,VILLA,6,4,328,"AL RIMAL, EAST RIYADH, RIYADH"
3200000,VILLA,4,5,210,"AL NARJIS, NORTH RIYADH, RIYADH"
530000,APARTMENT,5,4,182,OTHER
1100000,VILLA,6,8,423,OTHER
570000,APARTMENT,2,1,115,"BADR, SOUTH RIYADH, RIYADH"
1900000,APARTMENT,1,2,101,OTHER
4900000,VILLA,6,8,390,OTHER
250000,FLOOR,6,5,1606,OTHER
950000,VILLA,8,4,331,OTHER
1300000,VILLA,5,6,200,"TUWAIQ, WEST RIYADH, RIYADH"
5500000,VILLA,11,2,450,OTHER
550000,APARTMENT,7,6,201,OTHER
600,APARTMENT,6,3,173,OTHER
515000,APARTMENT,5,3,157,OTHER
530000,APARTMENT,4,4,154,OTHER
430000,APARTMENT,5,3,173,"BADR, SOUTH RIYADH, RIYADH"
900000,APARTMENT,3,3,196,OTHER
1600000,FLOOR,3,3,360,OTHER
1350000,REST HOUSE,4,3,1191,OTHER
1400000,VILLA,6,4,500,OTHER
7000000,VILLA,4,4,1980,OTHER
2100000,VILLA,5,5,400,"AL MAHDIYAH, WEST RIYADH, RIYADH"
860000,APARTMENT,3,3,138,"AL MAHDIYAH, WEST RIYADH, RIYADH"
860000,APARTMENT,3,3,157,"AL MAHDIYAH, WEST RIYADH, RIYADH"
2500000,VILLA,6,5,245,"AL MAHDIYAH, WEST RIYADH, RIYADH"
2050000,VILLA,5,4,400,"AL MAHDIYAH, WEST RIYADH, RIYADH"
2200000,VILLA,6,4,210,"AL MAHDIYAH, WEST RIYADH, RIYADH"
8000000,VILLA,6,5,500,OTHER
395000,APARTMENT,3,2,104,OTHER
250000,REST HOUSE,2,1,415,OTHER
1800000,VILLA,5,3,360,OTHER
580000,APARTMENT,5,3,158,OTHER
1300000,VILLA,5,4,375,OTHER
1000000,VILLA,11,11,367,OTHER
430000,APARTMENT,3,3,170,"BADR, SOUTH RIYADH, RIYADH"
550000,APARTMENT,3,3,130,OTHER
820000,APARTMENT,5,4,165,"AL SALAMAH, NORTH JEDDAH, JEDDAH"
1100000,APARTMENT,4,3,97,OTHER
1150000,FLOOR,2,4,232,"AL RIMAL, EAST RIYADH, RIYADH"
650000,APARTMENT,3,2,112,OTHER
800000,APARTMENT,3,3,161,"AL RIMAL, EAST RIYADH, RIYADH"
1450000,VILLA,5,7,300,OTHER
2990000,VILLA,4,5,624,OTHER
590000,APARTMENT,4,3,111,"AL SALAMAH, NORTH JEDDAH, JEDDAH"
350000,APARTMENT,3,2,105,OTHER
1129000,APARTMENT,3,3,184,OTHER
360000,APARTMENT,1,2,64,OTHER
1100000,VILLA,5,4,313,OTHER
1100000,VILLA,3,3,188,"AL QADISIYAH, EAST RIYADH, RIYADH"
650000,FLOOR,5,3,139,OTHER
1380000,FLOOR,5,3,168,"AL MUNSIYAH, EAST RIYADH, RIYADH"
800000,APARTMENT,4,3,125,"AL QADISIYAH, EAST RIYADH, RIYADH"
950000,VILLA,6,7,300,OTHER
1100000,VILLA,6,5,289,"AL JANADRIYAH, EAST RIYADH, RIYADH"
1750000,VILLA,6,6,403,OTHER
1300000,APARTMENT,4,3,87,"AL ARID, NORTH RIYADH, RIYADH"
1050000,VILLA,8,5,250,OTHER
15000000,VILLA,6,5,828,OTHER
4000000,VILLA,5,11,435,OTHER
800000,FLOOR,7,5,226,"AL JANADRIYAH, EAST RIYADH, RIYADH"
600000,APARTMENT,6,1,132,OTHER
680000,APARTMENT,2,3,145,OTHER
1000000,VILLA,3,2,201,OTHER
1400000,VILLA,3,3,287,OTHER
950000,VILLA,6,4,240,OTHER
2400000,VILLA,9,7,482,OTHER
549000,APARTMENT,4,3,524,"AL RAWDAH, NORTH JEDDAH, JEDDAH"
1200000,VILLA,6,7,373,OTHER
3000000,VILLA,9,6,409,"AL RIMAL, EAST RIYADH, RIYADH"
6000000,VILLA,9,7,450,OTHER
5200000,VILLA,10,6,625,OTHER
2100000,VILLA,7,6,360,"AL RIMAL, EAST RIYADH, RIYADH"
830000,VILLA,4,5,253,"OKAZ, SOUTH RIYADH, RIYADH"
1400000,APARTMENT,4,5,181,OTHER
1200000,VILLA,8,4,400,OTHER
1100000,VILLA,7,5,400,OTHER
580000,APARTMENT,3,3,218,OTHER
1400000,VILLA,6,4,375,OTHER
1000000,VILLA,4,4,280,OTHER
1900000,VILLA,6,5,400,OTHER
820000,FLOOR,3,3,178,OTHER
1300000,APARTMENT,3,3,146,"AL ARID, NORTH RIYADH, RIYADH"
970000,VILLA,6,5,250,OTHER
1100000,FLOOR,5,4,312,OTHER
3800000,VILLA,7,7,300,"AL NARJIS, NORTH RIYADH, RIYADH"
460000,APARTMENT,3,2,96,OTHER
490000,APARTMENT,4,3,188,OTHER
2900000,VILLA,7,5,600,OTHER
1140000,APARTMENT,3,3,135,"AL ARID, NORTH RIYADH, RIYADH"
1500000,VILLA,8,9,600,OTHER
530000,APARTMENT,4,3,168,OTHER
530000,APARTMENT,5,8,205,OTHER
620000,APARTMENT,4,4,132,"AL SALAMAH, NORTH JEDDAH, JEDDAH"
740000,APARTMENT,4,4,130,"AL SALAMAH, NORTH JEDDAH, JEDDAH"
590000,APARTMENT,4,4,135,"AL SALAMAH, NORTH JEDDAH, JEDDAH"
830000,APARTMENT,5,4,165,OTHER
580000,APARTMENT,5,4,217,OTHER
2000000,VILLA,8,4,350,OTHER
3000000,VILLA,8,4,405,OTHER
970000,VILLA,4,3,200,OTHER
1200000,FLOOR,4,3,164,"AL RIMAL, EAST RIYADH, RIYADH"
10000000,VILLA,3,2,1237,OTHER
1050000,FLOOR,5,3,350,"BADR, SOUTH RIYADH, RIYADH"
730000,APARTMENT,6,4,718,OTHER
735000,APARTMENT,4,4,143,OTHER
640000,APARTMENT,5,4,1730,OTHER
630000,APARTMENT,4,3,143,OTHER
5000000,VILLA,10,10,1066,"TUWAIQ, WEST RIYADH, RIYADH"
750000,FLOOR,5,3,191,"AL JANADRIYAH, EAST RIYADH, RIYADH"
700000,FLOOR,5,3,196,"AL JANADRIYAH, EAST RIYADH, RIYADH"
640000,FLOOR,5,4,155,"AL JANADRIYAH, EAST RIYADH, RIYADH"
800000,FLOOR,4,5,500,OTHER
620000,APARTMENT,5,4,166,OTHER
13000000,VILLA,11,7,879,"AL NARJIS, NORTH RIYADH, RIYADH"
1500000,VILLA,6,4,270,"AL JANADRIYAH, EAST RIYADH, RIYADH"
2600000,VILLA,8,8,411,OTHER
1150000,VILLA,5,3,276,OTHER
1200000,VILLA,8,7,350,OTHER
1400000,VILLA,7,5,375,OTHER
3200000,VILLA,7,1,275,OTHER
3500000,VILLA,5,5,1050,OTHER
2700000,VILLA,4,5,354,OTHER
1200000,VILLA,5,5,900,OTHER
1500000,VILLA,11,7,250,OTHER
1950000,VILLA,7,5,275,OTHER
1100000,VILLA,5,5,300,OTHER
1080000,VILLA,6,6,312,OTHER
600000,FLOOR,5,3,350,"BADR, SOUTH RIYADH, RIYADH"
980000,APARTMENT,5,4,1049,"AL RAWDAH, NORTH JEDDAH, JEDDAH"
800000,FLOOR,6,4,220,"TUWAIQ, WEST RIYADH, RIYADH"
900000,FLOOR,6,4,206,"TUWAIQ, WEST RIYADH, RIYADH"
3000000,VILLA,5,4,250,"AL ARID, NORTH RIYADH, RIYADH"
7500000,VILLA,10,7,767,OTHER
820000,APARTMENT,5,3,185,OTHER
1800000,VILLA,6,6,750,OTHER
550000,APARTMENT,5,3,1327,OTHER
7000000,VILLA,5,5,630,OTHER
1700000,FLOOR,6,6,690,OTHER
1100000,VILLA,4,4,433,OTHER
900000,APARTMENT,4,4,258,"TUWAIQ, WEST RIYADH, RIYADH"
1000000,VILLA,7,7,325,OTHER
4500000,VILLA,5,3,343,"AL NARJIS, NORTH RIYADH, RIYADH"
470000,APARTMENT,3,2,120,OTHER
600000,APARTMENT,3,3,136,OTHER
440000,APARTMENT,3,2,162,OTHER
1900000,VILLA,5,4,296,OTHER
870000,FLOOR,5,4,180,OTHER
520000,FLOOR,4,4,203,"BADR, SOUTH RIYADH, RIYADH"
570000,APARTMENT,5,3,198,OTHER
3300000,VILLA,10,10,385,"QURTUBAH, EAST RIYADH, RIYADH"
1400000,APARTMENT,3,2,165,OTHER
360000,APARTMENT,2,2,64,OTHER
950000,FLOOR,3,4,500,OTHER
1750000,VILLA,10,8,303,"AL JANADRIYAH, EAST RIYADH, RIYADH"
510000,APARTMENT,5,4,187,OTHER
900000,APARTMENT,3,3,137,"AL RIMAL, EAST RIYADH, RIYADH"
1300000,FLOOR,5,4,315,"AL RIMAL, EAST RIYADH, RIYADH"
850000,FLOOR,5,5,138,"AL RIMAL, EAST RIYADH, RIYADH"
1300000,VILLA,10,7,400,OTHER
3500000,VILLA,8,7,276,"AL ARID, NORTH RIYADH, RIYADH"
1500000,VILLA,6,5,483,OTHER
720000,APARTMENT,5,3,149,"AL SALAMAH, NORTH JEDDAH, JEDDAH"
630000,APARTMENT,4,4,146,OTHER
650000,APARTMENT,4,1,111,"AL SALAMAH, NORTH JEDDAH, JEDDAH"
720000,FLOOR,3,3,180,OTHER
1550000,VILLA,2,3,330,OTHER
2450000,VILLA,4,5,526,OTHER
850000,APARTMENT,3,3,750,OTHER
530000,APARTMENT,3,2,460,"AL RAWDAH, NORTH JEDDAH, JEDDAH"
570000,APARTMENT,3,3,865,OTHER
529000,APARTMENT,4,3,500,OTHER
464000,APARTMENT,4,3,1358,OTHER
389000,APARTMENT,3,3,1358,OTHER
415000,APARTMENT,3,1,630,"AL SALAMAH, NORTH JEDDAH, JEDDAH"
440000,APARTMENT,3,2,1092,OTHER
369000,APARTMENT,3,3,800,OTHER
360000,APARTMENT,3,3,726,OTHER
369000,APARTMENT,2,3,800,OTHER
530000,APARTMENT,3,3,461,"AL RAWDAH, NORTH JEDDAH, JEDDAH"
570000,APARTMENT,5,3,866,OTHER
480000,APARTMENT,4,3,525,OTHER
1700000,FLOOR,3,5,242,"AL MUNSIYAH, EAST RIYADH, RIYADH"
850000,FLOOR,3,4,166,"AL RIMAL, EAST RIYADH, RIYADH"
1100000,VILLA,5,2,371,OTHER
5000000,REST HOUSE,4,3,10010,OTHER
2850000,VILLA,5,4,312,"AL RIMAL, EAST RIYADH, RIYADH"
1150000,APARTMENT,2,4,134,"AL MUNSIYAH, EAST RIYADH, RIYADH"
450000,APARTMENT,2,2,138,OTHER
680000,APARTMENT,5,3,310,OTHER
1600000,VILLA,5,4,299,OTHER
850000,VILLA,5,4,375,OTHER
750000,VILLA,6,4,204,OTHER
2100000,VILLA,9,7,675,OTHER
700000,APARTMENT,2,2,104,OTHER
13500000,VILLA,4,4,501,"AL NARJIS, NORTH RIYADH, RIYADH"
1600000,APARTMENT,2,3,156,OTHER
1200000,VILLA,6,6,520,OTHER
450000,APARTMENT,3,2,78,OTHER
4350000,VILLA,4,5,528,OTHER
860000,FLOOR,3,3,250,OTHER
1100000,VILLA,7,6,302,OTHER
450000,APARTMENT,3,3,174,"BADR, SOUTH RIYADH, RIYADH"
5000000,VILLA,4,3,136,"AL MUNSIYAH, EAST RIYADH, RIYADH"
780000,VILLA,4,3,239,OTHER
800000,VILLA,3,3,312,OTHER
1300000,VILLA,7,7,236,OTHER
3500000,VILLA,7,5,383,"QURTUBAH, EAST RIYADH, RIYADH"
1650000,FLOOR,5,4,172,"QURTUBAH, EAST RIYADH, RIYADH"
3500000,VILLA,8,7,383,"QURTUBAH, EAST RIYADH, RIYADH"
2700000,VILLA,5,3,280,OTHER
675000,APARTMENT,3,2,900,OTHER
2400000,VILLA,5,6,420,OTHER
1750000,VILLA,4,3,222,"AL MUNSIYAH, EAST RIYADH, RIYADH"
3200000,VILLA,4,5,383,"QURTUBAH, EAST RIYADH, RIYADH"
870000,APARTMENT,4,4,450,"AL MAHDIYAH, WEST RIYADH, RIYADH"
550000,APARTMENT,3,2,125,OTHER
2500000,VILLA,5,5,500,"AL MAHDIYAH, WEST RIYADH, RIYADH"
1350000,VILLA,5,4,319,"TUWAIQ, WEST RIYADH, RIYADH"
4050000,VILLA,6,7,450,"AL MAHDIYAH, WEST RIYADH, RIYADH"
6500000,VILLA,10,10,750,OTHER
690000,APARTMENT,3,3,219,OTHER
950000,FLOOR,4,4,186,"TUWAIQ, WEST RIYADH, RIYADH"
800000,APARTMENT,3,6,630,"BADR, SOUTH RIYADH, RIYADH"
950000,APARTMENT,6,3,197,OTHER
500000,FLOOR,4,4,251,OTHER
430000,APARTMENT,3,3,132,"BADR, SOUTH RIYADH, RIYADH"
2350000,VILLA,6,6,250,OTHER
495000,APARTMENT,4,3,124,OTHER
1400000,VILLA,7,5,697,OTHER
1300000,FLOOR,3,4,131,"AL MUNSIYAH, EAST RIYADH, RIYADH"
520000,APARTMENT,7,7,239,OTHER
6500000,VILLA,5,7,377,OTHER
2400000,VILLA,4,4,450,OTHER
630000,APARTMENT,4,3,111,"AL SALAMAH, NORTH JEDDAH, JEDDAH"
7500000,VILLA,10,8,766,OTHER
1800000,VILLA,8,6,310,"AL RIMAL, EAST RIYADH, RIYADH"
4000000,VILLA,3,2,345,OTHER
3000000,VILLA,8,5,450,OTHER
3500000,VILLA,6,2,500,OTHER
1300000,VILLA,2,4,375,OTHER
2800000,VILLA,11,6,480,OTHER
1090000,FLOOR,4,6,200,"AL JANADRIYAH, EAST RIYADH, RIYADH"
680000,APARTMENT,4,6,69,"AL JANADRIYAH, EAST RIYADH, RIYADH"
3500000,VILLA,6,5,375,OTHER
1500000,VILLA,6,4,450,"TUWAIQ, WEST RIYADH, RIYADH"
922500,VILLA,10,5,360,OTHER
4500000,VILLA,6,6,420,OTHER
500000,VILLA,10,5,420,OTHER
3000000,VILLA,4,3,520,OTHER
3240000,REST HOUSE,8,4,405,"AL ARID, NORTH RIYADH, RIYADH"
860000,FLOOR,5,6,500,OTHER
2500000,VILLA,8,6,250,OTHER
1700000,VILLA,7,4,375,OTHER
1000000,APARTMENT,5,4,186,"AL SALAMAH, NORTH JEDDAH, JEDDAH"
1400000,VILLA,5,6,220,OTHER
3600000,VILLA,4,6,400,"AL MUNSIYAH, EAST RIYADH, RIYADH"
2500,REST HOUSE,3,3,3000,OTHER
1300000,VILLA,7,5,619,OTHER
4200000,VILLA,4,4,360,"AL NARJIS, NORTH RIYADH, RIYADH"
1400000,FLOOR,5,3,374,"TUWAIQ, WEST RIYADH, RIYADH"
1250000,VILLA,8,9,247,"TUWAIQ, WEST RIYADH, RIYADH"
690000,FLOOR,3,4,181,"OKAZ, SOUTH RIYADH, RIYADH"
4850000,VILLA,5,1,500,OTHER
1190000,APARTMENT,1,1,640,OTHER
520000,APARTMENT,4,3,718,OTHER
360000,APARTMENT,3,3,690,OTHER
650000,APARTMENT,1,1,162,OTHER
285000,APARTMENT,2,3,726,OTHER
355000,APARTMENT,3,3,630,OTHER
520000,APARTMENT,4,3,719,OTHER
1400000,FLOOR,5,4,900,OTHER
3000000,VILLA,11,7,1600,OTHER
4200000,VILLA,5,4,800,OTHER
11000000,VILLA,5,4,550,"AL NARJIS, NORTH RIYADH, RIYADH"
3300000,VILLA,5,6,273,"AL NARJIS, NORTH RIYADH, RIYADH"
3500000,VILLA,5,5,360,"AL NARJIS, NORTH RIYADH, RIYADH"
1500000,VILLA,11,7,499,OTHER
780000,FLOOR,2,3,149,OTHER
320000,APARTMENT,2,2,85,OTHER
790000,APARTMENT,3,3,137,"AL MAHDIYAH, WEST RIYADH, RIYADH"
2000000,VILLA,10,6,375,OTHER
5300000,VILLA,7,5,375,OTHER
1850000,FLOOR,3,4,195,"QURTUBAH, EAST RIYADH, RIYADH"
1700000,FLOOR,4,3,195,"QURTUBAH, EAST RIYADH, RIYADH"
2900000,VILLA,7,7,875,OTHER
2200000,VILLA,7,5,500,OTHER
1800000,VILLA,5,1,244,OTHER
6000000,REST HOUSE,9,7,999,"AL RIMAL, EAST RIYADH, RIYADH"
2000000,VILLA,3,1,256,OTHER
1300000,VILLA,5,4,184,OTHER
770000,VILLA,4,4,168,"BADR, SOUTH RIYADH, RIYADH"
4400000,VILLA,8,7,840,OTHER
750000,FLOOR,4,5,162,"AL JANADRIYAH, EAST RIYADH, RIYADH"
7000000,VILLA,8,5,733,OTHER
1100000,VILLA,6,6,200,OTHER
1982000,VILLA,9,7,381,"AL RIMAL, EAST RIYADH, RIYADH"
1500000,FLOOR,3,3,160,"AL RIMAL, EAST RIYADH, RIYADH"
350000,APARTMENT,4,2,95,"BADR, SOUTH RIYADH, RIYADH"
1060000,VILLA,7,7,244,OTHER
1600000,VILLA,9,7,375,"TUWAIQ, WEST RIYADH, RIYADH"
2300000,VILLA,8,7,341,"AL RIMAL, EAST RIYADH, RIYADH"
2200000,VILLA,10,7,300,OTHER
800000,APARTMENT,3,2,143,OTHER
1400000,FLOOR,5,4,311,"AL JANADRIYAH, EAST RIYADH, RIYADH"
900000,FLOOR,5,3,182,"AL JANADRIYAH, EAST RIYADH, RIYADH"
830000,FLOOR,6,4,147,OTHER
1320000,VILLA,10,5,284,"AL JANADRIYAH, EAST RIYADH, RIYADH"
900000,FLOOR,5,4,251,"AL JANADRIYAH, EAST RIYADH, RIYADH"
880000,FLOOR,5,4,258,"AL JANADRIYAH, EAST RIYADH, RIYADH"
830000,FLOOR,5,4,175,"AL JANADRIYAH, EAST RIYADH, RIYADH"
850000,FLOOR,5,4,175,"AL JANADRIYAH, EAST RIYADH, RIYADH"
700000,VILLA,5,5,250,OTHER
1600000,VILLA,5,3,400,OTHER
400000,FLOOR,4,3,251,OTHER
500000,APARTMENT,3,3,186,OTHER
450000,APARTMENT,3,3,153,OTHER
1100000,VILLA,3,6,351,OTHER
700000,APARTMENT,4,4,431,OTHER
500000,FLOOR,4,4,500,OTHER
1067000,VILLA,10,6,250,OTHER
600000,FLOOR,3,2,600,OTHER
1300000,VILLA,5,5,379,OTHER
700000,VILLA,6,4,250,OTHER
1523000,FLOOR,4,4,450,OTHER
580000,APARTMENT,6,5,3225,OTHER
600000,APARTMENT,7,5,220,OTHER
1200000,VILLA,6,7,379,OTHER
1100000,VILLA,4,3,360,OTHER
650000,APARTMENT,6,4,219,OTHER
2000000,VILLA,5,5,329,OTHER
2700000,VILLA,10,6,410,"AL RIMAL, EAST RIYADH, RIYADH"
1040000,APARTMENT,3,3,115,"AL ARID, NORTH RIYADH, RIYADH"
4000000,VILLA,7,4,200,OTHER
950000,APARTMENT,4,4,157,"AL RAWDAH, NORTH JEDDAH, JEDDAH"
1500000,VILLA,7,6,286,OTHER
605000,APARTMENT,5,3,160,OTHER
1200000,VILLA,6,6,397,OTHER
1100000,VILLA,3,3,156,OTHER
2450000,VILLA,7,6,437,OTHER
1800000,VILLA,11,7,375,OTHER
1200000,APARTMENT,5,4,268,"AL RIMAL, EAST RIYADH, RIYADH"
1450000,APARTMENT,4,4,174,"QURTUBAH, EAST RIYADH, RIYADH"
4000000,VILLA,6,5,481,"AL QADISIYAH, EAST RIYADH, RIYADH"
550000,APARTMENT,4,4,550,OTHER
1200000,VILLA,3,4,215,"AL RIMAL, EAST RIYADH, RIYADH"
7500000,VILLA,7,7,750,OTHER
4600000,VILLA,4,4,300,"AL NARJIS, NORTH RIYADH, RIYADH"
449000,APARTMENT,2,3,120,"OKAZ, SOUTH RIYADH, RIYADH"
659417,APARTMENT,3,3,187,OTHER
950000,FLOOR,3,4,220,"TUWAIQ, WEST RIYADH, RIYADH"
500000,APARTMENT,3,3,140,OTHER
6100000,VILLA,10,9,495,"AL NARJIS, NORTH RIYADH, RIYADH"
900000,FLOOR,8,7,145,OTHER
3000000,VILLA,7,6,500,OTHER
5700000,VILLA,4,4,300,OTHER
4000000,VILLA,4,4,500,OTHER
540000,APARTMENT,4,3,163,"OKAZ, SOUTH RIYADH, RIYADH"
770000,APARTMENT,5,3,630,"BADR, SOUTH RIYADH, RIYADH"
1600000,VILLA,7,6,400,OTHER
770,FLOOR,5,4,206,OTHER
550000,APARTMENT,4,4,211,OTHER
1900000,VILLA,4,4,390,OTHER
1200000,VILLA,5,4,200,OTHER
820000,VILLA,7,6,318,OTHER
710000,VILLA,6,5,273,OTHER
1500000,VILLA,5,3,300,OTHER
2950000,VILLA,6,6,500,OTHER
1350000,APARTMENT,4,3,155,"AL MAHDIYAH, WEST RIYADH, RIYADH"
4000000,VILLA,5,5,427,OTHER
850000,APARTMENT,5,4,421,OTHER
525000,APARTMENT,1,1,520,"AL SALAMAH, NORTH JEDDAH, JEDDAH"
1250000,APARTMENT,6,3,700,OTHER
850000,APARTMENT,5,3,421,OTHER
490000,APARTMENT,1,1,172,OTHER
1550000,VILLA,1,1,371,OTHER
1850000,VILLA,1,1,576,OTHER
680000,APARTMENT,1,1,244,OTHER
330000,APARTMENT,3,3,1920,OTHER
330000,APARTMENT,3,2,1920,OTHER
560000,APARTMENT,3,3,865,OTHER
550000,APARTMENT,1,1,151,OTHER
2900000,VILLA,3,3,375,OTHER
499000,APARTMENT,4,3,660,"AL SALAMAH, NORTH JEDDAH, JEDDAH"
430000,APARTMENT,3,3,108,OTHER
420000,APARTMENT,4,3,750,OTHER
2200000,VILLA,6,5,408,OTHER
2400000,VILLA,8,7,700,OTHER
380000,APARTMENT,3,3,726,OTHER
599000,APARTMENT,1,1,144,OTHER
475000,APARTMENT,4,3,726,OTHER
669000,APARTMENT,4,3,630,OTHER
399000,APARTMENT,3,3,421,OTHER
2200000,VILLA,4,4,346,OTHER
500000,APARTMENT,3,3,511,"AL RAWDAH, NORTH JEDDAH, JEDDAH"
640000,APARTMENT,1,1,182,OTHER
449000,APARTMENT,3,3,500,OTHER
275000,APARTMENT,2,2,900,OTHER
799000,APARTMENT,2,2,630,OTHER
2980000,VILLA,4,5,427,OTHER
349000,APARTMENT,2,2,698,OTHER
399000,APARTMENT,3,1,421,OTHER
2450000,VILLA,6,5,300,"AL RIMAL, EAST RIYADH, RIYADH"
279000,APARTMENT,2,3,1785,OTHER
500000,APARTMENT,3,2,511,"AL RAWDAH, NORTH JEDDAH, JEDDAH"
390000,APARTMENT,4,3,500,OTHER
390000,APARTMENT,3,3,500,OTHER
429000,APARTMENT,2,2,525,"AL RAWDAH, NORTH JEDDAH, JEDDAH"
415000,APARTMENT,3,1,580,"AL SALAMAH, NORTH JEDDAH, JEDDAH"
380000,APARTMENT,3,3,750,OTHER
435000,APARTMENT,3,3,575,OTHER
279000,APARTMENT,3,3,1784,OTHER
429000,APARTMENT,2,2,502,"AL RAWDAH, NORTH JEDDAH, JEDDAH"
535000,APARTMENT,3,3,450,"AL RAWDAH, NORTH JEDDAH, JEDDAH"
389000,APARTMENT,3,3,598,OTHER
279000,APARTMENT,2,2,1785,OTHER
415000,APARTMENT,3,2,580,"AL SALAMAH, NORTH JEDDAH, JEDDAH"
529000,APARTMENT,3,3,500,OTHER
284000,APARTMENT,3,2,726,OTHER
799000,APARTMENT,4,3,630,OTHER
309000,APARTMENT,3,3,1358,OTHER
360000,APARTMENT,2,2,726,OTHER
900000,APARTMENT,1,1,158,OTHER
1350000,VILLA,7,6,200,"TUWAIQ, WEST RIYADH, RIYADH"
1700000,VILLA,4,6,250,OTHER
535000,APARTMENT,5,3,142,OTHER
750000,FLOOR,5,5,612,OTHER
1650000,VILLA,4,3,467,OTHER
1250000,VILLA,5,4,600,OTHER
1850000,VILLA,4,4,500,OTHER
3200000,VILLA,5,5,639,OTHER
600000,APARTMENT,4,3,167,OTHER
3500000,VILLA,4,5,336,OTHER
4700000,VILLA,6,5,480,OTHER
1600000,VILLA,5,4,362,OTHER
680000,APARTMENT,6,4,203,OTHER
850000,VILLA,3,3,162,OTHER
3200000,VILLA,4,5,625,"QURTUBAH, EAST RIYADH, RIYADH"
3450000,VILLA,4,4,250,"AL NARJIS, NORTH RIYADH, RIYADH"
1750000,VILLA,6,5,420,"TUWAIQ, WEST RIYADH, RIYADH"
1300000,VILLA,4,5,300,OTHER
7000000,REST HOUSE,6,1,1475,"AL RIMAL, EAST RIYADH, RIYADH"
9000000,VILLA,4,4,650,OTHER
1700000,VILLA,6,7,200,OTHER
1600000,VILLA,7,7,330,OTHER
740000,APARTMENT,4,3,114,"AL RAWDAH, NORTH JEDDAH, JEDDAH"
829000,APARTMENT,3,3,145,"AL RIMAL, EAST RIYADH, RIYADH"
680,APARTMENT,5,3,136,"AL SALAMAH, NORTH JEDDAH, JEDDAH"
1100000,VILLA,3,3,219,"AL RIMAL, EAST RIYADH, RIYADH"
1300000,VILLA,7,5,375,OTHER
1150000,VILLA,11,7,472,OTHER
5000000,VILLA,11,7,480,OTHER
2400000,VILLA,6,5,765,OTHER
1500000,VILLA,6,5,328,"TUWAIQ, WEST RIYADH, RIYADH"
950000,FLOOR,6,4,360,OTHER
2200000,VILLA,6,6,800,OTHER
461951,APARTMENT,3,3,164,OTHER
876800,VILLA,4,3,250,OTHER
475000,APARTMENT,3,2,183,OTHER
440000,APARTMENT,3,2,177,OTHER
404503,APARTMENT,3,2,178,OTHER
550000,APARTMENT,5,3,216,OTHER
50,APARTMENT,4,3,147,OTHER
1200000,FLOOR,5,3,277,"AL RIMAL, EAST RIYADH, RIYADH"
2500000,VILLA,6,5,360,OTHER
943000,VILLA,5,7,304,OTHER
891000,APARTMENT,3,2,142,"AL MAHDIYAH, WEST RIYADH, RIYADH"
750000,APARTMENT,3,5,478,"AL MAHDIYAH, WEST RIYADH, RIYADH"
3100000,VILLA,5,5,366,"AL MAHDIYAH, WEST RIYADH, RIYADH"
1980000,VILLA,6,5,200,"AL MAHDIYAH, WEST RIYADH, RIYADH"
1800000,VILLA,5,5,200,"AL MAHDIYAH, WEST RIYADH, RIYADH"
1200000,VILLA,3,3,270,"BADR, SOUTH RIYADH, RIYADH"
7000000,VILLA,5,5,1200,OTHER
650000,APARTMENT,3,2,131,OTHER
2300000,VILLA,9,7,300,"AL RIMAL, EAST RIYADH, RIYADH"
1450000,VILLA,6,3,302,"TUWAIQ, WEST RIYADH, RIYADH"
1500000,VILLA,5,5,215,OTHER
750000,APARTMENT,4,3,130,OTHER
7000000,VILLA,7,7,800,OTHER
985000,APARTMENT,3,3,151,OTHER
290000,REST HOUSE,4,3,700,OTHER
680000,APARTMENT,2,3,600,OTHER
1200000,VILLA,5,4,345,OTHER
600000,APARTMENT,6,5,203,OTHER
980000,FLOOR,3,4,158,OTHER
2850000,VILLA,6,9,300,"AL MUNSIYAH, EAST RIYADH, RIYADH"
3000000,VILLA,6,5,500,OTHER
580000,FLOOR,3,2,170,"AL RIMAL, EAST RIYADH, RIYADH"
1100000,VILLA,11,6,378,OTHER
360000,APARTMENT,1,1,64,OTHER
1200000,FLOOR,5,4,713,OTHER
800000,VILLA,5,4,731,OTHER
979000,APARTMENT,3,2,120,OTHER
7500000,VILLA,7,9,750,OTHER
550000,APARTMENT,5,3,128,OTHER
800000,FLOOR,3,3,194,"TUWAIQ, WEST RIYADH, RIYADH"
1200000,APARTMENT,2,2,187,"AL RIMAL, EAST RIYADH, RIYADH"
1200000,FLOOR,4,4,432,OTHER
986000,VILLA,11,7,800,OTHER
250000,VILLA,4,2,330,OTHER
1222735,VILLA,6,7,333,OTHER
1350000,VILLA,6,6,400,OTHER
1350000,VILLA,6,7,281,OTHER
1950000,VILLA,11,5,483,OTHER
1300000,APARTMENT,3,4,167,"AL RIMAL, EAST RIYADH, RIYADH"
3000000,VILLA,5,6,270,"AL NARJIS, NORTH RIYADH, RIYADH"
1550000,FLOOR,5,6,206,"AL MUNSIYAH, EAST RIYADH, RIYADH"
1000000,FLOOR,3,3,163,OTHER
860000,APARTMENT,4,4,184,"AL RIMAL, EAST RIYADH, RIYADH"
2000000,VILLA,4,3,250,OTHER
2800000,VILLA,5,3,448,OTHER
1110000,FLOOR,4,3,185,"AL RIMAL, EAST RIYADH, RIYADH"
4200000,VILLA,5,4,300,"AL NARJIS, NORTH RIYADH, RIYADH"
2000,VILLA,8,6,550,OTHER
2100000,VILLA,4,6,328,"AL RIMAL, EAST RIYADH, RIYADH"
1500000,VILLA,4,4,375,"OKAZ, SOUTH RIYADH, RIYADH"
900000,REST HOUSE,4,3,5250,OTHER
1000000,FLOOR,3,4,165,"AL JANADRIYAH, EAST RIYADH, RIYADH"
650000,APARTMENT,1,1,123,"AL SALAMAH, NORTH JEDDAH, JEDDAH"
1130000,APARTMENT,4,3,125,"AL ARID, NORTH RIYADH, RIYADH"
650000,APARTMENT,3,3,171,OTHER
450000,APARTMENT,4,3,122,OTHER
680000,APARTMENT,3,4,133,"AL JANADRIYAH, EAST RIYADH, RIYADH"
500000,APARTMENT,4,3,146,OTHER
1080000,VILLA,6,5,240,OTHER
950000,FLOOR,3,4,169,"AL JANADRIYAH, EAST RIYADH, RIYADH"
3500000,VILLA,11,6,500,OTHER
1500000,APARTMENT,3,3,143,OTHER
4850000,VILLA,10,7,550,OTHER
800000,APARTMENT,6,5,170,OTHER
680000,APARTMENT,5,3,180,OTHER
3800000,VILLA,4,4,400,OTHER
770000,VILLA,5,4,270,OTHER
1550000,VILLA,8,5,300,OTHER
1200000,VILLA,6,6,300,OTHER
750000,APARTMENT,3,2,166,OTHER
1300000,VILLA,7,5,280,"TUWAIQ, WEST RIYADH, RIYADH"
2400000,VILLA,6,5,639,"AL MAHDIYAH, WEST RIYADH, RIYADH"
660000,APARTMENT,4,3,134,OTHER
3800000,VILLA,11,7,475,"AL MAHDIYAH, WEST RIYADH, RIYADH"
1200000,FLOOR,4,3,232,"AL RIMAL, EAST RIYADH, RIYADH"
1350000,VILLA,6,6,452,OTHER
3000000,VILLA,6,10,437,OTHER
1350000,VILLA,6,9,452,OTHER
2000000,REST HOUSE,4,3,1770,OTHER
1030000,VILLA,6,5,250,OTHER
1000000,VILLA,7,6,205,"AL JANADRIYAH, EAST RIYADH, RIYADH"
850000,VILLA,5,6,592,OTHER
950000,REST HOUSE,5,5,617,OTHER
2750000,VILLA,5,5,309,"AL MUNSIYAH, EAST RIYADH, RIYADH"
700000,REST HOUSE,1,1,5000,OTHER
1250000,FLOOR,4,4,410,OTHER
1100000,FLOOR,4,3,633,OTHER
820000,VILLA,7,6,200,OTHER
550000,APARTMENT,3,4,207,OTHER
700000,APARTMENT,3,3,199,OTHER
850000,VILLA,1,1,592,OTHER
700000,VILLA,5,4,310,OTHER
1480000,VILLA,3,4,300,OTHER
1150000,FLOOR,1,2,400,OTHER
550000,APARTMENT,7,6,240,OTHER
720000,FLOOR,3,7,578,OTHER
800000,APARTMENT,3,3,154,OTHER
1000000,FLOOR,6,5,202,"AL RIMAL, EAST RIYADH, RIYADH"
1170000,VILLA,5,4,241,"AL RIMAL, EAST RIYADH, RIYADH"
500000,APARTMENT,4,3,130,OTHER
550000,APARTMENT,1,1,233,"AL RIMAL, EAST RIYADH, RIYADH"
1300000,FLOOR,5,4,162,"AL RIMAL, EAST RIYADH, RIYADH"
4700000,VILLA,4,4,405,OTHER
750000,FLOOR,3,3,179,"OKAZ, SOUTH RIYADH, RIYADH"
6000000,REST HOUSE,1,1,3000,OTHER
900000,APARTMENT,6,5,219,OTHER
2500000,VILLA,9,6,575,OTHER
2250000,VILLA,4,4,720,OTHER
2100000,VILLA,4,4,433,OTHER
1500000,VILLA,7,5,437,OTHER
1500000,VILLA,8,5,315,OTHER
620000,FLOOR,3,4,500,OTHER
1800000,VILLA,5,3,400,"AL MAHDIYAH, WEST RIYADH, RIYADH"
2000000,VILLA,4,4,400,"AL MAHDIYAH, WEST RIYADH, RIYADH"
1850000,VILLA,6,5,200,"AL MAHDIYAH, WEST RIYADH, RIYADH"
750000,FLOOR,7,6,211,OTHER
710000,VILLA,7,6,296,OTHER
610000,APARTMENT,3,3,236,OTHER
395000,APARTMENT,3,3,106,OTHER
2000000,VILLA,5,5,264,"AL RIMAL, EAST RIYADH, RIYADH"
1700000,VILLA,6,5,625,OTHER
1150000,VILLA,7,5,300,OTHER
450000,APARTMENT,5,3,149,"BADR, SOUTH RIYADH, RIYADH"
4000000,VILLA,6,5,525,OTHER
658000,APARTMENT,4,2,346,OTHER
450000,APARTMENT,4,2,207,OTHER
1700000,VILLA,6,2,379,OTHER
700000,VILLA,8,5,250,OTHER
1600000,VILLA,6,7,463,OTHER
1050000,APARTMENT,3,3,153,OTHER
520000,APARTMENT,5,4,239,OTHER
700000,VILLA,3,4,287,OTHER
450000,APARTMENT,3,3,169,"BADR, SOUTH RIYADH, RIYADH"
680000,APARTMENT,5,4,170,OTHER
927000,APARTMENT,3,4,192,"AL MUNSIYAH, EAST RIYADH, RIYADH"
670000,APARTMENT,5,4,170,OTHER
600000,APARTMENT,4,3,149,OTHER
950000,APARTMENT,5,4,180,"AL RAWDAH, NORTH JEDDAH, JEDDAH"
2100000,VILLA,5,3,300,OTHER
4800000,VILLA,5,4,500,OTHER
2200000,VILLA,5,4,312,OTHER
1400000,APARTMENT,4,4,188,"AL MUNSIYAH, EAST RIYADH, RIYADH"
6000000,VILLA,10,6,702,OTHER
900000,VILLA,6,6,200,OTHER
3800000,VILLA,8,7,400,OTHER
4000000,VILLA,7,3,200,OTHER
3000000,VILLA,11,5,405,OTHER
650000,APARTMENT,5,3,124,"AL SALAMAH, NORTH JEDDAH, JEDDAH"
900000,VILLA,8,5,240,OTHER
2950000,VILLA,5,5,319,"AL MUNSIYAH, EAST RIYADH, RIYADH"
1500000,FLOOR,5,2,360,"AL MUNSIYAH, EAST RIYADH, RIYADH"
550000,FLOOR,4,4,212,"BADR, SOUTH RIYADH, RIYADH"
600000,APARTMENT,3,3,86,"AL RAWDAH, NORTH JEDDAH, JEDDAH"
720000,VILLA,6,5,211,OTHER
1079000,APARTMENT,3,3,184,OTHER
899000,APARTMENT,3,3,170,OTHER
1000000,VILLA,8,4,600,OTHER
2000000,VILLA,5,4,450,OTHER
750000,APARTMENT,5,4,164,OTHER
750000,APARTMENT,5,4,163,OTHER
1000000,APARTMENT,3,3,192,"AL MUNSIYAH, EAST RIYADH, RIYADH"
927000,APARTMENT,3,3,193,"AL MUNSIYAH, EAST RIYADH, RIYADH"
1100000,APARTMENT,4,3,140,OTHER
420000,VILLA,4,6,250,OTHER
700000,APARTMENT,5,3,150,OTHER
1700000,VILLA,6,5,368,OTHER
480000,APARTMENT,3,3,130,"BADR, SOUTH RIYADH, RIYADH"
10000000,VILLA,11,11,652,OTHER
620000,APARTMENT,3,3,167,"TUWAIQ, WEST RIYADH, RIYADH"
1880000,FLOOR,6,4,194,"AL ARID, NORTH RIYADH, RIYADH"
550000,APARTMENT,4,3,158,OTHER
1400000,APARTMENT,4,3,115,OTHER
4850000,VILLA,7,7,500,OTHER
1300000,APARTMENT,2,4,119,"AL ARID, NORTH RIYADH, RIYADH"
1900000,FLOOR,3,4,221,"AL ARID, NORTH RIYADH, RIYADH"
700000,REST HOUSE,3,2,478,OTHER
2850000,VILLA,11,8,420,OTHER
650000,APARTMENT,4,3,204,OTHER
1003000,APARTMENT,4,3,135,"AL MUNSIYAH, EAST RIYADH, RIYADH"
989000,APARTMENT,4,3,131,"AL MUNSIYAH, EAST RIYADH, RIYADH"
3800000,VILLA,7,9,300,"AL NARJIS, NORTH RIYADH, RIYADH"
950000,FLOOR,2,4,156,"AL QADISIYAH, EAST RIYADH, RIYADH"
5200000,VILLA,10,7,625,OTHER
600000,APARTMENT,2,2,82,OTHER
540000,APARTMENT,3,3,143,OTHER
480000,APARTMENT,4,3,172,OTHER
6000000,VILLA,8,7,684,OTHER
550000,APARTMENT,3,4,226,OTHER
2300000,APARTMENT,3,3,190,"AL ARID, NORTH RIYADH, RIYADH"
1000000,FLOOR,3,4,141,"AL MUNSIYAH, EAST RIYADH, RIYADH"
430000,APARTMENT,5,4,103,"BADR, SOUTH RIYADH, RIYADH"
1000000,VILLA,6,5,313,OTHER
1500000,APARTMENT,3,3,131,OTHER
1650000,VILLA,4,4,249,"AL JANADRIYAH, EAST RIYADH, RIYADH"
1250000,FLOOR,4,5,260,"AL JANADRIYAH, EAST RIYADH, RIYADH"
1100000,FLOOR,4,5,167,"AL RIMAL, EAST RIYADH, RIYADH"
1550000,FLOOR,3,4,198,"QURTUBAH, EAST RIYADH, RIYADH"
1550000,FLOOR,3,3,198,"QURTUBAH, EAST RIYADH, RIYADH"
1000000,APARTMENT,3,4,155,"AL ARID, NORTH RIYADH, RIYADH"
660000,APARTMENT,3,3,159,"TUWAIQ, WEST RIYADH, RIYADH"
620000,APARTMENT,3,3,137,"TUWAIQ, WEST RIYADH, RIYADH"
700000,APARTMENT,3,3,123,OTHER
1549000,APARTMENT,3,3,135,OTHER
1849000,APARTMENT,3,3,133,OTHER
5250000,VILLA,5,6,656,OTHER
3000000,VILLA,5,4,250,OTHER
1650000,VILLA,7,8,318,OTHER
950000,FLOOR,6,4,193,"AL JANADRIYAH, EAST RIYADH, RIYADH"
600000,APARTMENT,4,3,750,OTHER
1350000,VILLA,3,2,234,"AL JANADRIYAH, EAST RIYADH, RIYADH"
1000000,FLOOR,4,3,344,"AL QADISIYAH, EAST RIYADH, RIYADH"
3750000,VILLA,6,8,343,"QURTUBAH, EAST RIYADH, RIYADH"
1300000,FLOOR,5,4,175,"AL RIMAL, EAST RIYADH, RIYADH"
1000000,FLOOR,3,4,193,"AL QADISIYAH, EAST RIYADH, RIYADH"
560000,APARTMENT,5,3,186,OTHER
850000,VILLA,5,5,345,OTHER
1539000,APARTMENT,3,3,134,OTHER
1800000,VILLA,5,5,230,"TUWAIQ, WEST RIYADH, RIYADH"
1130000,VILLA,6,6,312,OTHER
5200000,VILLA,5,7,675,OTHER
2400000,VILLA,6,7,200,"AL MAHDIYAH, WEST RIYADH, RIYADH"
620000,APARTMENT,5,4,175,OTHER
580000,APARTMENT,4,3,129,OTHER
1050000,VILLA,10,6,200,OTHER
9000000,VILLA,7,7,1000,OTHER
700000,FLOOR,6,6,150,OTHER
1550000,APARTMENT,3,4,213,"AL SALAMAH, NORTH JEDDAH, JEDDAH"
950000,FLOOR,4,2,152,"AL QADISIYAH, EAST RIYADH, RIYADH"
1250000,VILLA,6,6,375,OTHER
1150000,APARTMENT,4,3,215,"AL RIMAL, EAST RIYADH, RIYADH"
900000,VILLA,6,6,200,OTHER
715000,VILLA,5,6,204,OTHER
715000,VILLA,5,5,204,OTHER
1800000,VILLA,11,7,203,OTHER
599000,APARTMENT,4,3,112,"AL SALAMAH, NORTH JEDDAH, JEDDAH"
770000,APARTMENT,3,6,630,"BADR, SOUTH RIYADH, RIYADH"
500000,APARTMENT,3,4,199,"BADR, SOUTH RIYADH, RIYADH"
830000,FLOOR,3,3,246,"TUWAIQ, WEST RIYADH, RIYADH"
450000,APARTMENT,3,3,175,"BADR, SOUTH RIYADH, RIYADH"
850000,FLOOR,3,4,156,"AL RIMAL, EAST RIYADH, RIYADH"
1000000,FLOOR,5,4,251,"AL JANADRIYAH, EAST RIYADH, RIYADH"
600000,APARTMENT,4,3,148,OTHER
1500000,APARTMENT,3,4,185,"AL MUNSIYAH, EAST RIYADH, RIYADH"
2600000,VILLA,5,7,411,OTHER
830000,FLOOR,4,4,245,"TUWAIQ, WEST RIYADH, RIYADH"
1300000,VILLA,6,5,415,OTHER
1000000,FLOOR,3,3,570,"AL QADISIYAH, EAST RIYADH, RIYADH"
3500000,VILLA,9,6,357,"QURTUBAH, EAST RIYADH, RIYADH"
1000000,FLOOR,5,5,168,"AL RIMAL, EAST RIYADH, RIYADH"
1150000,FLOOR,3,4,222,"AL QADISIYAH, EAST RIYADH, RIYADH"
900000,VILLA,7,6,200,OTHER
1000000,FLOOR,3,4,171,"AL JANADRIYAH, EAST RIYADH, RIYADH"
950000,APARTMENT,2,3,126,"AL MUNSIYAH, EAST RIYADH, RIYADH"
2750000,VILLA,5,7,376,OTHER
1000000,FLOOR,4,4,192,"AL QADISIYAH, EAST RIYADH, RIYADH"
730000,APARTMENT,1,1,216,OTHER
490000,APARTMENT,3,3,128,OTHER
1400000,VILLA,4,4,205,OTHER
2600000,VILLA,6,6,376,OTHER
730000,APARTMENT,5,3,112,"AL RAWDAH, NORTH JEDDAH, JEDDAH"
900000,FLOOR,4,5,116,"TUWAIQ, WEST RIYADH, RIYADH"
700000,FLOOR,3,4,151,OTHER
730000,APARTMENT,3,3,112,"AL RAWDAH, NORTH JEDDAH, JEDDAH"
570000,APARTMENT,4,3,171,OTHER
1800000,FLOOR,3,3,383,"QURTUBAH, EAST RIYADH, RIYADH"
900000,FLOOR,5,4,189,"TUWAIQ, WEST RIYADH, RIYADH"
2600000,VILLA,6,7,411,OTHER
650000,FLOOR,5,4,164,"TUWAIQ, WEST RIYADH, RIYADH"
720000,APARTMENT,5,3,150,OTHER
800000,APARTMENT,4,3,120,"AL RAWDAH, NORTH JEDDAH, JEDDAH"
740000,APARTMENT,4,4,117,"AL RAWDAH, NORTH JEDDAH, JEDDAH"
900000,APARTMENT,6,4,158,OTHER
1600000,APARTMENT,3,3,186,"QURTUBAH, EAST RIYADH, RIYADH"
3400000,VILLA,5,8,250,"AL ARID, NORTH RIYADH, RIYADH"
2300000,FLOOR,4,4,149,OTHER
1000000,FLOOR,4,5,162,"AL RIMAL, EAST RIYADH, RIYADH"
1170000,APARTMENT,6,4,181,"AL SALAMAH, NORTH JEDDAH, JEDDAH"
430000,APARTMENT,4,3,132,"BADR, SOUTH RIYADH, RIYADH"
680000,VILLA,3,3,177,"BADR, SOUTH RIYADH, RIYADH"
3500000,VILLA,5,5,1078,OTHER
839000,APARTMENT,3,3,97,OTHER
1100000,VILLA,4,4,188,"AL QADISIYAH, EAST RIYADH, RIYADH"
2230000,FLOOR,7,5,257,"QURTUBAH, EAST RIYADH, RIYADH"
2400000,VILLA,4,5,250,OTHER
640000,APARTMENT,4,3,183,OTHER
3500000,VILLA,9,8,383,"QURTUBAH, EAST RIYADH, RIYADH"
3700000,VILLA,6,6,343,"QURTUBAH, EAST RIYADH, RIYADH"
2800000,VILLA,5,7,312,"AL RIMAL, EAST RIYADH, RIYADH"
1450000,APARTMENT,3,4,4980,"QURTUBAH, EAST RIYADH, RIYADH"
2100000,VILLA,5,7,328,"AL RIMAL, EAST RIYADH, RIYADH"
800000,VILLA,3,5,640,OTHER
1350000,FLOOR,4,3,196,"AL MUNSIYAH, EAST RIYADH, RIYADH"
590000,APARTMENT,4,4,111,"AL SALAMAH, NORTH JEDDAH, JEDDAH"
2000000,VILLA,4,5,275,"AL RIMAL, EAST RIYADH, RIYADH"
900000,APARTMENT,4,3,450,"AL MAHDIYAH, WEST RIYADH, RIYADH"
850000,APARTMENT,4,3,450,"AL MAHDIYAH, WEST RIYADH, RIYADH"
770000,APARTMENT,4,3,450,"AL MAHDIYAH, WEST RIYADH, RIYADH"
780000,APARTMENT,4,2,450,"AL MAHDIYAH, WEST RIYADH, RIYADH"
880000,APARTMENT,4,3,450,"AL MAHDIYAH, WEST RIYADH, RIYADH"
750000,APARTMENT,4,5,450,"AL MAHDIYAH, WEST RIYADH, RIYADH"
920000,APARTMENT,4,3,450,"AL MAHDIYAH, WEST RIYADH, RIYADH"
905000,APARTMENT,4,3,450,"AL MAHDIYAH, WEST RIYADH, RIYADH"
960000,APARTMENT,4,5,450,"AL MAHDIYAH, WEST RIYADH, RIYADH"
749999,APARTMENT,4,4,450,"AL MAHDIYAH, WEST RIYADH, RIYADH"
790000,APARTMENT,4,4,450,"AL MAHDIYAH, WEST RIYADH, RIYADH"
869000,APARTMENT,4,3,450,"AL MAHDIYAH, WEST RIYADH, RIYADH"
820000,APARTMENT,3,3,450,"AL MAHDIYAH, WEST RIYADH, RIYADH"
759000,APARTMENT,4,3,450,"AL MAHDIYAH, WEST RIYADH, RIYADH"
950000,APARTMENT,4,4,450,"AL MAHDIYAH, WEST RIYADH, RIYADH"
1350000,FLOOR,5,5,229,OTHER
950000,FLOOR,4,3,180,"TUWAIQ, WEST RIYADH, RIYADH"
950000,FLOOR,3,3,155,"TUWAIQ, WEST RIYADH, RIYADH"
590000,APARTMENT,4,3,112,"AL SALAMAH, NORTH JEDDAH, JEDDAH"
430000,APARTMENT,4,3,149,"BADR, SOUTH RIYADH, RIYADH"
599000,APARTMENT,4,3,111,"AL SALAMAH, NORTH JEDDAH, JEDDAH"
740000,APARTMENT,3,3,117,"AL RAWDAH, NORTH JEDDAH, JEDDAH"
1300000,VILLA,5,7,527,OTHER
860000,FLOOR,3,4,500,OTHER
550000,APARTMENT,3,1,128,OTHER
710000,APARTMENT,3,4,180,OTHER
1159000,APARTMENT,3,4,184,OTHER
663400,APARTMENT,3,2,175,"TUWAIQ, WEST RIYADH, RIYADH"
662000,APARTMENT,3,2,177,"TUWAIQ, WEST RIYADH, RIYADH"
930000,FLOOR,3,3,158,OTHER
790000,APARTMENT,3,3,136,"AL MAHDIYAH, WEST RIYADH, RIYADH"
3800000,VILLA,6,8,450,OTHER
1000000,FLOOR,5,3,193,"AL QADISIYAH, EAST RIYADH, RIYADH"
999000,APARTMENT,3,3,170,OTHER
900000,APARTMENT,4,3,159,OTHER
685000,APARTMENT,3,3,181,OTHER
3500000,VILLA,5,5,720,OTHER
670000,APARTMENT,5,3,181,OTHER
700000,APARTMENT,5,3,193,OTHER
680000,APARTMENT,5,1,188,OTHER
670000,APARTMENT,5,1,181,OTHER
750000,APARTMENT,5,3,193,OTHER
520000,APARTMENT,5,3,152,OTHER
740000,APARTMENT,6,3,141,"AL SALAMAH, NORTH JEDDAH, JEDDAH"
860000,FLOOR,3,4,250,OTHER
720000,APARTMENT,4,3,175,OTHER
1050000,APARTMENT,1,1,339,OTHER
995000,APARTMENT,3,4,158,"AL RIMAL, EAST RIYADH, RIYADH"
1400000,APARTMENT,5,4,167,"AL RIMAL, EAST RIYADH, RIYADH"
1600000,FLOOR,5,4,206,"AL MUNSIYAH, EAST RIYADH, RIYADH"
950000,APARTMENT,3,3,120,OTHER
2600000,VILLA,7,5,411,OTHER
860000,FLOOR,4,5,500,OTHER
700000,APARTMENT,3,4,151,OTHER
1100000,APARTMENT,4,3,66,OTHER
1400000,FLOOR,6,3,166,OTHER
3700000,VILLA,9,8,408,"QURTUBAH, EAST RIYADH, RIYADH"
650000,APARTMENT,2,2,110,"TUWAIQ, WEST RIYADH, RIYADH"
1050000,VILLA,5,5,250,"TUWAIQ, WEST RIYADH, RIYADH"
495000,APARTMENT,5,3,168,OTHER
650000,FLOOR,4,3,162,OTHER
1400000,FLOOR,6,5,185,"AL MUNSIYAH, EAST RIYADH, RIYADH"
1005000,APARTMENT,3,4,142,OTHER
1005000,APARTMENT,4,4,142,OTHER
1380000,FLOOR,3,3,168,"AL MUNSIYAH, EAST RIYADH, RIYADH"
18750000,REST HOUSE,1,5,7500,"AL RIMAL, EAST RIYADH, RIYADH"
575000,APARTMENT,4,3,161,OTHER
800000,APARTMENT,6,4,215,OTHER
730000,APARTMENT,6,1,205,OTHER
510000,APARTMENT,6,3,210,OTHER
950000,VILLA,6,5,312,OTHER
490000,APARTMENT,4,3,172,OTHER
610000,APARTMENT,6,5,220,OTHER
1030000,APARTMENT,3,3,188,"AL MAHDIYAH, WEST RIYADH, RIYADH"
920000,APARTMENT,3,4,140,"AL MAHDIYAH, WEST RIYADH, RIYADH"
1000000,APARTMENT,3,4,170,"AL MAHDIYAH, WEST RIYADH, RIYADH"
860000,APARTMENT,3,3,130,"AL MAHDIYAH, WEST RIYADH, RIYADH"
680000,APARTMENT,3,2,111,"AL MAHDIYAH, WEST RIYADH, RIYADH"
1200000,APARTMENT,4,3,165,"AL MAHDIYAH, WEST RIYADH, RIYADH"
850000,APARTMENT,3,2,130,"AL MAHDIYAH, WEST RIYADH, RIYADH"
740000,APARTMENT,3,3,125,"AL MAHDIYAH, WEST RIYADH, RIYADH"
750000,APARTMENT,3,3,125,"AL MAHDIYAH, WEST RIYADH, RIYADH"
1005000,FLOOR,3,2,193,"TUWAIQ, WEST RIYADH, RIYADH"
1150000,FLOOR,4,3,134,"AL RIMAL, EAST RIYADH, RIYADH"
730000,APARTMENT,4,3,117,"AL RAWDAH, NORTH JEDDAH, JEDDAH"
990000,APARTMENT,3,3,478,"AL MAHDIYAH, WEST RIYADH, RIYADH"
970000,FLOOR,3,3,128,"AL RIMAL, EAST RIYADH, RIYADH"
650000,APARTMENT,3,3,111,"AL SALAMAH, NORTH JEDDAH, JEDDAH"
1550000,FLOOR,5,4,198,"QURTUBAH, EAST RIYADH, RIYADH"
3600000,VILLA,5,2,728,OTHER
1350000,VILLA,7,4,136,OTHER
2500000,VILLA,5,3,355,OTHER
1800000,APARTMENT,4,2,148,OTHER
2360000,APARTMENT,3,3,118,OTHER
509000,APARTMENT,2,3,138,"OKAZ, SOUTH RIYADH, RIYADH"
779000,APARTMENT,2,4,206,"OKAZ, SOUTH RIYADH, RIYADH"
950000,FLOOR,3,4,152,"AL QADISIYAH, EAST RIYADH, RIYADH"
2200000,APARTMENT,3,4,178,OTHER
820000,APARTMENT,7,5,236,OTHER
1500000,APARTMENT,3,4,201,OTHER
1500000,APARTMENT,3,3,185,"AL MUNSIYAH, EAST RIYADH, RIYADH"
2100000,VILLA,3,4,267,"AL RIMAL, EAST RIYADH, RIYADH"
790000,APARTMENT,1,1,171,OTHER
695000,APARTMENT,1,1,190,OTHER
750000,APARTMENT,1,1,216,OTHER
790000,APARTMENT,1,1,205,OTHER
750000,APARTMENT,1,1,246,OTHER
1650000,VILLA,1,1,397,OTHER
1290000,VILLA,1,1,226,OTHER
1200000,APARTMENT,2,2,167,"AL MUNSIYAH, EAST RIYADH, RIYADH"
1200000,APARTMENT,2,3,167,"AL MUNSIYAH, EAST RIYADH, RIYADH"
850000,FLOOR,3,3,138,"AL RIMAL, EAST RIYADH, RIYADH"
670000,APARTMENT,2,3,113,"AL RIMAL, EAST RIYADH, RIYADH"
1003000,APARTMENT,3,2,132,"AL MUNSIYAH, EAST RIYADH, RIYADH"
1100000,VILLA,1,1,368,OTHER
560000,APARTMENT,5,3,865,OTHER
725000,APARTMENT,1,1,175,OTHER
720000,APARTMENT,1,1,211,OTHER
840000,APARTMENT,1,1,188,OTHER
730000,APARTMENT,1,1,195,OTHER
275000,APARTMENT,2,3,900,OTHER
275000,APARTMENT,3,3,900,OTHER
1100000,FLOOR,3,5,201,OTHER
1650000,FLOOR,3,2,172,"QURTUBAH, EAST RIYADH, RIYADH"
1200000,FLOOR,1,1,165,OTHER
580000,APARTMENT,1,1,100,OTHER
730000,APARTMENT,4,3,130,OTHER
740000,APARTMENT,1,1,130,OTHER
750000,APARTMENT,1,1,120,"AL RAWDAH, NORTH JEDDAH, JEDDAH"
750000,APARTMENT,1,1,114,"AL RAWDAH, NORTH JEDDAH, JEDDAH"
2200000,VILLA,6,6,276,OTHER
650000,APARTMENT,5,3,175,"AL SALAMAH, NORTH JEDDAH, JEDDAH"
950000,APARTMENT,3,3,150,"AL MAHDIYAH, WEST RIYADH, RIYADH"
800000,APARTMENT,4,3,146,OTHER
700000,FLOOR,3,3,151,OTHER
5500000,APARTMENT,2,2,217,OTHER
900000,APARTMENT,5,3,188,OTHER
900000,FLOOR,5,5,134,"AL RIMAL, EAST RIYADH, RIYADH"
900000,FLOOR,4,3,171,"AL RIMAL, EAST RIYADH, RIYADH"
2400000,VILLA,6,5,262,"AL MAHDIYAH, WEST RIYADH, RIYADH"
2800000,VILLA,6,5,360,"AL MAHDIYAH, WEST RIYADH, RIYADH"
1500000,VILLA,5,7,756,OTHER
595000,APARTMENT,4,3,112,"AL SALAMAH, NORTH JEDDAH, JEDDAH"
620000,APARTMENT,3,3,120,OTHER
859000,APARTMENT,3,3,145,"AL RIMAL, EAST RIYADH, RIYADH"
930000,APARTMENT,3,2,130,"AL MAHDIYAH, WEST RIYADH, RIYADH"
750000,APARTMENT,3,2,478,"AL MAHDIYAH, WEST RIYADH, RIYADH"
2050000,VILLA,7,5,200,"AL MAHDIYAH, WEST RIYADH, RIYADH"
2200000,VILLA,5,4,235,"AL MAHDIYAH, WEST RIYADH, RIYADH"
2100000,VILLA,6,4,200,"AL MAHDIYAH, WEST RIYADH, RIYADH"
920000,APARTMENT,3,3,160,"AL MAHDIYAH, WEST RIYADH, RIYADH"
2350000,VILLA,7,6,366,"AL MAHDIYAH, WEST RIYADH, RIYADH"
2800000,VILLA,7,6,366,"AL MAHDIYAH, WEST RIYADH, RIYADH"
2800000,VILLA,5,5,385,"AL MAHDIYAH, WEST RIYADH, RIYADH"
2400000,VILLA,6,4,240,"AL MAHDIYAH, WEST RIYADH, RIYADH"
2900000,VILLA,6,5,312,"AL MAHDIYAH, WEST RIYADH, RIYADH"
2450000,VILLA,5,4,240,"AL MAHDIYAH, WEST RIYADH, RIYADH"
2000000,VILLA,5,4,200,"AL MAHDIYAH, WEST RIYADH, RIYADH"
1950000,VILLA,6,4,225,"AL MAHDIYAH, WEST RIYADH, RIYADH"
2400000,VILLA,6,5,250,"AL MAHDIYAH, WEST RIYADH, RIYADH"
2000000,VILLA,6,5,250,"AL MAHDIYAH, WEST RIYADH, RIYADH"
3500000,VILLA,8,5,450,"AL MAHDIYAH, WEST RIYADH, RIYADH"
2400000,VILLA,7,5,300,"AL MAHDIYAH, WEST RIYADH, RIYADH"
2000000,VILLA,7,5,200,"AL MAHDIYAH, WEST RIYADH, RIYADH"
2150000,VILLA,7,5,366,"AL MAHDIYAH, WEST RIYADH, RIYADH"
975000,APARTMENT,3,2,162,"AL MAHDIYAH, WEST RIYADH, RIYADH"
2900000,VILLA,6,5,366,"AL MAHDIYAH, WEST RIYADH, RIYADH"
2100000,VILLA,7,5,200,"AL MAHDIYAH, WEST RIYADH, RIYADH"
2200000,VILLA,7,5,250,"AL MAHDIYAH, WEST RIYADH, RIYADH"
2400000,VILLA,7,5,366,"AL MAHDIYAH, WEST RIYADH, RIYADH"
1850000,VILLA,7,5,366,"AL MAHDIYAH, WEST RIYADH, RIYADH"
1799999,VILLA,6,5,366,"AL MAHDIYAH, WEST RIYADH, RIYADH"
1950000,VILLA,4,5,200,"AL MAHDIYAH, WEST RIYADH, RIYADH"
2900000,VILLA,7,5,366,"AL MAHDIYAH, WEST RIYADH, RIYADH"
3150000,VILLA,7,5,366,"AL MAHDIYAH, WEST RIYADH, RIYADH"
2750000,VILLA,7,5,360,"AL MAHDIYAH, WEST RIYADH, RIYADH"
2300000,VILLA,7,5,366,"AL MAHDIYAH, WEST RIYADH, RIYADH"
1800000,VILLA,4,4,200,"AL MAHDIYAH, WEST RIYADH, RIYADH"
2450000,VILLA,6,6,300,"AL MAHDIYAH, WEST RIYADH, RIYADH"
2000000,VILLA,6,3,260,"AL MAHDIYAH, WEST RIYADH, RIYADH"
900000,APARTMENT,4,3,150,"AL MAHDIYAH, WEST RIYADH, RIYADH"
3950000,VILLA,6,5,450,"AL MAHDIYAH, WEST RIYADH, RIYADH"
1900000,VILLA,5,5,260,"AL MAHDIYAH, WEST RIYADH, RIYADH"
1730000,VILLA,5,5,260,"AL MAHDIYAH, WEST RIYADH, RIYADH"
1800000,VILLA,3,5,150,"AL MAHDIYAH, WEST RIYADH, RIYADH"
3200000,VILLA,6,4,300,"AL MAHDIYAH, WEST RIYADH, RIYADH"
4700000,VILLA,5,5,400,"AL MAHDIYAH, WEST RIYADH, RIYADH"
2350000,VILLA,7,4,366,"AL MAHDIYAH, WEST RIYADH, RIYADH"
8500000,VILLA,6,5,300,"AL MAHDIYAH, WEST RIYADH, RIYADH"
4000000,VILLA,6,4,375,"AL MAHDIYAH, WEST RIYADH, RIYADH"
4000000,VILLA,3,3,400,"AL MAHDIYAH, WEST RIYADH, RIYADH"
1800000,VILLA,8,6,200,"AL MAHDIYAH, WEST RIYADH, RIYADH"
2400000,VILLA,7,6,366,"AL MAHDIYAH, WEST RIYADH, RIYADH"
1800000,VILLA,7,4,366,"AL MAHDIYAH, WEST RIYADH, RIYADH"
1850000,VILLA,6,5,400,"AL MAHDIYAH, WEST RIYADH, RIYADH"
1980000,VILLA,5,4,400,"AL MAHDIYAH, WEST RIYADH, RIYADH"
1750000,VILLA,5,4,400,"AL MAHDIYAH, WEST RIYADH, RIYADH"
800000,APARTMENT,8,5,212,OTHER
1440000,VILLA,3,4,300,OTHER
3200000,VILLA,5,5,383,"QURTUBAH, EAST RIYADH, RIYADH"
819000,APARTMENT,3,3,132,"AL RIMAL, EAST RIYADH, RIYADH"
859000,APARTMENT,3,2,101,OTHER
1099000,APARTMENT,3,3,141,OTHER
860000,FLOOR,4,3,500,OTHER
1439000,APARTMENT,3,3,136,"AL NARJIS, NORTH RIYADH, RIYADH"
830000,APARTMENT,3,3,141,OTHER
2000000,VILLA,5,5,275,"AL RIMAL, EAST RIYADH, RIYADH"
900000,FLOOR,4,4,212,"AL QADISIYAH, EAST RIYADH, RIYADH"
860000,APARTMENT,4,3,250,OTHER
430000,APARTMENT,3,3,149,"BADR, SOUTH RIYADH, RIYADH"
420000,APARTMENT,4,4,131,OTHER
450000,APARTMENT,3,3,178,"BADR, SOUTH RIYADH, RIYADH"
1000000,REST HOUSE,3,2,894,OTHER
640000,APARTMENT,4,4,165,OTHER
520000,APARTMENT,4,3,120,OTHER
3400000,VILLA,5,5,360,"AL RIMAL, EAST RIYADH, RIYADH"
1050000,FLOOR,3,3,165,"AL JANADRIYAH, EAST RIYADH, RIYADH"
990000,FLOOR,3,3,177,"AL RIMAL, EAST RIYADH, RIYADH"
2600000,VILLA,4,4,376,OTHER
1120000,FLOOR,5,5,168,"AL QADISIYAH, EAST RIYADH, RIYADH"
1950000,FLOOR,4,4,268,"AL NARJIS, NORTH RIYADH, RIYADH"
1200000,FLOOR,4,4,156,OTHER
1600000,FLOOR,4,6,206,"AL MUNSIYAH, EAST RIYADH, RIYADH"
1100000,VILLA,4,4,480,OTHER
710000,APARTMENT,2,3,132,"AL RIMAL, EAST RIYADH, RIYADH"
740000,APARTMENT,2,3,129,"AL RIMAL, EAST RIYADH, RIYADH"
1270000,VILLA,6,7,389,OTHER
660000,APARTMENT,2,2,200,OTHER
630000,APARTMENT,3,3,195,OTHER
700000,FLOOR,5,4,132,OTHER
550000,APARTMENT,3,3,202,OTHER
520000,APARTMENT,3,3,202,OTHER
750000,APARTMENT,3,3,164,OTHER
470000,APARTMENT,3,3,202,OTHER
550000,APARTMENT,3,3,240,OTHER
480000,APARTMENT,4,3,164,OTHER
600000,APARTMENT,6,6,216,OTHER
550000,APARTMENT,3,4,301,OTHER
790000,APARTMENT,1,1,175,"AL SALAMAH, NORTH JEDDAH, JEDDAH"
2400000,VILLA,8,5,796,"TUWAIQ, WEST RIYADH, RIYADH"
950000,FLOOR,3,3,125,"AL RIMAL, EAST RIYADH, RIYADH"
800000,FLOOR,5,3,300,"AL JANADRIYAH, EAST RIYADH, RIYADH"
1250000,FLOOR,4,4,200,"AL QADISIYAH, EAST RIYADH, RIYADH"
1100000,FLOOR,3,4,164,"AL RIMAL, EAST RIYADH, RIYADH"
750000,FLOOR,3,4,174,"AL JANADRIYAH, EAST RIYADH, RIYADH"
800000,APARTMENT,3,3,145,"AL QADISIYAH, EAST RIYADH, RIYADH"
1100000,VILLA,6,8,318,OTHER
930000,APARTMENT,3,2,400,"AL MAHDIYAH, WEST RIYADH, RIYADH"
900000,APARTMENT,3,3,138,"AL MAHDIYAH, WEST RIYADH, RIYADH"
900000,APARTMENT,3,3,160,"AL MAHDIYAH, WEST RIYADH, RIYADH"
1350000,APARTMENT,3,3,139,"AL NARJIS, NORTH RIYADH, RIYADH"
2600000,VILLA,5,7,250,OTHER
2900000,VILLA,6,10,395,OTHER
3000000,VILLA,6,7,436,OTHER
2600000,VILLA,6,5,250,OTHER
1550000,FLOOR,5,5,207,"AL MUNSIYAH, EAST RIYADH, RIYADH"
905000,APARTMENT,3,4,159,"AL QADISIYAH, EAST RIYADH, RIYADH"
3000000,VILLA,4,4,420,OTHER
500000,APARTMENT,3,3,205,"BADR, SOUTH RIYADH, RIYADH"
880000,APARTMENT,3,3,138,"AL MAHDIYAH, WEST RIYADH, RIYADH"
530000,APARTMENT,4,3,135,OTHER
750000,APARTMENT,1,1,136,OTHER
840000,APARTMENT,4,3,1800,"AL MAHDIYAH, WEST RIYADH, RIYADH"
950000,FLOOR,6,6,257,"TUWAIQ, WEST RIYADH, RIYADH"
2000000,VILLA,4,6,400,"AL MAHDIYAH, WEST RIYADH, RIYADH"
750000,APARTMENT,5,3,140,OTHER
620000,APARTMENT,3,3,115,OTHER
3000000,VILLA,7,5,308,"AL MAHDIYAH, WEST RIYADH, RIYADH"
2400000,VILLA,7,7,592,"AL MAHDIYAH, WEST RIYADH, RIYADH"
3300000,VILLA,4,6,360,"AL MAHDIYAH, WEST RIYADH, RIYADH"
1970000,VILLA,5,5,400,"AL MAHDIYAH, WEST RIYADH, RIYADH"
2250000,VILLA,4,3,400,"AL MAHDIYAH, WEST RIYADH, RIYADH"
2300000,VILLA,5,7,400,"AL MAHDIYAH, WEST RIYADH, RIYADH"
2350000,VILLA,5,3,400,"AL MAHDIYAH, WEST RIYADH, RIYADH"
3200000,VILLA,5,4,400,"AL MAHDIYAH, WEST RIYADH, RIYADH"
2350000,VILLA,6,7,400,"AL MAHDIYAH, WEST RIYADH, RIYADH"
2400000,VILLA,6,5,240,"AL MAHDIYAH, WEST RIYADH, RIYADH"
3500000,VILLA,6,5,475,"AL MAHDIYAH, WEST RIYADH, RIYADH"
820000,APARTMENT,3,3,130,"AL MAHDIYAH, WEST RIYADH, RIYADH"
3000000,VILLA,7,6,300,"AL MAHDIYAH, WEST RIYADH, RIYADH"
2600000,VILLA,6,5,341,"AL MAHDIYAH, WEST RIYADH, RIYADH"
880000,APARTMENT,3,4,130,"AL MAHDIYAH, WEST RIYADH, RIYADH"
800000,APARTMENT,3,3,138,"AL MAHDIYAH, WEST RIYADH, RIYADH"
2500000,VILLA,6,5,300,"AL MAHDIYAH, WEST RIYADH, RIYADH"
750000,APARTMENT,3,3,145,"AL MAHDIYAH, WEST RIYADH, RIYADH"
750000,APARTMENT,3,3,130,"AL MAHDIYAH, WEST RIYADH, RIYADH"
2000000,VILLA,6,5,262,"AL MAHDIYAH, WEST RIYADH, RIYADH"
2200000,VILLA,6,5,300,"AL MAHDIYAH, WEST RIYADH, RIYADH"
1950000,VILLA,6,5,200,"AL MAHDIYAH, WEST RIYADH, RIYADH"
2100000,VILLA,5,4,400,"AL MAHDIYAH, WEST RIYADH, RIYADH"
2500000,VILLA,5,5,400,"AL MAHDIYAH, WEST RIYADH, RIYADH"
2100000,VILLA,5,3,200,"AL MAHDIYAH, WEST RIYADH, RIYADH"
750000,APARTMENT,3,3,140,"AL MAHDIYAH, WEST RIYADH, RIYADH"
1800000,VILLA,5,3,250,"AL MAHDIYAH, WEST RIYADH, RIYADH"
550000,APARTMENT,5,3,156,OTHER
450000,APARTMENT,3,3,149,"BADR, SOUTH RIYADH, RIYADH"
450000,APARTMENT,4,3,149,"BADR, SOUTH RIYADH, RIYADH"
5250000,VILLA,6,6,656,OTHER
1350000,VILLA,5,5,275,OTHER
400000,APARTMENT,4,2,100,OTHER
750000,VILLA,4,3,300,OTHER
950000,VILLA,5,3,360,OTHER
1000000,VILLA,5,3,320,OTHER
690000,APARTMENT,5,3,187,OTHER
665000,APARTMENT,5,3,164,OTHER
1050000,APARTMENT,5,4,539,"AL RAWDAH, NORTH JEDDAH, JEDDAH"
840000,FLOOR,5,4,166,OTHER
440000,APARTMENT,4,3,132,OTHER
550000,APARTMENT,3,3,100,OTHER
430000,APARTMENT,3,1,99,OTHER
440000,APARTMENT,4,1,103,OTHER
620000,APARTMENT,4,3,120,"AL SALAMAH, NORTH JEDDAH, JEDDAH"
440000,APARTMENT,4,3,100,OTHER
3500000,VILLA,5,5,400,OTHER
750000,APARTMENT,5,3,150,"AL SALAMAH, NORTH JEDDAH, JEDDAH"
660000,APARTMENT,3,3,185,OTHER
680000,APARTMENT,4,4,150,OTHER
630000,APARTMENT,5,3,111,"AL SALAMAH, NORTH JEDDAH, JEDDAH"
440000,APARTMENT,4,3,129,OTHER
485000,APARTMENT,3,3,125,OTHER
880000,VILLA,11,5,432,OTHER
580000,APARTMENT,4,3,111,"AL SALAMAH, NORTH JEDDAH, JEDDAH"
4500000,VILLA,4,5,360,OTHER
720000,APARTMENT,5,3,135,OTHER
661500,APARTMENT,3,2,175,"TUWAIQ, WEST RIYADH, RIYADH"
1129000,APARTMENT,3,4,184,OTHER
1079000,APARTMENT,3,4,184,OTHER
1059000,APARTMENT,3,4,174,OTHER
899000,APARTMENT,3,4,184,OTHER
685000,APARTMENT,4,3,180,OTHER
420000,APARTMENT,3,3,168,"BADR, SOUTH RIYADH, RIYADH"
420000,APARTMENT,4,3,168,"BADR, SOUTH RIYADH, RIYADH"
450000,APARTMENT,3,3,150,OTHER
1200000,FLOOR,3,4,186,"AL MUNSIYAH, EAST RIYADH, RIYADH"
800000,APARTMENT,3,4,124,"AL QADISIYAH, EAST RIYADH, RIYADH"
972000,APARTMENT,3,3,197,"AL MUNSIYAH, EAST RIYADH, RIYADH"
900000,APARTMENT,3,3,140,"AL QADISIYAH, EAST RIYADH, RIYADH"
550000,APARTMENT,3,6,201,OTHER
1550000,VILLA,4,3,472,OTHER
2300000,VILLA,7,6,490,OTHER
2300000,VILLA,7,5,300,"AL MAHDIYAH, WEST RIYADH, RIYADH"
3000000,VILLA,4,5,791,OTHER
2200000,VILLA,5,5,599,OTHER
780000,VILLA,6,5,440,OTHER
1400000,VILLA,7,5,435,OTHER
768750,VILLA,5,3,512,OTHER
690000,VILLA,8,5,251,OTHER
300000,REST HOUSE,2,1,500,OTHER
1190000,VILLA,5,5,344,OTHER
1420000,VILLA,6,5,300,OTHER
930000,VILLA,5,4,260,OTHER
1200000,VILLA,4,5,300,OTHER
1500000,VILLA,7,5,577,OTHER
1200000,VILLA,5,3,275,OTHER
850000,VILLA,5,4,220,OTHER
600000,APARTMENT,3,1,261,OTHER
880000,APARTMENT,5,5,370,OTHER
550000,APARTMENT,3,2,175,OTHER
550000,APARTMENT,5,3,230,OTHER
500000,APARTMENT,5,4,202,OTHER
580000,APARTMENT,5,4,260,OTHER
564999,REST HOUSE,3,2,759,OTHER
700000,VILLA,5,4,250,OTHER
1950000,VILLA,7,5,605,OTHER
830000,VILLA,5,3,300,OTHER
750000,VILLA,5,5,216,OTHER
799000,VILLA,5,5,349,OTHER
1200000,VILLA,7,5,1705,OTHER
430000,REST HOUSE,1,1,424,OTHER
1000049,VILLA,4,4,283,OTHER
4400000,VILLA,6,5,611,OTHER
880000,VILLA,5,5,276,OTHER
1050000,VILLA,5,5,375,OTHER
850000,VILLA,5,5,300,OTHER
840000,VILLA,5,5,350,OTHER
700000,VILLA,5,5,287,OTHER
850000,VILLA,5,5,373,OTHER
750000,VILLA,5,5,287,OTHER
850000,FLOOR,4,4,450,OTHER
3500000,VILLA,5,5,600,"AL ARID, NORTH RIYADH, RIYADH"
1500000,VILLA,5,5,250,OTHER
3100000,VILLA,5,5,312,"AL NARJIS, NORTH RIYADH, RIYADH"
2600000,VILLA,5,5,300,"AL ARID, NORTH RIYADH, RIYADH"
1850000,VILLA,7,5,360,OTHER
3000000,VILLA,5,5,600,OTHER
2000000,VILLA,7,5,288,"QURTUBAH, EAST RIYADH, RIYADH"
2200000,VILLA,5,3,244,OTHER
3400000,VILLA,7,5,662,"AL RIMAL, EAST RIYADH, RIYADH"
5000000,VILLA,10,4,651,"AL RIMAL, EAST RIYADH, RIYADH"
1250000,VILLA,5,5,500,"BADR, SOUTH RIYADH, RIYADH"
1550000,VILLA,5,5,200,"AL MAHDIYAH, WEST RIYADH, RIYADH"
1300000,VILLA,4,5,288,OTHER
1230000,VILLA,4,5,240,OTHER
3750000,VILLA,5,5,374,"AL NARJIS, NORTH RIYADH, RIYADH"
550000,APARTMENT,3,3,205,OTHER
1450000,APARTMENT,2,3,117,OTHER
1250000,VILLA,7,3,250,OTHER
880000,VILLA,7,5,244,OTHER
3700000,VILLA,7,5,300,OTHER
2200000,VILLA,5,5,1000,OTHER
1000000,VILLA,4,5,312,OTHER
1600000,VILLA,5,5,252,OTHER
2000000,FLOOR,3,3,174,"AL NARJIS, NORTH RIYADH, RIYADH"
1000000,VILLA,7,5,240,OTHER
1150000,VILLA,7,5,500,OTHER
1150000,VILLA,7,5,675,OTHER
350000,VILLA,7,5,225,OTHER
1500000,FLOOR,3,2,205,OTHER
1069000,FLOOR,4,4,180,"AL RIMAL, EAST RIYADH, RIYADH"
800000,FLOOR,5,5,300,"TUWAIQ, WEST RIYADH, RIYADH"
900000,VILLA,4,3,200,OTHER
1200000,VILLA,5,5,300,"TUWAIQ, WEST RIYADH, RIYADH"
980000,VILLA,5,5,200,OTHER
790000,VILLA,5,3,225,"BADR, SOUTH RIYADH, RIYADH"
1250000,VILLA,6,5,250,"TUWAIQ, WEST RIYADH, RIYADH"
450000,APARTMENT,4,3,163,OTHER
2300000,VILLA,6,5,404,"AL RIMAL, EAST RIYADH, RIYADH"
2000000,VILLA,6,4,400,"AL RIMAL, EAST RIYADH, RIYADH"
3000000,VILLA,6,5,375,"AL MUNSIYAH, EAST RIYADH, RIYADH"
3000000,VILLA,4,3,312,"AL NARJIS, NORTH RIYADH, RIYADH"
11000000,VILLA,5,5,1050,OTHER
4000000,VILLA,5,5,437,OTHER
4000000,VILLA,4,3,425,OTHER
2200000,VILLA,3,1,221,"AL ARID, NORTH RIYADH, RIYADH"
950000,VILLA,5,5,200,OTHER
2800000,VILLA,15,6,280,"AL NARJIS, NORTH RIYADH, RIYADH"
920000,VILLA,5,5,200,OTHER
1400000,VILLA,7,5,432,OTHER
6000000,VILLA,7,5,610,OTHER
770000,APARTMENT,6,4,228,OTHER
780000,APARTMENT,5,3,172,OTHER
2100000,VILLA,7,5,325,OTHER
430000,APARTMENT,5,4,180,OTHER
1300000,VILLA,5,5,256,OTHER
2400000,VILLA,5,4,402,OTHER
399999,APARTMENT,3,2,116,OTHER
440000,APARTMENT,5,3,184,OTHER
600000,APARTMENT,3,3,127,OTHER
1750000,VILLA,4,5,252,OTHER
2150000,VILLA,6,5,517,OTHER
1850000,VILLA,5,5,351,OTHER
1600000,VILLA,4,2,312,OTHER
2000000,VILLA,4,5,450,OTHER
1700000,VILLA,5,5,306,OTHER
1700000,VILLA,6,5,302,OTHER
2300000,VILLA,5,5,450,OTHER
2000000,VILLA,5,5,400,OTHER
1500000,VILLA,4,3,312,OTHER
500000,APARTMENT,4,3,145,OTHER
640000,APARTMENT,5,3,158,OTHER
420000,APARTMENT,3,2,99,OTHER
680000,APARTMENT,5,4,189,OTHER
2100000,VILLA,8,6,349,OTHER
1169998,VILLA,5,5,275,OTHER
920000,VILLA,6,4,200,OTHER
2500000,VILLA,5,5,300,OTHER
4200000,VILLA,7,4,304,OTHER
1350000,VILLA,7,5,360,OTHER
2530000,VILLA,7,5,330,OTHER
488000,APARTMENT,4,3,118,OTHER
5000000,VILLA,7,5,746,OTHER
1750000,VILLA,5,3,300,OTHER
4000000,VILLA,3,3,625,OTHER
2000000,VILLA,5,4,300,OTHER
2600000,APARTMENT,3,4,215,OTHER
1100000,VILLA,5,4,296,OTHER
870000,APARTMENT,3,5,205,OTHER
775000,APARTMENT,2,4,166,OTHER
850000,APARTMENT,6,4,160,OTHER
775000,APARTMENT,5,4,166,OTHER
874999,APARTMENT,5,5,205,OTHER
590000,APARTMENT,6,3,189,OTHER
660000,APARTMENT,4,3,115,"AL SALAMAH, NORTH JEDDAH, JEDDAH"
775000,APARTMENT,3,4,166,OTHER
740000,APARTMENT,5,4,170,"AL SALAMAH, NORTH JEDDAH, JEDDAH"
520000,APARTMENT,5,3,157,OTHER
769998,APARTMENT,5,4,166,OTHER
1100000,APARTMENT,4,3,185,"AL SALAMAH, NORTH JEDDAH, JEDDAH"
1300000,APARTMENT,5,4,185,"AL SALAMAH, NORTH JEDDAH, JEDDAH"
875000,APARTMENT,3,5,205,OTHER
875000,APARTMENT,6,5,205,OTHER
600000,APARTMENT,4,3,115,"AL SALAMAH, NORTH JEDDAH, JEDDAH"
510000,APARTMENT,2,3,149,OTHER
505000,APARTMENT,4,3,132,OTHER
490000,APARTMENT,4,3,131,OTHER
405000,APARTMENT,3,2,102,OTHER
740000,APARTMENT,5,3,166,OTHER
860000,APARTMENT,5,4,260,OTHER
560000,APARTMENT,4,2,126,OTHER
700000,APARTMENT,3,3,172,OTHER
950000,APARTMENT,5,4,229,OTHER
820000,APARTMENT,6,5,223,OTHER
730000,APARTMENT,3,3,166,OTHER
540000,APARTMENT,2,3,130,OTHER
550000,APARTMENT,5,4,165,OTHER
1550000,VILLA,7,5,326,OTHER
660000,APARTMENT,5,3,166,OTHER
550000,APARTMENT,4,3,124,OTHER
560000,APARTMENT,4,4,151,OTHER
533000,APARTMENT,4,3,128,OTHER
460000,APARTMENT,4,3,133,OTHER
399000,APARTMENT,4,3,120,OTHER
4000000,VILLA,11,3,775,OTHER
3000000,VILLA,5,5,504,OTHER
3700000,VILLA,7,5,624,OTHER
2300000,VILLA,5,5,312,OTHER
4000000,VILLA,9,5,702,OTHER
1600000,VILLA,4,5,200,OTHER
5000000,VILLA,5,5,748,OTHER
1600000,VILLA,4,1,330,OTHER
370000,APARTMENT,3,2,90,OTHER
450000,APARTMENT,3,3,102,OTHER
2200000,APARTMENT,7,5,480,OTHER
449000,APARTMENT,4,3,110,OTHER
750000,APARTMENT,3,4,194,OTHER
830000,APARTMENT,5,4,233,OTHER
660000,APARTMENT,5,4,192,OTHER
550000,APARTMENT,5,3,150,OTHER
730000,APARTMENT,5,3,168,OTHER
3300000,VILLA,7,5,450,"AL MAHDIYAH, WEST RIYADH, RIYADH"
1500000,VILLA,4,5,200,"AL MAHDIYAH, WEST RIYADH, RIYADH"
2000000,VILLA,6,4,250,"AL MAHDIYAH, WEST RIYADH, RIYADH"
1500000,VILLA,5,5,200,"AL MAHDIYAH, WEST RIYADH, RIYADH"
1350000,VILLA,4,5,200,"AL MAHDIYAH, WEST RIYADH, RIYADH"
2800000,VILLA,7,5,454,"AL MAHDIYAH, WEST RIYADH, RIYADH"
1800000,VILLA,5,5,348,"AL MAHDIYAH, WEST RIYADH, RIYADH"
2100000,VILLA,6,5,250,"AL MAHDIYAH, WEST RIYADH, RIYADH"
1500000,VILLA,3,3,200,"AL MAHDIYAH, WEST RIYADH, RIYADH"
1550000,VILLA,6,5,200,"AL MAHDIYAH, WEST RIYADH, RIYADH"
2000000,VILLA,7,5,250,"AL MAHDIYAH, WEST RIYADH, RIYADH"
1850000,VILLA,5,5,348,"AL MAHDIYAH, WEST RIYADH, RIYADH"
1800000,VILLA,3,3,347,"AL MAHDIYAH, WEST RIYADH, RIYADH"
1750000,VILLA,6,5,231,"AL MAHDIYAH, WEST RIYADH, RIYADH"
1650000,VILLA,6,5,200,"AL MAHDIYAH, WEST RIYADH, RIYADH"
2200000,VILLA,6,5,250,"AL MAHDIYAH, WEST RIYADH, RIYADH"
4000000,VILLA,5,5,425,"AL MAHDIYAH, WEST RIYADH, RIYADH"
3700000,VILLA,7,5,425,"AL MAHDIYAH, WEST RIYADH, RIYADH"
1650000,VILLA,6,5,231,"AL MAHDIYAH, WEST RIYADH, RIYADH"
1800000,VILLA,6,5,348,"AL MAHDIYAH, WEST RIYADH, RIYADH"
1800000,VILLA,7,5,262,"AL MAHDIYAH, WEST RIYADH, RIYADH"
1600000,VILLA,6,5,200,"AL MAHDIYAH, WEST RIYADH, RIYADH"
4500000,VILLA,7,5,900,"AL MAHDIYAH, WEST RIYADH, RIYADH"
1550000,VILLA,4,4,200,"AL MAHDIYAH, WEST RIYADH, RIYADH"
2000000,VILLA,7,5,300,"AL MAHDIYAH, WEST RIYADH, RIYADH"
2800000,VILLA,6,5,431,"AL MAHDIYAH, WEST RIYADH, RIYADH"
1500000,VILLA,4,4,200,"AL MAHDIYAH, WEST RIYADH, RIYADH"
3300000,VILLA,6,5,450,"AL MAHDIYAH, WEST RIYADH, RIYADH"
1800000,VILLA,5,4,348,"AL MAHDIYAH, WEST RIYADH, RIYADH"
1800000,VILLA,2,2,262,"AL MAHDIYAH, WEST RIYADH, RIYADH"
1400000,VILLA,6,5,200,"AL MAHDIYAH, WEST RIYADH, RIYADH"
1850000,VILLA,5,5,200,"AL MAHDIYAH, WEST RIYADH, RIYADH"
2600000,VILLA,3,3,450,OTHER
1800000,VILLA,4,5,262,"AL MAHDIYAH, WEST RIYADH, RIYADH"
1850000,VILLA,5,5,347,"AL MAHDIYAH, WEST RIYADH, RIYADH"
4500000,VILLA,9,6,900,"AL MAHDIYAH, WEST RIYADH, RIYADH"
2200000,VILLA,3,3,333,"AL MAHDIYAH, WEST RIYADH, RIYADH"
2800000,VILLA,7,5,455,"AL MAHDIYAH, WEST RIYADH, RIYADH"
3500000,VILLA,7,5,425,"AL MAHDIYAH, WEST RIYADH, RIYADH"
1550000,VILLA,4,5,200,"AL MAHDIYAH, WEST RIYADH, RIYADH"
3500000,VILLA,7,5,479,"AL MAHDIYAH, WEST RIYADH, RIYADH"
439000,APARTMENT,4,3,130,OTHER
560000,APARTMENT,4,3,147,"AL SALAMAH, NORTH JEDDAH, JEDDAH"
2300000,VILLA,5,4,450,OTHER
360000,APARTMENT,3,3,110,OTHER
700000,APARTMENT,5,3,145,"AL SALAMAH, NORTH JEDDAH, JEDDAH"
530000,APARTMENT,5,3,170,OTHER
680000,APARTMENT,5,3,130,OTHER
800000,APARTMENT,4,2,145,"AL RAWDAH, NORTH JEDDAH, JEDDAH"
710000,APARTMENT,3,3,145,"AL SALAMAH, NORTH JEDDAH, JEDDAH"
670000,APARTMENT,4,3,111,"AL SALAMAH, NORTH JEDDAH, JEDDAH"
650000,APARTMENT,4,3,115,"AL SALAMAH, NORTH JEDDAH, JEDDAH"
690000,APARTMENT,5,3,150,"AL SALAMAH, NORTH JEDDAH, JEDDAH"
790000,APARTMENT,5,3,170,"AL SALAMAH, NORTH JEDDAH, JEDDAH"
530000,APARTMENT,5,3,152,OTHER
830000,APARTMENT,5,3,149,"AL SALAMAH, NORTH JEDDAH, JEDDAH"
660000,APARTMENT,4,1,132,"AL SALAMAH, NORTH JEDDAH, JEDDAH"
660000,APARTMENT,4,3,111,"AL RAWDAH, NORTH JEDDAH, JEDDAH"
880000,APARTMENT,5,3,154,"AL RAWDAH, NORTH JEDDAH, JEDDAH"
950000,APARTMENT,5,3,181,"AL SALAMAH, NORTH JEDDAH, JEDDAH"
1100000,VILLA,7,6,337,"OKAZ, SOUTH RIYADH, RIYADH"
1120000,VILLA,8,5,300,OTHER
1150000,VILLA,5,5,243,OTHER
3400000,VILLA,6,3,490,"QURTUBAH, EAST RIYADH, RIYADH"
1400000,VILLA,4,2,600,"OKAZ, SOUTH RIYADH, RIYADH"
800000,VILLA,4,3,200,"BADR, SOUTH RIYADH, RIYADH"
995000,APARTMENT,5,5,235,OTHER
3800000,VILLA,7,5,360,"AL NARJIS, NORTH RIYADH, RIYADH"
495000,APARTMENT,5,3,170,OTHER
800000,FLOOR,3,2,200,OTHER
680000,APARTMENT,4,3,160,OTHER
650000,APARTMENT,4,3,783,OTHER
650000,APARTMENT,7,4,180,OTHER
750000,APARTMENT,4,3,172,OTHER
530000,APARTMENT,3,2,150,OTHER
635000,APARTMENT,5,3,176,OTHER
650000,APARTMENT,5,4,176,OTHER
530000,APARTMENT,4,3,160,"OKAZ, SOUTH RIYADH, RIYADH"
400000,REST HOUSE,6,4,761,OTHER
550000,APARTMENT,3,3,115,OTHER
500000,APARTMENT,5,3,213,OTHER
1550000,VILLA,5,5,500,OTHER
1350000,VILLA,4,3,233,OTHER
1050000,VILLA,6,5,576,OTHER
1075000,VILLA,6,6,246,OTHER
950000,VILLA,8,5,348,OTHER
1750000,VILLA,4,5,396,OTHER
500000,APARTMENT,5,4,227,OTHER
625000,APARTMENT,5,3,187,OTHER
800000,APARTMENT,11,5,209,OTHER
500000,APARTMENT,6,4,222,OTHER
530000,APARTMENT,6,4,206,OTHER
520000,APARTMENT,5,4,200,OTHER
460000,APARTMENT,5,3,210,OTHER
500000,APARTMENT,6,3,205,OTHER
450000,APARTMENT,6,3,205,OTHER
2000000,VILLA,5,5,483,OTHER
1800000,VILLA,4,5,370,OTHER
780000,APARTMENT,5,4,232,OTHER
520000,APARTMENT,4,3,135,OTHER
555000,APARTMENT,4,3,135,OTHER
550000,APARTMENT,5,3,170,OTHER
580000,APARTMENT,5,4,180,OTHER
700000,APARTMENT,6,3,180,OTHER
550000,APARTMENT,5,4,170,OTHER
680000,APARTMENT,5,4,170,OTHER
1500000,VILLA,5,5,290,OTHER
1300000,VILLA,5,5,250,OTHER
3500000,VILLA,6,2,745,OTHER
1950000,VILLA,3,5,312,OTHER
31000000,VILLA,6,5,839,OTHER
2500000,VILLA,5,5,450,OTHER
520000,APARTMENT,3,3,118,"AL SALAMAH, NORTH JEDDAH, JEDDAH"
1449000,FLOOR,3,3,170,OTHER
1830000,APARTMENT,3,4,750,OTHER
800000,APARTMENT,4,4,181,OTHER
530000,APARTMENT,3,3,460,"AL RAWDAH, NORTH JEDDAH, JEDDAH"
399000,APARTMENT,3,3,660,"AL SALAMAH, NORTH JEDDAH, JEDDAH"
700000,APARTMENT,3,3,750,OTHER
570000,APARTMENT,5,4,866,OTHER
440000,APARTMENT,4,3,726,OTHER
519000,APARTMENT,3,2,582,OTHER
3000000,VILLA,5,5,353,"AL MAHDIYAH, WEST RIYADH, RIYADH"
1230000,FLOOR,3,4,300,OTHER
450000,APARTMENT,3,3,102,OTHER
740000,APARTMENT,5,3,131,OTHER
1150000,VILLA,7,8,315,"AL JANADRIYAH, EAST RIYADH, RIYADH"
920000,FLOOR,5,5,181,"AL JANADRIYAH, EAST RIYADH, RIYADH"
450000,APARTMENT,3,3,84,"AL JANADRIYAH, EAST RIYADH, RIYADH"
4000000,VILLA,10,6,900,OTHER
2000000,VILLA,7,5,312,"AL MUNSIYAH, EAST RIYADH, RIYADH"
720000,FLOOR,4,3,208,"AL JANADRIYAH, EAST RIYADH, RIYADH"
3000000,VILLA,9,6,410,"AL RIMAL, EAST RIYADH, RIYADH"
850000,VILLA,7,6,259,"OKAZ, SOUTH RIYADH, RIYADH"
1300000,FLOOR,3,2,222,"AL JANADRIYAH, EAST RIYADH, RIYADH"
820000,FLOOR,5,4,179,"AL JANADRIYAH, EAST RIYADH, RIYADH"
1200000,VILLA,8,5,1380,OTHER
820000,APARTMENT,5,3,118,OTHER
65000,APARTMENT,2,3,126,OTHER
5850000,REST HOUSE,6,6,650,OTHER
360000,APARTMENT,3,3,750,OTHER
275000,APARTMENT,2,2,750,OTHER
370000,APARTMENT,3,3,726,OTHER
345000,APARTMENT,3,3,726,OTHER
375000,APARTMENT,3,3,726,OTHER
375000,APARTMENT,4,3,726,OTHER
669000,APARTMENT,3,2,630,OTHER
425000,APARTMENT,3,3,450,"AL RAWDAH, NORTH JEDDAH, JEDDAH"
525000,APARTMENT,3,3,450,"AL RAWDAH, NORTH JEDDAH, JEDDAH"
529000,APARTMENT,4,4,500,OTHER
399000,APARTMENT,4,3,1920,OTHER
360000,APARTMENT,3,2,726,OTHER
560000,APARTMENT,5,4,866,OTHER
360000,APARTMENT,3,2,750,OTHER
800000,APARTMENT,1,1,139,"AL RAWDAH, NORTH JEDDAH, JEDDAH"
3450000,VILLA,4,5,250,"AL NARJIS, NORTH RIYADH, RIYADH"
3000000,VILLA,3,3,450,OTHER
1950000,VILLA,5,4,400,"AL MAHDIYAH, WEST RIYADH, RIYADH"
400000,APARTMENT,2,2,141,"OKAZ, SOUTH RIYADH, RIYADH"
650000,APARTMENT,2,4,116,"AL JANADRIYAH, EAST RIYADH, RIYADH"
800000,FLOOR,3,3,420,"TUWAIQ, WEST RIYADH, RIYADH"
1100000,VILLA,6,5,268,"AL JANADRIYAH, EAST RIYADH, RIYADH"
950000,VILLA,4,6,167,"AL JANADRIYAH, EAST RIYADH, RIYADH"
770000,FLOOR,4,4,179,"AL JANADRIYAH, EAST RIYADH, RIYADH"
1400000,FLOOR,4,4,560,"AL MUNSIYAH, EAST RIYADH, RIYADH"
1700000,APARTMENT,3,3,135,"AL MAHDIYAH, WEST RIYADH, RIYADH"
690000,APARTMENT,3,3,220,OTHER
1200000,VILLA,7,5,900,OTHER
1400000,VILLA,5,4,525,OTHER
520000,VILLA,6,4,316,OTHER
880000,VILLA,7,5,300,OTHER
300000,FLOOR,5,3,250,OTHER
3100000,VILLA,7,5,500,"AL ARID, NORTH RIYADH, RIYADH"
1350000,VILLA,3,3,525,OTHER
4500000,VILLA,5,3,500,"AL ARID, NORTH RIYADH, RIYADH"
2300000,VILLA,5,5,300,OTHER
3350000,VILLA,5,5,448,"AL ARID, NORTH RIYADH, RIYADH"
2600000,VILLA,7,5,288,"QURTUBAH, EAST RIYADH, RIYADH"
2300000,VILLA,5,4,328,"AL MUNSIYAH, EAST RIYADH, RIYADH"
1800000,VILLA,11,6,354,"AL RIMAL, EAST RIYADH, RIYADH"
2000000,VILLA,10,5,487,"AL RIMAL, EAST RIYADH, RIYADH"
1200000,VILLA,4,2,311,OTHER
630000,APARTMENT,6,3,220,OTHER
450000,APARTMENT,4,4,144,OTHER
2730000,VILLA,5,3,380,OTHER
1227000,VILLA,8,5,366,OTHER
1330000,VILLA,5,4,313,OTHER
1850000,VILLA,5,5,400,OTHER
1450000,VILLA,7,4,275,OTHER
4000000,VILLA,6,4,625,OTHER
410000,APARTMENT,4,4,117,OTHER
730000,APARTMENT,5,4,177,OTHER
650000,APARTMENT,5,3,136,OTHER
2800000,VILLA,5,5,400,OTHER
410000,APARTMENT,4,3,137,OTHER
430000,APARTMENT,4,3,147,OTHER
655000,APARTMENT,4,3,141,OTHER
350000,APARTMENT,2,2,92,OTHER
480000,APARTMENT,4,2,600,OTHER
330000,APARTMENT,4,3,106,OTHER
2200000,APARTMENT,5,5,480,OTHER
540000,APARTMENT,4,3,125,OTHER
770000,APARTMENT,4,3,146,OTHER
340000,APARTMENT,3,2,110,OTHER
820000,APARTMENT,5,4,215,OTHER
1650000,VILLA,7,5,231,"AL MAHDIYAH, WEST RIYADH, RIYADH"
1750000,VILLA,6,5,417,"AL MAHDIYAH, WEST RIYADH, RIYADH"
680000,APARTMENT,4,3,146,OTHER
680000,APARTMENT,5,4,135,"AL SALAMAH, NORTH JEDDAH, JEDDAH"
420000,APARTMENT,4,3,125,OTHER
495000,APARTMENT,4,3,220,OTHER
595000,APARTMENT,3,4,120,OTHER
495000,APARTMENT,4,3,150,OTHER
5500000,VILLA,4,5,450,OTHER
315000,APARTMENT,3,2,103,OTHER
595000,APARTMENT,3,2,97,OTHER
1350000,VILLA,5,5,276,"AL JANADRIYAH, EAST RIYADH, RIYADH"
2800000,VILLA,4,3,312,"AL NARJIS, NORTH RIYADH, RIYADH"
420000,APARTMENT,3,3,130,OTHER
2357500,VILLA,5,5,420,OTHER
2149999,VILLA,4,4,368,OTHER
381000,APARTMENT,3,2,100,OTHER
4000000,VILLA,4,5,660,OTHER
2250000,VILLA,11,7,500,OTHER
970000,FLOOR,5,3,173,"AL RIMAL, EAST RIYADH, RIYADH"
7800000,VILLA,11,7,718,"AL MAHDIYAH, WEST RIYADH, RIYADH"
1900000,APARTMENT,3,2,181,"QURTUBAH, EAST RIYADH, RIYADH"
1700000,VILLA,5,5,290,OTHER
500000,APARTMENT,4,4,155,"TUWAIQ, WEST RIYADH, RIYADH"
695000,VILLA,5,4,143,OTHER
620000,VILLA,2,3,163,"OKAZ, SOUTH RIYADH, RIYADH"
1180000,VILLA,5,5,360,"OKAZ, SOUTH RIYADH, RIYADH"
1250000,VILLA,4,4,341,"BADR, SOUTH RIYADH, RIYADH"
1100000,VILLA,5,4,200,"TUWAIQ, WEST RIYADH, RIYADH"
1180000,VILLA,4,3,360,"OKAZ, SOUTH RIYADH, RIYADH"
1100000,VILLA,5,4,272,"TUWAIQ, WEST RIYADH, RIYADH"
1070000,FLOOR,5,4,263,"TUWAIQ, WEST RIYADH, RIYADH"
1100000,VILLA,3,3,200,"TUWAIQ, WEST RIYADH, RIYADH"
620000,VILLA,3,3,160,"OKAZ, SOUTH RIYADH, RIYADH"
720000,FLOOR,5,4,176,"OKAZ, SOUTH RIYADH, RIYADH"
1070000,VILLA,5,4,272,"TUWAIQ, WEST RIYADH, RIYADH"
690000,FLOOR,4,4,181,"OKAZ, SOUTH RIYADH, RIYADH"
1400000,VILLA,6,1,345,"TUWAIQ, WEST RIYADH, RIYADH"
1300000,VILLA,3,3,300,"TUWAIQ, WEST RIYADH, RIYADH"
1050000,FLOOR,5,4,268,"TUWAIQ, WEST RIYADH, RIYADH"
950000,FLOOR,4,4,245,"TUWAIQ, WEST RIYADH, RIYADH"
1250000,VILLA,7,6,341,"BADR, SOUTH RIYADH, RIYADH"
620000,VILLA,4,5,160,"OKAZ, SOUTH RIYADH, RIYADH"
620000,VILLA,4,1,161,"OKAZ, SOUTH RIYADH, RIYADH"
1550000,VILLA,5,1,243,"TUWAIQ, WEST RIYADH, RIYADH"
1100000,VILLA,5,3,200,"TUWAIQ, WEST RIYADH, RIYADH"
1180000,VILLA,3,5,360,"OKAZ, SOUTH RIYADH, RIYADH"
1100000,VILLA,5,5,272,"TUWAIQ, WEST RIYADH, RIYADH"
1400000,VILLA,5,5,345,"TUWAIQ, WEST RIYADH, RIYADH"
1400000,VILLA,6,5,345,"TUWAIQ, WEST RIYADH, RIYADH"
1550000,VILLA,5,5,242,"TUWAIQ, WEST RIYADH, RIYADH"
1150000,FLOOR,5,4,157,"TUWAIQ, WEST RIYADH, RIYADH"
1250000,VILLA,5,5,341,"BADR, SOUTH RIYADH, RIYADH"
1600000,VILLA,5,1,149,"TUWAIQ, WEST RIYADH, RIYADH"
780000,VILLA,5,4,201,"BADR, SOUTH RIYADH, RIYADH"
690000,FLOOR,5,4,176,"OKAZ, SOUTH RIYADH, RIYADH"
850000,FLOOR,4,3,156,"OKAZ, SOUTH RIYADH, RIYADH"
1050000,VILLA,5,5,414,"TUWAIQ, WEST RIYADH, RIYADH"
550000,VILLA,4,4,500,"BADR, SOUTH RIYADH, RIYADH"
530000,APARTMENT,3,3,193,OTHER
600000,APARTMENT,5,5,161,OTHER
700000,VILLA,3,3,195,"OKAZ, SOUTH RIYADH, RIYADH"
900000,FLOOR,3,3,228,OTHER
600000,APARTMENT,3,3,161,OTHER
700000,VILLA,4,4,195,"OKAZ, SOUTH RIYADH, RIYADH"
900000,FLOOR,4,4,166,"TUWAIQ, WEST RIYADH, RIYADH"
900000,FLOOR,4,4,228,OTHER
800000,FLOOR,3,3,675,OTHER
850000,FLOOR,3,3,110,"TUWAIQ, WEST RIYADH, RIYADH"
1400000,VILLA,5,5,242,"TUWAIQ, WEST RIYADH, RIYADH"
900000,FLOOR,3,3,166,"TUWAIQ, WEST RIYADH, RIYADH"
680000,FLOOR,3,3,113,"BADR, SOUTH RIYADH, RIYADH"
1350000,VILLA,4,4,200,"TUWAIQ, WEST RIYADH, RIYADH"
700000,VILLA,4,1,196,"OKAZ, SOUTH RIYADH, RIYADH"
450000,APARTMENT,3,2,200,"BADR, SOUTH RIYADH, RIYADH"
850000,VILLA,5,5,217,"OKAZ, SOUTH RIYADH, RIYADH"
1000000,FLOOR,3,3,189,"TUWAIQ, WEST RIYADH, RIYADH"
600000,APARTMENT,4,4,161,OTHER
800000,FLOOR,5,4,500,OTHER
720000,FLOOR,5,4,181,"OKAZ, SOUTH RIYADH, RIYADH"
600000,APARTMENT,4,3,161,OTHER
700000,VILLA,4,3,196,"OKAZ, SOUTH RIYADH, RIYADH"
900000,FLOOR,3,2,165,"TUWAIQ, WEST RIYADH, RIYADH"
690000,FLOOR,4,3,182,"OKAZ, SOUTH RIYADH, RIYADH"
1070000,VILLA,5,1,266,"TUWAIQ, WEST RIYADH, RIYADH"
750000,FLOOR,4,1,128,OTHER
800000,FLOOR,5,3,675,OTHER
450000,APARTMENT,3,1,200,"BADR, SOUTH RIYADH, RIYADH"
700000,VILLA,4,5,195,"OKAZ, SOUTH RIYADH, RIYADH"
900000,FLOOR,4,3,228,OTHER
530000,APARTMENT,5,3,193,OTHER
1400000,VILLA,3,1,201,OTHER
750000,FLOOR,4,4,128,OTHER
1400000,VILLA,5,1,243,"TUWAIQ, WEST RIYADH, RIYADH"
820000,FLOOR,4,4,157,"TUWAIQ, WEST RIYADH, RIYADH"
800000,VILLA,5,4,218,"OKAZ, SOUTH RIYADH, RIYADH"
950000,APARTMENT,4,3,1400,OTHER
750000,FLOOR,4,4,185,OTHER
780000,VILLA,3,3,168,"BADR, SOUTH RIYADH, RIYADH"
1100000,FLOOR,4,4,183,OTHER
1300000,VILLA,4,5,207,OTHER
1050000,FLOOR,3,3,177,OTHER
900000,VILLA,3,5,149,OTHER
650000,VILLA,5,5,149,"BADR, SOUTH RIYADH, RIYADH"
750000,FLOOR,4,4,187,OTHER
650000,VILLA,5,4,149,"BADR, SOUTH RIYADH, RIYADH"
1150000,FLOOR,4,4,168,OTHER
1400000,VILLA,7,1,343,"BADR, SOUTH RIYADH, RIYADH"
1050000,VILLA,5,1,144,OTHER
1100000,VILLA,6,5,269,"TUWAIQ, WEST RIYADH, RIYADH"
1700000,VILLA,6,5,329,OTHER
750000,APARTMENT,2,2,74,OTHER
1100000,FLOOR,3,3,183,OTHER
900000,FLOOR,5,5,212,OTHER
670000,APARTMENT,3,3,94,"TUWAIQ, WEST RIYADH, RIYADH"
700000,APARTMENT,3,3,105,OTHER
780000,VILLA,3,5,168,"BADR, SOUTH RIYADH, RIYADH"
900000,VILLA,4,5,149,OTHER
750000,FLOOR,3,3,187,OTHER
850000,FLOOR,4,3,175,OTHER
750000,FLOOR,3,3,131,OTHER
780000,VILLA,5,5,173,"BADR, SOUTH RIYADH, RIYADH"
1400000,VILLA,5,5,300,"OKAZ, SOUTH RIYADH, RIYADH"
1350000,VILLA,7,5,312,"TUWAIQ, WEST RIYADH, RIYADH"
1200000,VILLA,5,4,300,OTHER
1350000,VILLA,7,5,311,"TUWAIQ, WEST RIYADH, RIYADH"
780000,VILLA,5,5,168,"BADR, SOUTH RIYADH, RIYADH"
600000,APARTMENT,4,3,105,"TUWAIQ, WEST RIYADH, RIYADH"
780000,APARTMENT,4,3,116,"TUWAIQ, WEST RIYADH, RIYADH"
850000,FLOOR,4,3,176,OTHER
950000,FLOOR,4,3,221,"TUWAIQ, WEST RIYADH, RIYADH"
1050000,VILLA,5,5,269,"TUWAIQ, WEST RIYADH, RIYADH"
1200000,VILLA,5,5,300,OTHER
839000,VILLA,7,7,186,"OKAZ, SOUTH RIYADH, RIYADH"
1300000,VILLA,5,5,269,"TUWAIQ, WEST RIYADH, RIYADH"
1150000,FLOOR,3,3,180,"TUWAIQ, WEST RIYADH, RIYADH"
650000,VILLA,3,3,149,"BADR, SOUTH RIYADH, RIYADH"
1350000,VILLA,7,4,312,"TUWAIQ, WEST RIYADH, RIYADH"
950000,FLOOR,4,3,283,"TUWAIQ, WEST RIYADH, RIYADH"
1150000,FLOOR,3,3,168,OTHER
7500000,VILLA,11,7,750,"AL MAHDIYAH, WEST RIYADH, RIYADH"
900000,FLOOR,4,4,212,OTHER
1200000,VILLA,5,6,171,OTHER
1200000,VILLA,6,7,301,OTHER
880000,VILLA,5,7,186,"OKAZ, SOUTH RIYADH, RIYADH"
950000,VILLA,5,5,203,OTHER
1450000,VILLA,7,5,171,"TUWAIQ, WEST RIYADH, RIYADH"
600000,APARTMENT,2,2,105,"TUWAIQ, WEST RIYADH, RIYADH"
700000,APARTMENT,2,2,105,OTHER
950000,FLOOR,3,3,212,"TUWAIQ, WEST RIYADH, RIYADH"
1200000,FLOOR,3,3,295,"TUWAIQ, WEST RIYADH, RIYADH"
1050000,VILLA,2,2,143,OTHER
850000,FLOOR,4,3,219,OTHER
950000,FLOOR,4,4,188,OTHER
1750000,VILLA,7,5,229,"TUWAIQ, WEST RIYADH, RIYADH"
630000,VILLA,7,5,325,"BADR, SOUTH RIYADH, RIYADH"
610000,VILLA,3,3,325,"BADR, SOUTH RIYADH, RIYADH"
630000,VILLA,3,3,325,"BADR, SOUTH RIYADH, RIYADH"
630000,VILLA,4,3,325,"BADR, SOUTH RIYADH, RIYADH"
1200000,VILLA,5,5,180,"OKAZ, SOUTH RIYADH, RIYADH"
550000,VILLA,2,2,500,"BADR, SOUTH RIYADH, RIYADH"
1250000,VILLA,5,4,242,OTHER
650000,VILLA,5,4,241,"BADR, SOUTH RIYADH, RIYADH"
1250000,VILLA,5,7,243,OTHER
1300000,VILLA,5,4,240,"TUWAIQ, WEST RIYADH, RIYADH"
1350000,VILLA,5,4,311,"TUWAIQ, WEST RIYADH, RIYADH"
1350000,VILLA,10,10,375,OTHER
970000,APARTMENT,3,3,146,OTHER
750000,APARTMENT,3,2,74,OTHER
1100000,FLOOR,3,3,209,OTHER
750000,APARTMENT,3,1,74,OTHER
780000,VILLA,5,5,242,"BADR, SOUTH RIYADH, RIYADH"
1200000,FLOOR,6,4,296,"TUWAIQ, WEST RIYADH, RIYADH"
1200000,VILLA,4,4,171,OTHER
1300000,VILLA,7,5,240,"TUWAIQ, WEST RIYADH, RIYADH"
690000,FLOOR,4,3,181,"OKAZ, SOUTH RIYADH, RIYADH"
720000,FLOOR,3,3,184,OTHER
800000,FLOOR,3,3,500,OTHER
1400000,VILLA,5,4,201,OTHER
720000,FLOOR,5,5,176,"OKAZ, SOUTH RIYADH, RIYADH"
