Price,Property Type,Number Of Bedrooms,Number Of Bathrooms,Area,Location
1249000,Floor,6,5,500,"Al Khaleej, East Riyadh, Riyadh"
499000,Apartment,3,3,154,"Al Sakb, Madina"
499000,Apartment,3,3,154,"Al Sakb, Madina"
499000,Apartment,3,3,154,"Al Sakb, Madina"
950000,Apartment,6,5,220,"Al Rabwa, North Jeddah, Jeddah"
560000,Apartment,4,4,134,"Al Rabwa, North Jeddah, Jeddah"
550000,Apartment,4,3,131,"Al Marwah, North Jeddah, Jeddah"
270000,Apartment,2,3,3200,"Al Faisaliyah, Central Jeddah, Jeddah"
360000,Apartment,3,4,3200,"Al Faisaliyah, Central Jeddah, Jeddah"
1149000,Apartment,3,1,138,"Qurtubah, East Riyadh, Riyadh"
580000,Apartment,5,3,173,"Al Waha, North Jeddah, Jeddah"
1589000,Apartment,2,2,625,"Al Aqiq, North Riyadh, Riyadh"
1700000,Floor,3,3,219,"Al Yasmin, North Riyadh, Riyadh"
950000,Apartment,3,3,134,"Al Munsiyah, East Riyadh, Riyadh"
619000,Apartment,5,1,151,"Al Waha, North Jeddah, Jeddah"
1150000,Apartment,5,4,696,"Al Nahdah, North Jeddah, Jeddah"
3500000,Villa,6,5,350,"Al Yasmin, North Riyadh, Riyadh"
1200000,Floor,5,3,157,"Al Rimal, East Riyadh, Riyadh"
650000,Apartment,5,4,175,"Al Waha, North Jeddah, Jeddah"
700000,Apartment,5,3,159,"Al Fayhaa, North Jeddah, Jeddah"
540000,Apartment,5,3,184,"Badr, Dammam"
1180000,Villa,7,5,250,"King Fahd Suburb, Dammam"
840000,Apartment,3,3,192,"Al Faisaliyah, Central Jeddah, Jeddah"
1130000,Apartment,6,5,660,"Al Salamah, North Jeddah, Jeddah"
700000,Apartment,4,4,2400,"Al Rawdah, North Jeddah, Jeddah"
840000,Apartment,3,3,127,"Al Zahraa, North Jeddah, Jeddah"
1550000,Apartment,6,5,235,"Al Zahraa, North Jeddah, Jeddah"
1450000,Apartment,6,4,203,"Al Zahraa, North Jeddah, Jeddah"
850000,Apartment,3,4,467,"Al Zahraa, North Jeddah, Jeddah"
2200000,Apartment,7,7,600,"Al Nahdah, North Jeddah, Jeddah"
625000,Apartment,3,4,763,"Al Nahdah, North Jeddah, Jeddah"
730000,Apartment,4,4,763,"Al Nahdah, North Jeddah, Jeddah"
900000,Apartment,4,4,763,"Al Nahdah, North Jeddah, Jeddah"
1700000,Apartment,5,4,2000,"Al Nahdah, North Jeddah, Jeddah"
700000,Apartment,4,3,728,"Al Zahraa, North Jeddah, Jeddah"
1350000,Apartment,5,4,194,"Al Zahraa, North Jeddah, Jeddah"
840000,Apartment,3,3,127,"Al Zahraa, North Jeddah, Jeddah"
585000,Apartment,2,3,2000,"Al Nahdah, North Jeddah, Jeddah"
625000,Apartment,3,3,763,"Al Nahdah, North Jeddah, Jeddah"
550000,Apartment,2,2,600,"Al Nahdah, North Jeddah, Jeddah"
455000,Apartment,5,3,184,"Badr, Dammam"
390000,Apartment,4,3,133,"Al Nur, Dammam"
650000,Apartment,5,4,154,"Al Safa, North Jeddah, Jeddah"
615000,Building,4,3,159,"Mudhainib, Madina"
975000,Apartment,3,3,900,"Al Arid, North Riyadh, Riyadh"
450000,Apartment,1,2,2000,"Al Nahdah, North Jeddah, Jeddah"
585000,Apartment,2,3,2000,"Al Nahdah, North Jeddah, Jeddah"
795000,Apartment,4,4,2000,"Al Nahdah, North Jeddah, Jeddah"
494000,Apartment,4,4,3200,"Al Faisaliyah, Central Jeddah, Jeddah"
475000,Apartment,3,4,660,"Al Salamah, North Jeddah, Jeddah"
700000,Apartment,4,4,2400,"Al Rawdah, North Jeddah, Jeddah"
580000,Apartment,4,4,660,"Al Salamah, North Jeddah, Jeddah"
550000,Apartment,2,2,600,"Al Nahdah, North Jeddah, Jeddah"
475000,Apartment,4,3,660,"Al Salamah, North Jeddah, Jeddah"
494000,Apartment,4,4,3200,"Al Faisaliyah, Central Jeddah, Jeddah"
700000,Apartment,4,4,2400,"Al Rawdah, North Jeddah, Jeddah"
475000,Apartment,3,4,660,"Al Salamah, North Jeddah, Jeddah"
494000,Apartment,4,4,3200,"Al Faisaliyah, Central Jeddah, Jeddah"
630000,Apartment,3,2,150,"Al Hamra, Al Khobar"
950000,Floor,4,5,157,"Badr, South Riyadh, Riyadh"
1340000,Apartment,1,2,102,"Al Malqa, North Riyadh, Riyadh"
3300000,Villa,5,1,200,"Al Arid, North Riyadh, Riyadh"
912000,Floor,3,3,9800,"Al Safa, East Riyadh, Riyadh"
1614000,Floor,2,1,775,"King Fahd, North Riyadh, Riyadh"
1589000,Floor,2,1,618,"Al Malqa, North Riyadh, Riyadh"
1335000,Villa,5,6,250,"Tuwaiq, West Riyadh, Riyadh"
420000,Apartment,3,3,104,"Al Rabwa, North Jeddah, Jeddah"
600000,Apartment,4,2,94,"Al Safa, North Jeddah, Jeddah"
620000,Apartment,3,4,2400,"Al Rawdah, North Jeddah, Jeddah"
2100000,Apartment,10,10,2400,"Al Rawdah, North Jeddah, Jeddah"
2200000,Apartment,7,8,600,"Al Nahdah, North Jeddah, Jeddah"
625000,Apartment,3,4,763,"Al Nahdah, North Jeddah, Jeddah"
950000,Apartment,4,3,127,"Al Zahraa, North Jeddah, Jeddah"
900000,Apartment,4,4,763,"Al Nahdah, North Jeddah, Jeddah"
585000,Apartment,2,3,2000,"Al Nahdah, North Jeddah, Jeddah"
795000,Apartment,4,4,2000,"Al Nahdah, North Jeddah, Jeddah"
620000,Apartment,3,4,2400,"Al Rawdah, North Jeddah, Jeddah"
600000,Apartment,3,3,728,"Al Zahraa, North Jeddah, Jeddah"
2050000,Villa,3,1,220,"Al Rimal, East Riyadh, Riyadh"
1835000,Apartment,3,1,3231,"Al Yasmin, North Riyadh, Riyadh"
799000,Apartment,3,3,1450,"Al Rimal, East Riyadh, Riyadh"
669000,Apartment,3,3,16975,"Umm Hablain Al Gharbia, Jeddah"
500000,Apartment,4,3,119,"Al Waha, North Jeddah, Jeddah"
1004500,Floor,4,2,185,"Al Rawabi, East Riyadh, Riyadh"
1550000,Villa,5,5,297,"Al Bayan Neighborhood, East Riyadh, Riyadh"
1500000,Villa,8,6,437,"Al Sheraa, Al Khobar"
1250000,Floor,7,4,625,"Al Noor District, Khamis Mushait"
1100000,Apartment,3,3,152,"Al Fayhaa, North Jeddah, Jeddah"
930000,Apartment,5,4,189,"Al Zahraa, North Jeddah, Jeddah"
1250000,Apartment,8,8,3200,"Al Faisaliyah, Central Jeddah, Jeddah"
1130000,Apartment,6,5,660,"Al Salamah, North Jeddah, Jeddah"
770000,Apartment,4,3,600,"Al Nahdah, North Jeddah, Jeddah"
480000,Apartment,2,3,2400,"Al Rawdah, North Jeddah, Jeddah"
625000,Apartment,2,4,763,"Al Nahdah, North Jeddah, Jeddah"
550000,Apartment,2,2,600,"Al Nahdah, North Jeddah, Jeddah"
730000,Apartment,2,4,763,"Al Nahdah, North Jeddah, Jeddah"
900000,Apartment,4,4,763,"Al Nahdah, North Jeddah, Jeddah"
450000,Apartment,1,2,2000,"Al Nahdah, North Jeddah, Jeddah"
585000,Apartment,2,3,2000,"Al Nahdah, North Jeddah, Jeddah"
5200000,Villa,5,5,375,"Al Yasmin, North Riyadh, Riyadh"
2750000,Villa,7,6,320,"Al Mahdiyah, West Riyadh, Riyadh"
1896250,Floor,3,5,185,"Al Yasmin, North Riyadh, Riyadh"
520000,Apartment,3,2,550,"Al Salamah, North Jeddah, Jeddah"
3100000,Villa,4,5,250,"Al Narjis, North Riyadh, Riyadh"
900000,Apartment,3,4,192,"Al Hamra, Al Khobar"
1350000,Apartment,3,3,147,"Al Narjis, North Riyadh, Riyadh"
980000,Floor,3,3,168,"Al Rimal, East Riyadh, Riyadh"
2700000,Villa,10,4,462,"Al Bawadi, North Jeddah, Jeddah"
2710784,Rest House,4,2,847,"Shadhah, Madina"
985000,Apartment,6,4,218,"Al Rabwa, North Jeddah, Jeddah"
1150000,Apartment,5,4,696,"Al Nahdah, North Jeddah, Jeddah"
660000,Apartment,2,4,2000,"Al Nahdah, North Jeddah, Jeddah"
620000,Apartment,3,4,2400,"Al Rawdah, North Jeddah, Jeddah"
1700000,Apartment,5,4,2000,"Al Nahdah, North Jeddah, Jeddah"
800000,Apartment,4,4,696,"Al Nahdah, North Jeddah, Jeddah"
730000,Apartment,4,4,763,"Al Nahdah, North Jeddah, Jeddah"
1150000,Apartment,5,4,696,"Al Nahdah, North Jeddah, Jeddah"
950000,Apartment,4,3,127,"Al Zahraa, North Jeddah, Jeddah"
729000,Apartment,4,4,206,"Mudhainib, Madina"
4200000,Villa,8,7,329,"Al Arid, North Riyadh, Riyadh"
990000,Apartment,5,3,194,"Al Khaleej, East Riyadh, Riyadh"
1900000,Villa,5,5,270,"Al Murjan, East Riyadh, Riyadh"
900000,Rest House,2,2,405,"Badr, South Riyadh, Riyadh"
1000000,Floor,4,4,166,"Al Rimal, East Riyadh, Riyadh"
800000,Floor,3,3,166,"Al Rimal, East Riyadh, Riyadh"
660000,Apartment,3,4,2000,"Al Nahdah, North Jeddah, Jeddah"
625000,Apartment,3,4,763,"Al Nahdah, North Jeddah, Jeddah"
730000,Apartment,4,4,763,"Al Nahdah, North Jeddah, Jeddah"
450000,Apartment,1,2,2000,"Al Nahdah, North Jeddah, Jeddah"
950000,Apartment,4,3,127,"Al Zahraa, North Jeddah, Jeddah"
600000,Apartment,3,3,728,"Al Zahraa, North Jeddah, Jeddah"
770000,Apartment,4,3,600,"Al Nahdah, North Jeddah, Jeddah"
494000,Apartment,4,4,3200,"Al Faisaliyah, Central Jeddah, Jeddah"
2000000,Floor,3,3,151,"Al Olaya, North Riyadh, Riyadh"
1800000,Apartment,4,4,156,"Al Narjis, North Riyadh, Riyadh"
6300000,Residential Building,11,11,500,"Al Naim, North Jeddah, Jeddah"
600000,Apartment,3,3,728,"Al Zahraa, North Jeddah, Jeddah"
650000,Apartment,3,3,600,"Al Nahdah, North Jeddah, Jeddah"
625000,Apartment,3,4,763,"Al Nahdah, North Jeddah, Jeddah"
900000,Apartment,4,4,763,"Al Nahdah, North Jeddah, Jeddah"
795000,Apartment,2,3,2000,"Al Nahdah, North Jeddah, Jeddah"
3700000,Villa,5,4,420,"Al Mahdiyah, West Riyadh, Riyadh"
2150000,Villa,5,6,225,"Al Rimal, East Riyadh, Riyadh"
865000,Apartment,4,3,130,"Dhahrat Laban, West Riyadh, Riyadh"
570000,Apartment,5,4,211,"Al Sakb, Madina"
1250000,Floor,5,4,400,"Al Ranuna, Madina"
3200000,Villa,4,7,400,"Al Sawari, North Jeddah, Jeddah"
1700000,Apartment,5,4,2000,"Al Nahdah, North Jeddah, Jeddah"
620000,Apartment,3,4,2400,"Al Rawdah, North Jeddah, Jeddah"
2100000,Apartment,8,10,2400,"Al Rawdah, North Jeddah, Jeddah"
475000,Apartment,3,4,660,"Al Salamah, North Jeddah, Jeddah"
580000,Apartment,4,4,660,"Al Salamah, North Jeddah, Jeddah"
1130000,Apartment,6,5,660,"Al Salamah, North Jeddah, Jeddah"
1550000,Apartment,6,5,235,"Al Zahraa, North Jeddah, Jeddah"
700000,Apartment,4,3,728,"Al Zahraa, North Jeddah, Jeddah"
550000,Apartment,2,3,763,"Al Nahdah, North Jeddah, Jeddah"
795000,Apartment,4,4,2000,"Al Nahdah, North Jeddah, Jeddah"
625000,Apartment,3,3,696,"Al Nahdah, North Jeddah, Jeddah"
600000,Apartment,5,3,186,"King Fahd, Makkah"
525000,Apartment,4,2,128,"Al Marwah, North Jeddah, Jeddah"
795000,Apartment,4,4,2000,"Al Nahdah, North Jeddah, Jeddah"
900000,Apartment,4,4,763,"Al Nahdah, North Jeddah, Jeddah"
2200000,Apartment,7,8,600,"Al Nahdah, North Jeddah, Jeddah"
670000,Apartment,5,4,164,"Al Safa, North Jeddah, Jeddah"
650000,Apartment,4,3,517,"Al Rawdah, North Jeddah, Jeddah"
730000,Apartment,4,4,763,"Al Nahdah, North Jeddah, Jeddah"
580000,Apartment,4,4,660,"Al Salamah, North Jeddah, Jeddah"
360000,Apartment,3,4,3200,"Al Faisaliyah, Central Jeddah, Jeddah"
240000,Apartment,1,1,3200,"Al Faisaliyah, Central Jeddah, Jeddah"
795000,Apartment,4,4,2000,"Al Nahdah, North Jeddah, Jeddah"
1550000,Apartment,6,5,235,"Al Zahraa, North Jeddah, Jeddah"
550000,Apartment,2,2,600,"Al Nahdah, North Jeddah, Jeddah"
795000,Apartment,4,4,2000,"Al Nahdah, North Jeddah, Jeddah"
240000,Apartment,1,1,3200,"Al Faisaliyah, Central Jeddah, Jeddah"
360000,Apartment,3,4,3200,"Al Faisaliyah, Central Jeddah, Jeddah"
580000,Apartment,4,4,660,"Al Salamah, North Jeddah, Jeddah"
730000,Apartment,4,4,763,"Al Nahdah, North Jeddah, Jeddah"
660000,Apartment,3,4,2000,"Al Nahdah, North Jeddah, Jeddah"
660000,Apartment,3,4,2000,"Al Nahdah, North Jeddah, Jeddah"
580000,Apartment,4,4,660,"Al Salamah, North Jeddah, Jeddah"
499000,Apartment,3,4,154,"Al Sakb, Madina"
465000,Apartment,3,1,118,"Dirab, West Riyadh, Riyadh"
520000,Apartment,4,2,128,"Al Waha, North Jeddah, Jeddah"
499000,Apartment,3,4,154,"Al Sakb, Madina"
590000,Apartment,3,4,154,"Al Sakb, Madina"
2300000,Villa,4,6,327,"Al Saadah, East Riyadh, Riyadh"
350000,Apartment,3,2,999,"Al Safa, North Jeddah, Jeddah"
729000,Apartment,3,4,206,"Mudhainib, Madina"
770000,Apartment,4,3,600,"Al Nahdah, North Jeddah, Jeddah"
1130000,Apartment,6,5,660,"Al Salamah, North Jeddah, Jeddah"
625000,Apartment,3,3,696,"Al Nahdah, North Jeddah, Jeddah"
1200000,Apartment,6,6,728,"Al Zahraa, North Jeddah, Jeddah"
950000,Apartment,4,3,127,"Al Zahraa, North Jeddah, Jeddah"
1250000,Apartment,8,8,3200,"Al Faisaliyah, Central Jeddah, Jeddah"
1150000,Apartment,5,4,696,"Al Nahdah, North Jeddah, Jeddah"
1450000,Apartment,6,4,203,"Al Zahraa, North Jeddah, Jeddah"
950000,Apartment,4,3,127,"Al Zahraa, North Jeddah, Jeddah"
600000,Apartment,3,3,728,"Al Zahraa, North Jeddah, Jeddah"
480000,Apartment,2,3,2400,"Al Rawdah, North Jeddah, Jeddah"
475000,Apartment,3,4,660,"Al Salamah, North Jeddah, Jeddah"
270000,Apartment,2,3,3200,"Al Faisaliyah, Central Jeddah, Jeddah"
494000,Apartment,4,4,3200,"Al Faisaliyah, Central Jeddah, Jeddah"
900000,Apartment,4,4,763,"Al Nahdah, North Jeddah, Jeddah"
1700000,Apartment,4,3,171,"Al Yasmin, North Riyadh, Riyadh"
670000,Apartment,5,4,163,"Al Safa, North Jeddah, Jeddah"
499000,Apartment,3,4,154,"Al Sakb, Madina"
2220000,Villa,3,1,930,"Al Narjis, North Riyadh, Riyadh"
729000,Apartment,4,4,206,"Mudhainib, Madina"
409000,Apartment,2,3,973,"Mudhainib, Madina"
1150000,Apartment,5,4,696,"Al Nahdah, North Jeddah, Jeddah"
700000,Apartment,2,3,2330,"Al Zahraa, North Jeddah, Jeddah"
1200000,Apartment,6,6,238,"Al Zahraa, North Jeddah, Jeddah"
1150000,Apartment,5,4,696,"Al Nahdah, North Jeddah, Jeddah"
1200000,Apartment,6,6,728,"Al Zahraa, North Jeddah, Jeddah"
950000,Apartment,4,3,127,"Al Zahraa, North Jeddah, Jeddah"
800000,Apartment,3,4,467,"Al Zahraa, North Jeddah, Jeddah"
2500000,Villa,8,8,405,"Okaz, South Riyadh, Riyadh"
440000,Apartment,3,3,131,"Badr, South Riyadh, Riyadh"
1400000,Villa,7,4,345,"Tuwaiq, West Riyadh, Riyadh"
695000,Villa,6,3,143,"Al Hazm, West Riyadh, Riyadh"
695000,Apartment,5,3,159,"Al Rayaan, North Jeddah, Jeddah"
1900000,Apartment,3,4,92,"Al Malqa, North Riyadh, Riyadh"
800000,Apartment,5,4,156,"Al Rabwa, North Jeddah, Jeddah"
1150000,Apartment,3,3,142,"Al Munsiyah, East Riyadh, Riyadh"
499000,Apartment,3,4,154,"Al Sakb, Madina"
3000000,Villa,5,5,338,"Al Rimal, East Riyadh, Riyadh"
460000,Apartment,3,3,113,"Al Rabwa, North Jeddah, Jeddah"
2249000,Floor,3,3,660,"Al Olaya, North Riyadh, Riyadh"
1600000,Apartment,3,3,55,"Al Olaya, North Riyadh, Riyadh"
1700000,Apartment,6,6,2000,"Al Nahdah, North Jeddah, Jeddah"
730000,Apartment,4,4,763,"Al Nahdah, North Jeddah, Jeddah"
2200000,Apartment,7,9,600,"Al Nahdah, North Jeddah, Jeddah"
700000,Apartment,4,4,2400,"Al Rawdah, North Jeddah, Jeddah"
1150000,Apartment,5,4,696,"Al Nahdah, North Jeddah, Jeddah"
1200000,Apartment,6,6,728,"Al Zahraa, North Jeddah, Jeddah"
995000,Apartment,2,3,137,"Al Rimal, East Riyadh, Riyadh"
750000,Apartment,5,4,166,"Mishrifah, North Jeddah, Jeddah"
860000,Apartment,6,4,225,"Al Faisaliyah, Central Jeddah, Jeddah"
490000,Apartment,4,3,184,"Al Suways 2, Jazan"
1100000,Apartment,5,4,192,"Al Salamah, North Jeddah, Jeddah"
1200000,Apartment,3,3,153,"Al Munsiyah, East Riyadh, Riyadh"
1100000,Apartment,3,3,143,"Al Munsiyah, East Riyadh, Riyadh"
3900000,Villa,5,11,264,"Al Shati, North Jeddah, Jeddah"
1250000,Apartment,5,4,206,"Al Salamah, North Jeddah, Jeddah"
1150000,Apartment,5,4,204,"Al Zahraa, North Jeddah, Jeddah"
3000000,Villa,6,5,537,"Al Rimal, East Riyadh, Riyadh"
1300000,Floor,4,4,172,"Al Munsiyah, East Riyadh, Riyadh"
450000,Apartment,4,3,130,"Al Waha, North Jeddah, Jeddah"
625000,Apartment,3,3,696,"Al Nahdah, North Jeddah, Jeddah"
1150000,Apartment,5,4,696,"Al Nahdah, North Jeddah, Jeddah"
585000,Apartment,2,3,2000,"Al Nahdah, North Jeddah, Jeddah"
450000,Apartment,1,2,2000,"Al Nahdah, North Jeddah, Jeddah"
950000,Apartment,4,3,127,"Al Zahraa, North Jeddah, Jeddah"
1450000,Apartment,6,4,203,"Al Zahraa, North Jeddah, Jeddah"
820000,Apartment,6,5,237,"Al Bawadi, North Jeddah, Jeddah"
550000,Apartment,5,4,125,"Al Salamah, North Jeddah, Jeddah"
4000000,Villa,11,9,625,"Obhur Al Shamaliyah, North Jeddah, Jeddah"
1750000,Villa,7,5,313,"Al Yaqout, North Jeddah, Jeddah"
560000,Apartment,4,3,154,"Al Hazm, West Riyadh, Riyadh"
1450000,Apartment,6,4,203,"Al Zahraa, North Jeddah, Jeddah"
860,Apartment,3,3,2330,"Al Zahraa, North Jeddah, Jeddah"
609000,Apartment,4,3,524,"Al Rawdah, North Jeddah, Jeddah"
770000,Apartment,4,3,121,"Al Saadah, East Riyadh, Riyadh"
1300000,Apartment,5,4,163,"Al Saadah, East Riyadh, Riyadh"
590000,Apartment,4,3,137,"Mishrifah, North Jeddah, Jeddah"
3500000,Villa,7,7,343,"Qurtubah, East Riyadh, Riyadh"
550000,Apartment,4,4,152,"Al Waha, North Jeddah, Jeddah"
620000,Apartment,4,5,141,"Al Fayhaa, North Jeddah, Jeddah"
880000,Apartment,6,5,215,"Al Fayhaa, North Jeddah, Jeddah"
680000,Apartment,5,5,175,"Al Fayhaa, North Jeddah, Jeddah"
1200000,Apartment,6,6,728,"Al Zahraa, North Jeddah, Jeddah"
2450000,Apartment,3,4,174,"Obhur Al Janoubiyah, North Jeddah, Jeddah"
1900000,Floor,4,3,188,"Al Malqa, North Riyadh, Riyadh"
8719000,Villa,9,7,750,"Al Mahdiyah, West Riyadh, Riyadh"
3500000,Villa,4,3,687,"Al Nahdah, North Jeddah, Jeddah"
1600000,Apartment,3,3,900,"Al Malqa, North Riyadh, Riyadh"
6500000,Villa,6,5,447,"King Abduallah, North Riyadh, Riyadh"
920000,Apartment,4,4,478,"Al Mahdiyah, West Riyadh, Riyadh"
3000000,Villa,4,7,400,"Al Mahdiyah, West Riyadh, Riyadh"
1850000,Villa,5,5,400,"Al Mahdiyah, West Riyadh, Riyadh"
3200000,Villa,8,6,312,"Al Arid, North Riyadh, Riyadh"
530000,Apartment,5,4,190,"An Nuzhah 1, Ahad Rafidah"
640000,Apartment,5,4,157,"Al Fayhaa, North Jeddah, Jeddah"
600000,Apartment,4,4,140,"Al Fayhaa, North Jeddah, Jeddah"
860000,Apartment,6,5,213,"Al Fayhaa, North Jeddah, Jeddah"
740000,Apartment,6,5,199,"Al Marwah, North Jeddah, Jeddah"
660000,Apartment,5,5,167,"Al Marwah, North Jeddah, Jeddah"
660000,Apartment,5,5,165,"Al Safa, North Jeddah, Jeddah"
820000,Apartment,6,5,193,"Al Safa, North Jeddah, Jeddah"
950000,Apartment,5,4,213,"Al Manar, North Jeddah, Jeddah"
860000,Apartment,5,4,213,"Al Manar, North Jeddah, Jeddah"
1650000,Villa,7,6,200,"Al Lulu, North Jeddah, Jeddah"
3400000,Villa,7,6,625,"Al Zumorrud, North Jeddah, Jeddah"
995000,Apartment,3,3,137,"Al Rimal, East Riyadh, Riyadh"
4850000,Villa,8,7,750,"Al Zumorrud, North Jeddah, Jeddah"
1400000,Villa,5,5,200,"Dhahrat Laban, West Riyadh, Riyadh"
770000,Apartment,4,4,696,"Al Nahdah, North Jeddah, Jeddah"
3049000,Villa,4,4,6682,"Al Bahar, Al Khobar"
1748875,Villa,4,4,198,"Al Narjis, North Riyadh, Riyadh"
1220000,Apartment,3,3,1600,"Al Arid, North Riyadh, Riyadh"
717000,Apartment,3,3,18490,"Al Rimal, East Riyadh, Riyadh"
2299000,Villa,4,4,204,"Al Safa, East Riyadh, Riyadh"
1199000,Apartment,4,3,199,"Al Qadisiyah, East Riyadh, Riyadh"
789000,Apartment,3,3,5857,"Al Bahar, Al Khobar"
950000,Apartment,5,4,213,"Al Manar, North Jeddah, Jeddah"
570000,Apartment,4,3,139,"Al Aziziyah, North Jeddah, Jeddah"
1200000,Floor,6,3,178,"Al Bayan Neighborhood, East Riyadh, Riyadh"
950000,Apartment,3,3,104,"Al Rawabi, East Riyadh, Riyadh"
2800000,Villa,11,7,405,"Al Fayha, East Riyadh, Riyadh"
1070000,Apartment,4,3,122,"Al Rawabi, East Riyadh, Riyadh"
1650000,Villa,5,4,356,"Al Bayan Neighborhood, East Riyadh, Riyadh"
1400000,Villa,5,9,285,"Al Lulu, Al Khobar"
3650000,Villa,5,5,324,"Al Munsiyah, East Riyadh, Riyadh"
590000,Apartment,5,4,158,"Al Marwah, North Jeddah, Jeddah"
950000,Apartment,4,3,127,"Al Zahraa, North Jeddah, Jeddah"
795000,Apartment,4,4,2000,"Al Nahdah, North Jeddah, Jeddah"
830000,Apartment,3,3,467,"Al Zahraa, North Jeddah, Jeddah"
469000,Apartment,2,3,120,"Okaz, South Riyadh, Riyadh"
1850000,Apartment,6,6,2000,"Al Nahdah, North Jeddah, Jeddah"
1200000,Apartment,6,6,238,"Al Zahraa, North Jeddah, Jeddah"
1549000,Floor,3,3,175,"Al Olaya, North Riyadh, Riyadh"
2660000,Villa,4,4,1248,"Al Narjis, North Riyadh, Riyadh"
409000,Apartment,2,3,973,"Mudhainib, Madina"
599500,Floor,3,1,1059,"Al Safa, East Riyadh, Riyadh"
729000,Apartment,4,4,206,"Mudhainib, Madina"
6500000,Villa,10,7,450,"Al Malqa, North Riyadh, Riyadh"
1000000,Villa,4,6,215,"Al Janadriyah, East Riyadh, Riyadh"
573000,Apartment,3,3,4399,"Al Janadriyah, East Riyadh, Riyadh"
760000,Apartment,5,3,140,"Al Salamah, North Jeddah, Jeddah"
1150000,Apartment,5,3,162,"Al Salamah, North Jeddah, Jeddah"
900000,Apartment,6,5,235,"Al Nuzhah, North Jeddah, Jeddah"
550000,Apartment,2,3,763,"Al Nahdah, North Jeddah, Jeddah"
700000,Apartment,4,3,728,"Al Zahraa, North Jeddah, Jeddah"
600000,Apartment,3,3,728,"Al Zahraa, North Jeddah, Jeddah"
600000,Apartment,3,3,728,"Al Zahraa, North Jeddah, Jeddah"
550000,Apartment,2,3,763,"Al Nahdah, North Jeddah, Jeddah"
700000,Apartment,4,4,145,"Al Zahraa, North Jeddah, Jeddah"
1189000,Floor,3,5,178,"Al Malaz, Central Riyadh, Riyadh"
879000,Apartment,2,2,111,"Al Rawdah, East Riyadh, Riyadh"
1300000,Villa,7,6,305,"Al Salehiyah, North Jeddah, Jeddah"
850000,Floor,3,4,201,"Al Suwaidi, West Riyadh, Riyadh"
650000,Apartment,4,3,123,"Al Salamah, North Jeddah, Jeddah"
739,Floor,4,4,186,"Okaz, South Riyadh, Riyadh"
2350000,Villa,6,6,453,"Al Mahdiyah, West Riyadh, Riyadh"
1150000,Floor,4,4,183,"Al Rimal, East Riyadh, Riyadh"
780000,Apartment,3,3,134,"Al Rimal, East Riyadh, Riyadh"
780000,Floor,3,3,143,"Al Rimal, East Riyadh, Riyadh"
480000,Apartment,2,3,2400,"Al Rawdah, North Jeddah, Jeddah"
650000,Apartment,3,3,600,"Al Nahdah, North Jeddah, Jeddah"
580000,Apartment,4,3,660,"Al Salamah, North Jeddah, Jeddah"
600000,Apartment,3,3,728,"Al Zahraa, North Jeddah, Jeddah"
625000,Apartment,3,3,696,"Al Nahdah, North Jeddah, Jeddah"
700000,Apartment,4,3,2330,"Al Zahraa, North Jeddah, Jeddah"
600000,Apartment,3,3,728,"Al Zahraa, North Jeddah, Jeddah"
660000,Apartment,3,4,2000,"Al Nahdah, North Jeddah, Jeddah"
550000,Apartment,2,3,763,"Al Nahdah, North Jeddah, Jeddah"
650000,Apartment,3,3,600,"Al Nahdah, North Jeddah, Jeddah"
650000,Apartment,4,3,111,"Al Salamah, North Jeddah, Jeddah"
460000,Apartment,4,3,161,"Ar Rehab 1, Jazan"
500000,Apartment,5,3,188,"Al Muhammadiyah 1, Jazan"
530000,Apartment,5,3,205,"Al Muhammadiyah 2, Jazan"
630000,Apartment,5,3,212,"Ar Rehab 1, Jazan"
750000,Apartment,4,3,114,"Al Rawdah, North Jeddah, Jeddah"
2200000,Villa,5,5,327,"Al Mahdiyah, West Riyadh, Riyadh"
1400000,Villa,4,5,209,"Al Lulu, North Jeddah, Jeddah"
580000,Apartment,3,3,100,"Al Naim, North Jeddah, Jeddah"
620000,Apartment,4,4,2400,"Al Rawdah, North Jeddah, Jeddah"
375000,Apartment,2,3,660,"Al Salamah, North Jeddah, Jeddah"
1250000,Apartment,8,8,3200,"Al Faisaliyah, Central Jeddah, Jeddah"
600000,Apartment,3,3,728,"Al Zahraa, North Jeddah, Jeddah"
660000,Apartment,3,4,2000,"Al Nahdah, North Jeddah, Jeddah"
625000,Apartment,3,3,696,"Al Nahdah, North Jeddah, Jeddah"
700000,Apartment,4,3,2330,"Al Zahraa, North Jeddah, Jeddah"
660000,Apartment,3,4,2000,"Al Nahdah, North Jeddah, Jeddah"
795000,Apartment,4,4,2000,"Al Nahdah, North Jeddah, Jeddah"
939000,Apartment,2,2,101,"Al Rawdah, East Riyadh, Riyadh"
979000,Apartment,3,3,145,"Al Rawdah, East Riyadh, Riyadh"
899000,Apartment,3,3,121,"Al Rawdah, East Riyadh, Riyadh"
519000,Apartment,2,3,130,"Okaz, South Riyadh, Riyadh"
1129000,Apartment,3,3,157,"Al Narjis, North Riyadh, Riyadh"
939000,Apartment,2,3,101,"Al Rawdah, East Riyadh, Riyadh"
1800000,Villa,11,8,312,"Obhur Al Shamaliyah, North Jeddah, Jeddah"
430000,Apartment,4,4,155,"Al Safa, North Jeddah, Jeddah"
1200000,Floor,3,4,375,"Dahiat Namar, West Riyadh, Riyadh"
730000,Apartment,5,3,130,"Al Naim, North Jeddah, Jeddah"
6700000,Floor,4,4,222,"Badr, South Riyadh, Riyadh"
2400000,Villa,6,7,300,"Al Sheraa, North Jeddah, Jeddah"
1200000,Apartment,3,2,133,"Al Fayhaa, North Jeddah, Jeddah"
900000,Apartment,5,3,176,"Al Naim, North Jeddah, Jeddah"
600000,Apartment,3,3,728,"Al Zahraa, North Jeddah, Jeddah"
800000,Apartment,4,4,696,"Al Nahdah, North Jeddah, Jeddah"
600000,Apartment,4,3,129,"Al Ajwad, North Jeddah, Jeddah"
780000,Apartment,4,4,600,"Al Nahdah, North Jeddah, Jeddah"
1250000,Apartment,8,8,3200,"Al Faisaliyah, Central Jeddah, Jeddah"
700000,Apartment,4,3,2330,"Al Zahraa, North Jeddah, Jeddah"
450000,Apartment,4,3,173,"Al Rayaan, North Jeddah, Jeddah"
700000,Apartment,5,4,173,"Al Rayaan, North Jeddah, Jeddah"
1450000,Apartment,6,4,203,"Al Zahraa, North Jeddah, Jeddah"
1550000,Apartment,6,5,235,"Al Zahraa, North Jeddah, Jeddah"
1209000,Apartment,3,3,129,"Al Rawdah, East Riyadh, Riyadh"
489000,Apartment,2,3,131,"Okaz, South Riyadh, Riyadh"
539000,Apartment,2,3,145,"Okaz, South Riyadh, Riyadh"
539000,Apartment,2,3,145,"Okaz, South Riyadh, Riyadh"
559000,Apartment,2,3,149,"Okaz, South Riyadh, Riyadh"
700000,Apartment,4,3,117,"Al Rawdah, North Jeddah, Jeddah"
750000,Apartment,3,4,174,"Al Saif, Dammam"
4200000,Villa,6,6,385,"Al Yasmin, North Riyadh, Riyadh"
520000,Apartment,3,4,183,"Al Dhurfah, Khamis Mushait"
520000,Apartment,3,4,183,"Al Dhurfah, Khamis Mushait"
520000,Apartment,3,4,183,"Al Dhurfah, Khamis Mushait"
530000,Apartment,3,3,163,"Okaz, South Riyadh, Riyadh"
550000,Apartment,5,4,160,"Al Rayaan, North Jeddah, Jeddah"
550000,Apartment,3,3,128,"Al Zahrah, West Riyadh, Riyadh"
2100000,Villa,6,8,435,"Alawali, West Riyadh, Riyadh"
810000,Apartment,3,4,189,"Al Shati Al Sharqi, Dammam"
800000,Apartment,5,3,181,"Al Shati Al Sharqi, Dammam"
800000,Apartment,3,4,171,"Al Shati Al Sharqi, Dammam"
800000,Apartment,5,4,189,"Al Shati Al Sharqi, Dammam"
780000,Apartment,4,3,124,"Al Rawdah, North Jeddah, Jeddah"
4500000,Villa,8,7,438,"Al Mahdiyah, West Riyadh, Riyadh"
550000,Apartment,3,4,135,"Al Hamra, Al Khobar"
580000,Apartment,3,4,142,"Al Hamra, Al Khobar"
700000,Apartment,4,3,119,"Dhahrat Laban, West Riyadh, Riyadh"
9500000,Villa,7,7,930,"Al Rawdah, East Riyadh, Riyadh"
460,Apartment,4,3,136,"Al Mraikh, North Jeddah, Jeddah"
590000,Apartment,3,3,131,"Dhahrat Laban, West Riyadh, Riyadh"
2500000,Villa,6,9,351,"Al Naim, North Jeddah, Jeddah"
950000,Floor,4,3,380,"Tuwaiq, West Riyadh, Riyadh"
1350000,Apartment,7,5,223,"Al Nahdah, North Jeddah, Jeddah"
700000,Apartment,11,7,625,"Dhahrat Al Badiah, West Riyadh, Riyadh"
5500000,Villa,9,6,895,"Al Sheraa, North Jeddah, Jeddah"
1350000,Apartment,5,5,223,"Al Nahdah, North Jeddah, Jeddah"
800000,Apartment,5,3,189,"Al Shati Al Sharqi, Dammam"
810000,Apartment,4,3,189,"Al Shati Al Sharqi, Dammam"
860000,Apartment,3,3,2330,"Al Zahraa, North Jeddah, Jeddah"
625000,Apartment,3,3,696,"Al Nahdah, North Jeddah, Jeddah"
375000,Apartment,2,3,660,"Al Salamah, North Jeddah, Jeddah"
494000,Apartment,4,4,3200,"Al Faisaliyah, Central Jeddah, Jeddah"
3200000,Villa,5,5,630,"Al Saadah, East Riyadh, Riyadh"
849200,Apartment,5,5,200,"Al Safa, North Jeddah, Jeddah"
5000000,Villa,6,6,520,"Al Olaya, North Riyadh, Riyadh"
1600000,Villa,8,5,377,"Mudhainib, Madina"
82000000,Villa,6,5,3300,"Al Malqa, North Riyadh, Riyadh"
9500000,Villa,9,5,930,"Al Rawdah, East Riyadh, Riyadh"
800000,Apartment,3,3,172,"Al Saadah, East Riyadh, Riyadh"
1300000,Apartment,3,3,131,"Al Yasmin, North Riyadh, Riyadh"
6000000,Villa,11,8,600,"Ishbiliyah, East Riyadh, Riyadh"
10000000,Residential Building,10,10,900,"Dhahrat Laban, West Riyadh, Riyadh"
10500000,Residential Building,11,11,720,"Al Naim, North Jeddah, Jeddah"
780000,Apartment,4,3,124,"Al Rawdah, North Jeddah, Jeddah"
375000,Apartment,2,2,1846,"Al Fayhaa, North Jeddah, Jeddah"
950000,Apartment,3,3,116,"Al Munsiyah, East Riyadh, Riyadh"
1460000,Apartment,3,4,200,"Al Nahdah, North Jeddah, Jeddah"
850000,Apartment,3,2,121,"Al Zahraa, North Jeddah, Jeddah"
699000,Apartment,5,3,152,"Al Faisaliyah, Central Jeddah, Jeddah"
4000000,Apartment,2,2,152,"Al Sahafah, North Riyadh, Riyadh"
2000000,Apartment,3,3,131,"Al Malqa, North Riyadh, Riyadh"
296000,Apartment,3,3,887,"Al Rayaan, North Jeddah, Jeddah"
1400000,Apartment,4,5,219,"Al Fayhaa, North Jeddah, Jeddah"
3950000,Villa,7,5,256,"Al Narjis, North Riyadh, Riyadh"
700000,Apartment,5,3,198,"Ar Rehab 3, Jazan"
890000,Villa,6,5,353,"Ar Rehab 3, Jazan"
700000,Apartment,6,4,240,"Ar Rehab 1, Jazan"
470000,Apartment,5,3,176,"Al Shati, Jazan"
4500000,Villa,11,11,829,"Al Fayha, East Riyadh, Riyadh"
550000,Apartment,3,4,135,"Al Hamra, Al Khobar"
550000,Apartment,3,3,135,"Al Hamra, Al Khobar"
800000,Apartment,3,4,189,"Al Shati Al Sharqi, Dammam"
810000,Apartment,3,4,189,"Al Shati Al Sharqi, Dammam"
810000,Apartment,3,4,189,"Al Shati Al Sharqi, Dammam"
550000,Apartment,3,4,149,"Al Hamra, Al Khobar"
580000,Apartment,3,4,157,"Al Hamra, Al Khobar"
580000,Apartment,3,4,142,"Al Hamra, Al Khobar"
1399000,Floor,3,3,169,"Al Malaz, Central Riyadh, Riyadh"
2300000,Villa,3,3,600,"Al Nadwa District, East Riyadh, Riyadh"
3000000,Villa,8,5,750,"Al Aziziyah, South Riyadh, Riyadh"
625000,Apartment,4,3,141,"Al Rehab, North Jeddah, Jeddah"
1300000,Floor,5,4,177,"Al Yarmuk, East Riyadh, Riyadh"
980000,Apartment,6,4,218,"Al Rabwa, North Jeddah, Jeddah"
580000,Apartment,2,3,630,"Al Salamah, North Jeddah, Jeddah"
580000,Apartment,5,3,186,"Ar Rehab 1, Jazan"
420000,Apartment,4,3,145,"Ar Rehab 1, Jazan"
580000,Apartment,3,4,142,"Al Hamra, Al Khobar"
580000,Apartment,5,3,135,"Al Hamra, Al Khobar"
580000,Apartment,5,4,142,"Al Hamra, Al Khobar"
840000,Apartment,3,3,127,"Al Zahraa, North Jeddah, Jeddah"
710000,Apartment,4,3,114,"Al Rawdah, North Jeddah, Jeddah"
550000,Apartment,3,4,149,"Al Hamra, Al Khobar"
1282000,Apartment,4,4,168,"Al Yarmuk, East Riyadh, Riyadh"
2000000,Apartment,3,3,207,"Al Shati, North Jeddah, Jeddah"
550000,Apartment,4,3,129,"Al Faisaliyah, Central Jeddah, Jeddah"
480000,Apartment,4,3,137,"Al Mraikh, North Jeddah, Jeddah"
850000,Apartment,4,4,188,"Al Saif, Dammam"
800000,Apartment,5,4,174,"Al Shati Al Sharqi, Dammam"
850000,Villa,5,5,252,"Okaz, South Riyadh, Riyadh"
880000,Apartment,5,3,182,"Al Marwah, North Jeddah, Jeddah"
1300000,Floor,5,2,175,"Al Yarmuk, East Riyadh, Riyadh"
1200000,Apartment,2,1,79,"Al Narjis, North Riyadh, Riyadh"
1367000,Villa,4,6,201,"Al Buhairah, Al Khobar"
480000,Apartment,2,3,2400,"Al Rawdah, North Jeddah, Jeddah"
1150000,Apartment,5,4,696,"Al Nahdah, North Jeddah, Jeddah"
700000,Apartment,4,3,728,"Al Zahraa, North Jeddah, Jeddah"
1700000,Apartment,5,4,2000,"Al Nahdah, North Jeddah, Jeddah"
795000,Apartment,4,4,2000,"Al Nahdah, North Jeddah, Jeddah"
840000,Apartment,3,3,127,"Al Zahraa, North Jeddah, Jeddah"
585000,Apartment,2,3,2000,"Al Nahdah, North Jeddah, Jeddah"
470000,Apartment,5,3,176,"Al Shati, Jazan"
580000,Apartment,3,4,157,"Al Hamra, Al Khobar"
1250000,Apartment,8,8,3200,"Al Faisaliyah, Central Jeddah, Jeddah"
1650000,Floor,2,2,82,"Qurtubah, East Riyadh, Riyadh"
1950000,Floor,3,3,186,"Qurtubah, East Riyadh, Riyadh"
2400000,Floor,3,3,173,"Qurtubah, East Riyadh, Riyadh"
980000,Villa,3,3,186,"Al Janadriyah, East Riyadh, Riyadh"
825000,Apartment,4,4,165,"Al Rimal, East Riyadh, Riyadh"
920000,Apartment,5,4,165,"Al Rimal, East Riyadh, Riyadh"
795000,Apartment,3,3,186,"Al Bayan Neighborhood, East Riyadh, Riyadh"
1150000,Floor,5,2,300,"Al Salehiyah, North Jeddah, Jeddah"
900000,Floor,3,3,168,"Al Bayan Neighborhood, East Riyadh, Riyadh"
1435000,Floor,3,5,189,"Al Malaz, Central Riyadh, Riyadh"
1229000,Floor,3,3,190,"Al Malaz, Central Riyadh, Riyadh"
730000,Apartment,4,3,112,"Al Rawdah, North Jeddah, Jeddah"
1899000,Floor,3,4,181,"Al Narjis, North Riyadh, Riyadh"
680,Apartment,5,4,198,"Al Mraikh, North Jeddah, Jeddah"
470000,Apartment,5,3,176,"Al Shati, Jazan"
540000,Apartment,3,3,229,"Al Suways 1, Jazan"
580000,Apartment,5,5,186,"Ar Rehab 1, Jazan"
660000,Apartment,5,3,210,"Ar Rehab 3, Jazan"
540000,Apartment,5,3,217,"Ar Rehab 3, Jazan"
550000,Apartment,5,4,217,"Ar Rehab 3, Jazan"
710000,Apartment,3,3,450,"Al Rawdah, North Jeddah, Jeddah"
620000,Apartment,3,4,2400,"Al Rawdah, North Jeddah, Jeddah"
1130000,Floor,6,6,164,"Al Janadriyah, East Riyadh, Riyadh"
850000,Apartment,3,3,136,"Al Rimal, East Riyadh, Riyadh"
299000,Apartment,2,2,750,"Al Safa, North Jeddah, Jeddah"
370000,Apartment,3,3,625,"Al Nuzhah, North Jeddah, Jeddah"
645000,Apartment,5,4,186,"Al Rayaan, North Jeddah, Jeddah"
635000,Apartment,4,3,129,"Al Marwah, North Jeddah, Jeddah"
2300000,Villa,10,8,337,"Al Mahdiyah, West Riyadh, Riyadh"
1350000,Villa,5,4,303,"Al Rimal, East Riyadh, Riyadh"
6500000,Apartment,4,3,441,"Al Shati, North Jeddah, Jeddah"
1250000,Apartment,8,8,3200,"Al Faisaliyah, Central Jeddah, Jeddah"
1130000,Apartment,6,5,660,"Al Salamah, North Jeddah, Jeddah"
480000,Apartment,2,3,2400,"Al Rawdah, North Jeddah, Jeddah"
900000,Apartment,4,4,763,"Al Nahdah, North Jeddah, Jeddah"
585000,Apartment,2,3,2000,"Al Nahdah, North Jeddah, Jeddah"
1700000,Apartment,5,4,2000,"Al Nahdah, North Jeddah, Jeddah"
950000,Apartment,4,3,127,"Al Zahraa, North Jeddah, Jeddah"
850000,Apartment,3,4,467,"Al Zahraa, North Jeddah, Jeddah"
770000,Apartment,5,4,185,"Al Rayaan, North Jeddah, Jeddah"
630000,Apartment,4,3,150,"Al Marwah, North Jeddah, Jeddah"
1095000,Villa,5,5,250,"Nubala, Madina"
770000,Apartment,5,4,425,"Al Aziziyah, North Jeddah, Jeddah"
1300000,Apartment,5,1,492,"Al Rimal, East Riyadh, Riyadh"
1600000,Villa,7,5,395,"Okaz, South Riyadh, Riyadh"
1150000,Apartment,3,2,131,"Al Sahafah, North Riyadh, Riyadh"
1100000,Floor,3,3,71,"Al Rimal, East Riyadh, Riyadh"
478000,Apartment,4,3,625,"Al Rabwa, North Jeddah, Jeddah"
333000,Apartment,3,2,662,"Al Rabwa, North Jeddah, Jeddah"
600000,Apartment,3,3,728,"Al Zahraa, North Jeddah, Jeddah"
700000,Apartment,4,3,728,"Al Zahraa, North Jeddah, Jeddah"
1200000,Apartment,6,6,728,"Al Zahraa, North Jeddah, Jeddah"
620000,Apartment,4,4,227,"Al Shulah, Dammam"
1650000,Apartment,2,3,156,"Hittin, North Riyadh, Riyadh"
800000,Apartment,4,4,696,"Al Nahdah, North Jeddah, Jeddah"
1130000,Apartment,6,5,660,"Al Salamah, North Jeddah, Jeddah"
800000,Apartment,3,4,189,"Al Shati Al Sharqi, Dammam"
2050000,Villa,5,6,220,"Al Rimal, East Riyadh, Riyadh"
2600000,Villa,5,5,420,"Al Yarmuk, East Riyadh, Riyadh"
3150000,Villa,6,8,300,"Obhur Al Shamaliyah, North Jeddah, Jeddah"
4850000,Villa,10,10,750,"Al Zumorrud, North Jeddah, Jeddah"
1500000,Villa,6,5,315,"Al Buhairah, Al Khobar"
865000,Apartment,6,3,207,"Al Marwah, North Jeddah, Jeddah"
657856,Apartment,3,3,112,"Tuwaiq, West Riyadh, Riyadh"
5500000,Apartment,4,5,441,"Obhur Al Janoubiyah, North Jeddah, Jeddah"
915000,Apartment,4,3,174,"Al Marwah, North Jeddah, Jeddah"
650000,Apartment,4,3,111,"Al Salamah, North Jeddah, Jeddah"
700000,Apartment,4,3,112,"Al Rawdah, North Jeddah, Jeddah"
490000,Apartment,4,3,1079,"Ayn Al Khif, Madina"
1250000,Villa,5,5,289,"Al Rimal, East Riyadh, Riyadh"
2600000,Villa,4,5,376,"Al Yarmuk, East Riyadh, Riyadh"
770000,Apartment,4,3,600,"Al Nahdah, North Jeddah, Jeddah"
550000,Apartment,2,2,600,"Al Nahdah, North Jeddah, Jeddah"
1550000,Apartment,6,5,235,"Al Zahraa, North Jeddah, Jeddah"
700000,Apartment,4,3,728,"Al Zahraa, North Jeddah, Jeddah"
550000,Apartment,2,3,763,"Al Nahdah, North Jeddah, Jeddah"
795000,Apartment,4,4,2000,"Al Nahdah, North Jeddah, Jeddah"
240000,Apartment,1,1,3200,"Al Faisaliyah, Central Jeddah, Jeddah"
360000,Apartment,3,4,3200,"Al Faisaliyah, Central Jeddah, Jeddah"
1100000,Floor,4,4,170,"Al Rimal, East Riyadh, Riyadh"
2500000,Villa,4,4,428,"Al Yarmuk, East Riyadh, Riyadh"
2300000,Floor,2,2,224,"Al Narjis, North Riyadh, Riyadh"
565000,Apartment,3,3,425,"Al Aziziyah, North Jeddah, Jeddah"
591335,Apartment,3,3,113,"Tuwaiq, West Riyadh, Riyadh"
490000,Apartment,3,4,203,"Al Danah, Al Hofuf Eastern Region"
540000,Apartment,5,4,204,"Al Danah, Al Hofuf Eastern Region"
600000,Apartment,3,2,128,"Laban, West Riyadh, Riyadh"
859000,Apartment,3,3,137,"Al Rimal, East Riyadh, Riyadh"
2159000,Villa,5,7,286,"Al Rimal, East Riyadh, Riyadh"
669000,Apartment,3,3,127,"Al Rimal, East Riyadh, Riyadh"
499000,Apartment,2,3,131,"Okaz, South Riyadh, Riyadh"
559000,Apartment,2,3,145,"Okaz, South Riyadh, Riyadh"
579000,Apartment,2,3,149,"Okaz, South Riyadh, Riyadh"
489000,Apartment,2,3,145,"Okaz, South Riyadh, Riyadh"
580000,Apartment,4,4,660,"Al Salamah, North Jeddah, Jeddah"
730000,Apartment,4,4,763,"Al Nahdah, North Jeddah, Jeddah"
1700000,Apartment,5,4,2000,"Al Nahdah, North Jeddah, Jeddah"
475000,Apartment,3,4,660,"Al Salamah, North Jeddah, Jeddah"
580000,Apartment,4,4,660,"Al Salamah, North Jeddah, Jeddah"
494000,Apartment,4,4,3200,"Al Faisaliyah, Central Jeddah, Jeddah"
620000,Apartment,3,4,2400,"Al Rawdah, North Jeddah, Jeddah"
2100000,Apartment,8,10,2400,"Al Rawdah, North Jeddah, Jeddah"
720000,Floor,3,3,181,"Okaz, South Riyadh, Riyadh"
1399000,Floor,3,5,157,"King Fahd, North Riyadh, Riyadh"
1350000,Villa,5,4,303,"Al Rimal, East Riyadh, Riyadh"
700000,Apartment,4,3,112,"Al Rawdah, North Jeddah, Jeddah"
1500000,Villa,8,8,400,"Tuwaiq, West Riyadh, Riyadh"
1000000,Floor,3,3,177,"Al Saadah, East Riyadh, Riyadh"
459000,Apartment,2,3,115,"Okaz, South Riyadh, Riyadh"
499000,Apartment,2,3,127,"Okaz, South Riyadh, Riyadh"
1250000,Floor,6,7,337,"Al Rimal, East Riyadh, Riyadh"
830000,Apartment,4,3,136,"Al Rimal, East Riyadh, Riyadh"
560000,Apartment,5,5,177,"Al Zuhur, Dammam"
560000,Apartment,5,4,177,"Al Zuhur, Dammam"
950000,Apartment,4,3,127,"Al Zahraa, North Jeddah, Jeddah"
600000,Apartment,3,3,728,"Al Zahraa, North Jeddah, Jeddah"
770000,Apartment,4,3,600,"Al Nahdah, North Jeddah, Jeddah"
625000,Apartment,3,4,763,"Al Nahdah, North Jeddah, Jeddah"
730000,Apartment,4,4,763,"Al Nahdah, North Jeddah, Jeddah"
660000,Apartment,3,4,2000,"Al Nahdah, North Jeddah, Jeddah"
1150000,Apartment,5,4,696,"Al Nahdah, North Jeddah, Jeddah"
800000,Apartment,5,4,189,"Al Shati Al Sharqi, Dammam"
850000,Apartment,3,3,142,"Al Rimal, East Riyadh, Riyadh"
850000,Apartment,3,3,136,"Al Rimal, East Riyadh, Riyadh"
2799000,Villa,4,5,3960,"Al Rawdah, East Riyadh, Riyadh"
550000,Apartment,3,3,99,"Al Rawdah, North Jeddah, Jeddah"
440000,Apartment,3,3,103,"Al Waha, North Jeddah, Jeddah"
1520000,Floor,4,5,343,"Al Rimal, East Riyadh, Riyadh"
680000,Apartment,3,2,101,"Al Rawabi, East Riyadh, Riyadh"
495000,Apartment,4,2,139,"King Fahd Suburb, Dammam"
850000,Apartment,5,3,273,"Al Fayhaa, North Jeddah, Jeddah"
3000000,Villa,6,5,300,"Al Mahdiyah, West Riyadh, Riyadh"
845000,Apartment,4,4,180,"Al Sawari, North Jeddah, Jeddah"
520000,Apartment,4,3,131,"Al Manar, North Jeddah, Jeddah"
766000,Apartment,3,3,178,"Al Salamah, North Jeddah, Jeddah"
770000,Floor,4,4,630,"Badr, South Riyadh, Riyadh"
760000,Apartment,4,3,140,"Al Salamah, North Jeddah, Jeddah"
550000,Apartment,4,3,129,"Al Faisaliyah, Central Jeddah, Jeddah"
1400000,Floor,3,4,201,"Al Nahdah, East Riyadh, Riyadh"
663000,Apartment,3,3,128,"Tuwaiq, West Riyadh, Riyadh"
633972,Apartment,3,3,122,"Tuwaiq, West Riyadh, Riyadh"
662953,Apartment,3,3,128,"Tuwaiq, West Riyadh, Riyadh"
800000,Apartment,3,4,189,"Al Shati Al Sharqi, Dammam"
550000,Apartment,3,4,135,"Al Hamra, Al Khobar"
810000,Apartment,3,4,189,"Al Shati Al Sharqi, Dammam"
810000,Apartment,3,4,189,"Al Shati Al Sharqi, Dammam"
550000,Apartment,3,4,149,"Al Hamra, Al Khobar"
800000,Apartment,4,3,139,"Al Rawdah, North Jeddah, Jeddah"
2600000,Villa,5,8,378,"Al Yarmuk, East Riyadh, Riyadh"
820000,Apartment,4,3,165,"Al Salamah, North Jeddah, Jeddah"
590000,Apartment,5,3,145,"Al Waha, North Jeddah, Jeddah"
800000,Apartment,5,3,175,"Al Salamah, North Jeddah, Jeddah"
780000,Apartment,4,3,136,"Al Rawdah, North Jeddah, Jeddah"
760000,Apartment,4,3,137,"Al Salamah, North Jeddah, Jeddah"
760000,Apartment,4,3,137,"Al Salamah, North Jeddah, Jeddah"
450000,Apartment,3,3,177,"Badr, South Riyadh, Riyadh"
520000,Apartment,4,3,131,"Al Manar, North Jeddah, Jeddah"
750000,Apartment,4,3,138,"Al Zahraa, North Jeddah, Jeddah"
5250000,Villa,5,5,656,"Al Shati, North Jeddah, Jeddah"
700000,Floor,3,3,151,"Badr, South Riyadh, Riyadh"
580000,Apartment,3,4,157,"Al Hamra, Al Khobar"
580000,Apartment,3,4,142,"Al Hamra, Al Khobar"
2300000,Villa,7,6,337,"Al Mahdiyah, West Riyadh, Riyadh"
908000,Apartment,5,3,159,"Al Qadisiyah, East Riyadh, Riyadh"
3900000,Villa,6,7,249,"Al Narjis, North Riyadh, Riyadh"
380000,Apartment,3,3,779,"Al Nuzhah, North Jeddah, Jeddah"
760000,Apartment,5,4,170,"Al Qusor, Dammam"
590000,Apartment,5,4,177,"Al Zuhur, Dammam"
590000,Apartment,5,3,177,"Al Zuhur, Dammam"
590000,Apartment,5,4,177,"Al Zuhur, Dammam"
780000,Apartment,4,3,132,"Al Rawdah, North Jeddah, Jeddah"
760000,Apartment,5,4,170,"Al Qusor, Dammam"
590000,Apartment,5,4,177,"Al Zuhur, Dammam"
650000,Apartment,4,3,124,"Al Salamah, North Jeddah, Jeddah"
630000,Apartment,4,3,115,"Al Salamah, North Jeddah, Jeddah"
1150000,Villa,4,7,251,"Okaz, South Riyadh, Riyadh"
1050000,Apartment,4,4,153,"Al Salamah, North Jeddah, Jeddah"
5500000,Villa,5,5,690,"Al Basateen, North Jeddah, Jeddah"
2000000,Villa,4,5,319,"Obhur Al Shamaliyah, North Jeddah, Jeddah"
2560000,Floor,3,4,167,"Al Narjis, North Riyadh, Riyadh"
730000,Apartment,3,4,171,"Al Nuzhah, North Jeddah, Jeddah"
990000,Apartment,3,3,131,"Al Mahdiyah, West Riyadh, Riyadh"
600000,Apartment,4,4,207,"Al Safa, North Jeddah, Jeddah"
5400000,Villa,11,9,450,"Al Narjis, North Riyadh, Riyadh"
3000000,Villa,3,4,420,"Ishbiliyah, East Riyadh, Riyadh"
4250000,Villa,6,6,371,"Al Munsiyah, East Riyadh, Riyadh"
650000,Apartment,5,4,166,"Al Safa, North Jeddah, Jeddah"
650000,Apartment,3,4,166,"Al Safa, North Jeddah, Jeddah"
950000,Apartment,4,3,157,"Al Rawdah, North Jeddah, Jeddah"
600000,Apartment,5,3,156,"Al Mohamdya, Makkah"
475000,Apartment,3,3,103,"Al Waha, North Jeddah, Jeddah"
830000,Apartment,4,3,140,"Al Salamah, North Jeddah, Jeddah"
10500000,Residential Building,11,11,720,"Al Naim, North Jeddah, Jeddah"
750000,Apartment,5,4,200,"King Fahd, Makkah"
3500000,Villa,10,7,385,"Qurtubah, East Riyadh, Riyadh"
1250000,Villa,6,6,289,"Al Rimal, East Riyadh, Riyadh"
1350000,Villa,7,7,303,"Al Rimal, East Riyadh, Riyadh"
2900000,Villa,4,6,338,"Al Rimal, East Riyadh, Riyadh"
1350000,Villa,5,6,303,"Al Rimal, East Riyadh, Riyadh"
1250000,Villa,5,6,289,"Al Rimal, East Riyadh, Riyadh"
660000,Floor,3,4,202,"Taybah, South Riyadh, Riyadh"
1600000,Floor,4,6,458,"Al Arid, North Riyadh, Riyadh"
250000,Apartment,2,2,706,"Al Mraikh, North Jeddah, Jeddah"
3000000,Villa,5,9,312,"Al Mahdiyah, West Riyadh, Riyadh"
3100000,Villa,5,9,365,"Al Mahdiyah, West Riyadh, Riyadh"
1550000,Apartment,3,4,238,"Al Narjis, North Riyadh, Riyadh"
420000,Apartment,4,3,145,"Ar Rehab 1, Jazan"
2500000,Villa,5,6,366,"Al Mahdiyah, West Riyadh, Riyadh"
1200000,Apartment,3,3,134,"Qurtubah, East Riyadh, Riyadh"
1000000,Apartment,2,2,108,"Al Malqa, North Riyadh, Riyadh"
1200000,Apartment,2,2,76,"Al Nada, North Riyadh, Riyadh"
950000,Apartment,4,3,188,"Al Janadriyah, East Riyadh, Riyadh"
1700000,Floor,3,2,242,"Al Munsiyah, East Riyadh, Riyadh"
2150000,Villa,7,6,225,"Al Rimal, East Riyadh, Riyadh"
699000,Apartment,3,3,160,"Tuwaiq, West Riyadh, Riyadh"
4500000,Villa,7,8,270,"Al Narjis, North Riyadh, Riyadh"
3000000,Villa,11,5,900,"Al Ajwad, North Jeddah, Jeddah"
4350000,Villa,6,7,371,"Al Munsiyah, East Riyadh, Riyadh"
800000,Apartment,4,3,139,"Al Rawdah, North Jeddah, Jeddah"
2600000,Villa,5,5,500,"King Faisal, East Riyadh, Riyadh"
630000,Apartment,5,3,204,"King Fahd, Makkah"
870000,Apartment,3,3,180,"Dhahrat Laban, West Riyadh, Riyadh"
730000,Apartment,5,4,212,"Al Rabwa, North Jeddah, Jeddah"
9500000,Villa,10,10,600,"Al Narjis, North Riyadh, Riyadh"
420000,Apartment,4,3,115,"Al Rayaan, North Jeddah, Jeddah"
840000,Apartment,3,4,192,"Al Faisaliyah, Central Jeddah, Jeddah"
1800000,Villa,7,5,244,"Al Bayan Neighborhood, East Riyadh, Riyadh"
980000,Apartment,3,3,177,"Al Munsiyah, East Riyadh, Riyadh"
660000,Apartment,5,3,210,"Ar Rehab 3, Jazan"
540000,Apartment,5,3,217,"Ar Rehab 3, Jazan"
700000,Apartment,6,4,240,"Ar Rehab 1, Jazan"
550000,Apartment,5,4,217,"Ar Rehab 3, Jazan"
1200000,Floor,3,3,157,"Al Rimal, East Riyadh, Riyadh"
520000,Apartment,6,4,170,"Al Shulah, Dammam"
12000000,Villa,10,10,520,"Al Nada, North Riyadh, Riyadh"
1450000,Apartment,4,3,109,"Al Qirawan, North Riyadh, Riyadh"
4500000,Villa,5,5,446,"Al Mahdiyah, West Riyadh, Riyadh"
770000,Apartment,4,3,127,"Al Rawdah, North Jeddah, Jeddah"
3800000,Villa,7,4,450,"Al Mahdiyah, West Riyadh, Riyadh"
900000,Apartment,4,5,162,"Al Nasim Al Sharqi, East Riyadh, Riyadh"
4000000,Villa,6,7,500,"Al Nahdah, North Jeddah, Jeddah"
3100000,Villa,4,4,312,"Al Rimal, East Riyadh, Riyadh"
3100000,Villa,6,8,312,"Al Rimal, East Riyadh, Riyadh"
975000,Apartment,4,3,129,"Al Munsiyah, East Riyadh, Riyadh"
1650000,Villa,5,6,356,"Al Bayan Neighborhood, East Riyadh, Riyadh"
850000,Apartment,4,4,205,"Mishrifah, North Jeddah, Jeddah"
3450000,Villa,5,5,270,"Al Narjis, North Riyadh, Riyadh"
370000,Apartment,3,3,145,"Al Suways 1, Jazan"
450000,Apartment,5,3,210,"Ar Rehab 1, Jazan"
580000,Apartment,5,3,198,"Ar Rehab 3, Jazan"
1440000,Villa,5,3,300,"Al Hazm, West Riyadh, Riyadh"
2300000,Floor,3,4,186,"Al Narjis, North Riyadh, Riyadh"
3200000,Villa,9,7,455,"Al Saadah, East Riyadh, Riyadh"
530000,Apartment,3,3,135,"Al Hazm, West Riyadh, Riyadh"
6500000,Villa,4,5,450,"Hittin, North Riyadh, Riyadh"
900000,Floor,4,3,155,"Al Janadriyah, East Riyadh, Riyadh"
4500000,Villa,4,4,600,"Alawali, West Riyadh, Riyadh"
590000,Apartment,4,5,177,"Al Zuhur, Dammam"
25000000,Residential Building,6,5,900,"Al Narjis, North Riyadh, Riyadh"
860000,Apartment,6,5,225,"Al Faisaliyah, Central Jeddah, Jeddah"
3900000,Villa,4,6,312,"Al Arid, North Riyadh, Riyadh"
850000,Apartment,6,4,205,"Mishrifah, North Jeddah, Jeddah"
850000,Apartment,6,4,205,"Mishrifah, North Jeddah, Jeddah"
850000,Apartment,6,4,205,"Mishrifah, North Jeddah, Jeddah"
750000,Apartment,5,4,166,"Mishrifah, North Jeddah, Jeddah"
1550000,Villa,6,4,302,"Al Shulah, Dammam"
1640000,Floor,4,1,157,"Al Narjis, North Riyadh, Riyadh"
1640000,Floor,4,1,129,"Al Narjis, North Riyadh, Riyadh"
3250000,Villa,5,5,420,"Al Bahar, Al Khobar"
570000,Apartment,3,3,142,"Tuwaiq, West Riyadh, Riyadh"
2100000,Villa,7,5,328,"Al Rimal, East Riyadh, Riyadh"
770000,Apartment,4,3,630,"Badr, South Riyadh, Riyadh"
900000,Floor,4,3,155,"Al Janadriyah, East Riyadh, Riyadh"
1050000,Apartment,4,4,288,"Al Janadriyah, East Riyadh, Riyadh"
2600000,Villa,11,5,380,"Al Janadriyah, East Riyadh, Riyadh"
2500000,Villa,7,7,435,"Al Nahdah, East Riyadh, Riyadh"
590000,Apartment,5,4,177,"Al Zuhur, Dammam"
1299000,Apartment,3,3,203,"King Faisal, East Riyadh, Riyadh"
700000,Apartment,4,3,112,"Al Rawdah, North Jeddah, Jeddah"
750000,Apartment,5,4,166,"Mishrifah, North Jeddah, Jeddah"
550000,Apartment,5,3,368,"Al Maealaa, Ahad Rafidah"
650000,Floor,3,3,131,"Okaz, South Riyadh, Riyadh"
800000,Apartment,4,4,630,"Badr, South Riyadh, Riyadh"
2100000,Villa,4,7,200,"Al Mahdiyah, West Riyadh, Riyadh"
1650000,Floor,3,4,172,"Qurtubah, East Riyadh, Riyadh"
950000,Apartment,4,3,188,"Al Janadriyah, East Riyadh, Riyadh"
2600000,Villa,11,5,380,"Al Janadriyah, East Riyadh, Riyadh"
900000,Floor,4,3,155,"Al Janadriyah, East Riyadh, Riyadh"
950000,Apartment,4,3,188,"Al Janadriyah, East Riyadh, Riyadh"
950000,Apartment,4,3,188,"Al Janadriyah, East Riyadh, Riyadh"
1050000,Apartment,11,7,288,"Al Janadriyah, East Riyadh, Riyadh"
2600000,Villa,11,5,380,"Al Janadriyah, East Riyadh, Riyadh"
900000,Floor,4,3,155,"Al Janadriyah, East Riyadh, Riyadh"
1050000,Apartment,11,7,288,"Al Janadriyah, East Riyadh, Riyadh"
850000,Apartment,6,4,205,"Mishrifah, North Jeddah, Jeddah"
750000,Apartment,5,4,166,"Mishrifah, North Jeddah, Jeddah"
860000,Apartment,6,5,225,"Al Faisaliyah, Central Jeddah, Jeddah"
850000,Apartment,6,4,205,"Mishrifah, North Jeddah, Jeddah"
750000,Apartment,5,4,166,"Mishrifah, North Jeddah, Jeddah"
3000000,Villa,5,5,343,"Al Rimal, East Riyadh, Riyadh"
450000,Apartment,5,3,239,"King Fahd, Makkah"
1900000,Floor,3,5,186,"Qurtubah, East Riyadh, Riyadh"
480000,Apartment,4,3,156,"Badr, South Riyadh, Riyadh"
370000,Apartment,3,3,145,"Al Suways 1, Jazan"
370000,Apartment,3,3,145,"Al Suways 1, Jazan"
490000,Apartment,4,3,184,"Al Suways 2, Jazan"
550000,Apartment,5,3,217,"Ar Rehab 3, Jazan"
660000,Apartment,5,3,210,"Ar Rehab 3, Jazan"
490000,Apartment,4,3,184,"Al Suways 2, Jazan"
900000,Floor,4,3,155,"Al Janadriyah, East Riyadh, Riyadh"
1050000,Apartment,4,4,288,"Al Janadriyah, East Riyadh, Riyadh"
1150000,Floor,5,4,206,"Al Janadriyah, East Riyadh, Riyadh"
1150000,Floor,5,4,206,"Al Janadriyah, East Riyadh, Riyadh"
2600000,Villa,11,5,380,"Al Janadriyah, East Riyadh, Riyadh"
950000,Apartment,4,3,188,"Al Janadriyah, East Riyadh, Riyadh"
900000,Floor,4,3,155,"Al Janadriyah, East Riyadh, Riyadh"
1050000,Apartment,11,7,288,"Al Janadriyah, East Riyadh, Riyadh"
2600000,Villa,11,5,380,"Al Janadriyah, East Riyadh, Riyadh"
1150000,Floor,5,4,206,"Al Janadriyah, East Riyadh, Riyadh"
3500000,Villa,6,7,264,"Qurtubah, East Riyadh, Riyadh"
490000,Apartment,3,3,103,"Al Salamah, North Jeddah, Jeddah"
550000,Apartment,4,3,132,"Al Faisaliyah, Central Jeddah, Jeddah"
550000,Apartment,5,4,140,"Al Safa, North Jeddah, Jeddah"
420000,Apartment,4,3,102,"Al Marwah, North Jeddah, Jeddah"
420000,Apartment,3,3,102,"Al Marwah, North Jeddah, Jeddah"
550000,Apartment,4,3,132,"Al Faisaliyah, Central Jeddah, Jeddah"
420000,Apartment,4,3,146,"Ar Rehab 1, Jazan"
490000,Apartment,4,3,184,"Al Suways 2, Jazan"
580000,Apartment,5,3,186,"Ar Rehab 1, Jazan"
630000,Floor,3,3,184,"Okaz, South Riyadh, Riyadh"
999000,Villa,4,4,194,"Al Salamah, North Jeddah, Jeddah"
670000,Floor,4,4,120,"Badr, South Riyadh, Riyadh"
530000,Apartment,3,4,189,"An Nuzhah 1, Ahad Rafidah"
4411000,Villa,2,1,300,"Al Narjis, North Riyadh, Riyadh"
1150000,Floor,5,4,206,"Al Janadriyah, East Riyadh, Riyadh"
1150000,Floor,2,2,206,"Al Janadriyah, East Riyadh, Riyadh"
670000,Apartment,4,4,155,"Al Safa, North Jeddah, Jeddah"
1025000,Apartment,5,3,156,"Al Rimal, East Riyadh, Riyadh"
1700000,Villa,7,7,312,"Al Zumorrud, North Jeddah, Jeddah"
480000,Apartment,4,3,160,"Al Nur, Dammam"
590000,Apartment,5,4,177,"Al Zuhur, Dammam"
670000,Apartment,5,3,157,"Al Nuzhah, North Jeddah, Jeddah"
1000000,Floor,10,4,179,"Al Nadwa District, East Riyadh, Riyadh"
710000,Apartment,5,3,270,"Al Shawqiyyah, Makkah"
3500000,Villa,10,10,951,"Al Zumorrud, North Jeddah, Jeddah"
2000000,Villa,5,5,275,"Al Qadisiyah, East Riyadh, Riyadh"
7500000,Apartment,5,4,201,"Al Manar, North Jeddah, Jeddah"
500000,Apartment,3,3,225,"Al Safa, North Jeddah, Jeddah"
2500000,Villa,4,7,250,"King Faisal, East Riyadh, Riyadh"
9500000,Villa,10,10,1133,"Dhahrat Laban, West Riyadh, Riyadh"
469000,Apartment,3,3,131,"Dirab, West Riyadh, Riyadh"
3400000,Villa,5,9,250,"Al Narjis, North Riyadh, Riyadh"
750000,Apartment,5,3,136,"Al Rimal, East Riyadh, Riyadh"
680000,Apartment,2,3,142,"Ishbiliyah, East Riyadh, Riyadh"
1590000,Apartment,3,2,133,"Qurtubah, East Riyadh, Riyadh"
800000,Apartment,5,4,215,"Al Safa, North Jeddah, Jeddah"
650000,Apartment,5,4,199,"Al Rabwa, North Jeddah, Jeddah"
800000,Apartment,4,3,135,"Al Fayha, East Riyadh, Riyadh"
3700000,Villa,4,6,500,"Al Nahdah, North Jeddah, Jeddah"
400000,Apartment,3,2,110,"Governmental1, Jeddah"
1450000,Villa,7,5,420,"Al Sakb, Madina"
860000,Apartment,4,4,234,"Al Faisaliyah, Central Jeddah, Jeddah"
3750000,Villa,7,7,343,"Qurtubah, East Riyadh, Riyadh"
2000000,Villa,5,5,210,"Al Mahdiyah, West Riyadh, Riyadh"
650000,Apartment,4,3,123,"Al Salamah, North Jeddah, Jeddah"
850000,Apartment,4,3,130,"Dhahrat Laban, West Riyadh, Riyadh"
650000,Apartment,4,3,123,"Al Salamah, North Jeddah, Jeddah"
480000,Apartment,5,3,750,"Al Manar, North Jeddah, Jeddah"
1100000,Floor,6,3,186,"Al Rimal, East Riyadh, Riyadh"
1050000,Floor,6,3,207,"Al Uraija Al Gharbiyah, West Riyadh, Riyadh"
595000,Floor,6,3,149,"Badr, South Riyadh, Riyadh"
2300000,Villa,5,5,391,"Al Mahdiyah, West Riyadh, Riyadh"
1199000,Apartment,4,4,199,"Al Qadisiyah, East Riyadh, Riyadh"
1176500,Apartment,3,3,115,"Al Narjis, North Riyadh, Riyadh"
700000,Apartment,3,3,155,"Al Suwaidi, West Riyadh, Riyadh"
2000000,Villa,3,3,200,"Al Mahdiyah, West Riyadh, Riyadh"
3500000,Villa,8,8,400,"Al Sawari, North Jeddah, Jeddah"
630000,Apartment,3,3,125,"Al Zahrah, West Riyadh, Riyadh"
1350000,Apartment,4,4,176,"Al Narjis, North Riyadh, Riyadh"
850000,Apartment,3,4,158,"Al Rimal, East Riyadh, Riyadh"
860000,Apartment,6,5,225,"Al Faisaliyah, Central Jeddah, Jeddah"
800000,Apartment,5,3,175,"Al Salamah, North Jeddah, Jeddah"
495000,Apartment,4,3,425,"Al Aziziyah, North Jeddah, Jeddah"
860000,Apartment,6,5,197,"Al Faisaliyah, Central Jeddah, Jeddah"
860000,Apartment,6,5,225,"Al Faisaliyah, Central Jeddah, Jeddah"
970000,Apartment,5,4,1200,"Dhahrat Laban, West Riyadh, Riyadh"
550000,Apartment,4,3,129,"Al Faisaliyah, Central Jeddah, Jeddah"
550000,Apartment,4,3,132,"Al Faisaliyah, Central Jeddah, Jeddah"
450000,Apartment,4,3,140,"Al Safa, North Jeddah, Jeddah"
550000,Apartment,3,3,129,"Al Faisaliyah, Central Jeddah, Jeddah"
3600000,Villa,4,7,250,"Al Narjis, North Riyadh, Riyadh"
860000,Apartment,4,3,156,"Al Mahdiyah, West Riyadh, Riyadh"
595000,Floor,3,3,176,"Badr, South Riyadh, Riyadh"
750000,Floor,3,4,208,"Al Zahrah, West Riyadh, Riyadh"
750000,Floor,4,5,209,"Okaz, South Riyadh, Riyadh"
595000,Apartment,3,3,149,"Badr, South Riyadh, Riyadh"
580000,Apartment,2,3,60,"Al Janadriyah, East Riyadh, Riyadh"
667000,Apartment,3,1,138,"Al Shulah, Dammam"
650000,Apartment,4,3,116,"Batha Quraysh, Makkah"
650000,Apartment,5,3,180,"Asharai, Makkah"
750000,Apartment,6,4,190,"King Fahd, Makkah"
3280000,Villa,9,6,308,"Qurtubah, East Riyadh, Riyadh"
790000,Apartment,5,4,212,"Al Safa, North Jeddah, Jeddah"
6500000,Villa,7,6,510,"Al Narjis, North Riyadh, Riyadh"
850000,Apartment,4,3,134,"Dhahrat Laban, West Riyadh, Riyadh"
480000,Apartment,3,3,156,"Badr, South Riyadh, Riyadh"
3000000,Villa,5,8,343,"Al Rimal, East Riyadh, Riyadh"
850000,Apartment,6,4,205,"Mishrifah, North Jeddah, Jeddah"
1100000,Floor,3,4,206,"Al Qadisiyah, East Riyadh, Riyadh"
3000000,Villa,5,5,343,"Al Rimal, East Riyadh, Riyadh"
1600000,Floor,4,3,172,"Qurtubah, East Riyadh, Riyadh"
1000000,Apartment,4,3,187,"Al Rawabi, East Riyadh, Riyadh"
750000,Apartment,5,5,190,"Al Fayhaa, North Jeddah, Jeddah"
830000,Apartment,5,4,173,"Al Salamah, North Jeddah, Jeddah"
2400000,Villa,5,5,225,"Al Mahdiyah, West Riyadh, Riyadh"
3017000,Villa,3,1,250,"Al Narjis, North Riyadh, Riyadh"
750000,Apartment,4,4,191,"Al Salamah, North Jeddah, Jeddah"
540000,Apartment,3,4,143,"Al Rabwa, North Jeddah, Jeddah"
599000,Apartment,3,3,179,"Al Hamra, Al Khobar"
499000,Apartment,4,3,160,"Al Hamra, Al Khobar"
790000,Apartment,3,3,182,"Al Rimal, East Riyadh, Riyadh"
3100000,Villa,5,8,312,"Al Rimal, East Riyadh, Riyadh"
820000,Apartment,4,3,130,"Al Mahdiyah, West Riyadh, Riyadh"
480000,Apartment,3,3,156,"Badr, South Riyadh, Riyadh"
560000,Apartment,5,4,174,"Al Zuhur, Dammam"
670000,Apartment,5,3,157,"Al Nuzhah, North Jeddah, Jeddah"
850000,Apartment,4,3,162,"Al Rimal, East Riyadh, Riyadh"
750000,Apartment,4,3,120,"Al Rawdah, North Jeddah, Jeddah"
7500000,Apartment,4,4,201,"Al Manar, North Jeddah, Jeddah"
830000,Apartment,4,4,140,"Al Salamah, North Jeddah, Jeddah"
800000,Apartment,5,3,175,"Al Salamah, North Jeddah, Jeddah"
1200000,Villa,3,3,206,"Al Rimal, East Riyadh, Riyadh"
1149000,Apartment,3,2,127,"Al Arid, North Riyadh, Riyadh"
340000,Apartment,3,3,112,"Al Nur, Dammam"
670000,Floor,6,3,300,"Al Hazm, West Riyadh, Riyadh"
660000,Floor,3,3,176,"Okaz, South Riyadh, Riyadh"
860000,Apartment,4,4,225,"Al Faisaliyah, Central Jeddah, Jeddah"
740000,Apartment,4,3,50,"Al Qadisiyah, East Riyadh, Riyadh"
870000,Apartment,3,5,214,"Al Waha, North Jeddah, Jeddah"
500000,Apartment,2,3,206,"Al Muhammadiyah 1, Jazan"
850000,Apartment,6,5,206,"Al Faisaliyah, Central Jeddah, Jeddah"
1150000,Villa,6,5,245,"Al Faisaliyah, Central Jeddah, Jeddah"
730000,Apartment,5,5,212,"Al Rabwa, North Jeddah, Jeddah"
700000,Apartment,4,3,112,"Al Rawdah, North Jeddah, Jeddah"
480000,Apartment,3,3,180,"Badr, South Riyadh, Riyadh"
720000,Apartment,4,3,114,"Al Rawdah, North Jeddah, Jeddah"
720000,Apartment,4,3,117,"Al Rawdah, North Jeddah, Jeddah"
1450000,Apartment,5,3,5408,"Al Munsiyah, East Riyadh, Riyadh"
3000000,Villa,7,5,420,"Al Munsiyah, East Riyadh, Riyadh"
580000,Apartment,5,3,198,"Ar Rehab 3, Jazan"
1850000,Villa,4,6,360,"Al Janadriyah, East Riyadh, Riyadh"
950000,Floor,6,3,197,"Al Rimal, East Riyadh, Riyadh"
1100000,Apartment,3,3,137,"Al Arid, North Riyadh, Riyadh"
530000,Apartment,5,4,160,"Al Zuhur, Dammam"
590000,Apartment,5,4,177,"Al Zuhur, Dammam"
590000,Apartment,5,4,175,"Al Zuhur, Dammam"
590000,Apartment,5,4,175,"Al Zuhur, Dammam"
950000,Floor,5,4,143,"Al Suwaidi, West Riyadh, Riyadh"
800000,Apartment,4,3,130,"Dhahrat Laban, West Riyadh, Riyadh"
2950000,Apartment,2,3,137,"Al Olaya, North Riyadh, Riyadh"
570000,Apartment,3,3,166,"Al Zuhur, Dammam"
5500000,Villa,11,5,600,"Al Nafal, North Riyadh, Riyadh"
1500000,Villa,4,4,275,"Al Rimal, East Riyadh, Riyadh"
5000000,Residential Building,11,11,750,"Al Aziziyah, North Jeddah, Jeddah"
370000,Apartment,3,3,113,"Al Nur, Dammam"
350000,Apartment,3,3,113,"Al Nur, Dammam"
390000,Apartment,4,3,134,"Al Nur, Dammam"
390000,Apartment,4,3,134,"Al Nur, Dammam"
350000,Apartment,3,3,113,"Al Nur, Dammam"
370000,Apartment,3,3,113,"Al Nur, Dammam"
570000,Apartment,4,3,137,"Al Jawhara, Dammam"
390000,Apartment,4,3,134,"Al Nur, Dammam"
590000,Apartment,5,4,175,"Al Zuhur, Dammam"
590000,Apartment,5,4,177,"Al Zuhur, Dammam"
590000,Apartment,5,4,177,"Al Zuhur, Dammam"
560000,Apartment,5,4,170,"Al Zuhur, Dammam"
560000,Apartment,5,4,163,"Al Zuhur, Dammam"
620000,Apartment,5,4,180,"Al Zuhur, Dammam"
520000,Apartment,5,4,160,"Al Zuhur, Dammam"
550000,Apartment,5,4,160,"Al Zuhur, Dammam"
590000,Apartment,5,4,177,"Al Zuhur, Dammam"
760000,Apartment,5,5,170,"Al Qusor, Dammam"
2850000,Villa,6,5,390,"Obhur Al Shamaliyah, North Jeddah, Jeddah"
3200000,Villa,9,9,459,"Obhur Al Shamaliyah, North Jeddah, Jeddah"
1750000,Villa,5,8,396,"Al Yaqout, North Jeddah, Jeddah"
4300000,Villa,10,7,301,"Al Rawdah, North Jeddah, Jeddah"
1300000,Floor,3,3,164,"Al Rawabi, East Riyadh, Riyadh"
950000,Floor,6,4,211,"Al Suwaidi Al Gharabi, West Riyadh, Riyadh"
500000,Apartment,4,3,125,"Al Waha, North Jeddah, Jeddah"
3800000,Villa,11,8,555,"Al Munsiyah, East Riyadh, Riyadh"
1100000,Villa,6,4,200,"Tuwaiq, West Riyadh, Riyadh"
430000,Apartment,3,2,98,"Al Marwah, North Jeddah, Jeddah"
790000,Apartment,6,4,231,"Al Safa, North Jeddah, Jeddah"
760000,Apartment,5,4,170,"Al Qusor, Dammam"
760000,Apartment,5,5,170,"Al Qusor, Dammam"
760000,Apartment,5,5,170,"Al Qusor, Dammam"
560000,Apartment,5,4,177,"Al Zuhur, Dammam"
760000,Apartment,5,5,170,"Al Qusor, Dammam"
560000,Apartment,5,4,177,"Al Zuhur, Dammam"
560000,Apartment,5,4,176,"Al Zuhur, Dammam"
560000,Apartment,4,4,177,"Al Zuhur, Dammam"
560000,Apartment,5,4,177,"Al Zuhur, Dammam"
560000,Apartment,5,4,176,"Al Zuhur, Dammam"
3300000,Villa,10,6,374,"Al Shati, North Jeddah, Jeddah"
520000,Apartment,4,4,167,"Al Rayaan, North Jeddah, Jeddah"
2300000,Apartment,4,1,950,"Al Arid, North Riyadh, Riyadh"
540000,Apartment,7,5,171,"Governmental1, Jeddah"
475000,Apartment,4,3,150,"Al Sakb, Madina"
2000000,Villa,4,5,400,"Al Mahdiyah, West Riyadh, Riyadh"
3049000,Villa,4,4,6682,"Al Bahar, Al Khobar"
733000,Apartment,3,3,990,"Al Rimal, East Riyadh, Riyadh"
1600000,Villa,5,5,625,"Al Nasim Al Gharbi, East Riyadh, Riyadh"
1300000,Floor,4,3,200,"Al Janadriyah, East Riyadh, Riyadh"
4464,Rest House,2,2,672,"Al Lulu, North Jeddah, Jeddah"
560000,Apartment,5,4,177,"Al Zuhur, Dammam"
560000,Apartment,5,4,177,"Al Zuhur, Dammam"
560000,Apartment,5,4,174,"Al Zuhur, Dammam"
560000,Apartment,5,4,174,"Al Zuhur, Dammam"
560000,Apartment,5,4,174,"Al Zuhur, Dammam"
850000,Apartment,6,4,205,"Mishrifah, North Jeddah, Jeddah"
750000,Apartment,5,4,166,"Mishrifah, North Jeddah, Jeddah"
600000,Apartment,5,3,198,"King Fahd, Makkah"
530000,Apartment,5,3,182,"King Fahd, Makkah"
525000,Apartment,5,3,150,"Shuran, Madina"
2750000,Villa,6,5,300,"Sidra, Riyadh"
1650000,Apartment,3,3,215,"Al Malqa, North Riyadh, Riyadh"
6700000,Rest House,6,4,916,"Al Arid, North Riyadh, Riyadh"
800000,Apartment,4,3,130,"Dhahrat Laban, West Riyadh, Riyadh"
950000,Apartment,3,4,171,"Al Rimal, East Riyadh, Riyadh"
3341,Rest House,1,1,778,"Al Lulu, North Jeddah, Jeddah"
780000,Floor,5,3,227,"Al Aziziyah, South Riyadh, Riyadh"
1000000,Apartment,3,4,202,"Al Fayhaa, North Jeddah, Jeddah"
580000,Apartment,4,3,139,"Al Jawhara, Dammam"
580000,Apartment,4,3,139,"Al Jawhara, Dammam"
580000,Apartment,4,3,139,"Al Jawhara, Dammam"
580000,Apartment,4,3,138,"Al Jawhara, Dammam"
560000,Apartment,5,4,176,"Al Zuhur, Dammam"
770000,Apartment,3,3,630,"Badr, South Riyadh, Riyadh"
770000,Apartment,4,5,630,"Badr, South Riyadh, Riyadh"
770000,Apartment,3,3,630,"Badr, South Riyadh, Riyadh"
760000,Floor,4,4,214,"Badr, South Riyadh, Riyadh"
550000,Apartment,3,2,140,"Al Safa, North Jeddah, Jeddah"
550000,Apartment,4,3,140,"Al Safa, North Jeddah, Jeddah"
600000,Apartment,3,3,129,"Al Faisaliyah, Central Jeddah, Jeddah"
540000,Apartment,4,3,129,"Al Faisaliyah, Central Jeddah, Jeddah"
550000,Apartment,4,3,129,"Al Faisaliyah, Central Jeddah, Jeddah"
320000,Apartment,3,3,659,"Al Mraikh, North Jeddah, Jeddah"
1250000,Villa,4,4,400,"Tuwaiq, West Riyadh, Riyadh"
560000,Apartment,4,3,136,"Al Jawhara, Dammam"
1150000,Villa,7,5,275,"Al Rahmanyah, North Jeddah, Jeddah"
700000,Villa,8,4,636,"Badr, South Riyadh, Riyadh"
4500000,Villa,11,11,800,"Al Janadriyah, East Riyadh, Riyadh"
450000,Apartment,5,3,168,"Badr, South Riyadh, Riyadh"
580000,Apartment,4,3,139,"Al Jawhara, Dammam"
580000,Apartment,4,3,139,"Al Jawhara, Dammam"
490000,Apartment,4,3,184,"Al Suways 2, Jazan"
550000,Apartment,5,4,217,"Ar Rehab 3, Jazan"
1160000,Villa,3,5,335,"Dhahrat Laban, West Riyadh, Riyadh"
1160000,Villa,3,5,335,"Dhahrat Laban, West Riyadh, Riyadh"
1160000,Villa,3,5,335,"Dhahrat Laban, West Riyadh, Riyadh"
560000,Apartment,4,3,123,"Al Salamah, North Jeddah, Jeddah"
1150000,Floor,4,4,144,"Al Munsiyah, East Riyadh, Riyadh"
560000,Apartment,5,3,172,"Governmental1, Jeddah"
460000,Apartment,4,3,130,"Al Rayaan, North Jeddah, Jeddah"
650000,Floor,3,3,121,"Al Nasim Al Sharqi, East Riyadh, Riyadh"
850000,Apartment,4,3,1590,"Al Muntazah, Dammam"
885000,Apartment,4,3,134,"Dhahrat Laban, West Riyadh, Riyadh"
1600000,Floor,5,5,206,"Al Munsiyah, East Riyadh, Riyadh"
250000,Apartment,2,3,706,"Al Mraikh, North Jeddah, Jeddah"
1370000,Apartment,3,4,132,"Al Narjis, North Riyadh, Riyadh"
790000,Apartment,5,3,175,"Al Salamah, North Jeddah, Jeddah"
680000,Apartment,5,4,159,"Al Fayhaa, North Jeddah, Jeddah"
1160000,Villa,3,5,335,"Dhahrat Laban, West Riyadh, Riyadh"
800000,Apartment,4,4,630,"Badr, South Riyadh, Riyadh"
550000,Apartment,6,2,187,"Al Maealaa, Ahad Rafidah"
1160000,Villa,3,5,335,"Dhahrat Laban, West Riyadh, Riyadh"
3600000,Villa,6,10,400,"Al Mahdiyah, West Riyadh, Riyadh"
1850000,Villa,5,4,205,"Al Janadriyah, East Riyadh, Riyadh"
850000,Floor,5,4,155,"Al Janadriyah, East Riyadh, Riyadh"
1050000,Floor,7,6,225,"Al Janadriyah, East Riyadh, Riyadh"
1800000,Apartment,2,3,114,"Al Aqiq, North Riyadh, Riyadh"
2600000,Villa,11,11,400,"King Fahd, Makkah"
1150000,Apartment,3,3,134,"Al Munsiyah, East Riyadh, Riyadh"
800000,Apartment,3,3,130,"Dhahrat Laban, West Riyadh, Riyadh"
850000,Apartment,4,3,134,"Dhahrat Laban, West Riyadh, Riyadh"
1100000,Villa,5,4,250,"Uhud, South Riyadh, Riyadh"
1400000,Apartment,3,4,181,"Al Malqa, North Riyadh, Riyadh"
750000,Floor,3,5,242,"Okaz, South Riyadh, Riyadh"
550000,Apartment,4,3,132,"Al Faisaliyah, Central Jeddah, Jeddah"
460000,Apartment,4,3,165,"Ash Shamiya Al Jadid, Makkah"
500000,Apartment,5,3,165,"Ash Shamiya Al Jadid, Makkah"
600000,Apartment,6,4,221,"Al Buhayrat, Makkah"
830000,Apartment,3,3,120,"Al Zahraa, North Jeddah, Jeddah"
720000,Apartment,3,2,166,"Al Marwah, North Jeddah, Jeddah"
550000,Apartment,4,3,132,"Al Faisaliyah, Central Jeddah, Jeddah"
2400000,Villa,7,4,360,"Al Maizilah, East Riyadh, Riyadh"
950000,Villa,4,3,201,"Al Janadriyah, East Riyadh, Riyadh"
700000,Villa,5,3,250,"Al Dar Al Baida, South Riyadh, Riyadh"
450000,Apartment,5,5,127,"Al Zahraa, North Jeddah, Jeddah"
1199000,Apartment,3,3,975,"Al Narjis, North Riyadh, Riyadh"
750000,Apartment,5,4,166,"Mishrifah, North Jeddah, Jeddah"
550000,Apartment,4,3,129,"Al Faisaliyah, Central Jeddah, Jeddah"
1700000,Apartment,3,5,231,"Hittin, North Riyadh, Riyadh"
1050000,Villa,4,4,385,"Tuwaiq, West Riyadh, Riyadh"
1100000,Villa,5,4,250,"Uhud, South Riyadh, Riyadh"
820000,Apartment,4,3,130,"Al Mahdiyah, West Riyadh, Riyadh"
1350000,Villa,5,5,369,"Al Shulah, Dammam"
1400000,Villa,4,4,296,"Al Nasim Al Gharbi, East Riyadh, Riyadh"
1540000,Apartment,3,3,157,"Al Malqa, North Riyadh, Riyadh"
550000,Apartment,4,3,129,"Al Faisaliyah, Central Jeddah, Jeddah"
345000,Apartment,3,3,875,"Al Nuzhah, North Jeddah, Jeddah"
700000,Apartment,3,3,104,"Obhur Al Janoubiyah, North Jeddah, Jeddah"
5200000,Villa,4,8,675,"Al Shati, North Jeddah, Jeddah"
1450000,Apartment,3,3,4980,"Qurtubah, East Riyadh, Riyadh"
860000,Floor,4,3,500,"Shubra, West Riyadh, Riyadh"
860000,Floor,3,3,500,"Shubra, West Riyadh, Riyadh"
1550000,Apartment,6,5,235,"Al Zahraa, North Jeddah, Jeddah"
620000,Apartment,3,3,227,"Al Shulah, Dammam"
550000,Apartment,3,4,135,"Al Hamra, Al Khobar"
490000,Apartment,4,3,184,"Al Suways 2, Jazan"
860000,Floor,3,3,500,"Shubra, West Riyadh, Riyadh"
1900000,Villa,10,7,480,"Al Zahrah, West Riyadh, Riyadh"
600000,Apartment,3,3,129,"Al Faisaliyah, Central Jeddah, Jeddah"
550000,Apartment,3,3,99,"Al Rawdah, North Jeddah, Jeddah"
550000,Apartment,3,2,98,"Al Rawdah, North Jeddah, Jeddah"
860000,Apartment,6,5,225,"Al Faisaliyah, Central Jeddah, Jeddah"
860000,Apartment,6,5,225,"Al Faisaliyah, Central Jeddah, Jeddah"
770000,Apartment,3,3,630,"Badr, South Riyadh, Riyadh"
760000,Floor,4,4,214,"Badr, South Riyadh, Riyadh"
750000,Villa,4,4,168,"Badr, South Riyadh, Riyadh"
440000,Apartment,2,3,103,"Al Jameah District, South Jeddah, Jeddah"
870000,Apartment,4,3,144,"Al Rimal, East Riyadh, Riyadh"
2000000,Villa,5,6,270,"Al Rimal, East Riyadh, Riyadh"
540000,Apartment,4,3,131,"Al Marwah, North Jeddah, Jeddah"
550000,Apartment,4,5,137,"Al Nuzhah, North Jeddah, Jeddah"
950000,Floor,4,4,152,"Al Qadisiyah, East Riyadh, Riyadh"
1003000,Apartment,4,4,135,"Al Munsiyah, East Riyadh, Riyadh"
580000,Apartment,5,3,210,"Harat Al Bab Al Jadid, Makkah"
9000000,Villa,10,7,754,"King Fahd, North Riyadh, Riyadh"
540000,Apartment,5,4,159,"Al Rayaan, North Jeddah, Jeddah"
1150000,Floor,9,7,750,"Al Nasim Al Gharbi, East Riyadh, Riyadh"
1300000,Villa,7,5,375,"Al Dar Al Baida, South Riyadh, Riyadh"
650000,Apartment,3,3,134,"Alawali, West Riyadh, Riyadh"
1180000,Floor,5,4,276,"Al Rimal, East Riyadh, Riyadh"
1450000,Villa,3,4,200,"Al Rimal, East Riyadh, Riyadh"
740000,Villa,7,5,287,"Badr, South Riyadh, Riyadh"
5000000,Villa,4,4,442,"Al Malqa, North Riyadh, Riyadh"
11000000,Villa,4,4,750,"Hittin, North Riyadh, Riyadh"
970000,Apartment,3,4,67,"King Faisal, East Riyadh, Riyadh"
740000,Villa,8,5,287,"Badr, South Riyadh, Riyadh"
1800000,Rest House,1,2,1999,"Ar Rehab, Taif"
320000,Apartment,3,3,659,"Al Mraikh, North Jeddah, Jeddah"
1900000,Villa,11,8,312,"Al Yaqout, North Jeddah, Jeddah"
27000000,Villa,11,11,2640,"Obhur Al Janoubiyah, North Jeddah, Jeddah"
670000,Apartment,5,3,162,"Al Nuzhah, North Jeddah, Jeddah"
1500000,Apartment,3,3,157,"Al Narjis, North Riyadh, Riyadh"
4500000,Villa,10,6,730,"Al Hamdaniyah, North Jeddah, Jeddah"
1150000,Villa,6,4,315,"Al Janadriyah, East Riyadh, Riyadh"
920000,Floor,4,5,212,"Tuwaiq, West Riyadh, Riyadh"
740000,Floor,3,3,176,"Badr, South Riyadh, Riyadh"
800000,Villa,5,3,375,"Al Dar Al Baida, South Riyadh, Riyadh"
1020000,Villa,7,4,250,"King Fahd Suburb, Dammam"
4500000,Villa,8,6,320,"Al Muhammadiyah, North Jeddah, Jeddah"
2000000,Villa,8,6,287,"Al Rimal, East Riyadh, Riyadh"
666080,Apartment,4,3,2450,"Al Hazm, West Riyadh, Riyadh"
666080,Apartment,4,3,245,"Al Hazm, West Riyadh, Riyadh"
770000,Apartment,4,4,630,"Badr, South Riyadh, Riyadh"
685000,Apartment,3,3,183,"Tuwaiq, West Riyadh, Riyadh"
3700000,Villa,9,3,390,"Qurtubah, East Riyadh, Riyadh"
700000,Apartment,4,3,112,"Al Rawdah, North Jeddah, Jeddah"
865000,Floor,4,3,214,"Okaz, South Riyadh, Riyadh"
3850000,Villa,6,6,454,"Al Mahdiyah, West Riyadh, Riyadh"
2200000,Villa,11,6,450,"Dahiat Namar, West Riyadh, Riyadh"
2000000,Floor,4,6,264,"Al Munsiyah, East Riyadh, Riyadh"
730000,Apartment,4,3,112,"Al Rawdah, North Jeddah, Jeddah"
1000000,Floor,4,4,193,"Al Qadisiyah, East Riyadh, Riyadh"
1600000,Floor,4,3,165,"Al Munsiyah, East Riyadh, Riyadh"
1705090,Apartment,5,3,215,"Qurtubah, East Riyadh, Riyadh"
850000,Apartment,4,4,1043,"Al Saif, Dammam"
485000,Apartment,5,3,184,"Badr, Dammam"
570000,Apartment,4,3,137,"Al Jawhara, Dammam"
1145000,Floor,5,5,186,"Al Rimal, East Riyadh, Riyadh"
2000000,Floor,6,5,147,"Al Rawdah, North Jeddah, Jeddah"
4000000,Villa,5,4,462,"Al Rawdah, East Riyadh, Riyadh"
1000000,Floor,4,3,168,"Al Rimal, East Riyadh, Riyadh"
700000,Apartment,4,3,112,"Al Rawdah, North Jeddah, Jeddah"
800000,Apartment,4,4,630,"Badr, South Riyadh, Riyadh"
5500000,Villa,8,6,400,"Al Muhammadiyah, North Jeddah, Jeddah"
2035000,Villa,4,7,407,"Al Saif, Dammam"
3800000,Villa,5,5,400,"Al Yasmin, North Riyadh, Riyadh"
2850000,Villa,5,4,270,"Al Arid, North Riyadh, Riyadh"
1400000,Floor,5,4,600,"Al Safa, East Riyadh, Riyadh"
630000,Apartment,4,4,150,"Al Marwah, North Jeddah, Jeddah"
1050000,Apartment,3,3,138,"Qurtubah, East Riyadh, Riyadh"
7000000,Villa,11,11,750,"Al Bayan Neighborhood, East Riyadh, Riyadh"
1200000,Floor,3,3,178,"Al Bayan Neighborhood, East Riyadh, Riyadh"
5500000,Villa,7,6,450,"Al Narjis, North Riyadh, Riyadh"
2500000,Villa,7,6,345,"Al Naim, North Jeddah, Jeddah"
739000,Floor,3,4,186,"Okaz, South Riyadh, Riyadh"
2679000,Floor,4,4,351,"Al Narjis, North Riyadh, Riyadh"
3100000,Villa,11,7,312,"Al Nahdah, North Jeddah, Jeddah"
770000,Floor,4,4,630,"Badr, South Riyadh, Riyadh"
580000,Apartment,3,3,111,"Al Salamah, North Jeddah, Jeddah"
900000,Apartment,6,3,188,"Al Naim, North Jeddah, Jeddah"
1250000,Floor,4,4,375,"King Faisal, East Riyadh, Riyadh"
550000,Apartment,3,3,128,"Al Zahrah, West Riyadh, Riyadh"
700000,Floor,4,4,177,"Badr, South Riyadh, Riyadh"
550000,Apartment,5,3,157,"Al Mraikh, North Jeddah, Jeddah"
650000,Apartment,5,3,157,"Al Nuzhah, North Jeddah, Jeddah"
650000,Apartment,4,3,157,"Al Nuzhah, North Jeddah, Jeddah"
730000,Apartment,6,4,195,"Al Rayaan, North Jeddah, Jeddah"
549000,Apartment,3,2,524,"Al Rawdah, North Jeddah, Jeddah"
549000,Apartment,6,3,181,"Al Mraikh, North Jeddah, Jeddah"
320000,Apartment,3,3,659,"Al Mraikh, North Jeddah, Jeddah"
800000,Apartment,5,4,163,"Al Manar, North Jeddah, Jeddah"
5900000,Villa,6,5,720,"Al Muhammadiyah, North Jeddah, Jeddah"
1750000,Apartment,5,4,211,"Al Zahraa, North Jeddah, Jeddah"
690000,Floor,3,4,180,"Okaz, South Riyadh, Riyadh"
650000,Floor,4,3,121,"Al Nasim Al Sharqi, East Riyadh, Riyadh"
749000,Floor,1,2,80,"Al Malaz, Central Riyadh, Riyadh"
2150000,Villa,10,7,297,"Al Rimal, East Riyadh, Riyadh"
600000,Apartment,2,3,115,"Al Hazm, West Riyadh, Riyadh"
1200000,Villa,4,3,400,"Tuwaiq, West Riyadh, Riyadh"
1400000,Apartment,4,5,219,"Al Fayhaa, North Jeddah, Jeddah"
540000,Apartment,3,4,203,"Al Danah, Al Hofuf Eastern Region"
8000000,Villa,5,3,770,"King Fahd, North Riyadh, Riyadh"
1850000,Apartment,4,4,213,"Qurtubah, East Riyadh, Riyadh"
1150000,Villa,3,2,171,"Al Rimal, East Riyadh, Riyadh"
1800000,Villa,5,6,313,"Al Yaqout, North Jeddah, Jeddah"
1300000,Villa,4,3,300,"Okaz, South Riyadh, Riyadh"
1400000,Apartment,2,3,113,"Al Arid, North Riyadh, Riyadh"
1300000,Apartment,4,3,94,"Qurtubah, East Riyadh, Riyadh"
450000,Apartment,3,3,173,"Badr, South Riyadh, Riyadh"
520000,Apartment,4,3,900,"Badr, South Riyadh, Riyadh"
520000,Apartment,3,4,900,"Badr, South Riyadh, Riyadh"
1259000,Floor,3,4,286,"Al Rimal, East Riyadh, Riyadh"
840000,Floor,6,3,2925,"Tuwaiq, West Riyadh, Riyadh"
670000,Apartment,6,4,216,"Al Rayaan, North Jeddah, Jeddah"
2000000,Villa,5,6,270,"Al Rimal, East Riyadh, Riyadh"
3000000,Villa,5,6,338,"Al Rimal, East Riyadh, Riyadh"
840000,Floor,4,3,335,"Dahiat Namar, West Riyadh, Riyadh"
950000,Floor,3,3,500,"Shubra, West Riyadh, Riyadh"
5250000,Villa,6,5,656,"Al Shati, North Jeddah, Jeddah"
700000,Floor,4,4,177,"Badr, South Riyadh, Riyadh"
3000000,Villa,6,5,409,"Al Rimal, East Riyadh, Riyadh"
830000,Floor,3,4,245,"Tuwaiq, West Riyadh, Riyadh"
700000,Villa,5,3,250,"Al Dar Al Baida, South Riyadh, Riyadh"
720000,Apartment,4,4,256,"Okaz, South Riyadh, Riyadh"
4200000,Villa,10,6,598,"Al Zahraa, North Jeddah, Jeddah"
1700000,Apartment,3,3,141,"Al Malqa, North Riyadh, Riyadh"
750000,Apartment,4,5,167,"Al Marwah, North Jeddah, Jeddah"
750000,Apartment,4,4,167,"Al Marwah, North Jeddah, Jeddah"
650000,Apartment,5,3,164,"Al Rehab, North Jeddah, Jeddah"
450000,Apartment,3,2,102,"Al Marwah, North Jeddah, Jeddah"
450000,Apartment,3,2,102,"Al Marwah, North Jeddah, Jeddah"
820000,Apartment,4,3,130,"Al Mahdiyah, West Riyadh, Riyadh"
910000,Apartment,2,2,143,"Al Rimal, East Riyadh, Riyadh"
1750000,Villa,7,9,312,"Al Yaqout, North Jeddah, Jeddah"
1650000,Villa,6,9,312,"Al Zumorrud, North Jeddah, Jeddah"
5100000,Villa,1,5,625,"Qurtubah, East Riyadh, Riyadh"
10000000,Villa,9,5,750,"Al Malqa, North Riyadh, Riyadh"
630000,Floor,5,3,201,"Badr, South Riyadh, Riyadh"
760000,Floor,6,5,145,"Al Dar Al Baida, South Riyadh, Riyadh"
490000,Apartment,4,3,184,"Al Suways 2, Jazan"
530000,Apartment,5,3,201,"Ar Rehab 1, Jazan"
1160000,Villa,5,2,335,"Dhahrat Laban, West Riyadh, Riyadh"
1160000,Villa,3,5,335,"Dhahrat Laban, West Riyadh, Riyadh"
530000,Apartment,3,3,152,"Al Hazm, West Riyadh, Riyadh"
1790000,Apartment,3,2,275,"Al Rimal, East Riyadh, Riyadh"
1270000,Apartment,3,2,221,"Al Rimal, East Riyadh, Riyadh"
1060000,Apartment,5,4,497,"Al Zahraa, North Jeddah, Jeddah"
40000000,Villa,11,10,2512,"Al Rawdah, North Jeddah, Jeddah"
3500000,Villa,7,6,750,"Al Falah, North Jeddah, Jeddah"
3500000,Villa,5,8,500,"Al Nahdah, North Jeddah, Jeddah"
733000,Apartment,4,6,221,"Al Waha, North Jeddah, Jeddah"
680000,Apartment,3,4,186,"Al Rayaan, North Jeddah, Jeddah"
670000,Apartment,5,3,162,"Al Nuzhah, North Jeddah, Jeddah"
3000000,Villa,7,5,511,"Al Qadisiyah, East Riyadh, Riyadh"
475000,Apartment,5,1,150,"Al Sakb, Madina"
250000,Apartment,2,2,706,"Al Mraikh, North Jeddah, Jeddah"
3500000,Villa,11,7,780,"Obhur Al Janoubiyah, North Jeddah, Jeddah"
1400000,Apartment,3,3,138,"Al Malqa, North Riyadh, Riyadh"
370000,Apartment,3,3,146,"Al Suways 1, Jazan"
770000,Apartment,4,4,630,"Badr, South Riyadh, Riyadh"
770000,Apartment,4,4,630,"Badr, South Riyadh, Riyadh"
560000,Apartment,4,3,136,"Al Jawhara, Dammam"
8000000,Villa,11,7,1118,"Al Naim, North Jeddah, Jeddah"
800000,Apartment,4,4,696,"Al Nahdah, North Jeddah, Jeddah"
800000,Apartment,4,4,696,"Al Nahdah, North Jeddah, Jeddah"
1300000,Floor,4,3,375,"Al Munsiyah, East Riyadh, Riyadh"
1013000,Apartment,4,3,124,"Al Rimal, East Riyadh, Riyadh"
990000,Apartment,3,2,86,"Al Munsiyah, East Riyadh, Riyadh"
2000000,Villa,9,7,308,"Al Sawari, North Jeddah, Jeddah"
1700000,Villa,7,9,312,"Al Yaqout, North Jeddah, Jeddah"
1550000,Villa,6,4,469,"Al Shulah, Dammam"
389000,Apartment,2,2,537,"Al Rawdah, North Jeddah, Jeddah"
3500000,Villa,8,9,625,"Al Saadah, East Riyadh, Riyadh"
550000,Apartment,5,3,146,"Badr, South Riyadh, Riyadh"
4200000,Building,10,10,690,"Al Nuzhah, North Jeddah, Jeddah"
500000,Apartment,5,3,163,"Al Buhayrat, Makkah"
2500000,Villa,6,5,444,"Al Mahdiyah, West Riyadh, Riyadh"
2250000,Villa,11,8,400,"Al Lulu, North Jeddah, Jeddah"
2150000,Villa,11,10,350,"Al Rehab, North Jeddah, Jeddah"
580000,Apartment,3,3,125,"Tuwaiq, West Riyadh, Riyadh"
1360000,Villa,9,7,437,"Al Lulu, Al Khobar"
450000,Apartment,3,2,102,"Al Marwah, North Jeddah, Jeddah"
1300000,Apartment,3,3,190,"Al Narjis, North Riyadh, Riyadh"
1200000,Apartment,3,4,1155,"Al Arid, North Riyadh, Riyadh"
1125000,Apartment,4,4,61,"Al Arid, North Riyadh, Riyadh"
1700000,Villa,5,4,276,"Al Murjan, East Riyadh, Riyadh"
3400000,Villa,4,6,250,"Al Narjis, North Riyadh, Riyadh"
577000,Apartment,3,3,99,"Al Rawdah, North Jeddah, Jeddah"
1150000,Apartment,4,3,138,"Al Narjis, North Riyadh, Riyadh"
900000,Apartment,3,3,143,"Al Sawari, North Jeddah, Jeddah"
860000,Apartment,6,5,197,"Al Faisaliyah, Central Jeddah, Jeddah"
850000,Apartment,6,5,197,"Al Faisaliyah, Central Jeddah, Jeddah"
640000,Floor,3,3,102,"Dhahrat Al Badiah, West Riyadh, Riyadh"
950000,Apartment,3,4,150,"Al Rimal, East Riyadh, Riyadh"
550000,Apartment,4,4,123,"Al Salamah, North Jeddah, Jeddah"
540000,Apartment,4,4,163,"Al Hamra, Al Khobar"
490000,Apartment,3,4,203,"Al Danah, Al Hofuf Eastern Region"
950000,Apartment,4,3,160,"Al Rawdah, North Jeddah, Jeddah"
1450000,Villa,3,4,350,"Al Janadriyah, East Riyadh, Riyadh"
1750000,Apartment,3,4,211,"Al Zahraa, North Jeddah, Jeddah"
2700000,Villa,6,5,525,"Al Rimal, East Riyadh, Riyadh"
479000,Apartment,2,3,122,"Okaz, South Riyadh, Riyadh"
6850000,Residential Building,8,7,575,"Al Salamah, North Jeddah, Jeddah"
1680000,Floor,4,4,151,"King Fahd, North Riyadh, Riyadh"
320000,Apartment,3,2,659,"Al Mraikh, North Jeddah, Jeddah"
1300000,Apartment,5,4,172,"Qurtubah, East Riyadh, Riyadh"
1200000,Apartment,2,2,97,"Al Narjis, North Riyadh, Riyadh"
560000,Apartment,5,4,226,"Al Dhurfah, Khamis Mushait"
699000,Floor,3,3,6372,"Al Safa, East Riyadh, Riyadh"
2162000,Floor,3,3,181,"Al Narjis, North Riyadh, Riyadh"
1500000,Floor,4,3,125,"Al Narjis, North Riyadh, Riyadh"
6400000,Villa,7,5,660,"Al Naim, North Jeddah, Jeddah"
800000,Apartment,5,4,203,"Al Safa, North Jeddah, Jeddah"
580000,Apartment,5,4,158,"Al Fayhaa, North Jeddah, Jeddah"
450000,Apartment,3,2,102,"Al Marwah, North Jeddah, Jeddah"
820000,Apartment,3,3,143,"Al Rimal, East Riyadh, Riyadh"
1600000,Floor,3,3,116,"Al Narjis, North Riyadh, Riyadh"
500000,Apartment,4,3,177,"Ash Shamiya Al Jadid, Makkah"
1200000,Villa,4,5,479,"Ash Shamiya Al Jadid, Makkah"
1100000,Villa,6,6,312,"Al Falah, North Jeddah, Jeddah"
4500000,Building,10,10,398,"Dhahrat Laban, West Riyadh, Riyadh"
700000,Apartment,5,3,153,"Al Jameah District, South Jeddah, Jeddah"
750000,Apartment,4,3,120,"Al Rawdah, North Jeddah, Jeddah"
2050000,Villa,4,4,200,"Sidra, Riyadh"
450000,Apartment,3,2,102,"Al Marwah, North Jeddah, Jeddah"
850000,Apartment,5,3,201,"Al Sawari, North Jeddah, Jeddah"
850000,Apartment,7,5,257,"Al Sawari, North Jeddah, Jeddah"
850000,Apartment,7,4,257,"Al Sawari, North Jeddah, Jeddah"
800000,Apartment,4,5,249,"Al Rayaan, North Jeddah, Jeddah"
5000000,Villa,7,4,315,"Al Shati, North Jeddah, Jeddah"
740000,Apartment,5,4,156,"Al Fayhaa, North Jeddah, Jeddah"
996000,Apartment,5,3,176,"Al Rawdah, North Jeddah, Jeddah"
450000,Apartment,3,2,102,"Al Marwah, North Jeddah, Jeddah"
3350000,Apartment,3,3,168,"Al Olaya, North Riyadh, Riyadh"
1775000,Apartment,2,2,92,"Al Olaya, North Riyadh, Riyadh"
1200000,Floor,3,3,209,"Al Qadisiyah, East Riyadh, Riyadh"
1650000,Apartment,3,3,115,"Al Narjis, North Riyadh, Riyadh"
750000,Apartment,5,4,166,"Mishrifah, North Jeddah, Jeddah"
1744220,Building,3,3,1050,"Hittin, North Riyadh, Riyadh"
450000,Apartment,3,3,173,"Badr, South Riyadh, Riyadh"
1100000,Apartment,5,4,203,"Al Nuzhah, North Jeddah, Jeddah"
1100000,Floor,4,4,219,"Al Khaleej, East Riyadh, Riyadh"
530000,Apartment,4,3,143,"Al Waha, North Jeddah, Jeddah"
3600000,Villa,10,4,450,"Dhahrat Laban, West Riyadh, Riyadh"
3000000,Villa,5,9,312,"Al Mahdiyah, West Riyadh, Riyadh"
2300000,Villa,4,7,383,"Al Mahdiyah, West Riyadh, Riyadh"
3300000,Villa,11,7,375,"Al Yarmuk, East Riyadh, Riyadh"
800000,Apartment,4,3,130,"Dhahrat Laban, West Riyadh, Riyadh"
489000,Apartment,2,3,124,"Okaz, South Riyadh, Riyadh"
569000,Apartment,2,3,145,"Okaz, South Riyadh, Riyadh"
539000,Apartment,2,3,134,"Okaz, South Riyadh, Riyadh"
1101000,Apartment,3,3,146,"Al Munsiyah, East Riyadh, Riyadh"
1259000,Floor,4,4,286,"Al Rimal, East Riyadh, Riyadh"
519000,Apartment,2,3,130,"Okaz, South Riyadh, Riyadh"
540000,Apartment,4,3,131,"Al Marwah, North Jeddah, Jeddah"
540000,Apartment,4,3,131,"Al Marwah, North Jeddah, Jeddah"
450000,Apartment,3,2,102,"Al Marwah, North Jeddah, Jeddah"
450000,Apartment,3,2,102,"Al Marwah, North Jeddah, Jeddah"
670000,Apartment,5,3,162,"Al Nuzhah, North Jeddah, Jeddah"
650000,Apartment,5,4,164,"Al Rehab, North Jeddah, Jeddah"
509000,Apartment,2,3,131,"Okaz, South Riyadh, Riyadh"
499000,Apartment,2,3,127,"Okaz, South Riyadh, Riyadh"
499000,Apartment,2,3,127,"Okaz, South Riyadh, Riyadh"
819000,Apartment,2,2,101,"Al Rawdah, East Riyadh, Riyadh"
939000,Apartment,2,2,101,"Al Rawdah, East Riyadh, Riyadh"
885000,Apartment,4,3,130,"Dhahrat Laban, West Riyadh, Riyadh"
1189000,Floor,3,5,178,"Al Malaz, Central Riyadh, Riyadh"
320000,Apartment,3,2,659,"Al Mraikh, North Jeddah, Jeddah"
670000,Apartment,5,3,162,"Al Nuzhah, North Jeddah, Jeddah"
1600000,Apartment,4,3,111,"Al Narjis, North Riyadh, Riyadh"
2250000,Villa,5,7,388,"Al Mahdiyah, West Riyadh, Riyadh"
950000,Floor,3,4,168,"Al Rimal, East Riyadh, Riyadh"
811000,Apartment,3,3,8020,"Ayn Al Khif, Madina"
850000,Apartment,6,4,205,"Mishrifah, North Jeddah, Jeddah"
750000,Apartment,5,4,166,"Mishrifah, North Jeddah, Jeddah"
1150000,Apartment,4,5,215,"Al Rimal, East Riyadh, Riyadh"
889000,Floor,3,4,164,"Al Malaz, Central Riyadh, Riyadh"
779000,Floor,1,2,89,"Al Malaz, Central Riyadh, Riyadh"
1189000,Floor,3,3,178,"Al Malaz, Central Riyadh, Riyadh"
859000,Floor,3,3,164,"Al Malaz, Central Riyadh, Riyadh"
779000,Floor,1,2,89,"Al Malaz, Central Riyadh, Riyadh"
939000,Apartment,2,2,101,"Al Rawdah, East Riyadh, Riyadh"
1229000,Floor,4,3,80,"Al Malaz, Central Riyadh, Riyadh"
250000,Apartment,2,2,706,"Al Mraikh, North Jeddah, Jeddah"
320000,Apartment,3,3,659,"Al Mraikh, North Jeddah, Jeddah"
320000,Apartment,3,3,659,"Al Mraikh, North Jeddah, Jeddah"
670000,Apartment,5,3,162,"Al Nuzhah, North Jeddah, Jeddah"
670000,Apartment,3,4,162,"Al Nuzhah, North Jeddah, Jeddah"
440000,Apartment,3,3,99,"Al Salamah, North Jeddah, Jeddah"
1100000,Floor,3,4,148,"Al Rimal, East Riyadh, Riyadh"
580000,Apartment,5,3,138,"Al Jawhara, Dammam"
540000,Apartment,3,3,184,"Badr, Dammam"
750000,Floor,3,5,242,"Okaz, South Riyadh, Riyadh"
1280000,Apartment,2,3,109,"Al Malqa, North Riyadh, Riyadh"
2500000,Villa,5,5,304,"Al Fayha, East Riyadh, Riyadh"
2200000,Villa,6,5,400,"Al Mahdiyah, West Riyadh, Riyadh"
660000,Floor,4,2,181,"Okaz, South Riyadh, Riyadh"
1589000,Floor,6,2,230,"Al Rimal, East Riyadh, Riyadh"
1000000,Villa,3,3,312,"Al Zumorrud, North Jeddah, Jeddah"
2640000,Villa,4,6,300,"Sidra, Riyadh"
550000,Apartment,2,2,600,"Al Nahdah, North Jeddah, Jeddah"
2200000,Apartment,7,8,600,"Al Nahdah, North Jeddah, Jeddah"
625000,Apartment,3,4,763,"Al Nahdah, North Jeddah, Jeddah"
900000,Apartment,4,4,763,"Al Nahdah, North Jeddah, Jeddah"
750000,Apartment,4,4,696,"Al Nahdah, North Jeddah, Jeddah"
800000,Apartment,4,4,696,"Al Nahdah, North Jeddah, Jeddah"
800000,Apartment,4,4,696,"Al Nahdah, North Jeddah, Jeddah"
1100000,Apartment,3,3,118,"Al Aqiq, North Riyadh, Riyadh"
1800000,Villa,8,7,200,"Al Mahdiyah, West Riyadh, Riyadh"
1050000,Villa,7,6,288,"Al Janadriyah, East Riyadh, Riyadh"
1200000,Floor,5,4,177,"Al Rimal, East Riyadh, Riyadh"
800000,Floor,3,3,242,"Okaz, South Riyadh, Riyadh"
850000,Floor,3,3,204,"Al Janadriyah, East Riyadh, Riyadh"
780000,Floor,3,4,242,"Badr, South Riyadh, Riyadh"
595000,Floor,4,4,242,"Badr, South Riyadh, Riyadh"
580000,Apartment,3,3,60,"Al Janadriyah, East Riyadh, Riyadh"
800000,Floor,4,5,137,"Tuwaiq, West Riyadh, Riyadh"
3200000,Villa,5,4,300,"Al Olaya, North Riyadh, Riyadh"
6000000,Building,10,10,550,"Al Salamah, North Jeddah, Jeddah"
760000,Apartment,4,3,163,Dhahran
1130000,Apartment,6,5,660,"Al Salamah, North Jeddah, Jeddah"
480000,Apartment,2,3,2400,"Al Rawdah, North Jeddah, Jeddah"
3075000,Villa,11,4,315,"Al Rimal, East Riyadh, Riyadh"
350000,Apartment,3,3,145,"King Fahd Suburb, Dammam"
320000,Apartment,3,3,659,"Al Mraikh, North Jeddah, Jeddah"
4200000,Villa,6,6,371,"Al Munsiyah, East Riyadh, Riyadh"
1250000,Apartment,3,4,159,"Al Narjis, North Riyadh, Riyadh"
770000,Apartment,4,5,630,"Badr, South Riyadh, Riyadh"
860000,Floor,5,3,500,"Shubra, West Riyadh, Riyadh"
800000,Apartment,4,4,630,"Badr, South Riyadh, Riyadh"
850000,Apartment,6,5,205,"Mishrifah, North Jeddah, Jeddah"
580000,Apartment,4,4,138,"Al Jawhara, Dammam"
570000,Apartment,5,3,137,"Al Jawhara, Dammam"
3350000,Apartment,3,3,169,"Al Olaya, North Riyadh, Riyadh"
400,Apartment,3,3,170,"Badr, South Riyadh, Riyadh"
789000,Apartment,3,3,5857,"Al Bahar, Al Khobar"
2200000,Floor,3,3,403,"Al Nafal, North Riyadh, Riyadh"
1699000,Floor,3,1,675,"Al Yasmin, North Riyadh, Riyadh"
740000,Villa,5,5,211,"Badr, South Riyadh, Riyadh"
1400000,Apartment,4,3,138,"Al Malqa, North Riyadh, Riyadh"
700000,Apartment,4,3,119,"Dhahrat Laban, West Riyadh, Riyadh"
1750000,Villa,5,6,225,"Al Rimal, East Riyadh, Riyadh"
485000,Apartment,4,3,126,"Al Manar, North Jeddah, Jeddah"
600000,Floor,3,4,362,"Badr, South Riyadh, Riyadh"
640000,Apartment,3,3,150,"Alawali, West Riyadh, Riyadh"
690000,Floor,3,3,180,"Okaz, South Riyadh, Riyadh"
690000,Floor,4,3,186,"Okaz, South Riyadh, Riyadh"
2800000,Villa,11,11,537,"Al Sawari, North Jeddah, Jeddah"
2450000,Villa,5,6,500,"Al Mahdiyah, West Riyadh, Riyadh"
760000,Floor,4,4,214,"Badr, South Riyadh, Riyadh"
540000,Apartment,5,3,163,"Okaz, South Riyadh, Riyadh"
660000,Floor,3,5,202,"Taybah, South Riyadh, Riyadh"
950000,Floor,3,3,500,"Shubra, West Riyadh, Riyadh"
760000,Floor,4,4,214,"Badr, South Riyadh, Riyadh"
580000,Apartment,3,3,124,"Al Suwaidi, West Riyadh, Riyadh"
550000,Apartment,3,2,128,"Al Zahrah, West Riyadh, Riyadh"
320000,Apartment,3,2,659,"Al Mraikh, North Jeddah, Jeddah"
1150000,Villa,4,4,315,"Al Janadriyah, East Riyadh, Riyadh"
800000,Apartment,3,4,171,"Al Shati Al Sharqi, Dammam"
770000,Floor,4,4,630,"Badr, South Riyadh, Riyadh"
1150000,Apartment,5,4,155,"Al Rawdah, North Jeddah, Jeddah"
1150000,Apartment,5,4,155,"Al Rawdah, North Jeddah, Jeddah"
885000,Apartment,3,3,134,"Dhahrat Laban, West Riyadh, Riyadh"
320000,Apartment,3,3,659,"Al Mraikh, North Jeddah, Jeddah"
1700000,Apartment,3,4,800,"Al Sahafah, North Riyadh, Riyadh"
1600000,Villa,3,3,230,"Al Rimal, East Riyadh, Riyadh"
320000,Apartment,3,2,659,"Al Mraikh, North Jeddah, Jeddah"
650000,Floor,4,3,177,"Badr, South Riyadh, Riyadh"
1850000,Villa,7,5,375,"Tuwaiq, West Riyadh, Riyadh"
480000,Apartment,3,2,180,"Badr, South Riyadh, Riyadh"
1150000,Apartment,5,4,155,"Al Rawdah, North Jeddah, Jeddah"
1150000,Apartment,5,4,155,"Al Rawdah, North Jeddah, Jeddah"
580000,Apartment,5,4,157,"Al Hamra, Al Khobar"
580000,Apartment,5,3,148,"Al Hamra, Al Khobar"
550000,Apartment,3,4,149,"Al Hamra, Al Khobar"
680000,Apartment,3,3,990,"Al Rimal, East Riyadh, Riyadh"
965000,Apartment,4,4,2640,"Al Narjis, North Riyadh, Riyadh"
800000,Apartment,4,4,630,"Badr, South Riyadh, Riyadh"
760000,Floor,4,4,214,"Badr, South Riyadh, Riyadh"
860000,Floor,3,4,500,"Shubra, West Riyadh, Riyadh"
580000,Apartment,3,3,124,"Al Suwaidi, West Riyadh, Riyadh"
430000,Apartment,3,3,131,"Badr, South Riyadh, Riyadh"
760000,Floor,4,4,214,"Badr, South Riyadh, Riyadh"
450000,Apartment,3,3,177,"Badr, South Riyadh, Riyadh"
729000,Apartment,5,4,154,"Al Salamah, North Jeddah, Jeddah"
600000,Apartment,3,4,80,"Al Janadriyah, East Riyadh, Riyadh"
5500000,Villa,5,5,444,"Irqah, West Riyadh, Riyadh"
480000,Apartment,3,3,180,"Badr, South Riyadh, Riyadh"
800000,Floor,4,5,199,"Badr, South Riyadh, Riyadh"
700000,Floor,3,3,175,"Okaz, South Riyadh, Riyadh"
570000,Floor,4,3,173,"Badr, South Riyadh, Riyadh"
850000,Apartment,4,3,137,"Al Mahdiyah, West Riyadh, Riyadh"
700000,Floor,3,4,175,"Okaz, South Riyadh, Riyadh"
950,Floor,3,5,212,"Tuwaiq, West Riyadh, Riyadh"
580000,Apartment,4,3,138,"Al Jawhara, Dammam"
1000000,Apartment,4,4,190,"Al Mahdiyah, West Riyadh, Riyadh"
2300000,Apartment,2,2,118,"Al Olaya, North Riyadh, Riyadh"
660000,Floor,3,5,202,"Taybah, South Riyadh, Riyadh"
1400000,Apartment,3,3,113,"Al Nada, North Riyadh, Riyadh"
770000,Apartment,4,4,630,"Badr, South Riyadh, Riyadh"
1070000,Villa,5,5,263,"Tuwaiq, West Riyadh, Riyadh"
760000,Floor,4,4,214,"Badr, South Riyadh, Riyadh"
760000,Villa,5,4,193,"Al Nuzhah, North Jeddah, Jeddah"
840000,Apartment,7,4,192,"Al Faisaliyah, Central Jeddah, Jeddah"
440000,Apartment,4,3,182,"Ar Rehab 3, Jazan"
550000,Apartment,5,3,204,"Al Muhammadiyah 2, Jazan"
900000,Floor,3,3,750,"Tuwaiq, West Riyadh, Riyadh"
800000,Apartment,3,3,630,"Badr, South Riyadh, Riyadh"
770000,Apartment,4,5,630,"Badr, South Riyadh, Riyadh"
3500000,Villa,11,3,675,"Al Fayha, East Riyadh, Riyadh"
3700000,Villa,4,6,500,"Al Nahdah, North Jeddah, Jeddah"
890000,Apartment,4,4,151,"Al Zahraa, North Jeddah, Jeddah"
880000,Apartment,7,4,201,"Al Sawari, North Jeddah, Jeddah"
399000,Apartment,3,3,100,"Bani Bayadah, Madina"
2100000,Villa,7,5,275,"Al Qadisiyah, East Riyadh, Riyadh"
4000000,Villa,5,4,450,"Al Rawdah, East Riyadh, Riyadh"
770000,Apartment,4,4,630,"Badr, South Riyadh, Riyadh"
800000,Apartment,3,3,630,"Badr, South Riyadh, Riyadh"
760000,Floor,4,4,214,"Badr, South Riyadh, Riyadh"
770000,Apartment,3,3,630,"Badr, South Riyadh, Riyadh"
760000,Floor,4,4,214,"Badr, South Riyadh, Riyadh"
770000,Apartment,3,3,630,"Badr, South Riyadh, Riyadh"
760000,Floor,4,4,214,"Badr, South Riyadh, Riyadh"
420000,Apartment,3,3,131,"Al Dar Al Baida, South Riyadh, Riyadh"
630000,Villa,6,3,325,"Badr, South Riyadh, Riyadh"
660000,Floor,3,5,202,"Taybah, South Riyadh, Riyadh"
660000,Floor,3,5,202,"Taybah, South Riyadh, Riyadh"
790000,Apartment,3,3,182,"Al Rimal, East Riyadh, Riyadh"
4462000,Villa,5,7,7504,"Al Narjis, North Riyadh, Riyadh"
4200000,Villa,5,6,448,"Al Olaya, North Riyadh, Riyadh"
900000,Floor,3,3,192,"Tuwaiq, West Riyadh, Riyadh"
730000,Apartment,3,3,900,"Dhahrat Laban, West Riyadh, Riyadh"
1300000,Apartment,4,3,142,"Al Narjis, North Riyadh, Riyadh"
1050000,Apartment,5,4,174,"Al Mahdiyah, West Riyadh, Riyadh"
850000,Apartment,4,3,137,"Al Mahdiyah, West Riyadh, Riyadh"
770000,Apartment,4,4,630,"Badr, South Riyadh, Riyadh"
505000,Apartment,2,1,115,"Tuwaiq, West Riyadh, Riyadh"
790000,Apartment,3,3,182,"Al Rimal, East Riyadh, Riyadh"
980000,Apartment,3,3,143,"Al Suwaidi, West Riyadh, Riyadh"
800000,Apartment,3,3,630,"Badr, South Riyadh, Riyadh"
770000,Apartment,4,4,630,"Badr, South Riyadh, Riyadh"
800000,Apartment,4,4,630,"Badr, South Riyadh, Riyadh"
1550000,Villa,9,6,400,"King Fahd, Makkah"
800000,Apartment,3,3,158,"Al Rimal, East Riyadh, Riyadh"
1300000,Villa,7,6,230,"Obhur Al Shamaliyah, North Jeddah, Jeddah"
2550000,Villa,6,6,375,"Al Saif, Dammam"
1750000,Apartment,3,4,211,"Al Zahraa, North Jeddah, Jeddah"
490000,Apartment,4,3,125,"Bani Bayadah, Madina"
6000000,Rest House,6,6,900,"Al Mahdiyah, West Riyadh, Riyadh"
580000,Apartment,3,3,60,"Al Janadriyah, East Riyadh, Riyadh"
690000,Floor,3,3,160,"Al Janadriyah, East Riyadh, Riyadh"
1350000,Villa,6,5,200,"Tuwaiq, West Riyadh, Riyadh"
1350000,Villa,6,5,200,"Tuwaiq, West Riyadh, Riyadh"
950000,Floor,3,3,220,"Tuwaiq, West Riyadh, Riyadh"
800000,Floor,3,3,166,"Tuwaiq, West Riyadh, Riyadh"
800000,Floor,3,3,242,"Okaz, South Riyadh, Riyadh"
800000,Floor,3,3,137,"Tuwaiq, West Riyadh, Riyadh"
780000,Apartment,3,4,116,"Tuwaiq, West Riyadh, Riyadh"
750000,Floor,3,3,208,"Al Zahrah, West Riyadh, Riyadh"
870000,Apartment,5,3,170,"Al Naim, North Jeddah, Jeddah"
650000,Floor,3,3,151,"Dirab, West Riyadh, Riyadh"
6000000,Building,10,10,750,"Al Nuzhah, North Jeddah, Jeddah"
670000,Apartment,5,3,162,"Al Nuzhah, North Jeddah, Jeddah"
3900000,Villa,9,6,300,"Qurtubah, East Riyadh, Riyadh"
1500000,Villa,4,5,300,"Al Maizilah, East Riyadh, Riyadh"
1600000,Villa,4,5,237,"Al Maizilah, East Riyadh, Riyadh"
1550000,Apartment,5,4,213,"Al Salamah, North Jeddah, Jeddah"
800000,Apartment,6,4,243,"Ash Shamiya Al Jadid, Makkah"
730000,Apartment,4,3,112,"Al Rawdah, North Jeddah, Jeddah"
375000,Apartment,2,3,660,"Al Salamah, North Jeddah, Jeddah"
1250000,Floor,5,4,239,"Al Khaleej, East Riyadh, Riyadh"
980000,Apartment,5,4,204,"Al Fayhaa, North Jeddah, Jeddah"
1600000,Apartment,5,4,230,"Al Zahraa, North Jeddah, Jeddah"
3200000,Villa,5,3,337,"Al Yasmin, North Riyadh, Riyadh"
680000,Apartment,5,5,175,"Tuwaiq, West Riyadh, Riyadh"
1200000,Apartment,5,4,185,"Al Zahraa, North Jeddah, Jeddah"
1050000,Apartment,5,3,179,"Al Salamah, North Jeddah, Jeddah"
1200000,Apartment,5,4,224,"Al Nuzhah, North Jeddah, Jeddah"
790000,Apartment,4,4,170,"Al Nuzhah, North Jeddah, Jeddah"
1400000,Floor,6,3,550,"Al Arid, North Riyadh, Riyadh"
520000,Apartment,3,4,900,"Badr, South Riyadh, Riyadh"
1200000,Floor,4,5,227,"Al Rimal, East Riyadh, Riyadh"
750000,Apartment,5,4,166,"Mishrifah, North Jeddah, Jeddah"
730000,Apartment,5,3,900,"Dhahrat Laban, West Riyadh, Riyadh"
580000,Apartment,5,3,138,"Al Jawhara, Dammam"
640000,Apartment,5,3,528,"Dhahrat Al Badiah, West Riyadh, Riyadh"
3650000,Villa,3,3,324,"Al Munsiyah, East Riyadh, Riyadh"
10000000,Villa,7,8,1181,"Al Naim, North Jeddah, Jeddah"
860000,Apartment,5,4,181,"Al Marwah, North Jeddah, Jeddah"
4000000,Villa,4,5,455,"Al Muhammadiyah, North Jeddah, Jeddah"
1550000,Floor,4,3,390,"Al Khaleej, East Riyadh, Riyadh"
1250000,Floor,3,3,403,"Al Khaleej, East Riyadh, Riyadh"
2500000,Villa,4,4,250,"Ishbiliyah, East Riyadh, Riyadh"
1400000,Apartment,3,3,150,"Al Aqiq, North Riyadh, Riyadh"
5000000,Villa,4,7,450,"Al Narjis, North Riyadh, Riyadh"
6000000,Villa,5,7,840,"Obhur Al Janoubiyah, North Jeddah, Jeddah"
550000,Apartment,5,3,173,"Al Rayaan, North Jeddah, Jeddah"
580000,Apartment,3,4,124,"Al Suwaidi, West Riyadh, Riyadh"
1500000,Floor,6,4,500,"Al Janadriyah, East Riyadh, Riyadh"
499000,Apartment,5,3,158,"Governmental1, Jeddah"
560000,Apartment,5,4,162,"Al Safa, North Jeddah, Jeddah"
3500000,Villa,3,3,325,"Al Yasmin, North Riyadh, Riyadh"
250000,Apartment,2,2,706,"Al Mraikh, North Jeddah, Jeddah"
2200000,Villa,10,5,863,"Taiba District, North Jeddah, Jeddah"
720000,Floor,4,4,186,"Al Janadriyah, East Riyadh, Riyadh"
1250000,Apartment,3,3,132,"Al Arid, North Riyadh, Riyadh"
520000,Apartment,5,4,170,"Governmental1, Jeddah"
4500000,Villa,10,7,405,"Al Mahdiyah, West Riyadh, Riyadh"
385000,Apartment,3,3,108,"Al Rayaan, North Jeddah, Jeddah"
1500000,Apartment,3,2,204,"Al Malqa, North Riyadh, Riyadh"
1400000,Apartment,2,3,126,"Al Qirawan, North Riyadh, Riyadh"
1350000,Villa,7,7,437,"Al Sheraa, Al Khobar"
950000,Floor,4,3,189,"Tuwaiq, West Riyadh, Riyadh"
950000,Floor,4,3,105,"Tuwaiq, West Riyadh, Riyadh"
750000,Floor,4,3,116,"Badr, South Riyadh, Riyadh"
950000,Floor,5,4,164,"Tuwaiq, West Riyadh, Riyadh"
950000,Floor,3,2,143,"Al Suwaidi, West Riyadh, Riyadh"
750000,Floor,5,5,242,"Badr, South Riyadh, Riyadh"
550000,Apartment,3,2,116,"Alawali, West Riyadh, Riyadh"
1250000,Villa,4,3,211,"Al Yarmuk, East Riyadh, Riyadh"
2850000,Villa,4,8,312,"Al Rimal, East Riyadh, Riyadh"
2000000,Floor,4,4,264,"Al Munsiyah, East Riyadh, Riyadh"
1200000,Villa,8,5,233,"Shubra, West Riyadh, Riyadh"
1400000,Villa,5,5,295,"Al Hamdaniyah, North Jeddah, Jeddah"
1150000,Apartment,4,4,155,"Al Rawdah, North Jeddah, Jeddah"
3800000,Villa,6,5,450,"Al Mahdiyah, West Riyadh, Riyadh"
2600000,Villa,5,5,297,"Al Qadisiyah, East Riyadh, Riyadh"
3400000,Villa,6,5,360,"Al Rimal, East Riyadh, Riyadh"
1300000,Villa,7,5,200,"Al Uraija Al Wusta, West Riyadh, Riyadh"
2300000,Villa,4,3,149,"Al Olaya, North Riyadh, Riyadh"
530000,Apartment,4,3,131,"Al Manar, North Jeddah, Jeddah"
1850000,Villa,5,7,312,"Al Sawari, North Jeddah, Jeddah"
5950000,Villa,7,4,615,"Al Aqiq, North Riyadh, Riyadh"
6500000,Villa,11,6,580,"Al Yasmin, North Riyadh, Riyadh"
3000000,Villa,6,7,375,"Al Sheraa, North Jeddah, Jeddah"
620000,Apartment,4,3,140,"Alawali, West Riyadh, Riyadh"
1150000,Apartment,3,4,192,"Al Rimal, East Riyadh, Riyadh"
2300000,Rest House,6,2,956,"Al Rimal, East Riyadh, Riyadh"
3700000,Villa,9,7,362,"Al Yasmin, North Riyadh, Riyadh"
2600000,Villa,5,5,375,"Obhur Al Janoubiyah, North Jeddah, Jeddah"
670000,Apartment,5,3,162,"Al Nuzhah, North Jeddah, Jeddah"
600000,Apartment,4,3,129,"Al Ajwad, North Jeddah, Jeddah"
800000,Apartment,5,3,141,"Al Jameah District, South Jeddah, Jeddah"
4400000,Villa,6,6,625,"Al Rawdah, East Riyadh, Riyadh"
1400000,Villa,8,7,300,"Al Rahmanyah, North Jeddah, Jeddah"
820000,Apartment,4,3,750,"Al Zahraa, North Jeddah, Jeddah"
750000,Apartment,4,4,750,"Al Zahraa, North Jeddah, Jeddah"
1650000,Villa,7,9,500,"Al Lulu, Al Khobar"
1650000,Villa,6,7,437,"Al Sheraa, Al Khobar"
1750000,Villa,6,9,437,"Al Sheraa, Al Khobar"
800000,Apartment,4,3,630,"Badr, South Riyadh, Riyadh"
590000,Apartment,3,3,106,"Al Zahraa, North Jeddah, Jeddah"
650000,Apartment,4,3,136,"Al Salamah, North Jeddah, Jeddah"
790000,Apartment,5,5,179,"Al Fayhaa, North Jeddah, Jeddah"
850000,Apartment,6,4,219,"Al Safa, North Jeddah, Jeddah"
900000,Apartment,3,3,121,"Ishbiliyah, East Riyadh, Riyadh"
3200000,Villa,6,5,440,"Al Buhairah, Al Khobar"
3400000,Villa,7,9,500,"Al Buhairah, Al Khobar"
1500000,Villa,7,6,335,"Al Rimal, East Riyadh, Riyadh"
1750000,Villa,6,6,503,"Al Yaqout, North Jeddah, Jeddah"
1100000,Apartment,4,4,186,"Al Zahraa, North Jeddah, Jeddah"
795000,Apartment,5,4,181,"Al Safa, North Jeddah, Jeddah"
1350000,Floor,5,5,200,"Tuwaiq, West Riyadh, Riyadh"
3300000,Villa,11,11,450,"Dhahrat Laban, West Riyadh, Riyadh"
900000,Floor,3,3,187,"Al Nadwa District, East Riyadh, Riyadh"
7000000,Villa,5,4,450,"Al Narjis, North Riyadh, Riyadh"
1500000,Villa,5,5,500,"Tuwaiq, West Riyadh, Riyadh"
1300000,Villa,4,4,202,"Al Qadisiyah, East Riyadh, Riyadh"
870000,Apartment,4,3,157,"Al Nahdah, North Jeddah, Jeddah"
889000,Apartment,3,2,1940,"Al Rimal, East Riyadh, Riyadh"
4000000,Villa,5,5,371,"Al Munsiyah, East Riyadh, Riyadh"
750000,Apartment,5,3,900,"Dhahrat Laban, West Riyadh, Riyadh"
4380750,Villa,11,11,675,"Al Fayha, East Riyadh, Riyadh"
560000,Apartment,4,3,136,"Al Jawhara, Dammam"
640000,Apartment,3,3,145,"Tuwaiq, West Riyadh, Riyadh"
690000,Apartment,3,3,178,"Tuwaiq, West Riyadh, Riyadh"
580000,Apartment,3,4,157,"Al Hamra, Al Khobar"
550000,Apartment,4,3,129,"Al Faisaliyah, Central Jeddah, Jeddah"
1400000,Villa,5,6,250,"Al Zahrah, West Riyadh, Riyadh"
3400000,Villa,5,5,250,"Al Narjis, North Riyadh, Riyadh"
900000,Floor,4,3,750,"Dhahrat Al Badiah, West Riyadh, Riyadh"
620000,Apartment,4,4,227,"Al Shulah, Dammam"
550000,Apartment,4,3,135,"Al Marwah, North Jeddah, Jeddah"
520000,Apartment,4,3,127,"Batha Quraysh, Makkah"
650000,Apartment,4,3,184,"Al Mohamdya, Makkah"
650000,Apartment,5,4,202,"Al Rayaan, North Jeddah, Jeddah"
2500000,Villa,4,5,643,"Al Sawari, North Jeddah, Jeddah"
920000,Floor,5,5,375,"Dahiat Namar, West Riyadh, Riyadh"
955000,Apartment,3,5,899,"Obhur Al Janoubiyah, North Jeddah, Jeddah"
450000,Apartment,2,2,102,"Al Marwah, North Jeddah, Jeddah"
1550000,Apartment,6,5,235,"Al Zahraa, North Jeddah, Jeddah"
850000,Apartment,7,5,257,"Al Sawari, North Jeddah, Jeddah"
600000,Apartment,4,3,179,"Al Rayaan, North Jeddah, Jeddah"
850000,Apartment,6,4,197,"Al Faisaliyah, Central Jeddah, Jeddah"
1150000,Apartment,6,5,242,"Al Faisaliyah, Central Jeddah, Jeddah"
1100000,Floor,4,5,260,"Al Rimal, East Riyadh, Riyadh"
850000,Apartment,6,4,205,"Mishrifah, North Jeddah, Jeddah"
850000,Apartment,6,5,206,"Al Faisaliyah, Central Jeddah, Jeddah"
1550000,Apartment,5,4,213,"Al Salamah, North Jeddah, Jeddah"
1100000,Apartment,5,4,220,"Al Salamah, North Jeddah, Jeddah"
1950000,Apartment,3,4,192,"Al Zahraa, North Jeddah, Jeddah"
520000,Apartment,4,3,2300,"Al Rehab, North Jeddah, Jeddah"
770000,Apartment,4,4,630,"Badr, South Riyadh, Riyadh"
550000,Apartment,2,3,128,"Al Zahrah, West Riyadh, Riyadh"
1450000,Floor,3,3,260,"Al Rimal, East Riyadh, Riyadh"
1450000,Floor,6,6,260,"Al Rimal, East Riyadh, Riyadh"
4400000,Villa,6,4,900,"Al Narjis, North Riyadh, Riyadh"
600000,Floor,4,4,203,"Badr, South Riyadh, Riyadh"
900000,Villa,8,7,225,"Dirab, West Riyadh, Riyadh"
790000,Apartment,3,2,85,"Al Arid, North Riyadh, Riyadh"
860000,Floor,3,4,500,"Shubra, West Riyadh, Riyadh"
860000,Floor,3,3,500,"Shubra, West Riyadh, Riyadh"
550000,Apartment,3,3,128,"Al Zahrah, West Riyadh, Riyadh"
510000,Apartment,4,2,144,"Al Hazm, West Riyadh, Riyadh"
440000,Apartment,3,3,123,"Al Hazm, West Riyadh, Riyadh"
2700000,Villa,7,10,418,"Al Mahdiyah, West Riyadh, Riyadh"
1750000,Apartment,3,4,211,"Al Zahraa, North Jeddah, Jeddah"
1950000,Apartment,3,4,192,"Al Zahraa, North Jeddah, Jeddah"
6000000,Villa,6,10,300,"Irqah, West Riyadh, Riyadh"
580000,Apartment,5,3,138,"Al Jawhara, Dammam"
850000,Apartment,4,3,130,"Dhahrat Laban, West Riyadh, Riyadh"
770000,Apartment,4,4,630,"Badr, South Riyadh, Riyadh"
850000,Apartment,4,3,1800,"Al Mahdiyah, West Riyadh, Riyadh"
650000,Apartment,6,3,201,"Ash Shamiya Al Jadid, Makkah"
550000,Apartment,5,3,171,"Ash Shamiya Al Jadid, Makkah"
1325000,Apartment,4,4,145,"Al Arid, North Riyadh, Riyadh"
3900000,Villa,8,10,450,"Al Mahdiyah, West Riyadh, Riyadh"
2700000,Villa,7,10,300,"Al Mahdiyah, West Riyadh, Riyadh"
4300000,Villa,3,4,173,"Al Narjis, North Riyadh, Riyadh"
7000000,Villa,7,7,600,"Al Narjis, North Riyadh, Riyadh"
1850000,Apartment,4,5,158,"Al Arid, North Riyadh, Riyadh"
1025000,Floor,3,4,400,"Al Safa, East Riyadh, Riyadh"
570000,Apartment,5,3,158,"Al Waha, North Jeddah, Jeddah"
1050000,Floor,5,5,900,"Alawali, West Riyadh, Riyadh"
450000,Apartment,4,3,151,"Badr, South Riyadh, Riyadh"
800000,Apartment,3,4,171,"Al Shati Al Sharqi, Dammam"
1000000,Apartment,3,4,225,"Al Janadriyah, East Riyadh, Riyadh"
1000000,Apartment,3,4,188,"Al Janadriyah, East Riyadh, Riyadh"
1000000,Apartment,3,4,188,"Al Janadriyah, East Riyadh, Riyadh"
1150000,Apartment,3,4,288,"Al Janadriyah, East Riyadh, Riyadh"
1150000,Apartment,3,4,288,"Al Janadriyah, East Riyadh, Riyadh"
1000000,Apartment,3,4,225,"Al Janadriyah, East Riyadh, Riyadh"
850000,Apartment,4,3,180,"Al Mahdiyah, West Riyadh, Riyadh"
250000,Apartment,2,2,706,"Al Mraikh, North Jeddah, Jeddah"
2600000,Villa,4,3,210,"Al Arid, North Riyadh, Riyadh"
690000,Residential Building,4,3,152,"Al Rabwa, North Jeddah, Jeddah"
920000,Apartment,3,3,130,"Al Mahdiyah, West Riyadh, Riyadh"
5500000,Villa,6,6,342,"Al Rabi, North Riyadh, Riyadh"
6000000,Villa,9,7,399,"Al Rabi, North Riyadh, Riyadh"
650000,Apartment,3,2,106,"Al Qadisiyah, East Riyadh, Riyadh"
1350000,Floor,4,3,232,"Al Qadisiyah, East Riyadh, Riyadh"
750000,Floor,3,3,219,"Al Janadriyah, East Riyadh, Riyadh"
980000,Floor,3,3,173,"Al Janadriyah, East Riyadh, Riyadh"
770000,Apartment,3,5,630,"Badr, South Riyadh, Riyadh"
380000,Apartment,3,2,101,"Al Waha, North Jeddah, Jeddah"
530000,Apartment,3,3,163,"Okaz, South Riyadh, Riyadh"
950000,Apartment,3,4,186,"Al Muntazah, Dammam"
430000,Apartment,3,3,131,"Badr, South Riyadh, Riyadh"
900000,Floor,4,4,212,"Tuwaiq, West Riyadh, Riyadh"
690000,Floor,3,3,181,"Okaz, South Riyadh, Riyadh"
3960000,Villa,3,5,2250,"Al Narjis, North Riyadh, Riyadh"
770000,Apartment,3,3,630,"Badr, South Riyadh, Riyadh"
3500000,Villa,7,8,357,"Qurtubah, East Riyadh, Riyadh"
820000,Floor,4,4,246,"Okaz, South Riyadh, Riyadh"
770000,Apartment,4,4,630,"Badr, South Riyadh, Riyadh"
2800000,Villa,6,8,440,"Al Buhairah, Al Khobar"
1550000,Floor,4,4,251,"Al Khaleej, East Riyadh, Riyadh"
1350000,Floor,3,4,141,"Al Munsiyah, East Riyadh, Riyadh"
4200000,Villa,6,5,385,"Al Yasmin, North Riyadh, Riyadh"
4400000,Villa,6,6,900,"Al Narjis, North Riyadh, Riyadh"
1045000,Apartment,3,4,1200,"Al Saif, Dammam"
3700000,Villa,7,5,312,"Al Arid, North Riyadh, Riyadh"
1150000,Apartment,3,4,288,"Al Janadriyah, East Riyadh, Riyadh"
1650000,Villa,7,5,365,"Alawali, West Riyadh, Riyadh"
1750000,Villa,5,4,375,"Al Yaqout, North Jeddah, Jeddah"
4000000,Villa,9,7,375,"Al Narjis, North Riyadh, Riyadh"
1400000,Floor,4,5,305,"Al Qadisiyah, East Riyadh, Riyadh"
850000,Floor,3,4,206,"Al Janadriyah, East Riyadh, Riyadh"
1650000,Villa,6,9,500,"Al Lulu, Al Khobar"
1750000,Villa,6,8,437,"Al Sheraa, Al Khobar"
1900000,Villa,7,5,252,"Al Rimal, East Riyadh, Riyadh"
720000,Floor,3,3,176,"Okaz, South Riyadh, Riyadh"
1100000,Floor,4,4,198,"Tuwaiq, West Riyadh, Riyadh"
1600000,Villa,6,5,488,"Al Janadriyah, East Riyadh, Riyadh"
1000000,Floor,3,4,177,"Al Rimal, East Riyadh, Riyadh"
980000,Floor,3,2,168,"Al Rimal, East Riyadh, Riyadh"
980000,Floor,4,4,186,"Al Janadriyah, East Riyadh, Riyadh"
1700000,Villa,6,5,249,"Al Janadriyah, East Riyadh, Riyadh"
520000,Apartment,3,4,183,"Al Dhurfah, Khamis Mushait"
1300000,Villa,6,6,527,"Al Amwaj, Al Khobar"
1300000,Villa,6,6,527,"Al Amwaj, Al Khobar"
1250000,Floor,3,4,159,"Al Munsiyah, East Riyadh, Riyadh"
690000,Floor,3,3,176,"Okaz, South Riyadh, Riyadh"
595000,Floor,3,4,149,"Badr, South Riyadh, Riyadh"
3600000,Villa,5,3,360,"Al Rimal, East Riyadh, Riyadh"
1100000,Floor,6,4,500,"Ash Shamiya Al Jadid, Makkah"
700000,Floor,4,3,163,"Badr, South Riyadh, Riyadh"
1400000,Apartment,3,3,134,"Al Malqa, North Riyadh, Riyadh"
1300000,Villa,4,3,162,"Al Rimal, East Riyadh, Riyadh"
750000,Apartment,2,3,114,"Al Qadisiyah, East Riyadh, Riyadh"
3500000,Building,10,10,750,"Al Zumorrud, North Jeddah, Jeddah"
1900000,Villa,8,8,300,"Al Yaqout, North Jeddah, Jeddah"
540000,Floor,3,3,193,"Badr, South Riyadh, Riyadh"
4700000,Villa,8,7,827,"Al Sheraa, North Jeddah, Jeddah"
4000000,Villa,5,3,630,"Agruba, Al Jubaylah"
830000,Floor,3,3,245,"Tuwaiq, West Riyadh, Riyadh"
1450000,Apartment,6,5,216,"Al Zahraa, North Jeddah, Jeddah"
495000,Apartment,4,2,135,"Al Marwah, North Jeddah, Jeddah"
4000000,Villa,7,5,400,"Al Yasmin, North Riyadh, Riyadh"
2500000,Villa,11,11,500,"Al Aziziyah, South Riyadh, Riyadh"
600000,Apartment,4,3,131,"Dhahrat Laban, West Riyadh, Riyadh"
1400000,Floor,6,3,312,"Al Arid, North Riyadh, Riyadh"
500000,Apartment,4,2,195,"Badr, Dammam"
2450000,Villa,5,4,325,"Al Muhammadiyah, North Jeddah, Jeddah"
500000,Apartment,3,3,123,"Al Hamra, Al Khobar"
550000,Apartment,3,3,162,"Al Hamra, Al Khobar"
1700000,Floor,3,3,170,"Al Rabi, North Riyadh, Riyadh"
670000,Apartment,5,3,162,"Al Nuzhah, North Jeddah, Jeddah"
770000,Apartment,4,4,630,"Badr, South Riyadh, Riyadh"
860000,Floor,3,4,500,"Shubra, West Riyadh, Riyadh"
650000,Apartment,3,3,150,"Alawali, West Riyadh, Riyadh"
1599000,Floor,3,3,154,"Al Malaz, Central Riyadh, Riyadh"
440000,Apartment,3,3,166,"Badr, South Riyadh, Riyadh"
2900000,Villa,5,5,409,"Al Naim, North Jeddah, Jeddah"
890000,Apartment,3,3,130,"Al Mahdiyah, West Riyadh, Riyadh"
770000,Apartment,4,5,630,"Badr, South Riyadh, Riyadh"
550000,Apartment,3,4,160,"Governmental1, Jeddah"
850000,Apartment,4,3,130,"Dhahrat Laban, West Riyadh, Riyadh"
739000,Apartment,3,3,132,"Al Rimal, East Riyadh, Riyadh"
550000,Apartment,6,2,187,"Al Maealaa, Ahad Rafidah"
650000,Apartment,5,4,163,"As Salamah, Makkah"
950000,Apartment,5,3,163,"Al Salamah, North Jeddah, Jeddah"
550000,Apartment,4,4,135,"Al Hamra, Al Khobar"
770000,Apartment,3,3,630,"Badr, South Riyadh, Riyadh"
730000,Floor,3,3,180,"Okaz, South Riyadh, Riyadh"
620000,Apartment,3,3,140,"Alawali, West Riyadh, Riyadh"
3800000,Villa,6,5,468,"Al Mahdiyah, West Riyadh, Riyadh"
3500000,Villa,9,7,400,"Al Aqiq, North Riyadh, Riyadh"
900000,Floor,4,4,220,"Tuwaiq, West Riyadh, Riyadh"
770000,Apartment,4,4,630,"Badr, South Riyadh, Riyadh"
669000,Apartment,3,3,128,"Al Rimal, East Riyadh, Riyadh"
600000,Apartment,3,3,135,"Al Bayan Neighborhood, East Riyadh, Riyadh"
4000000,Villa,5,3,562,"Al Malaz, Central Riyadh, Riyadh"
1650000,Villa,7,9,437,"Al Sheraa, Al Khobar"
740000,Floor,4,3,214,"Badr, South Riyadh, Riyadh"
3500000,Apartment,11,11,400,"Al Safa, North Jeddah, Jeddah"
1250000,Apartment,5,4,185,"Al Zahraa, North Jeddah, Jeddah"
3500000,Residential Building,11,7,690,"Badr, South Riyadh, Riyadh"
600000,Apartment,3,3,116,"Dhahrat Laban, West Riyadh, Riyadh"
860000,Floor,8,6,500,"Shubra, West Riyadh, Riyadh"
1050000,Villa,3,5,385,"Tuwaiq, West Riyadh, Riyadh"
850000,Apartment,3,3,162,"Al Rimal, East Riyadh, Riyadh"
840000,Apartment,4,4,192,"Al Faisaliyah, Central Jeddah, Jeddah"
1150000,Apartment,5,4,155,"Al Rawdah, North Jeddah, Jeddah"
1500000,Villa,5,4,483,"Al Shifa, South Riyadh, Riyadh"
770000,Floor,4,4,630,"Badr, South Riyadh, Riyadh"
1650000,Villa,6,6,500,"Al Lulu, Al Khobar"
760000,Floor,4,4,214,"Badr, South Riyadh, Riyadh"
1030000,Villa,5,5,269,"Tuwaiq, West Riyadh, Riyadh"
770000,Floor,4,4,630,"Badr, South Riyadh, Riyadh"
800000,Floor,3,5,193,"Al Janadriyah, East Riyadh, Riyadh"
800000,Floor,3,4,242,"Okaz, South Riyadh, Riyadh"
620000,Apartment,3,4,152,"Al Manar, North Jeddah, Jeddah"
550000,Apartment,3,3,146,"Badr, South Riyadh, Riyadh"
1200000,Apartment,3,3,154,"Al Fayhaa, North Jeddah, Jeddah"
770000,Floor,3,3,630,"Badr, South Riyadh, Riyadh"
780000,Floor,4,5,149,"Badr, South Riyadh, Riyadh"
4800000,Villa,6,7,598,"Al Shati, North Jeddah, Jeddah"
980000,Villa,4,4,143,"Al Suwaidi, West Riyadh, Riyadh"
850000,Villa,4,4,239,"Al Janadriyah, East Riyadh, Riyadh"
1100000,Floor,3,5,287,"Al Rimal, East Riyadh, Riyadh"
1100000,Floor,3,4,205,"Al Rimal, East Riyadh, Riyadh"
600000,Apartment,3,3,166,"Tuwaiq, West Riyadh, Riyadh"
1350000,Villa,6,5,200,"Tuwaiq, West Riyadh, Riyadh"
560000,Apartment,3,3,133,"Al Hazm, West Riyadh, Riyadh"
570000,Floor,3,3,173,"Badr, South Riyadh, Riyadh"
850000,Floor,3,3,204,"Al Janadriyah, East Riyadh, Riyadh"
1000000,Villa,3,3,263,"Tuwaiq, West Riyadh, Riyadh"
1350000,Villa,6,5,200,"Tuwaiq, West Riyadh, Riyadh"
950000,Floor,3,3,286,"Al Janadriyah, East Riyadh, Riyadh"
590000,Apartment,4,4,139,"Al Safa, North Jeddah, Jeddah"
296000,Apartment,3,3,887,"Al Rayaan, North Jeddah, Jeddah"
800000,Apartment,3,4,171,"Al Shati Al Sharqi, Dammam"
1150000,Apartment,5,4,155,"Al Rawdah, North Jeddah, Jeddah"
620000,Apartment,3,3,140,"Alawali, West Riyadh, Riyadh"
1150000,Apartment,5,4,155,"Al Rawdah, North Jeddah, Jeddah"
2450000,Villa,5,6,500,"Al Mahdiyah, West Riyadh, Riyadh"
1650000,Floor,3,3,198,"Qurtubah, East Riyadh, Riyadh"
770000,Floor,4,4,630,"Badr, South Riyadh, Riyadh"
760000,Floor,7,7,214,"Badr, South Riyadh, Riyadh"
760000,Floor,4,4,214,"Badr, South Riyadh, Riyadh"
580000,Apartment,4,4,124,"Al Suwaidi, West Riyadh, Riyadh"
550000,Apartment,3,3,128,"Al Zahrah, West Riyadh, Riyadh"
950000,Floor,3,3,220,"Tuwaiq, West Riyadh, Riyadh"
1800000,Villa,10,4,375,"Al Saadah, East Riyadh, Riyadh"
750000,Apartment,4,3,114,"Al Rawdah, North Jeddah, Jeddah"
770000,Floor,4,4,630,"Badr, South Riyadh, Riyadh"
770000,Apartment,3,3,630,"Badr, South Riyadh, Riyadh"
770000,Apartment,4,4,630,"Badr, South Riyadh, Riyadh"
800000,Apartment,4,4,630,"Badr, South Riyadh, Riyadh"
770000,Apartment,4,4,630,"Badr, South Riyadh, Riyadh"
860000,Floor,5,5,500,"Shubra, West Riyadh, Riyadh"
760000,Floor,4,4,214,"Badr, South Riyadh, Riyadh"
760000,Floor,3,3,214,"Badr, South Riyadh, Riyadh"
860000,Floor,3,4,500,"Shubra, West Riyadh, Riyadh"
685000,Apartment,3,3,180,"Alawali, West Riyadh, Riyadh"
420000,Apartment,3,3,170,"Badr, South Riyadh, Riyadh"
580000,Apartment,3,3,124,"Al Suwaidi, West Riyadh, Riyadh"
4200000,Villa,6,6,371,"Al Munsiyah, East Riyadh, Riyadh"
760000,Floor,4,4,214,"Badr, South Riyadh, Riyadh"
830000,Floor,3,3,245,"Tuwaiq, West Riyadh, Riyadh"
770000,Apartment,6,5,630,"Badr, South Riyadh, Riyadh"
800000,Apartment,3,5,630,"Badr, South Riyadh, Riyadh"
770000,Apartment,4,4,630,"Badr, South Riyadh, Riyadh"
760000,Floor,4,4,214,"Badr, South Riyadh, Riyadh"
570000,Apartment,3,3,142,"Tuwaiq, West Riyadh, Riyadh"
2950000,Villa,6,10,500,"Al Buhairah, Al Khobar"
760000,Floor,4,4,214,"Badr, South Riyadh, Riyadh"
800000,Apartment,7,7,630,"Badr, South Riyadh, Riyadh"
770000,Apartment,5,4,630,"Badr, South Riyadh, Riyadh"
3900000,Villa,5,5,450,"Al Yarmuk, East Riyadh, Riyadh"
1650000,Villa,7,8,500,"Al Lulu, Al Khobar"
770000,Apartment,4,4,630,"Badr, South Riyadh, Riyadh"
22850000,Villa,7,5,1895,"Al Rawdah, North Jeddah, Jeddah"
2450000,Villa,5,6,500,"Al Mahdiyah, West Riyadh, Riyadh"
980000,Apartment,3,3,143,"Al Suwaidi, West Riyadh, Riyadh"
800000,Apartment,3,3,630,"Badr, South Riyadh, Riyadh"
800000,Apartment,3,4,630,"Badr, South Riyadh, Riyadh"
770000,Apartment,4,4,630,"Badr, South Riyadh, Riyadh"
770000,Apartment,4,4,630,"Badr, South Riyadh, Riyadh"
780000,Floor,4,4,149,"Badr, South Riyadh, Riyadh"
850000,Floor,3,4,204,"Al Janadriyah, East Riyadh, Riyadh"
1400000,Apartment,3,3,138,"Al Malqa, North Riyadh, Riyadh"
950000,Floor,7,3,135,"Al Murjan, East Riyadh, Riyadh"
3900000,Villa,11,11,450,"Al Sheraa, North Jeddah, Jeddah"
1000000,Apartment,2,3,100,"Al Arid, North Riyadh, Riyadh"
6200000,Villa,8,7,386,"Al Shati, North Jeddah, Jeddah"
290000,Apartment,2,2,1625,"Al Safa, North Jeddah, Jeddah"
760000,Apartment,5,4,170,Dhahran
1150000,Apartment,3,4,182,"Al Rawdah, North Jeddah, Jeddah"
790000,Apartment,5,4,171,"Tuwaiq, West Riyadh, Riyadh"
13000000,Villa,10,7,720,"Al Nada, North Riyadh, Riyadh"
680000,Apartment,5,4,218,"Shuran, Madina"
580000,Apartment,4,4,221,"Al Ranuna, Madina"
700000,Apartment,4,4,178,"Al Bawadi, North Jeddah, Jeddah"
750000,Apartment,8,6,355,"Al Maealaa, Ahad Rafidah"
1200000,Floor,5,4,600,"Al Safa, East Riyadh, Riyadh"
1450000,Villa,4,6,252,"Al Shati Al Sharqi, Dammam"
615000,Apartment,3,3,112,"Tuwaiq, West Riyadh, Riyadh"
1150000,Apartment,5,4,211,"Al Salamah, North Jeddah, Jeddah"
990000,Apartment,5,3,175,"Al Salamah, North Jeddah, Jeddah"
540000,Apartment,5,3,126,"Al Shawqiyyah, Makkah"
7500000,Villa,9,9,945,"Al Munsiyah, East Riyadh, Riyadh"
650000,Apartment,5,4,166,"Al Waha, North Jeddah, Jeddah"
1100000,Apartment,3,4,253,"Al Hazm, West Riyadh, Riyadh"
5000000,Villa,5,10,500,"Al Rabi, North Riyadh, Riyadh"
1000000,Floor,5,4,177,"Al Rimal, East Riyadh, Riyadh"
1350000,Apartment,6,5,242,"Al Safa, North Jeddah, Jeddah"
850000,Apartment,4,4,158,"Al Safa, North Jeddah, Jeddah"
1300000,Apartment,4,4,110,"Al Narjis, North Riyadh, Riyadh"
995000,Apartment,4,4,199,"Al Zahraa, North Jeddah, Jeddah"
850000,Apartment,5,3,194,"Al Fayha, East Riyadh, Riyadh"
1570000,Floor,4,2,122,"Al Yasmin, North Riyadh, Riyadh"
1990000,Floor,4,3,193,"Al Yasmin, North Riyadh, Riyadh"
2395000,Floor,3,5,229,"Al Yasmin, North Riyadh, Riyadh"
985000,Apartment,7,5,273,"Al Fayhaa, North Jeddah, Jeddah"
880000,Apartment,6,5,217,"Al Bawadi, North Jeddah, Jeddah"
1600000,Apartment,4,4,112,"Hittin, North Riyadh, Riyadh"
1200000,Rest House,8,6,2000,"Dirab, West Riyadh, Riyadh"
1050000,Floor,3,2,151,"Al Murjan, East Riyadh, Riyadh"
770000,Apartment,3,3,630,"Badr, South Riyadh, Riyadh"
978000,Apartment,3,3,118,"Al Munsiyah, East Riyadh, Riyadh"
800000,Apartment,5,4,189,"Al Shati Al Sharqi, Dammam"
1450000,Apartment,4,4,121,"Al Nada, North Riyadh, Riyadh"
470000,Apartment,2,3,506,"Al Rawdah, North Jeddah, Jeddah"
670000,Apartment,5,4,158,"Al Safa, North Jeddah, Jeddah"
2600000,Villa,6,7,413,"Al Bayan Neighborhood, East Riyadh, Riyadh"
2100000,Villa,5,5,330,"Al Mahdiyah, West Riyadh, Riyadh"
2250000,Villa,10,7,468,"Al Mahdiyah, West Riyadh, Riyadh"
2500000,Villa,10,5,375,"Al Rimal, East Riyadh, Riyadh"
700000,Apartment,4,4,165,"Al Faisaliyah, Central Jeddah, Jeddah"
830000,Floor,5,4,245,"Tuwaiq, West Riyadh, Riyadh"
1450000,Apartment,3,3,156,"Qurtubah, East Riyadh, Riyadh"
750670,Apartment,3,3,9900,"Al Rawdah, East Riyadh, Riyadh"
560000,Apartment,6,3,202,"Al Muhammadiyah 2, Jazan"
770000,Apartment,3,3,630,"Badr, South Riyadh, Riyadh"
1100000,Villa,4,4,269,"Okaz, South Riyadh, Riyadh"
750000,Apartment,5,4,199,"King Fahd, Makkah"
3900000,Villa,6,5,312,"Al Narjis, North Riyadh, Riyadh"
630000,Apartment,4,4,143,"Al Naim, North Jeddah, Jeddah"
1950000,Villa,6,8,381,"Al Buhairah, Al Khobar"
1650000,Villa,6,8,437,"Al Sheraa, Al Khobar"
430000,Apartment,3,4,131,"Badr, South Riyadh, Riyadh"
3800000,Villa,5,4,400,"Al Mahdiyah, West Riyadh, Riyadh"
1300000,Floor,3,3,600,"Al Rawabi, East Riyadh, Riyadh"
1400000,Floor,3,4,560,"Al Munsiyah, East Riyadh, Riyadh"
3050000,Villa,5,5,390,"Al Nahdah, East Riyadh, Riyadh"
2100000,Villa,5,5,328,"Al Rimal, East Riyadh, Riyadh"
2400000,Villa,5,6,250,"Al Yarmuk, East Riyadh, Riyadh"
3750000,Villa,7,7,357,"Qurtubah, East Riyadh, Riyadh"
1700000,Villa,5,6,225,"Al Rimal, East Riyadh, Riyadh"
2400000,Villa,5,5,250,"Al Yarmuk, East Riyadh, Riyadh"
1650000,Floor,4,4,183,"Al Munsiyah, East Riyadh, Riyadh"
1150000,Floor,3,3,230,"Al Khaleej, East Riyadh, Riyadh"
1350000,Floor,3,3,196,"Al Munsiyah, East Riyadh, Riyadh"
1400000,Floor,4,4,251,"Al Khaleej, East Riyadh, Riyadh"
2800000,Villa,5,5,257,"Qurtubah, East Riyadh, Riyadh"
1450000,Floor,3,3,156,"Qurtubah, East Riyadh, Riyadh"
1650000,Floor,3,3,172,"Qurtubah, East Riyadh, Riyadh"
1850000,Floor,3,3,186,"Qurtubah, East Riyadh, Riyadh"
3500000,Villa,7,7,357,"Qurtubah, East Riyadh, Riyadh"
3750000,Villa,7,7,343,"Qurtubah, East Riyadh, Riyadh"
2750000,Villa,5,5,376,"Al Yarmuk, East Riyadh, Riyadh"
2600000,Villa,5,5,376,"Al Yarmuk, East Riyadh, Riyadh"
2600000,Villa,5,5,376,"Al Yarmuk, East Riyadh, Riyadh"
1750000,Floor,3,4,222,"Al Munsiyah, East Riyadh, Riyadh"
1700000,Villa,5,5,225,"Al Rimal, East Riyadh, Riyadh"
4350000,Villa,5,5,371,"Al Munsiyah, East Riyadh, Riyadh"
1650000,Floor,4,3,183,"Al Munsiyah, East Riyadh, Riyadh"
1150000,Floor,2,3,144,"Al Munsiyah, East Riyadh, Riyadh"
1950000,Floor,4,4,204,"Qurtubah, East Riyadh, Riyadh"
1450000,Floor,3,3,236,"Al Nahdah, East Riyadh, Riyadh"
850000,Apartment,3,3,124,"Al Nahdah, East Riyadh, Riyadh"
2000000,Floor,4,4,264,"Al Munsiyah, East Riyadh, Riyadh"
3000000,Villa,5,5,338,"Al Rimal, East Riyadh, Riyadh"
1700000,Floor,3,4,242,"Al Munsiyah, East Riyadh, Riyadh"
1150000,Villa,8,8,383,"Al Salam, Madina"
1025000,Villa,5,5,419,"Shuran, Madina"
580000,Apartment,5,4,221,"Al Ranuna, Madina"
1250000,Floor,3,3,196,"Al Khaleej, East Riyadh, Riyadh"
1400000,Floor,3,4,183,"Al Khaleej, East Riyadh, Riyadh"
790000,Apartment,3,3,159,"Al Qadisiyah, East Riyadh, Riyadh"
2550000,Villa,5,8,371,"Al Yarmuk, East Riyadh, Riyadh"
1700000,Floor,4,5,292,"Al Rimal, East Riyadh, Riyadh"
1500000,Floor,3,4,225,"Al Yarmuk, East Riyadh, Riyadh"
2600000,Villa,5,8,376,"Al Yarmuk, East Riyadh, Riyadh"
700000,Apartment,3,3,135,"Al Qadisiyah, East Riyadh, Riyadh"
3500000,Villa,11,9,625,"Al Dar Al Baida, South Riyadh, Riyadh"
800000,Apartment,4,3,146,"Al Rawdah, North Jeddah, Jeddah"
650000,Apartment,4,3,111,"Al Salamah, North Jeddah, Jeddah"
2500000,Villa,3,4,250,"Al Munsiyah, East Riyadh, Riyadh"
1500000,Floor,3,3,141,"Al Munsiyah, East Riyadh, Riyadh"
1950000,Floor,4,4,204,"Qurtubah, East Riyadh, Riyadh"
1300000,Floor,3,4,180,"Al Nahdah, East Riyadh, Riyadh"
1380000,Apartment,4,4,128,"Qurtubah, East Riyadh, Riyadh"
2500000,Villa,4,8,250,"King Faisal, East Riyadh, Riyadh"
530000,Apartment,4,3,130,"Al Safa, North Jeddah, Jeddah"
1650000,Villa,6,5,200,"Al Sheraa, North Jeddah, Jeddah"
1950000,Floor,4,4,204,"Qurtubah, East Riyadh, Riyadh"
650000,Apartment,5,3,172,"Al Mohamdya, Makkah"
750000,Apartment,5,5,161,"Okaz, South Riyadh, Riyadh"
750000,Apartment,6,6,200,"Okaz, South Riyadh, Riyadh"
1700000,Apartment,3,3,104,"Al Malqa, North Riyadh, Riyadh"
650000,Apartment,5,3,172,"Al Mohamdya, Makkah"
890000,Apartment,3,3,136,"Al Rimal, East Riyadh, Riyadh"
700000,Apartment,5,4,188,"Nubala, Madina"
3800000,Villa,7,6,312,"Al Arid, North Riyadh, Riyadh"
296000,Apartment,3,3,887,"Al Rayaan, North Jeddah, Jeddah"
339000,Apartment,4,3,734,"Al Rayaan, North Jeddah, Jeddah"
339000,Apartment,4,3,734,"Al Rayaan, North Jeddah, Jeddah"
860000,Apartment,6,4,225,"Al Faisaliyah, Central Jeddah, Jeddah"
450000,Apartment,4,3,129,"Batha Quraysh, Makkah"
2100000,Villa,6,6,200,"Al Mahdiyah, West Riyadh, Riyadh"
1750000,Villa,5,5,273,"Al Mahdiyah, West Riyadh, Riyadh"
500000,Apartment,3,3,199,"Badr, South Riyadh, Riyadh"
16000000,Villa,11,11,1200,"Al Narjis, North Riyadh, Riyadh"
570000,Apartment,3,3,155,"Al Safa, North Jeddah, Jeddah"
1750000,Apartment,3,3,130,"Al Narjis, North Riyadh, Riyadh"
490000,Apartment,3,3,94,"Al Salamah, North Jeddah, Jeddah"
1850000,Floor,3,4,186,"Qurtubah, East Riyadh, Riyadh"
795000,Apartment,4,3,158,"Al Rimal, East Riyadh, Riyadh"
850000,Apartment,6,4,207,"Al Marwah, North Jeddah, Jeddah"
415000,Apartment,3,3,102,"Al Waha, North Jeddah, Jeddah"
790000,Apartment,5,4,179,"Al Fayhaa, North Jeddah, Jeddah"
2000000,Villa,4,5,370,"Al Mahdiyah, West Riyadh, Riyadh"
750000,Apartment,3,3,113,"Al Rawdah, North Jeddah, Jeddah"
920000,Apartment,3,4,143,"Al Zahraa, North Jeddah, Jeddah"
1030000,Floor,4,3,789,"Al Rimal, East Riyadh, Riyadh"
435000,Apartment,3,3,108,"Dirab, West Riyadh, Riyadh"
750000,Apartment,3,3,113,"Al Rawdah, North Jeddah, Jeddah"
670000,Apartment,5,3,162,"Al Nuzhah, North Jeddah, Jeddah"
1600000,Villa,7,5,341,"Al Rimal, East Riyadh, Riyadh"
1100000,Villa,5,3,341,"Al Rimal, East Riyadh, Riyadh"
1050000,Apartment,3,3,116,"Al Narjis, North Riyadh, Riyadh"
4000000,Villa,7,7,345,"Al Basateen, North Jeddah, Jeddah"
1070000,Villa,8,6,200,"Al Salehiyah, North Jeddah, Jeddah"
1650000,Villa,11,7,275,"Al Sawari, North Jeddah, Jeddah"
1150000,Apartment,5,4,182,"Al Rawdah, North Jeddah, Jeddah"
550000,Apartment,5,3,157,"Al Mraikh, North Jeddah, Jeddah"
510000,Apartment,4,3,130,"Al Waha, North Jeddah, Jeddah"
430000,Apartment,4,3,122,"Al Rayaan, North Jeddah, Jeddah"
1450000,Villa,11,7,300,"Al Rahmanyah, North Jeddah, Jeddah"
660000,Apartment,5,4,192,"Al Waha, North Jeddah, Jeddah"
2200000,Villa,5,6,455,"Al Khaleej, East Riyadh, Riyadh"
950000,Floor,4,4,342,"Al Rimal, East Riyadh, Riyadh"
2900000,Villa,4,4,341,"Al Rimal, East Riyadh, Riyadh"
530000,Apartment,3,3,152,"Al Hazm, West Riyadh, Riyadh"
730000,Apartment,5,3,135,"Al Rawdah, North Jeddah, Jeddah"
3000000,Villa,8,7,337,"Al Arid, North Riyadh, Riyadh"
489999,Apartment,3,4,168,"Okaz, South Riyadh, Riyadh"
2200000,Villa,10,5,450,"Al Suwaidi, West Riyadh, Riyadh"
580000,Apartment,3,4,124,"Al Suwaidi, West Riyadh, Riyadh"
650000,Apartment,3,3,184,"Tuwaiq, West Riyadh, Riyadh"
3100000,Villa,8,8,300,"Al Narjis, North Riyadh, Riyadh"
430000,Apartment,3,3,131,"Badr, South Riyadh, Riyadh"
549000,Apartment,3,3,16975,"Umm Hablain Al Gharbia, Jeddah"
7500000,Villa,9,9,945,"Al Munsiyah, East Riyadh, Riyadh"
4150000,Villa,6,5,371,"Al Munsiyah, East Riyadh, Riyadh"
1000000,Floor,4,4,165,"Al Janadriyah, East Riyadh, Riyadh"
1250000,Villa,4,4,260,"Al Janadriyah, East Riyadh, Riyadh"
1300000,Villa,6,3,440,"Al Suwaidi, West Riyadh, Riyadh"
770000,Apartment,3,5,630,"Badr, South Riyadh, Riyadh"
570000,Floor,3,3,117,"Badr, South Riyadh, Riyadh"
3500000,Villa,7,7,324,"Al Munsiyah, East Riyadh, Riyadh"
1350000,Apartment,4,3,188,"Qurtubah, East Riyadh, Riyadh"
2100000,Rest House,3,3,400,"Al Zahrah, West Riyadh, Riyadh"
2000000,Apartment,3,5,182,"Al Yasmin, North Riyadh, Riyadh"
600000,Apartment,4,2,136,"Dhahrat Laban, West Riyadh, Riyadh"
2100000,Floor,5,5,660,"Al Narjis, North Riyadh, Riyadh"
1350000,Floor,5,3,172,"King Faisal, East Riyadh, Riyadh"
1000000,Apartment,4,3,66,"King Faisal, East Riyadh, Riyadh"
700000,Apartment,3,3,65,"Al Rimal, East Riyadh, Riyadh"
1650000,Villa,3,3,257,"Al Rimal, East Riyadh, Riyadh"
850000,Floor,3,3,172,"Al Rimal, East Riyadh, Riyadh"
550000,Apartment,3,3,140,"Alawali, West Riyadh, Riyadh"
3500000,Villa,6,5,625,"Al Saadah, East Riyadh, Riyadh"
560000,Floor,2,3,134,"Badr, South Riyadh, Riyadh"
1800000,Villa,4,4,359,"Al Janadriyah, East Riyadh, Riyadh"
1050000,Villa,5,5,265,"Tuwaiq, West Riyadh, Riyadh"
1950000,Floor,4,6,204,"Qurtubah, East Riyadh, Riyadh"
4600000,Villa,4,5,300,"Al Narjis, North Riyadh, Riyadh"
650000,Floor,4,4,149,"Badr, South Riyadh, Riyadh"
850000,Floor,3,4,130,"Tuwaiq, West Riyadh, Riyadh"
450000,Apartment,4,3,126,"Al Waha, North Jeddah, Jeddah"
6000000,Villa,6,6,480,"Al Qirawan, North Riyadh, Riyadh"
770000,Apartment,4,5,630,"Badr, South Riyadh, Riyadh"
620000,Apartment,4,3,140,"Alawali, West Riyadh, Riyadh"
830000,Floor,9,4,246,"Tuwaiq, West Riyadh, Riyadh"
2200000,Villa,5,6,540,"Al Rimal, East Riyadh, Riyadh"
1150000,Villa,4,2,315,"Al Janadriyah, East Riyadh, Riyadh"
1050000,Floor,4,3,200,"Al Janadriyah, East Riyadh, Riyadh"
1150000,Villa,4,5,288,"Al Janadriyah, East Riyadh, Riyadh"
800000,Apartment,3,4,205,"Al Janadriyah, East Riyadh, Riyadh"
1500000,Apartment,3,3,127,"Al Malqa, North Riyadh, Riyadh"
4500000,Villa,6,4,405,"Al Mahdiyah, West Riyadh, Riyadh"
1100000,Villa,3,3,300,"Badr, South Riyadh, Riyadh"
850000,Floor,3,3,192,"Al Rimal, East Riyadh, Riyadh"
600000,Apartment,3,3,98,"Al Janadriyah, East Riyadh, Riyadh"
750000,Floor,4,4,164,"Al Janadriyah, East Riyadh, Riyadh"
950000,Floor,5,5,225,"Al Janadriyah, East Riyadh, Riyadh"
1750000,Floor,3,4,222,"Al Munsiyah, East Riyadh, Riyadh"
1200000,Floor,4,4,196,"Al Yarmuk, East Riyadh, Riyadh"
1650000,Villa,6,6,437,"Al Sheraa, Al Khobar"
2000000,Villa,6,6,437,"Al Sheraa, Al Khobar"
950000,Villa,4,5,392,"Al Sheraa, Al Khobar"
800000,Floor,3,4,164,"Tuwaiq, West Riyadh, Riyadh"
1950000,Villa,9,6,300,"Al Lulu, North Jeddah, Jeddah"
2000000,Villa,5,5,327,"Al Mahdiyah, West Riyadh, Riyadh"
2200000,Villa,5,4,283,"Al Rimal, East Riyadh, Riyadh"
4500000,Villa,8,6,855,"Al Bayan Neighborhood, East Riyadh, Riyadh"
6000000,Apartment,3,3,115,"Al Hazm, West Riyadh, Riyadh"
1280000,Villa,4,5,461,"Al Danah, Al Hofuf Eastern Region"
870000,Villa,6,7,230,"Al Danah, Al Hofuf Eastern Region"
850000,Villa,5,3,310,"Al Wafa Scheme, North Jeddah, Jeddah"
2700000,Villa,7,8,318,"Al Saadah, East Riyadh, Riyadh"
700000,Rest House,10,10,450,"Al Riyadh, North Jeddah, Jeddah"
900000,Apartment,5,4,229,"Al Shawqiyyah, Makkah"
3400000,Apartment,2,2,169,"Al Olaya, North Riyadh, Riyadh"
1800000,Villa,5,5,630,"Al Aziziyah, South Riyadh, Riyadh"
820000,Apartment,4,3,234,"Alawali, West Riyadh, Riyadh"
750000,Apartment,5,3,200,"Al Shawqiyyah, Makkah"
4000000,Villa,11,7,625,"Al Rabwa, North Jeddah, Jeddah"
510000,Apartment,4,3,131,"Bani Bayadah, Madina"
1257000,Apartment,3,3,128,"Al Munsiyah, East Riyadh, Riyadh"
950000,Floor,4,3,341,"Al Rimal, East Riyadh, Riyadh"
3300000,Villa,6,7,357,"Qurtubah, East Riyadh, Riyadh"
1537500,Villa,5,5,200,"Dhahrat Laban, West Riyadh, Riyadh"
510000,Apartment,3,3,185,"Okaz, South Riyadh, Riyadh"
5800000,Building,1,1,480,"Al Safa, North Jeddah, Jeddah"
2000000,Building,6,10,474,"Asharai, Makkah"
810000,Apartment,3,4,189,"Al Shati Al Sharqi, Dammam"
3049000,Villa,4,3,6682,"Al Bahar, Al Khobar"
3049000,Villa,4,3,6682,"Al Bahar, Al Khobar"
1400000,Floor,3,3,260,"Al Rimal, East Riyadh, Riyadh"
860000,Floor,2,4,500,"Shubra, West Riyadh, Riyadh"
550000,Apartment,3,3,128,"Al Zahrah, West Riyadh, Riyadh"
1599000,Floor,3,3,687,"Al Aqiq, North Riyadh, Riyadh"
6900000,Villa,7,6,475,"King Fahd, North Riyadh, Riyadh"
912000,Villa,4,4,290,"Badr, South Riyadh, Riyadh"
1750000,Villa,5,4,459,"Obhur Al Shamaliyah, North Jeddah, Jeddah"
645000,Apartment,6,4,179,"Al Waha, North Jeddah, Jeddah"
2100000,Villa,7,3,500,"Al Shati, Jazan"
850000,Apartment,4,3,139,"Dhahrat Laban, West Riyadh, Riyadh"
1900000,Villa,6,6,250,"Al Fayha, East Riyadh, Riyadh"
830000,Apartment,5,5,170,Dhahran
2100000,Villa,3,3,220,"Al Munsiyah, East Riyadh, Riyadh"
1070000,Villa,4,4,263,"Tuwaiq, West Riyadh, Riyadh"
4400000,Villa,4,6,496,"Al Munsiyah, East Riyadh, Riyadh"
430000,Apartment,3,3,131,"Badr, South Riyadh, Riyadh"
1600000,Floor,3,4,206,"Al Munsiyah, East Riyadh, Riyadh"
1150000,Floor,3,3,196,"Al Nahdah, East Riyadh, Riyadh"
1300000,Apartment,3,2,212,Dhahran
650000,Apartment,5,3,172,"Al Mohamdya, Makkah"
1470000,Villa,5,3,289,"Al Janadriyah, East Riyadh, Riyadh"
685000,Apartment,5,4,124,"Al Rimal, East Riyadh, Riyadh"
720000,Floor,3,3,143,"Tuwaiq, West Riyadh, Riyadh"
750000,Apartment,3,3,128,"Al Rimal, East Riyadh, Riyadh"
6700000,Rest House,6,8,916,"Al Arid, North Riyadh, Riyadh"
770000,Apartment,5,5,170,Dhahran
2600000,Villa,7,6,500,"Al Saadah, East Riyadh, Riyadh"
1400000,Villa,3,2,300,"Al Sakb, Madina"
1950000,Floor,4,5,204,"Qurtubah, East Riyadh, Riyadh"
1700000,Villa,11,2,360,"Al Nasim Al Sharqi, East Riyadh, Riyadh"
6500000,Villa,3,2,476,"Al Arid, North Riyadh, Riyadh"
630000,Floor,3,3,184,"Okaz, South Riyadh, Riyadh"
800000,Floor,3,3,193,"Tuwaiq, West Riyadh, Riyadh"
3500000,Residential Building,11,7,713,"Al Dar Al Baida, South Riyadh, Riyadh"
950000,Apartment,3,4,1237,Dhahran
9000000,Villa,8,9,546,"Al Sahafah, North Riyadh, Riyadh"
1399000,Floor,3,3,170,"Al Rawdah, East Riyadh, Riyadh"
765000,Apartment,3,4,166,"Al Saif, Dammam"
1010000,Apartment,3,3,123,"Al Rimal, East Riyadh, Riyadh"
690000,Apartment,3,3,177,"Badr, South Riyadh, Riyadh"
690000,Apartment,4,3,177,"Badr, South Riyadh, Riyadh"
1500000,Rest House,1,3,2000,"Dirab, West Riyadh, Riyadh"
1500000,Rest House,2,2,2000,"Dirab, West Riyadh, Riyadh"
1380000,Apartment,4,4,128,"Qurtubah, East Riyadh, Riyadh"
580000,Apartment,3,4,124,"Al Suwaidi, West Riyadh, Riyadh"
1350000,Floor,2,3,160,"Al Rimal, East Riyadh, Riyadh"
1150000,Villa,4,5,148,"Al Rimal, East Riyadh, Riyadh"
850000,Floor,3,5,204,"Al Janadriyah, East Riyadh, Riyadh"
6000000,Villa,4,3,560,"Al Nafal, North Riyadh, Riyadh"
800000,Floor,3,4,500,"Shubra, West Riyadh, Riyadh"
950000,Apartment,3,4,1237,Dhahran
930000,Floor,5,4,251,"Al Janadriyah, East Riyadh, Riyadh"
3500000,Villa,10,7,349,"Al Munsiyah, East Riyadh, Riyadh"
650000,Apartment,3,3,134,"Alawali, West Riyadh, Riyadh"
800000,Apartment,3,3,630,"Badr, South Riyadh, Riyadh"
470000,Apartment,5,3,126,"Al Manar, North Jeddah, Jeddah"
2000000,Villa,10,9,196,"Al Bayan Neighborhood, East Riyadh, Riyadh"
950000,Villa,5,5,167,"Al Janadriyah, East Riyadh, Riyadh"
1200000,Villa,6,5,425,"Al Frosyah, South Jeddah, Jeddah"
1000000,Floor,4,4,172,"Al Qadisiyah, East Riyadh, Riyadh"
1150000,Villa,8,7,473,"Al Sakb, Madina"
740000,Floor,4,3,176,"Badr, South Riyadh, Riyadh"
760000,Apartment,5,4,170,Dhahran
760000,Apartment,5,4,170,Dhahran
770000,Apartment,5,5,170,Dhahran
780000,Apartment,5,5,170,Dhahran
2400000,Villa,6,9,200,"Al Mahdiyah, West Riyadh, Riyadh"
860000,Floor,8,6,500,"Shubra, West Riyadh, Riyadh"
320000,Apartment,3,3,659,"Al Mraikh, North Jeddah, Jeddah"
1100000,Apartment,4,3,600,"Al Safa, East Riyadh, Riyadh"
1900000,Villa,4,8,235,"Al Saadah, East Riyadh, Riyadh"
2450000,Villa,5,6,500,"Al Mahdiyah, West Riyadh, Riyadh"
730000,Apartment,4,3,112,"Al Rawdah, North Jeddah, Jeddah"
2695000,Apartment,4,2,257,"Al Yasmin, North Riyadh, Riyadh"
770000,Apartment,4,4,630,"Badr, South Riyadh, Riyadh"
800000,Floor,3,3,500,"Shubra, West Riyadh, Riyadh"
770000,Apartment,4,4,630,"Badr, South Riyadh, Riyadh"
580000,Apartment,3,4,124,"Al Suwaidi, West Riyadh, Riyadh"
540000,Apartment,3,3,163,"Okaz, South Riyadh, Riyadh"
760000,Floor,4,4,214,"Badr, South Riyadh, Riyadh"
4000000,Villa,4,4,420,"Qurtubah, East Riyadh, Riyadh"
760000,Floor,4,4,214,"Badr, South Riyadh, Riyadh"
450000,Apartment,3,3,173,"Badr, South Riyadh, Riyadh"
1650000,Floor,3,4,198,"Qurtubah, East Riyadh, Riyadh"
2150000,Villa,5,5,225,"Al Rimal, East Riyadh, Riyadh"
2600000,Villa,6,6,413,"Al Bayan Neighborhood, East Riyadh, Riyadh"
978000,Apartment,3,3,118,"Al Munsiyah, East Riyadh, Riyadh"
1380000,Apartment,4,4,128,"Qurtubah, East Riyadh, Riyadh"
1020000,Apartment,3,4,129,"Al Munsiyah, East Riyadh, Riyadh"
1350000,Floor,4,4,196,"Al Khaleej, East Riyadh, Riyadh"
999000,Apartment,2,2,79,"King Faisal, East Riyadh, Riyadh"
1400000,Floor,3,4,201,"Al Nahdah, East Riyadh, Riyadh"
1400000,Floor,3,4,201,"Al Nahdah, East Riyadh, Riyadh"
1400000,Floor,4,4,201,"Al Nahdah, East Riyadh, Riyadh"
650000,Apartment,5,3,181,"Al Mohamdya, Makkah"
890000,Apartment,3,3,136,"Al Rimal, East Riyadh, Riyadh"
1250000,Apartment,3,3,142,"Al Rimal, East Riyadh, Riyadh"
975000,Apartment,3,3,136,"Al Rimal, East Riyadh, Riyadh"
810000,Apartment,3,3,139,"Al Rimal, East Riyadh, Riyadh"
960000,Apartment,3,3,136,"Al Rimal, East Riyadh, Riyadh"
1013000,Apartment,3,3,124,"Al Rimal, East Riyadh, Riyadh"
805000,Apartment,3,3,139,"Al Rimal, East Riyadh, Riyadh"
296000,Apartment,3,3,887,"Al Rayaan, North Jeddah, Jeddah"
770000,Apartment,4,4,630,"Badr, South Riyadh, Riyadh"
2450000,Villa,5,6,500,"Al Mahdiyah, West Riyadh, Riyadh"
730000,Apartment,4,3,112,"Al Rawdah, North Jeddah, Jeddah"
800000,Apartment,4,4,630,"Badr, South Riyadh, Riyadh"
860000,Floor,3,3,500,"Al Zahrah, West Riyadh, Riyadh"
950000,Floor,3,3,500,"Shubra, West Riyadh, Riyadh"
760000,Floor,4,4,214,"Badr, South Riyadh, Riyadh"
860000,Floor,4,3,500,"Shubra, West Riyadh, Riyadh"
450000,Apartment,3,3,176,"Badr, South Riyadh, Riyadh"
690000,Apartment,6,5,219,"Al Dar Al Baida, South Riyadh, Riyadh"
760000,Floor,4,4,214,"Badr, South Riyadh, Riyadh"
950000,Floor,4,3,105,"Al Rimal, East Riyadh, Riyadh"
1150000,Floor,3,3,125,"Al Rimal, East Riyadh, Riyadh"
770000,Apartment,3,3,630,"Badr, South Riyadh, Riyadh"
770000,Apartment,4,5,630,"Badr, South Riyadh, Riyadh"
760000,Floor,4,4,214,"Badr, South Riyadh, Riyadh"
590000,Apartment,3,3,133,"Al Hazm, West Riyadh, Riyadh"
450000,Floor,3,3,735,"Badr, South Riyadh, Riyadh"
770000,Apartment,4,4,630,"Badr, South Riyadh, Riyadh"
1050000,Floor,4,4,200,"Al Janadriyah, East Riyadh, Riyadh"
770000,Apartment,4,4,630,"Badr, South Riyadh, Riyadh"
770000,Apartment,4,4,630,"Badr, South Riyadh, Riyadh"
770000,Apartment,4,4,630,"Badr, South Riyadh, Riyadh"
995000,Apartment,2,3,137,"Al Rimal, East Riyadh, Riyadh"
770000,Apartment,4,4,630,"Badr, South Riyadh, Riyadh"
620000,Floor,4,4,250,"Tuwaiq, West Riyadh, Riyadh"
680000,Apartment,3,2,144,"Tuwaiq, West Riyadh, Riyadh"
450000,Apartment,3,2,167,"Badr, South Riyadh, Riyadh"
690000,Floor,4,3,163,"Al Shifa, South Riyadh, Riyadh"
820000,Apartment,4,3,234,"Alawali, West Riyadh, Riyadh"
580000,Apartment,3,4,124,"Al Suwaidi, West Riyadh, Riyadh"
1950000,Floor,4,5,187,"Qurtubah, East Riyadh, Riyadh"
1150000,Apartment,3,3,147,"Al Munsiyah, East Riyadh, Riyadh"
460000,Floor,3,5,61,"Al Murjan, East Riyadh, Riyadh"
770000,Apartment,4,4,630,"Badr, South Riyadh, Riyadh"
1150000,Apartment,3,4,133,"Al Yasmin, North Riyadh, Riyadh"
550000,Apartment,5,3,171,"Al Marwah, North Jeddah, Jeddah"
950000,Villa,8,7,312,"Al Noor District, Khamis Mushait"
3000000,Villa,5,4,399,"Al Munsiyah, East Riyadh, Riyadh"
960000,Apartment,5,4,1049,"Al Rawdah, North Jeddah, Jeddah"
4000000,Villa,10,4,500,"Ishbiliyah, East Riyadh, Riyadh"
4500000,Villa,7,6,300,"Al Narjis, North Riyadh, Riyadh"
1150000,Apartment,2,3,108,"Al Malqa, North Riyadh, Riyadh"
670000,Apartment,5,3,162,"Al Nuzhah, North Jeddah, Jeddah"
2200000,Villa,6,6,296,"Al Qadisiyah, East Riyadh, Riyadh"
1500000,Apartment,4,3,216,"Al Munsiyah, East Riyadh, Riyadh"
7500000,Villa,6,7,500,"Irqah, West Riyadh, Riyadh"
1250000,Apartment,3,3,146,"Al Bahar, Al Khobar"
670000,Apartment,5,3,162,"Al Nuzhah, North Jeddah, Jeddah"
680000,Apartment,5,4,170,"Al Fayhaa, North Jeddah, Jeddah"
510000,Apartment,4,3,126,"Al Manar, North Jeddah, Jeddah"
3500000,Villa,11,6,576,"Al Basateen, North Jeddah, Jeddah"
1550000,Apartment,7,2,230,"Al Rawdah, North Jeddah, Jeddah"
850000,Apartment,3,3,187,"Governmental1, Jeddah"
680000,Apartment,5,4,188,"Al Aziziyah, North Jeddah, Jeddah"
1550000,Villa,6,5,250,"Al Yaqout, North Jeddah, Jeddah"
430000,Apartment,3,3,94,"Al Nuzhah, North Jeddah, Jeddah"
1050000,Apartment,6,4,176,"Al Rawdah, North Jeddah, Jeddah"
5500000,Villa,4,4,279,"Al Arid, North Riyadh, Riyadh"
6700000,Villa,10,10,540,"Al Rabi, North Riyadh, Riyadh"
550000,Apartment,4,3,129,"Al Faisaliyah, Central Jeddah, Jeddah"
950000,Apartment,4,3,143,"Al Rimal, East Riyadh, Riyadh"
799000,Apartment,4,3,411,"Al Rawdah, North Jeddah, Jeddah"
519000,Apartment,4,3,130,"Al Nuzhah, North Jeddah, Jeddah"
695000,Apartment,5,3,159,"Al Rayaan, North Jeddah, Jeddah"
520000,Apartment,5,4,180,"Governmental1, Jeddah"
385000,Apartment,3,3,108,"Al Rayaan, North Jeddah, Jeddah"
695000,Apartment,5,3,159,"Al Rayaan, North Jeddah, Jeddah"
519000,Apartment,4,3,130,"Al Nuzhah, North Jeddah, Jeddah"
520000,Apartment,5,4,180,"Governmental1, Jeddah"
385000,Apartment,3,3,108,"Al Rayaan, North Jeddah, Jeddah"
499000,Apartment,5,3,157,"Governmental1, Jeddah"
560000,Apartment,5,4,162,"Al Safa, North Jeddah, Jeddah"
620000,Apartment,3,4,2400,"Al Rawdah, North Jeddah, Jeddah"
1400000,Floor,4,5,251,"Al Khaleej, East Riyadh, Riyadh"
1150000,Floor,3,4,230,"Al Khaleej, East Riyadh, Riyadh"
550000,Apartment,3,3,214,"Al Dhurfah, Khamis Mushait"
1055000,Apartment,3,3,106,"Al Munsiyah, East Riyadh, Riyadh"
1150000,Floor,3,4,196,"Al Nahdah, East Riyadh, Riyadh"
1450000,Floor,3,4,236,"Al Nahdah, East Riyadh, Riyadh"
1257000,Apartment,3,3,128,"Al Munsiyah, East Riyadh, Riyadh"
540000,Apartment,3,5,184,"Umm Hablain Al Gharbia, Jeddah"
3750000,Villa,7,8,343,"Qurtubah, East Riyadh, Riyadh"
1600000,Floor,3,4,223,"Al Munsiyah, East Riyadh, Riyadh"
590000,Apartment,3,3,133,"Al Hazm, West Riyadh, Riyadh"
1150000,Floor,3,4,196,"Al Nahdah, East Riyadh, Riyadh"
1850000,Villa,3,6,200,"Dhahrat Laban, West Riyadh, Riyadh"
660000,Floor,3,3,190,"Al Dar Al Baida, South Riyadh, Riyadh"
845000,Apartment,3,2,127,"Al Nahdah, North Jeddah, Jeddah"
45000000,Building,3,4,2087,"Al Rawdah, North Jeddah, Jeddah"
1100000,Apartment,4,4,308,"Al Rabwa, North Jeddah, Jeddah"
740000,Apartment,3,3,128,"Al Zahraa, North Jeddah, Jeddah"
1150000,Apartment,4,4,182,"Al Zahraa, North Jeddah, Jeddah"
1450000,Villa,11,7,300,"Al Rahmanyah, North Jeddah, Jeddah"
1450000,Villa,11,11,600,"Al Rahmanyah, North Jeddah, Jeddah"
859000,Apartment,3,3,134,"Al Rimal, East Riyadh, Riyadh"
23000000,Villa,6,10,1069,"Al Rabi, North Riyadh, Riyadh"
1050000,Villa,6,5,200,"Al Frosyah, South Jeddah, Jeddah"
1080000,Villa,7,5,200,"Al Frosyah, South Jeddah, Jeddah"
1400000,Villa,9,5,300,"Al Rahmanyah, North Jeddah, Jeddah"
1300000,Apartment,5,4,188,"Al Zahraa, North Jeddah, Jeddah"
4200000,Villa,5,5,500,"Agruba, Al Jubaylah"
2500000,Villa,4,3,517,"Shubra, West Riyadh, Riyadh"
5350000,Villa,8,9,450,"Al Narjis, North Riyadh, Riyadh"
2850000,Villa,11,5,300,"Al Rimal, East Riyadh, Riyadh"
2500000,Villa,6,7,385,"King Faisal, East Riyadh, Riyadh"
820000,Apartment,4,3,128,"Al Rimal, East Riyadh, Riyadh"
1150000,Apartment,4,4,142,"Al Munsiyah, East Riyadh, Riyadh"
1500000,Floor,3,3,213,"Al Yarmuk, East Riyadh, Riyadh"
2100000,Floor,4,5,343,"Al Yarmuk, East Riyadh, Riyadh"
1500000,Floor,6,3,220,"Al Munsiyah, East Riyadh, Riyadh"
1100000,Floor,4,4,167,"Al Rimal, East Riyadh, Riyadh"
1850000,Villa,5,6,270,"Al Nadwa District, East Riyadh, Riyadh"
1600000,Villa,7,4,275,"Al Rawdah, North Jeddah, Jeddah"
1320000,Floor,3,3,2120,"Al Safa, East Riyadh, Riyadh"
3380000,Villa,4,3,798,"Qurtubah, East Riyadh, Riyadh"
2390000,Floor,3,3,2250,"Al Narjis, North Riyadh, Riyadh"
485000,Apartment,4,2,138,"Al Marwah, North Jeddah, Jeddah"
1250000,Villa,4,5,260,"Al Janadriyah, East Riyadh, Riyadh"
989000,Apartment,3,3,131,"Al Munsiyah, East Riyadh, Riyadh"
930000,Apartment,4,3,133,"Al Rimal, East Riyadh, Riyadh"
830000,Apartment,4,3,136,"Al Rimal, East Riyadh, Riyadh"
2000000,Villa,5,6,275,"Al Qadisiyah, East Riyadh, Riyadh"
4100000,Villa,5,5,360,"Al Yasmin, North Riyadh, Riyadh"
4400000,Villa,5,5,364,"Al Yasmin, North Riyadh, Riyadh"
600000,Apartment,3,3,728,"Al Zahraa, North Jeddah, Jeddah"
1200000,Apartment,6,6,728,"Al Zahraa, North Jeddah, Jeddah"
1150000,Apartment,6,6,696,"Al Nahdah, North Jeddah, Jeddah"
480000,Apartment,2,3,2400,"Al Rawdah, North Jeddah, Jeddah"
620000,Apartment,4,4,2400,"Al Rawdah, North Jeddah, Jeddah"
1200000,Floor,3,4,205,"Al Qadisiyah, East Riyadh, Riyadh"
2635000,Floor,3,4,182,"Al Narjis, North Riyadh, Riyadh"
550000,Apartment,2,2,600,"Al Nahdah, North Jeddah, Jeddah"
2315000,Floor,3,3,177,"Al Narjis, North Riyadh, Riyadh"
1995000,Floor,3,3,117,"Al Narjis, North Riyadh, Riyadh"
1250000,Apartment,5,4,3200,"Al Faisaliyah, Central Jeddah, Jeddah"
650000,Apartment,3,3,840,"Tuwaiq, West Riyadh, Riyadh"
750000,Apartment,4,3,179,"Al Manar, North Jeddah, Jeddah"
720000,Apartment,5,3,170,"Al Rayaan, North Jeddah, Jeddah"
1150000,Floor,3,3,198,"Tuwaiq, West Riyadh, Riyadh"
4800000,Villa,4,3,400,"Al Malqa, North Riyadh, Riyadh"
930000,Apartment,3,3,133,"Al Rimal, East Riyadh, Riyadh"
1300000,Villa,4,4,225,"Al Qadisiyah, East Riyadh, Riyadh"
2800000,Villa,3,4,345,"Qurtubah, East Riyadh, Riyadh"
1500000,Floor,4,4,141,"Al Munsiyah, East Riyadh, Riyadh"
1470000,Floor,5,4,251,"Al Khaleej, East Riyadh, Riyadh"
650000,Floor,3,4,123,"Al Rimal, East Riyadh, Riyadh"
850000,Floor,3,4,133,"Al Rimal, East Riyadh, Riyadh"
850000,Floor,4,3,152,"Al Murjan, East Riyadh, Riyadh"
660000,Floor,3,3,147,"Al Murjan, East Riyadh, Riyadh"
820000,Apartment,3,3,128,"Al Rimal, East Riyadh, Riyadh"
860000,Apartment,3,3,128,"Al Rimal, East Riyadh, Riyadh"
820000,Apartment,3,3,128,"Al Rimal, East Riyadh, Riyadh"
970000,Apartment,4,3,171,"Al Rimal, East Riyadh, Riyadh"
800000,Apartment,5,4,158,"Al Rimal, East Riyadh, Riyadh"
900000,Apartment,5,4,179,"Al Rimal, East Riyadh, Riyadh"
1150000,Villa,6,5,170,"Al Rimal, East Riyadh, Riyadh"
250000,Apartment,2,2,706,"Al Mraikh, North Jeddah, Jeddah"
270000,Apartment,2,3,3200,"Al Faisaliyah, Central Jeddah, Jeddah"
560000,Apartment,4,3,132,"Al Rabwa, North Jeddah, Jeddah"
610000,Apartment,5,4,202,"Al Hamdaniyah, North Jeddah, Jeddah"
2000000,Villa,6,5,300,"Alawali, West Riyadh, Riyadh"
1500000,Apartment,3,3,136,"Al Narjis, North Riyadh, Riyadh"
3550000,Villa,5,4,255,"Al Narjis, North Riyadh, Riyadh"
470000,Apartment,4,4,128,"Al Waha, North Jeddah, Jeddah"
1400000,Rest House,4,3,800,"Shuran, Madina"
330000,Apartment,3,2,105,"Umm Hablain Al Gharbia, Jeddah"
1400000,Floor,4,5,305,"Al Qadisiyah, East Riyadh, Riyadh"
4200000,Villa,4,3,300,"Al Arid, North Riyadh, Riyadh"
10000000,Rest House,2,2,3000,"Al Rimal, East Riyadh, Riyadh"
2700000,Villa,8,6,300,"Al Arid, North Riyadh, Riyadh"
2900000,Villa,8,6,291,"Al Arid, North Riyadh, Riyadh"
1500000,Villa,6,3,188,"Al Arid, North Riyadh, Riyadh"
900000,Apartment,4,4,115,"Al Arid, North Riyadh, Riyadh"
900000,Apartment,4,4,132,"Al Arid, North Riyadh, Riyadh"
2500000,Villa,5,4,300,"Al Mahdiyah, West Riyadh, Riyadh"
650000,Apartment,5,4,155,"Al Rabwa, North Jeddah, Jeddah"
920000,Floor,3,2,180,"Al Janadriyah, East Riyadh, Riyadh"
1300000,Villa,4,4,140,"Al Rawdah, North Jeddah, Jeddah"
950000,Apartment,3,5,139,"Al Rawdah, North Jeddah, Jeddah"
1050000,Floor,4,4,93,"Tuwaiq, West Riyadh, Riyadh"
850000,Floor,4,4,193,"Tuwaiq, West Riyadh, Riyadh"
610000,Floor,4,3,154,"Badr, South Riyadh, Riyadh"
800000,Apartment,6,4,209,"Batha Quraysh, Makkah"
650000,Apartment,5,3,151,"Batha Quraysh, Makkah"
480000,Apartment,3,2,102,"Batha Quraysh, Makkah"
750000,Apartment,5,3,181,"Batha Quraysh, Makkah"
650000,Apartment,5,4,240,"Batha Quraysh, Makkah"
1950000,Floor,5,5,438,"Qurtubah, East Riyadh, Riyadh"
1380000,Apartment,5,3,128,"Qurtubah, East Riyadh, Riyadh"
1000000,Floor,4,4,143,"Al Rimal, East Riyadh, Riyadh"
3000000,Villa,7,5,338,"Al Rimal, East Riyadh, Riyadh"
980000,Floor,6,3,148,"Al Rimal, East Riyadh, Riyadh"
1000000,Floor,4,4,193,"Al Qadisiyah, East Riyadh, Riyadh"
350000,Apartment,3,2,95,"Al Waha, North Jeddah, Jeddah"
485000,Apartment,4,2,138,"Al Marwah, North Jeddah, Jeddah"
2000000,Villa,7,5,195,"King Khalid International Airport, North Riyadh, Riyadh"
1800000,Villa,5,10,420,"Al Lulu, North Jeddah, Jeddah"
3500000,Villa,5,6,560,"Al Rimal, East Riyadh, Riyadh"
1000000,Apartment,3,3,165,"Al Rimal, East Riyadh, Riyadh"
1300000,Apartment,3,3,134,"Al Arid, North Riyadh, Riyadh"
730000,Floor,4,4,171,"Okaz, South Riyadh, Riyadh"
520000,Apartment,3,1,102,"Al Salamah, North Jeddah, Jeddah"
680000,Apartment,5,4,176,"Batha Quraysh, Makkah"
1650000,Apartment,4,4,199,"Al Malqa, North Riyadh, Riyadh"
1650000,Floor,4,4,195,"Qurtubah, East Riyadh, Riyadh"
1350000,Apartment,5,4,132,"Al Narjis, North Riyadh, Riyadh"
725000,Apartment,4,3,157,"Al Faisaliyah, Central Jeddah, Jeddah"
1350000,Apartment,3,2,6299,"Al Yasmin, North Riyadh, Riyadh"
1250000,Apartment,5,5,6299,"Al Yasmin, North Riyadh, Riyadh"
560000,Apartment,5,3,162,"Al Safa, North Jeddah, Jeddah"
3500000,Villa,4,5,300,"Al Arid, North Riyadh, Riyadh"
480000,Apartment,3,3,750,"Dirab, West Riyadh, Riyadh"
740000,Apartment,4,3,194,"Al Safa, North Jeddah, Jeddah"
1600000,Floor,3,3,223,"Al Munsiyah, East Riyadh, Riyadh"
980000,Apartment,3,3,120,"Al Munsiyah, East Riyadh, Riyadh"
650000,Apartment,4,4,179,"Batha Quraysh, Makkah"
840000,Apartment,4,4,186,"Batha Quraysh, Makkah"
520000,Apartment,3,4,183,"Al Dhurfah, Khamis Mushait"
520000,Apartment,3,4,183,"Al Dhurfah, Khamis Mushait"
530000,Apartment,3,4,189,"An Nuzhah 1, Ahad Rafidah"
1200000,Floor,4,4,225,"Alawali, West Riyadh, Riyadh"
2000000,Villa,4,5,276,"Al Maizilah, East Riyadh, Riyadh"
900000,Villa,8,6,225,"Dirab, West Riyadh, Riyadh"
430000,Apartment,4,3,2473,"Badr, South Riyadh, Riyadh"
1000000,Apartment,3,3,128,"Al Arid, North Riyadh, Riyadh"
750000,Apartment,4,3,179,"Al Manar, North Jeddah, Jeddah"
750000,Apartment,5,3,219,"Al Manar, North Jeddah, Jeddah"
1050000,Apartment,4,4,153,"Al Salamah, North Jeddah, Jeddah"
375000,Apartment,3,3,108,"Al Rayaan, North Jeddah, Jeddah"
1050000,Apartment,4,4,153,"Al Salamah, North Jeddah, Jeddah"
2000000,Floor,4,5,200,"Al Mahdiyah, West Riyadh, Riyadh"
4500000,Villa,5,4,450,"Al Mahdiyah, West Riyadh, Riyadh"
565000,Apartment,3,2,131,"Tuwaiq, West Riyadh, Riyadh"
630000,Floor,3,4,182,"Badr, South Riyadh, Riyadh"
880000,Apartment,2,4,140,"Al Mahdiyah, West Riyadh, Riyadh"
550000,Apartment,2,2,71,"Al Bayan Neighborhood, East Riyadh, Riyadh"
600000,Apartment,3,2,59,"Al Janadriyah, East Riyadh, Riyadh"
1250000,Floor,4,3,219,"Al Qadisiyah, East Riyadh, Riyadh"
700000,Floor,3,3,269,"Badr, South Riyadh, Riyadh"
2200000,Floor,3,3,186,"Al Qirawan, North Riyadh, Riyadh"
375000,Apartment,2,3,660,"Al Salamah, North Jeddah, Jeddah"
2500000,Villa,4,7,500,"Al Khaleej, East Riyadh, Riyadh"
850000,Floor,3,3,125,"Al Rimal, East Riyadh, Riyadh"
670000,Apartment,2,3,47,"Al Rimal, East Riyadh, Riyadh"
950000,Floor,3,4,225,"Al Janadriyah, East Riyadh, Riyadh"
750000,Floor,3,2,164,"Al Janadriyah, East Riyadh, Riyadh"
3000000,Villa,6,6,303,"King Khalid International Airport, North Riyadh, Riyadh"
830000,Apartment,3,3,136,"Al Rimal, East Riyadh, Riyadh"
499000,Apartment,5,3,166,"Governmental1, Jeddah"
520000,Apartment,1,2,88,"Al Salamah, North Jeddah, Jeddah"
2800000,Villa,5,5,613,Dhahran
1950000,Floor,3,4,187,"Qurtubah, East Riyadh, Riyadh"
900000,Floor,6,3,220,"Tuwaiq, West Riyadh, Riyadh"
1250000,Apartment,3,4,184,"Al Rawabi, East Riyadh, Riyadh"
2400000,Villa,5,3,250,"Al Munsiyah, East Riyadh, Riyadh"
490000,Apartment,3,3,125,"Bani Bayadah, Madina"
470000,Apartment,5,5,161,"Dirab, West Riyadh, Riyadh"
1500000,Floor,3,3,89,"Al Nafal, North Riyadh, Riyadh"
2100000,Villa,5,6,328,"Al Rimal, East Riyadh, Riyadh"
600000,Apartment,3,2,98,"Al Janadriyah, East Riyadh, Riyadh"
550000,Apartment,6,2,187,"Al Maealaa, Ahad Rafidah"
1650000,Apartment,3,4,199,"Al Malqa, North Riyadh, Riyadh"
3300000,Villa,3,3,200,"Al Narjis, North Riyadh, Riyadh"
1100000,Floor,3,4,183,"Alawali, West Riyadh, Riyadh"
570000,Apartment,4,3,208,"Al Jawhara, Dammam"
1020000,Villa,5,4,265,"Tuwaiq, West Riyadh, Riyadh"
850000,Floor,6,3,212,"Tuwaiq, West Riyadh, Riyadh"
700000,Apartment,4,3,160,"Al Marwah, North Jeddah, Jeddah"
750000,Apartment,5,3,219,"Al Manar, North Jeddah, Jeddah"
1700000,Apartment,4,4,197,"Qurtubah, East Riyadh, Riyadh"
569000,Apartment,5,3,161,"Al Rayaan, North Jeddah, Jeddah"
2450000,Villa,7,5,500,"Al Mahdiyah, West Riyadh, Riyadh"
380000,Apartment,3,3,98,"Batha Quraysh, Makkah"
550000,Apartment,5,3,171,"Al Marwah, North Jeddah, Jeddah"
1500000,Villa,9,7,400,"Al Zahrah, West Riyadh, Riyadh"
590000,Apartment,3,3,894,"Dhahrat Laban, West Riyadh, Riyadh"
1150000,Floor,7,3,283,"Tuwaiq, West Riyadh, Riyadh"
860000,Apartment,3,3,128,"Al Rimal, East Riyadh, Riyadh"
519000,Apartment,4,3,130,"Al Nuzhah, North Jeddah, Jeddah"
680000,Apartment,3,5,195,"Al Rayaan, North Jeddah, Jeddah"
750000,Apartment,5,4,199,"Al Safa, North Jeddah, Jeddah"
695000,Apartment,5,3,159,"Al Rayaan, North Jeddah, Jeddah"
1100000,Floor,3,4,167,"Al Rimal, East Riyadh, Riyadh"
1050000,Apartment,4,4,153,"Al Salamah, North Jeddah, Jeddah"
430000,Apartment,4,3,129,"Al Mraikh, North Jeddah, Jeddah"
850000,Apartment,3,3,124,"Al Nahdah, East Riyadh, Riyadh"
950000,Apartment,6,5,266,"Alawali, West Riyadh, Riyadh"
600000,Apartment,4,3,132,"Al Faisaliyah, Central Jeddah, Jeddah"
800000,Apartment,3,3,155,"Al Nahdah, East Riyadh, Riyadh"
1200000,Floor,4,3,196,"Al Khaleej, East Riyadh, Riyadh"
780000,Apartment,3,2,116,"Tuwaiq, West Riyadh, Riyadh"
1250000,Floor,5,6,337,"Al Rimal, East Riyadh, Riyadh"
1650000,Floor,4,4,195,"Qurtubah, East Riyadh, Riyadh"
690000,Villa,5,4,174,"Al Safa, North Jeddah, Jeddah"
1000000,Apartment,3,4,165,"Al Rimal, East Riyadh, Riyadh"
3750000,Villa,4,4,276,"Al Narjis, North Riyadh, Riyadh"
560000,Apartment,5,3,172,"Al Marwah, North Jeddah, Jeddah"
820000,Floor,3,6,179,"Al Janadriyah, East Riyadh, Riyadh"
1000000,Rest House,4,4,432,"Al Dar Al Baida, South Riyadh, Riyadh"
1600000,Rest House,4,3,625,"Taiba District, North Jeddah, Jeddah"
3000000,Villa,7,7,576,"Al Janadriyah, East Riyadh, Riyadh"
1400000,Apartment,4,4,208,"Al Nahdah, North Jeddah, Jeddah"
1700000,Apartment,4,4,164,"Al Nahdah, North Jeddah, Jeddah"
560000,Apartment,4,4,135,"Al Salamah, North Jeddah, Jeddah"
375000,Apartment,3,3,108,"Al Rayaan, North Jeddah, Jeddah"
840000,Apartment,7,4,252,"Governmental1, Jeddah"
520000,Apartment,5,3,174,"Governmental1, Jeddah"
450000,Apartment,4,3,121,"Al Rayaan, North Jeddah, Jeddah"
830000,Apartment,4,3,136,"Al Rimal, East Riyadh, Riyadh"
930000,Apartment,4,3,133,"Al Rimal, East Riyadh, Riyadh"
560000,Apartment,5,3,162,"Al Safa, North Jeddah, Jeddah"
1350000,Floor,4,4,196,"Al Munsiyah, East Riyadh, Riyadh"
1350000,Floor,4,4,196,"Al Munsiyah, East Riyadh, Riyadh"
1600000,Floor,4,4,292,"Al Rimal, East Riyadh, Riyadh"
1650000,Villa,5,6,356,"Al Bayan Neighborhood, East Riyadh, Riyadh"
730000,Apartment,5,3,130,"Al Naim, North Jeddah, Jeddah"
730000,Apartment,4,3,112,"Al Rawdah, North Jeddah, Jeddah"
900000,Apartment,4,3,158,"Al Naim, North Jeddah, Jeddah"
830000,Apartment,4,4,189,"Al Zahraa, North Jeddah, Jeddah"
560000,Apartment,4,8,123,"Al Salamah, North Jeddah, Jeddah"
850000,Apartment,2,3,124,"Al Nahdah, East Riyadh, Riyadh"
1500000,Floor,4,3,141,"Al Munsiyah, East Riyadh, Riyadh"
1600000,Floor,6,5,206,"Al Munsiyah, East Riyadh, Riyadh"
1450000,Floor,4,3,141,"Al Munsiyah, East Riyadh, Riyadh"
950000,Floor,4,3,271,"Al Janadriyah, East Riyadh, Riyadh"
1650000,Floor,4,5,183,"Al Munsiyah, East Riyadh, Riyadh"
1400000,Floor,3,4,201,"Al Nahdah, East Riyadh, Riyadh"
1000000,Apartment,3,3,108,"King Faisal, East Riyadh, Riyadh"
930000,Apartment,3,3,133,"Al Munsiyah, East Riyadh, Riyadh"
900000,Floor,4,3,197,"Al Qadisiyah, East Riyadh, Riyadh"
700000,Apartment,4,3,112,"Al Rawdah, North Jeddah, Jeddah"
1450000,Floor,3,4,236,"Al Nahdah, East Riyadh, Riyadh"
830000,Apartment,3,3,136,"Al Rimal, East Riyadh, Riyadh"
950000,Apartment,3,3,143,"Al Rimal, East Riyadh, Riyadh"
2600000,Villa,5,5,378,"Al Yarmuk, East Riyadh, Riyadh"
820000,Apartment,3,3,128,"Al Rimal, East Riyadh, Riyadh"
820000,Apartment,3,3,128,"Al Rimal, East Riyadh, Riyadh"
850000,Apartment,5,4,158,"Al Rimal, East Riyadh, Riyadh"
11275000,Residential Building,11,7,900,"Dhahrat Laban, West Riyadh, Riyadh"
4150000,Villa,7,7,371,"Al Munsiyah, East Riyadh, Riyadh"
1350000,Floor,5,4,186,"Al Munsiyah, East Riyadh, Riyadh"
1050000,Apartment,3,3,172,"Al Qadisiyah, East Riyadh, Riyadh"
950000,Apartment,3,4,163,"Al Rimal, East Riyadh, Riyadh"
570000,Apartment,3,3,142,"Tuwaiq, West Riyadh, Riyadh"
650000,Apartment,4,3,111,"Al Salamah, North Jeddah, Jeddah"
1850000,Apartment,3,5,213,"Al Malqa, North Riyadh, Riyadh"
770000,Apartment,4,4,630,"Badr, South Riyadh, Riyadh"
860000,Apartment,3,3,128,"Al Rimal, East Riyadh, Riyadh"
860000,Apartment,3,3,128,"Al Rimal, East Riyadh, Riyadh"
830000,Apartment,3,3,136,"Al Rimal, East Riyadh, Riyadh"
930000,Apartment,3,3,133,"Al Rimal, East Riyadh, Riyadh"
950000,Apartment,3,3,143,"Al Rimal, East Riyadh, Riyadh"
950000,Apartment,3,3,143,"Al Rimal, East Riyadh, Riyadh"
2000000,Villa,6,4,200,"Al Mahdiyah, West Riyadh, Riyadh"
2700000,Villa,4,6,580,"Al Rimal, East Riyadh, Riyadh"
790000,Apartment,5,3,175,"Al Salamah, North Jeddah, Jeddah"
1100000,Apartment,7,5,301,"Al Rayaan, North Jeddah, Jeddah"
470000,Apartment,5,3,136,"Al Mraikh, North Jeddah, Jeddah"
530000,Apartment,4,3,124,"Al Waha, North Jeddah, Jeddah"
730000,Apartment,5,4,188,"Al Safa, North Jeddah, Jeddah"
685000,Apartment,5,4,179,"Al Safa, North Jeddah, Jeddah"
645000,Apartment,4,3,158,"Al Safa, North Jeddah, Jeddah"
720000,Apartment,5,4,164,"Al Sawari, North Jeddah, Jeddah"
680000,Apartment,5,4,169,"Al Sawari, North Jeddah, Jeddah"
2000000,Floor,4,4,264,"Al Munsiyah, East Riyadh, Riyadh"
1380000,Apartment,4,3,128,"Qurtubah, East Riyadh, Riyadh"
3500000,Villa,5,4,525,"Ishbiliyah, East Riyadh, Riyadh"
1300000,Floor,5,3,180,"Al Nahdah, East Riyadh, Riyadh"
950000,Floor,4,3,185,"Al Nahdah, East Riyadh, Riyadh"
2500000,Villa,5,6,250,"King Faisal, East Riyadh, Riyadh"
480000,Apartment,5,3,167,"Governmental1, Jeddah"
350000,Apartment,3,3,616,"Al Rabwa, North Jeddah, Jeddah"
333000,Apartment,3,3,662,"Al Rabwa, North Jeddah, Jeddah"
430000,Apartment,2,2,1049,"Al Hamraa, Central Jeddah, Jeddah"
760000,Apartment,5,4,170,"Al Qusor, Dammam"
590000,Apartment,5,4,177,"Al Zuhur, Dammam"
3500000,Villa,4,4,400,"Sidra, Riyadh"
1130000,Apartment,3,3,146,"Al Munsiyah, East Riyadh, Riyadh"
1150000,Apartment,3,3,129,"Al Munsiyah, East Riyadh, Riyadh"
800000,Apartment,3,2,169,"Al Nahdah, East Riyadh, Riyadh"
1050000,Floor,5,3,178,"Al Bayan Neighborhood, East Riyadh, Riyadh"
800000,Apartment,3,2,389,"Al Rimal, East Riyadh, Riyadh"
840000,Apartment,3,3,127,"Al Zahraa, North Jeddah, Jeddah"
700000,Apartment,4,4,2400,"Al Rawdah, North Jeddah, Jeddah"
585000,Apartment,2,3,2000,"Al Nahdah, North Jeddah, Jeddah"
525,Apartment,3,3,520,"Al Salamah, North Jeddah, Jeddah"
2000000,Villa,8,6,350,"Al Janadriyah, East Riyadh, Riyadh"
3400000,Villa,9,9,450,"Al Mahdiyah, West Riyadh, Riyadh"
2400000,Apartment,1,1,99,"Al Olaya, North Riyadh, Riyadh"
1350000,Apartment,2,2,109,"Al Arid, North Riyadh, Riyadh"
3850000,Villa,5,3,312,"Al Narjis, North Riyadh, Riyadh"
4000000,Villa,4,7,312,"Al Munsiyah, East Riyadh, Riyadh"
850000,Apartment,5,4,207,"Al Sawari, North Jeddah, Jeddah"
800000,Apartment,2,2,139,"Al Rimal, East Riyadh, Riyadh"
1250000,Apartment,3,4,149,"Al Rawdah, North Jeddah, Jeddah"
1150000,Apartment,3,2,110,"Al Arid, North Riyadh, Riyadh"
3000000,Villa,11,7,630,"Agruba, Al Jubaylah"
1450000,Villa,8,7,303,"Al Lulu, Al Khobar"
1500000,Floor,3,3,129,"Al Narjis, North Riyadh, Riyadh"
950000,Floor,4,4,192,"Al Qadisiyah, East Riyadh, Riyadh"
830000,Apartment,3,3,136,"Al Rimal, East Riyadh, Riyadh"
950000,Apartment,3,3,143,"Al Rimal, East Riyadh, Riyadh"
1400000,Apartment,4,4,208,"Al Nahdah, North Jeddah, Jeddah"
1700000,Apartment,4,4,164,"Al Nahdah, North Jeddah, Jeddah"
950000,Apartment,3,4,143,"Al Rimal, East Riyadh, Riyadh"
3400000,Villa,11,9,738,"Obhur Al Shamaliyah, North Jeddah, Jeddah"
750000,Apartment,4,3,114,"Al Rawdah, North Jeddah, Jeddah"
900000,Floor,5,4,200,"Al Shifa, South Riyadh, Riyadh"
900000,Floor,7,4,216,"Al Shifa, South Riyadh, Riyadh"
3049000,Villa,4,4,6682,"Al Bahar, Al Khobar"
499000,Apartment,3,2,154,"Al Sakb, Madina"
1600000,Villa,5,3,200,"Al Lulu, North Jeddah, Jeddah"
1250000,Apartment,3,3,177,"Al Malqa, North Riyadh, Riyadh"
1750000,Villa,6,4,420,"Al Hamdaniyah, North Jeddah, Jeddah"
1250000,Floor,3,4,202,"Al Munsiyah, East Riyadh, Riyadh"
1150000,Floor,3,4,144,"Al Munsiyah, East Riyadh, Riyadh"
1500000,Villa,11,7,375,"Al Nahdah, East Riyadh, Riyadh"
950000,Floor,5,5,192,"Al Qadisiyah, East Riyadh, Riyadh"
450000,Apartment,3,1,170,"Al Hazm, West Riyadh, Riyadh"
4900000,Villa,6,4,450,"Al Aqiq, North Riyadh, Riyadh"
760000,Apartment,4,3,148,"Al Saadah, East Riyadh, Riyadh"
2800000,Villa,5,5,345,"Qurtubah, East Riyadh, Riyadh"
2700000,Villa,11,11,384,"Al Bayan Neighborhood, East Riyadh, Riyadh"
1990000,Apartment,3,3,174,"Al Malqa, North Riyadh, Riyadh"
880000,Apartment,4,3,139,"Al Saadah, East Riyadh, Riyadh"
850000,Apartment,3,3,123,"Al Saadah, East Riyadh, Riyadh"
560000,Apartment,4,3,130,"Al Manar, North Jeddah, Jeddah"
520000,Apartment,4,3,124,"Al Waha, North Jeddah, Jeddah"
550000,Apartment,3,3,104,"Alawali, West Riyadh, Riyadh"
3000000,Villa,7,5,850,"Al Nadwa District, East Riyadh, Riyadh"
540000,Apartment,4,3,132,"Al Rabwa, North Jeddah, Jeddah"
800000,Floor,3,4,212,"Al Dar Al Baida, South Riyadh, Riyadh"
545000,Apartment,3,3,119,"Okaz, South Riyadh, Riyadh"
605000,Apartment,3,3,167,"Okaz, South Riyadh, Riyadh"
2500000,Villa,4,4,265,"Al Arid, North Riyadh, Riyadh"
1200000,Villa,4,3,547,"Dhahrat Laban, West Riyadh, Riyadh"
635000,Apartment,4,3,115,"Al Hazm, West Riyadh, Riyadh"
3500000,Villa,7,5,350,"Al Nafal, North Riyadh, Riyadh"
20000000,Villa,11,7,1500,"Al Nafal, North Riyadh, Riyadh"
20250000,Rest House,2,2,2700,"Al Nafal, North Riyadh, Riyadh"
1700000,Villa,4,2,225,"Al Rimal, East Riyadh, Riyadh"
1800000,Villa,4,5,285,"Al Qadisiyah, East Riyadh, Riyadh"
20000000,Villa,11,7,1500,"Al Nafal, North Riyadh, Riyadh"
3500000,Villa,7,7,350,"Al Nafal, North Riyadh, Riyadh"
3800000,Villa,7,6,348,"Al Yasmin, North Riyadh, Riyadh"
1500000,Apartment,3,3,98,"Al Malqa, North Riyadh, Riyadh"
600000,Floor,2,2,74,"Al Rimal, East Riyadh, Riyadh"
850000,Floor,3,4,138,"Al Rimal, East Riyadh, Riyadh"
1150000,Apartment,3,3,147,"Al Munsiyah, East Riyadh, Riyadh"
770000,Apartment,3,2,1578,"Al Qadisiyah, East Riyadh, Riyadh"
1900000,Villa,4,5,315,"Al Maizilah, East Riyadh, Riyadh"
2100000,Floor,4,5,343,"Al Yarmuk, East Riyadh, Riyadh"
1700000,Floor,4,5,292,"Al Rimal, East Riyadh, Riyadh"
1300000,Floor,3,4,167,"Al Rimal, East Riyadh, Riyadh"
1500000,Floor,3,4,225,"Al Yarmuk, East Riyadh, Riyadh"
1150000,Floor,3,4,196,"Al Nahdah, East Riyadh, Riyadh"
1450000,Floor,3,5,236,"Al Nahdah, East Riyadh, Riyadh"
1500000,Villa,5,6,195,"King Khalid International Airport, North Riyadh, Riyadh"
2350000,Villa,8,7,360,"Al Janadriyah, East Riyadh, Riyadh"
1050000,Villa,3,5,385,"Tuwaiq, West Riyadh, Riyadh"
2000000,Villa,5,4,270,"Al Rimal, East Riyadh, Riyadh"
1550000,Floor,4,3,57,"Al Arid, North Riyadh, Riyadh"
1100000,Apartment,2,2,94,"Al Malqa, North Riyadh, Riyadh"
2100000,Villa,5,5,354,"Al Mahdiyah, West Riyadh, Riyadh"
540000,Apartment,4,4,163,"Al Hamra, Al Khobar"
540000,Apartment,3,4,163,"Al Hamra, Al Khobar"
2500000,Floor,3,4,600,"Al Arid, North Riyadh, Riyadh"
540000,Apartment,4,3,131,"Al Marwah, North Jeddah, Jeddah"
1450000,Floor,3,3,1832,"Al Arid, North Riyadh, Riyadh"
1170000,Floor,4,4,233,"Al Rimal, East Riyadh, Riyadh"
850000,Floor,5,4,250,"Dirab, West Riyadh, Riyadh"
1450000,Floor,3,4,188,"Al Safa, East Riyadh, Riyadh"
1200000,Apartment,5,4,170,"Al Salamah, North Jeddah, Jeddah"
470,Apartment,3,2,114,"Tuwaiq, West Riyadh, Riyadh"
1000000,Floor,3,2,159,"Al Qadisiyah, East Riyadh, Riyadh"
5200000,Villa,6,11,556,"Al Muhammadiyah, North Jeddah, Jeddah"
1750000,Villa,5,5,375,"Tuwaiq, West Riyadh, Riyadh"
1350000,Apartment,5,5,257,"Al Rimal, East Riyadh, Riyadh"
2300000,Villa,6,5,221,"Al Munsiyah, East Riyadh, Riyadh"
978000,Apartment,4,3,118,"Al Munsiyah, East Riyadh, Riyadh"
1250000,Apartment,4,3,257,"Al Rimal, East Riyadh, Riyadh"
1650000,Floor,4,3,190,"Qurtubah, East Riyadh, Riyadh"
800000,Floor,3,3,155,"Al Rimal, East Riyadh, Riyadh"
1800000,Villa,8,11,437,"Al Sheraa, Al Khobar"
560000,Apartment,5,4,174,"Al Zuhur, Dammam"
1000000,Apartment,4,5,233,"Dhahrat Laban, West Riyadh, Riyadh"
900000,Apartment,4,3,141,"Al Rawdah, North Jeddah, Jeddah"
2800000,Apartment,4,3,136,"Al Olaya, North Riyadh, Riyadh"
1080000,Villa,5,3,359,"Al Dar Al Baida, South Riyadh, Riyadh"
580000,Apartment,6,4,3225,"Al Shulah, Dammam"
600000,Apartment,6,4,220,"Al Shulah, Dammam"
490000,Apartment,4,4,172,"Badr, Dammam"
800000,Apartment,4,5,630,"Badr, South Riyadh, Riyadh"
2900000,Villa,5,6,409,"Al Yarmuk, East Riyadh, Riyadh"
680000,Floor,6,4,185,"Okaz, South Riyadh, Riyadh"
850000,Floor,10,5,145,"Al Dar Al Baida, South Riyadh, Riyadh"
590000,Apartment,3,3,133,"Al Hazm, West Riyadh, Riyadh"
840000,Apartment,5,4,192,"Al Faisaliyah, Central Jeddah, Jeddah"
550000,Apartment,3,3,145,"Batha Quraysh, Makkah"
780000,Floor,6,5,259,"Okaz, South Riyadh, Riyadh"
820000,Apartment,3,3,128,"Al Rimal, East Riyadh, Riyadh"
820000,Apartment,3,3,128,"Al Rimal, East Riyadh, Riyadh"
820000,Apartment,3,3,128,"Al Rimal, East Riyadh, Riyadh"
860000,Apartment,3,3,128,"Al Rimal, East Riyadh, Riyadh"
830000,Apartment,3,3,136,"Al Rimal, East Riyadh, Riyadh"
600000,Apartment,4,3,127,"Batha Quraysh, Makkah"
1650000,Villa,5,5,356,"Al Bayan Neighborhood, East Riyadh, Riyadh"
1800000,Villa,6,6,307,"Al Rimal, East Riyadh, Riyadh"
900000,Floor,3,3,169,"Al Nadwa District, East Riyadh, Riyadh"
1700000,Villa,5,6,225,"Al Rimal, East Riyadh, Riyadh"
2300000,Villa,5,6,420,"Al Bayan Neighborhood, East Riyadh, Riyadh"
950000,Floor,3,4,156,"Al Rimal, East Riyadh, Riyadh"
1450000,Apartment,4,3,174,"Qurtubah, East Riyadh, Riyadh"
2000000,Villa,4,5,400,"Al Mahdiyah, West Riyadh, Riyadh"
1050000,Floor,3,3,270,"Al Nadwa District, East Riyadh, Riyadh"
3700000,Villa,6,5,500,"Agruba, Al Jubaylah"
1150000,Apartment,3,3,144,"Al Mahdiyah, West Riyadh, Riyadh"
2250000,Apartment,3,3,168,"Al Mahdiyah, West Riyadh, Riyadh"
560000,Apartment,4,3,135,"Al Salamah, North Jeddah, Jeddah"
695000,Apartment,5,3,159,"Al Rayaan, North Jeddah, Jeddah"
375000,Apartment,3,3,108,"Al Rayaan, North Jeddah, Jeddah"
519000,Apartment,4,3,130,"Al Nuzhah, North Jeddah, Jeddah"
840000,Apartment,7,4,252,"Governmental1, Jeddah"
520000,Apartment,5,4,174,"Governmental1, Jeddah"
2200000,Villa,5,6,339,"Al Mahdiyah, West Riyadh, Riyadh"
2500000,Villa,5,6,499,"Al Mahdiyah, West Riyadh, Riyadh"
2600000,Villa,7,7,319,"Al Mahdiyah, West Riyadh, Riyadh"
610000,Floor,5,4,182,"Badr, South Riyadh, Riyadh"
550000,Floor,5,3,139,"Badr, South Riyadh, Riyadh"
1100000,Floor,3,3,209,"Tuwaiq, West Riyadh, Riyadh"
970000,Villa,6,3,265,"Tuwaiq, West Riyadh, Riyadh"
2200000,Villa,5,5,366,"Al Mahdiyah, West Riyadh, Riyadh"
1450000,Apartment,3,3,765,"Al Qirawan, North Riyadh, Riyadh"
1100000,Villa,5,4,250,"Uhud, South Riyadh, Riyadh"
1700000,Apartment,3,3,197,"Qurtubah, East Riyadh, Riyadh"
550000,Floor,3,5,450,"Badr, South Riyadh, Riyadh"
3200000,Villa,8,5,565,"Mishrifah, North Jeddah, Jeddah"
2500000,Villa,7,6,600,"Al Zumorrud, North Jeddah, Jeddah"
5000000,Villa,11,6,969,"Al Safa, North Jeddah, Jeddah"
480000,Apartment,5,3,167,"Governmental1, Jeddah"
490000,Apartment,4,3,1079,"Ayn Al Khif, Madina"
2200000,Floor,4,4,220,"Qurtubah, East Riyadh, Riyadh"
470000,Apartment,3,3,114,"Tuwaiq, West Riyadh, Riyadh"
296000,Apartment,3,3,887,"Al Rayaan, North Jeddah, Jeddah"
296000,Apartment,4,3,887,"Al Rayaan, North Jeddah, Jeddah"
6000000,Villa,4,7,420,"Al Qirawan, North Riyadh, Riyadh"
2000000,Villa,3,4,270,"Al Rimal, East Riyadh, Riyadh"
1350000,Villa,5,5,303,"Al Rimal, East Riyadh, Riyadh"
2200000,Villa,9,7,400,"Shubra, West Riyadh, Riyadh"
3050000,Villa,4,8,200,"Al Narjis, North Riyadh, Riyadh"
2200000,Villa,6,3,364,"Al Janadriyah, East Riyadh, Riyadh"
989000,Apartment,4,3,120,"Al Munsiyah, East Riyadh, Riyadh"
1200000,Villa,9,6,268,"Okaz, South Riyadh, Riyadh"
620000,Apartment,5,4,175,"Al Zuhur, Dammam"
800000,Apartment,5,3,186,"Alawali, West Riyadh, Riyadh"
580000,Apartment,6,4,3225,"Al Shulah, Dammam"
520000,Apartment,5,4,177,"Badr, Dammam"
600000,Apartment,6,4,220,"Al Shulah, Dammam"
1100000,Villa,4,3,272,"Tuwaiq, West Riyadh, Riyadh"
1050000,Apartment,4,4,153,"Al Salamah, North Jeddah, Jeddah"
1300000,Villa,4,4,202,"Al Qadisiyah, East Riyadh, Riyadh"
590000,Apartment,5,4,177,"Al Zuhur, Dammam"
590000,Apartment,5,4,177,"Al Zuhur, Dammam"
590000,Apartment,5,4,17,"Al Zuhur, Dammam"
590000,Apartment,5,4,177,"Al Zuhur, Dammam"
590000,Apartment,5,4,175,"Al Zuhur, Dammam"
610000,Apartment,5,4,177,"Al Zuhur, Dammam"
720000,Floor,4,4,157,"Al Murjan, East Riyadh, Riyadh"
700000,Apartment,3,2,389,"Al Rimal, East Riyadh, Riyadh"
1200000,Villa,9,7,403,"Shuran, Madina"
700000,Apartment,4,3,112,"Al Rawdah, North Jeddah, Jeddah"
1200000,Villa,5,6,400,"Al Uraija Al Wusta, West Riyadh, Riyadh"
950000,Villa,3,3,328,"Nubala, Madina"
980000,Floor,4,3,168,"Al Rimal, East Riyadh, Riyadh"
2000000,Villa,7,4,309,"Al Rimal, East Riyadh, Riyadh"
1900000,Villa,5,4,275,"Al Qadisiyah, East Riyadh, Riyadh"
2900000,Villa,11,8,325,"Al Munsiyah, East Riyadh, Riyadh"
2650000,Villa,5,4,375,"Al Rimal, East Riyadh, Riyadh"
510000,Apartment,5,4,202,"Badr, Dammam"
1300000,Villa,4,5,437,"Al Bayan Neighborhood, East Riyadh, Riyadh"
590000,Apartment,5,4,177,"Al Zuhur, Dammam"
590000,Apartment,5,4,177,"Al Zuhur, Dammam"
590000,Apartment,5,4,177,"Al Zuhur, Dammam"
590000,Apartment,5,4,177,"Al Zuhur, Dammam"
590000,Apartment,5,4,175,"Al Zuhur, Dammam"
620000,Apartment,5,4,175,"Al Zuhur, Dammam"
590000,Apartment,5,4,177,"Al Zuhur, Dammam"
590000,Apartment,5,5,177,"Al Zuhur, Dammam"
590000,Apartment,5,5,177,"Al Zuhur, Dammam"
590000,Apartment,5,3,177,"Al Zuhur, Dammam"
590000,Apartment,4,4,177,"Al Zuhur, Dammam"
590000,Apartment,4,4,177,"Al Zuhur, Dammam"
590000,Apartment,5,4,177,"Al Zuhur, Dammam"
590000,Apartment,4,4,177,"Al Zuhur, Dammam"
590000,Apartment,4,4,177,"Al Zuhur, Dammam"
590000,Apartment,4,4,177,"Al Zuhur, Dammam"
760000,Apartment,5,4,163,Dhahran
760000,Apartment,5,4,163,Dhahran
760000,Apartment,4,3,163,Dhahran
560000,Apartment,5,4,177,"Al Zuhur, Dammam"
760000,Apartment,5,4,170,"Al Qusor, Dammam"
590000,Apartment,5,4,177,"Al Zuhur, Dammam"
760000,Apartment,5,4,170,"Al Qusor, Dammam"
590000,Apartment,5,4,175,"Al Zuhur, Dammam"
590000,Apartment,5,4,175,"Al Zuhur, Dammam"
510000,Apartment,5,4,160,"Al Zuhur, Dammam"
520000,Apartment,5,4,160,"Al Zuhur, Dammam"
780000,Apartment,5,4,170,Dhahran
780000,Apartment,5,5,170,Dhahran
760000,Apartment,5,4,170,Dhahran
760000,Apartment,5,4,170,Dhahran
760000,Apartment,5,4,170,Dhahran
830000,Apartment,5,4,140,Dhahran
760000,Apartment,5,5,170,Dhahran
760000,Apartment,5,5,170,Dhahran
760000,Apartment,5,5,170,Dhahran
780000,Apartment,5,5,170,Dhahran
780000,Apartment,5,5,170,Dhahran
780000,Apartment,5,5,170,Dhahran
830000,Apartment,5,5,140,Dhahran
560000,Apartment,5,5,177,"Al Zuhur, Dammam"
560000,Apartment,5,4,177,"Al Zuhur, Dammam"
560000,Apartment,4,4,177,"Al Zuhur, Dammam"
590000,Apartment,5,4,177,"Al Zuhur, Dammam"
760000,Apartment,5,4,163,Dhahran
760000,Apartment,5,4,163,Dhahran
760000,Apartment,5,4,163,Dhahran
760000,Apartment,5,4,163,Dhahran
760000,Apartment,5,4,163,Dhahran
760000,Apartment,5,4,163,Dhahran
760000,Apartment,5,4,163,Dhahran
760000,Apartment,5,4,163,Dhahran
830000,Apartment,3,4,136,"Al Rimal, East Riyadh, Riyadh"
720000,Apartment,4,3,117,"Al Rawdah, North Jeddah, Jeddah"
800000,Apartment,4,3,137,"Al Rawdah, North Jeddah, Jeddah"
700000,Apartment,4,3,112,"Al Rawdah, North Jeddah, Jeddah"
1200000,Floor,4,3,157,"Al Rimal, East Riyadh, Riyadh"
20250000,Rest House,2,2,2700,"Al Nafal, North Riyadh, Riyadh"
700000,Apartment,4,3,117,"Al Rawdah, North Jeddah, Jeddah"
296000,Apartment,3,3,887,"Al Rayaan, North Jeddah, Jeddah"
680000,Apartment,4,3,128,"Al Zahrah, West Riyadh, Riyadh"
730000,Apartment,5,3,130,"Al Naim, North Jeddah, Jeddah"
1750000,Floor,4,4,405,"Al Yarmuk, East Riyadh, Riyadh"
1000000,Floor,3,3,344,"Al Qadisiyah, East Riyadh, Riyadh"
610000,Apartment,6,4,220,"Al Shulah, Dammam"
510000,Apartment,5,4,177,"Badr, Dammam"
520000,Apartment,5,4,202,"Badr, Dammam"
770000,Apartment,3,3,630,"Badr, South Riyadh, Riyadh"
760000,Floor,4,4,214,"Badr, South Riyadh, Riyadh"
770000,Apartment,3,3,630,"Badr, South Riyadh, Riyadh"
540000,Apartment,3,4,105,"Al Murjan, East Riyadh, Riyadh"
350000,Apartment,3,2,111,"Badr, South Riyadh, Riyadh"
2100000,Floor,4,3,238,"Al Arid, North Riyadh, Riyadh"
1800000,Floor,3,2,188,"Al Arid, North Riyadh, Riyadh"
849000,Apartment,5,3,156,"Al Rimal, East Riyadh, Riyadh"
1000000,Floor,4,4,250,"Al Rimal, East Riyadh, Riyadh"
250000,Apartment,2,3,706,"Al Mraikh, North Jeddah, Jeddah"
1300000,Apartment,2,2,102,"Al Malqa, North Riyadh, Riyadh"
1450000,Villa,4,3,240,"Dahiat Namar, West Riyadh, Riyadh"
1380000,Villa,5,5,230,"Dahiat Namar, West Riyadh, Riyadh"
1200000,Apartment,3,3,104,"Al Narjis, North Riyadh, Riyadh"
1550000,Apartment,9,4,213,"Al Salamah, North Jeddah, Jeddah"
940000,Apartment,4,4,169,"Al Rawdah, North Jeddah, Jeddah"
670000,Apartment,5,3,162,"Al Nuzhah, North Jeddah, Jeddah"
1070000,Apartment,5,4,203,"Al Nuzhah, North Jeddah, Jeddah"
760000,Apartment,5,3,166,"Al Nuzhah, North Jeddah, Jeddah"
540000,Apartment,4,3,131,"Al Marwah, North Jeddah, Jeddah"
450000,Apartment,3,2,102,"Al Marwah, North Jeddah, Jeddah"
7000000,Villa,10,7,325,"King Abduallah, North Riyadh, Riyadh"
530000,Apartment,4,3,129,"Al Faisaliyah, Central Jeddah, Jeddah"
8000000,Villa,5,9,393,"Al Malqa, North Riyadh, Riyadh"
2000000,Villa,10,6,415,"Taiba District, North Jeddah, Jeddah"
500000,Apartment,4,3,128,"Al Waha, North Jeddah, Jeddah"
590000,Apartment,5,4,177,"Al Zuhur, Dammam"
365000,Apartment,3,4,625,"Al Faisaliyah, Central Jeddah, Jeddah"
5500000,Villa,4,4,432,"Qurtubah, East Riyadh, Riyadh"
360000,Apartment,3,3,875,"Al Salamah, North Jeddah, Jeddah"
1070000,Villa,5,5,263,"Tuwaiq, West Riyadh, Riyadh"
4200000,Villa,8,8,450,"Al Mahdiyah, West Riyadh, Riyadh"
800000,Apartment,4,3,176,"Al Saif, Dammam"
1180000,Apartment,4,3,148,"Al Munsiyah, East Riyadh, Riyadh"
750000,Apartment,3,4,166,"Al Saif, Dammam"
950000,Floor,4,3,192,"Al Qadisiyah, East Riyadh, Riyadh"
1300000,Villa,8,7,312,"Al Dar Al Baida, South Riyadh, Riyadh"
2800000,Villa,4,4,268,"Al Narjis, North Riyadh, Riyadh"
2350000,Rest House,1,2,600,"Al Shifa, South Riyadh, Riyadh"
3000000,Villa,6,7,312,"Al Rawdah, East Riyadh, Riyadh"
1300000,Apartment,5,4,205,"Qurtubah, East Riyadh, Riyadh"
780000,Apartment,5,3,189,"Batha Quraysh, Makkah"
950000,Floor,3,4,171,"Al Rimal, East Riyadh, Riyadh"
900000,Floor,3,4,179,"Al Rimal, East Riyadh, Riyadh"
1180000,Apartment,4,3,148,"Al Munsiyah, East Riyadh, Riyadh"
850000,Floor,3,3,192,"Al Rimal, East Riyadh, Riyadh"
1100000,Floor,3,3,208,"Al Rimal, East Riyadh, Riyadh"
14000000,Villa,7,10,499,"Al Malqa, North Riyadh, Riyadh"
800000,Apartment,3,3,98,"Al Rimal, East Riyadh, Riyadh"
685000,Apartment,5,3,201,"Al Shawqiyyah, Makkah"
1300000,Floor,3,4,167,"Al Rimal, East Riyadh, Riyadh"
2100000,Floor,4,5,343,"Al Yarmuk, East Riyadh, Riyadh"
1055000,Apartment,3,4,106,"Al Munsiyah, East Riyadh, Riyadh"
470000,Apartment,2,3,61,"Al Murjan, East Riyadh, Riyadh"
700000,Apartment,3,4,152,"Al Bayan Neighborhood, East Riyadh, Riyadh"
470000,Apartment,2,4,61,"Al Murjan, East Riyadh, Riyadh"
2100000,Floor,4,5,343,"Al Yarmuk, East Riyadh, Riyadh"
1400000,Villa,5,2,200,"Tuwaiq, West Riyadh, Riyadh"
440000,Apartment,3,3,94,"Tuwaiq, West Riyadh, Riyadh"
3500000,Villa,6,10,300,"Al Arid, North Riyadh, Riyadh"
1100000,Villa,7,6,200,"Tuwaiq, West Riyadh, Riyadh"
2390000,Villa,11,7,1305,"Ar Rehab, Taif"
600000,Apartment,2,3,115,"Al Hazm, West Riyadh, Riyadh"
1250000,Apartment,5,3,131,"Al Yasmin, North Riyadh, Riyadh"
296000,Apartment,3,3,887,"Al Rayaan, North Jeddah, Jeddah"
971000,Apartment,3,3,134,"Al Munsiyah, East Riyadh, Riyadh"
900000,Floor,4,5,156,"Al Bayan Neighborhood, East Riyadh, Riyadh"
2650000,Villa,6,5,375,"Al Rimal, East Riyadh, Riyadh"
1400000,Villa,6,6,397,"Al Rahmanyah, North Jeddah, Jeddah"
3900000,Villa,4,4,333,"Al Narjis, North Riyadh, Riyadh"
6500000,Rest House,6,3,1625,"Al Saadah, East Riyadh, Riyadh"
1000000,Floor,3,4,202,"Al Maizilah, East Riyadh, Riyadh"
600000,Apartment,5,3,154,"Mishrifah, North Jeddah, Jeddah"
4500000,Villa,8,7,375,"Al Narjis, North Riyadh, Riyadh"
4500000,Villa,7,7,307,"Al Narjis, North Riyadh, Riyadh"
765000,Apartment,4,4,1000,"Tuwaiq, West Riyadh, Riyadh"
2500000,Villa,8,7,750,"King Faisal, East Riyadh, Riyadh"
1450000,Floor,5,4,235,"Al Khaleej, East Riyadh, Riyadh"
1150000,Floor,4,4,222,"Al Qadisiyah, East Riyadh, Riyadh"
770000,Apartment,4,3,600,"Al Nahdah, North Jeddah, Jeddah"
800000,Apartment,4,4,696,"Al Nahdah, North Jeddah, Jeddah"
625000,Apartment,3,3,696,"Al Nahdah, North Jeddah, Jeddah"
680000,Apartment,4,4,2400,"Al Rawdah, North Jeddah, Jeddah"
5300000,Apartment,5,3,184,"Tuwaiq, West Riyadh, Riyadh"
2000000,Villa,6,6,264,"Al Rimal, East Riyadh, Riyadh"
3000000,Villa,5,4,420,"Al Bayan Neighborhood, East Riyadh, Riyadh"
2600000,Villa,4,8,750,"King Faisal, East Riyadh, Riyadh"
670000,Apartment,2,2,93,"Al Rimal, East Riyadh, Riyadh"
2400000,Villa,11,7,375,"Al Saadah, East Riyadh, Riyadh"
670000,Apartment,5,3,166,"Al Safa, North Jeddah, Jeddah"
1150000,Apartment,3,4,197,"Al Nahdah, North Jeddah, Jeddah"
1375000,Apartment,2,2,94,"Hittin, North Riyadh, Riyadh"
1150000,Floor,4,4,230,"Al Khaleej, East Riyadh, Riyadh"
1350000,Floor,5,5,251,"Al Khaleej, East Riyadh, Riyadh"
750000,Apartment,3,4,128,"Al Rimal, East Riyadh, Riyadh"
1100000,Floor,3,4,208,"Al Rimal, East Riyadh, Riyadh"
1200000,Apartment,3,4,153,"Al Munsiyah, East Riyadh, Riyadh"
850000,Apartment,2,2,60,"Al Munsiyah, East Riyadh, Riyadh"
2150000,Villa,5,7,225,"Al Rimal, East Riyadh, Riyadh"
1750000,Floor,3,5,222,"Al Munsiyah, East Riyadh, Riyadh"
1650000,Floor,3,4,172,"Qurtubah, East Riyadh, Riyadh"
1300000,Floor,4,3,189,"Al Rimal, East Riyadh, Riyadh"
1380000,Apartment,3,4,128,"Qurtubah, East Riyadh, Riyadh"
2000000,Floor,4,5,264,"Al Munsiyah, East Riyadh, Riyadh"
2800000,Villa,5,7,257,"Qurtubah, East Riyadh, Riyadh"
1750000,Floor,3,4,223,"Al Munsiyah, East Riyadh, Riyadh"
3650000,Villa,6,7,324,"Al Munsiyah, East Riyadh, Riyadh"
1200000,Floor,2,2,222,"Al Rimal, East Riyadh, Riyadh"
3700000,Villa,5,6,675,"Al Rawabi, East Riyadh, Riyadh"
1800000,Apartment,3,3,152,"Al Malqa, North Riyadh, Riyadh"
1545000,Apartment,3,3,116,"Al Malqa, North Riyadh, Riyadh"
2400000,Villa,6,8,344,"Al Rimal, East Riyadh, Riyadh"
1300000,Villa,4,4,225,"Al Qadisiyah, East Riyadh, Riyadh"
1900000,Villa,5,7,348,"Al Maizilah, East Riyadh, Riyadh"
3500000,Villa,7,9,357,"Qurtubah, East Riyadh, Riyadh"
1900000,Floor,3,3,257,"Qurtubah, East Riyadh, Riyadh"
4500000,Villa,10,7,864,"Ash Shamiya Al Jadid, Makkah"
2700000,Villa,4,5,411,"Al Yarmuk, East Riyadh, Riyadh"
1300000,Villa,5,4,202,"Al Qadisiyah, East Riyadh, Riyadh"
1200000,Floor,4,3,196,"Al Khaleej, East Riyadh, Riyadh"
1200000,Villa,4,4,270,"Al Nadwa District, East Riyadh, Riyadh"
3300000,Villa,5,6,300,"Al Narjis, North Riyadh, Riyadh"
1350000,Floor,4,4,165,"Al Munsiyah, East Riyadh, Riyadh"
1000000,Floor,5,3,202,"Al Maizilah, East Riyadh, Riyadh"
2900000,Villa,5,8,409,"Al Yarmuk, East Riyadh, Riyadh"
971000,Apartment,3,3,134,"Al Munsiyah, East Riyadh, Riyadh"
1244000,Apartment,3,2,82,"Al Munsiyah, East Riyadh, Riyadh"
1300000,Floor,3,4,167,"Al Rimal, East Riyadh, Riyadh"
1500000,Floor,3,4,225,"Al Yarmuk, East Riyadh, Riyadh"
1700000,Floor,4,5,292,"Al Rimal, East Riyadh, Riyadh"
1900000,Villa,5,7,315,"Al Maizilah, East Riyadh, Riyadh"
1550000,Floor,4,4,213,"Ishbiliyah, East Riyadh, Riyadh"
1900000,Villa,6,5,315,"Al Maizilah, East Riyadh, Riyadh"
1200000,Villa,5,6,270,"Al Nadwa District, East Riyadh, Riyadh"
4050000,Villa,4,3,280,"Al Arid, North Riyadh, Riyadh"
3000000,Villa,3,2,209,"Al Narjis, North Riyadh, Riyadh"
4200000,Villa,8,7,450,"Al Mahdiyah, West Riyadh, Riyadh"
1800000,Floor,4,3,158,"Al Nada, North Riyadh, Riyadh"
3800000,Villa,5,5,900,"Al Sheraa, North Jeddah, Jeddah"
450000,Apartment,4,3,119,"Al Marwah, North Jeddah, Jeddah"
3500000,Villa,11,7,750,"Al Rabwa, North Jeddah, Jeddah"
950000,Apartment,4,3,525,"Al Naim, North Jeddah, Jeddah"
1100000,Apartment,4,3,506,"Al Rawdah, North Jeddah, Jeddah"
1600000,Floor,5,5,142,"Al Narjis, North Riyadh, Riyadh"
1500000,Apartment,3,3,120,"Al Malqa, North Riyadh, Riyadh"
1170000,Apartment,3,3,93,"Al Rawdah, East Riyadh, Riyadh"
430000,Apartment,4,3,115,"Al Rayaan, North Jeddah, Jeddah"
1400000,Villa,10,8,300,"Al Rahmanyah, North Jeddah, Jeddah"
1100000,Villa,6,8,414,"Ash Shamiya Al Jadid, Makkah"
12000000,Villa,10,7,1031,"Al Basateen, North Jeddah, Jeddah"
2500000,Villa,6,4,450,"Al Nadwa District, East Riyadh, Riyadh"
2500000,Villa,11,8,606,"Al Zahrah, West Riyadh, Riyadh"
490000,Apartment,3,3,135,"Al Salamah, North Jeddah, Jeddah"
2000000,Villa,4,4,370,"Al Mahdiyah, West Riyadh, Riyadh"
800000,Floor,3,4,205,"Al Janadriyah, East Riyadh, Riyadh"
1000000,Apartment,3,3,141,"Al Nahdah, North Jeddah, Jeddah"
700000,Apartment,4,4,157,"Batha Quraysh, Makkah"
1500000,Apartment,5,4,196,"Al Hamraa, Central Jeddah, Jeddah"
575000,Apartment,4,3,121,"Al Bawadi, North Jeddah, Jeddah"
530000,Apartment,3,3,135,"Al Hazm, West Riyadh, Riyadh"
480000,Apartment,4,3,600,"Al Sawari, North Jeddah, Jeddah"
750000,Apartment,4,3,142,"Al Jameah District, South Jeddah, Jeddah"
405000,Apartment,3,2,129,"Al Ajwad, North Jeddah, Jeddah"
970000,Apartment,5,4,162,"Al Zahraa, North Jeddah, Jeddah"
3200000,Villa,8,7,500,"King Faisal, East Riyadh, Riyadh"
650000,Apartment,4,3,125,"Dhahrat Laban, West Riyadh, Riyadh"
1350000,Villa,5,6,303,"Al Rimal, East Riyadh, Riyadh"
970000,Apartment,2,3,124,"Al Munsiyah, East Riyadh, Riyadh"
1050000,Villa,4,6,171,"Al Nadwa District, East Riyadh, Riyadh"
4000000,Villa,8,7,360,"Al Narjis, North Riyadh, Riyadh"
1300000,Apartment,3,2,179,"Obhur Al Janoubiyah, North Jeddah, Jeddah"
1650000,Floor,3,4,183,"Al Munsiyah, East Riyadh, Riyadh"
1100000,Villa,6,4,297,"Ash Shamiya Al Jadid, Makkah"
950000,Apartment,3,4,160,"Al Rimal, East Riyadh, Riyadh"
2400000,Villa,5,6,507,"Al Mahdiyah, West Riyadh, Riyadh"
2800000,Villa,3,3,212,"Al Narjis, North Riyadh, Riyadh"
830000,Apartment,4,3,189,"Al Zahraa, North Jeddah, Jeddah"
650000,Apartment,5,3,184,"Tuwaiq, West Riyadh, Riyadh"
1700000,Villa,8,7,286,"Al Zumorrud, North Jeddah, Jeddah"
395000,Apartment,3,2,780,"Al Salamah, North Jeddah, Jeddah"
830000,Apartment,4,4,140,"Al Salamah, North Jeddah, Jeddah"
1200000,Apartment,3,3,153,"Al Munsiyah, East Riyadh, Riyadh"
1400000,Apartment,3,3,146,"Al Bahar, Al Khobar"
1100000,Villa,6,4,275,"Al Rahmanyah, North Jeddah, Jeddah"
3200000,Villa,5,7,383,"Qurtubah, East Riyadh, Riyadh"
680000,Apartment,4,4,2720,"Mishrifah, North Jeddah, Jeddah"
1250000,Apartment,2,2,115,"Al Malqa, North Riyadh, Riyadh"
1650000,Floor,3,3,172,"Qurtubah, East Riyadh, Riyadh"
1850000,Floor,3,4,186,"Qurtubah, East Riyadh, Riyadh"
1700000,Villa,7,7,625,"Badr, South Riyadh, Riyadh"
900000,Apartment,3,3,130,"Al Mahdiyah, West Riyadh, Riyadh"
900000,Apartment,3,3,137,"Al Mahdiyah, West Riyadh, Riyadh"
900000,Apartment,3,3,137,"Al Mahdiyah, West Riyadh, Riyadh"
1900000,Villa,5,5,691,"Al Jisr, Al Khobar"
850000,Apartment,4,3,129,"Al Mahdiyah, West Riyadh, Riyadh"
800000,Apartment,3,4,140,"Al Mahdiyah, West Riyadh, Riyadh"
950000,Apartment,4,3,163,"Al Mahdiyah, West Riyadh, Riyadh"
820000,Apartment,3,3,108,"Al Mahdiyah, West Riyadh, Riyadh"
830000,Apartment,3,3,128,"Al Mahdiyah, West Riyadh, Riyadh"
1200000,Floor,4,3,230,"Al Khaleej, East Riyadh, Riyadh"
2100000,Villa,5,6,328,"Al Rimal, East Riyadh, Riyadh"
900000,Floor,3,3,750,"Tuwaiq, West Riyadh, Riyadh"
1450000,Villa,7,5,289,"Al Janadriyah, East Riyadh, Riyadh"
1350000,Villa,10,6,295,"Al Hamdaniyah, North Jeddah, Jeddah"
840000,Floor,3,3,167,"Al Murjan, East Riyadh, Riyadh"
1150000,Apartment,4,3,142,"Al Munsiyah, East Riyadh, Riyadh"
850000,Villa,5,5,250,"Uhud, South Riyadh, Riyadh"
1130000,Apartment,3,3,142,"Al Munsiyah, East Riyadh, Riyadh"
1150000,Apartment,3,4,142,"Al Munsiyah, East Riyadh, Riyadh"
1350000,Villa,5,6,303,"Al Rimal, East Riyadh, Riyadh"
1000000,Villa,7,5,200,"Al Frosyah, South Jeddah, Jeddah"
971000,Apartment,3,3,110,"Al Munsiyah, East Riyadh, Riyadh"
1550000,Villa,6,5,600,"Al Janadriyah, East Riyadh, Riyadh"
1200000,Floor,3,4,219,"Al Bayan Neighborhood, East Riyadh, Riyadh"
700000,Apartment,3,3,199,"Al Janadriyah, East Riyadh, Riyadh"
750000,Floor,3,3,215,"Al Janadriyah, East Riyadh, Riyadh"
550000,Apartment,3,2,128,"Harat Al Bab Al Jadid, Makkah"
950000,Floor,3,3,105,"Al Rimal, East Riyadh, Riyadh"
1600000,Floor,3,4,206,"Al Munsiyah, East Riyadh, Riyadh"
1100000,Floor,3,4,201,"Al Maizilah, East Riyadh, Riyadh"
1150000,Villa,9,7,220,"Al Salehiyah, North Jeddah, Jeddah"
1250000,Villa,6,8,527,"Al Amwaj, Al Khobar"
480000,Apartment,4,3,1794,"Badr, South Riyadh, Riyadh"
1100000,Floor,3,3,210,"Al Bayan Neighborhood, East Riyadh, Riyadh"
980000,Floor,3,3,173,"Al Bayan Neighborhood, East Riyadh, Riyadh"
700000,Floor,3,3,196,"Al Bayan Neighborhood, East Riyadh, Riyadh"
750000,Apartment,6,4,223,"Al Hamdaniyah, North Jeddah, Jeddah"
2250000,Villa,5,6,325,"Al Mahdiyah, West Riyadh, Riyadh"
780000,Apartment,5,4,242,"Badr, South Riyadh, Riyadh"
660000,Floor,3,4,160,"Okaz, South Riyadh, Riyadh"
2600000,Apartment,3,3,174,"Obhur Al Janoubiyah, North Jeddah, Jeddah"
790000,Apartment,4,3,120,"Al Mahdiyah, West Riyadh, Riyadh"
680000,Floor,3,3,342,"Al Bayan Neighborhood, East Riyadh, Riyadh"
2300000,Villa,7,7,300,"Al Mahdiyah, West Riyadh, Riyadh"
5300000,Villa,5,3,375,"Irqah, West Riyadh, Riyadh"
2000000,Villa,5,5,345,"Obhur Al Shamaliyah, North Jeddah, Jeddah"
666250,Apartment,5,3,187,"Al Mraikh, North Jeddah, Jeddah"
420000,Apartment,4,2,118,"Al Nur, Dammam"
1100000,Floor,5,3,157,"Al Nahdah, East Riyadh, Riyadh"
1300000,Floor,7,5,232,"Al Nahdah, East Riyadh, Riyadh"
1339000,Apartment,3,3,218,"King Faisal, East Riyadh, Riyadh"
666250,Apartment,5,3,173,"Al Waha, North Jeddah, Jeddah"
4200000,Building,10,10,620,"Al Faisaliyah, Central Jeddah, Jeddah"
4200000,Villa,4,3,300,"Al Arid, North Riyadh, Riyadh"
7200000,Villa,7,7,909,"Al Olaya, North Riyadh, Riyadh"
7500000,Villa,4,5,325,"King Abduallah, North Riyadh, Riyadh"
1500000,Floor,4,4,251,"Al Khaleej, East Riyadh, Riyadh"
550000,Floor,3,5,450,"Badr, South Riyadh, Riyadh"
1000000,Floor,4,2,159,"Al Rimal, East Riyadh, Riyadh"
700000,Apartment,3,3,117,"Al Bayan Neighborhood, East Riyadh, Riyadh"
950000,Floor,3,3,237,"Al Janadriyah, East Riyadh, Riyadh"
2200000,Villa,6,5,625,"Al Riyadh, North Jeddah, Jeddah"
900000,Apartment,3,5,179,"Al Rimal, East Riyadh, Riyadh"
800000,Apartment,3,3,158,"Al Rimal, East Riyadh, Riyadh"
1150000,Villa,3,3,158,"Al Rimal, East Riyadh, Riyadh"
1150000,Apartment,3,5,179,"Al Rimal, East Riyadh, Riyadh"
940000,Floor,4,3,193,"Al Janadriyah, East Riyadh, Riyadh"
650000,Apartment,4,3,111,"Al Rawdah, North Jeddah, Jeddah"
685000,Apartment,5,3,184,"Al Mohamdya, Makkah"
500000,Apartment,5,3,143,"Dhahrat Laban, West Riyadh, Riyadh"
550000,Apartment,5,4,162,"Al Hamra, Al Khobar"
850000,Apartment,4,3,164,"Al Zahraa, North Jeddah, Jeddah"
950000,Villa,7,5,168,"Tuwaiq, West Riyadh, Riyadh"
480000,Apartment,4,3,150,"Dirab, West Riyadh, Riyadh"
830000,Floor,5,3,243,"Dahiat Namar, West Riyadh, Riyadh"
950000,Villa,7,5,272,"Tuwaiq, West Riyadh, Riyadh"
900000,Apartment,3,4,171,"Al Rimal, East Riyadh, Riyadh"
720000,Floor,3,3,179,"Dahiat Namar, West Riyadh, Riyadh"
1050000,Villa,6,6,300,"Al Noor District, Khamis Mushait"
19000000,Villa,5,5,2500,"King Abduallah, North Riyadh, Riyadh"
3000000,Villa,5,5,300,"King Abduallah, North Riyadh, Riyadh"
1650000,Floor,4,5,203,"Al Munsiyah, East Riyadh, Riyadh"
5200000,Villa,4,3,400,"Al Nafal, North Riyadh, Riyadh"
1330000,Apartment,3,3,111,"Al Malqa, North Riyadh, Riyadh"
1400000,Apartment,2,2,202,"Al Mahdiyah, West Riyadh, Riyadh"
1400000,Villa,4,7,309,"Al Lulu, Al Khobar"
3000000,Villa,3,2,500,"King Faisal, East Riyadh, Riyadh"
1650000,Villa,4,5,356,"Al Bayan Neighborhood, East Riyadh, Riyadh"
2500000,Villa,4,4,420,"Tuwaiq, West Riyadh, Riyadh"
790000,Apartment,4,3,127,"Al Rawdah, North Jeddah, Jeddah"
570000,Apartment,5,3,175,"Al Nwwariyah, Makkah"
1050000,Villa,6,5,300,"Al Noor District, Khamis Mushait"
6600000,Villa,8,7,875,"Al Munsiyah, East Riyadh, Riyadh"
2500000,Villa,4,2,360,"Al Yarmuk, East Riyadh, Riyadh"
620000,Villa,6,5,163,"Okaz, South Riyadh, Riyadh"
11600000,Rest House,5,4,2940,"Al Rimal, East Riyadh, Riyadh"
1250000,Villa,4,5,188,"Al Qadisiyah, East Riyadh, Riyadh"
1300000,Villa,6,8,527,"Al Amwaj, Al Khobar"
1150000,Villa,3,5,170,"Al Rimal, East Riyadh, Riyadh"
595000,Apartment,3,2,144,"Al Hazm, West Riyadh, Riyadh"
450000,Apartment,4,3,102,"Al Marwah, North Jeddah, Jeddah"
760000,Apartment,2,2,121,"Al Yarmuk, East Riyadh, Riyadh"
2500000,Villa,10,9,312,"Al Saadah, East Riyadh, Riyadh"
3500000,Villa,6,5,276,"Al Arid, North Riyadh, Riyadh"
700000,Apartment,4,3,162,"Al Janadriyah, East Riyadh, Riyadh"
1180000,Apartment,4,5,148,"Al Munsiyah, East Riyadh, Riyadh"
1200000,Apartment,3,4,153,"Al Munsiyah, East Riyadh, Riyadh"
700000,Apartment,4,3,177,"Al Hamra, Al Khobar"
1850000,Apartment,6,6,2000,"Al Nahdah, North Jeddah, Jeddah"
4000000,Villa,3,3,490,"Al Rawabi, East Riyadh, Riyadh"
1600000,Villa,6,4,371,"Tuwaiq, West Riyadh, Riyadh"
8500000,Villa,6,6,651,"Al Qadisiyah, East Riyadh, Riyadh"
570000,Apartment,5,3,177,"Okaz, South Riyadh, Riyadh"
780000,Apartment,4,3,124,"Al Rawdah, North Jeddah, Jeddah"
4500000,Villa,8,8,312,"Al Narjis, North Riyadh, Riyadh"
3800000,Villa,7,5,600,"Dhahrat Laban, West Riyadh, Riyadh"
1650000,Floor,4,4,183,"Al Munsiyah, East Riyadh, Riyadh"
2150000,Villa,5,7,328,"Al Rimal, East Riyadh, Riyadh"
770000,Apartment,4,4,630,"Badr, South Riyadh, Riyadh"
3000000,Villa,10,5,500,"Al Muhammadiyah, North Jeddah, Jeddah"
900000,Villa,8,6,235,"Al Qashashia Al Jadid, Makkah"
650000,Apartment,4,3,110,"Dhahrat Laban, West Riyadh, Riyadh"
1900000,Villa,11,10,500,"Al Zahrah, West Riyadh, Riyadh"
920000,Apartment,4,4,166,"Al Zahraa, North Jeddah, Jeddah"
590000,Apartment,3,4,168,"Al Hamra, Al Khobar"
950000,Apartment,3,4,163,"Al Rimal, East Riyadh, Riyadh"
700000,Apartment,4,3,114,"Al Rawdah, North Jeddah, Jeddah"
900000,Floor,4,4,175,"Dahiat Namar, West Riyadh, Riyadh"
1050000,Floor,5,4,177,"Al Suwaidi Al Gharabi, West Riyadh, Riyadh"
1250000,Villa,5,4,341,"Badr, South Riyadh, Riyadh"
6250000,Rest House,2,2,2520,"Al Rimal, East Riyadh, Riyadh"
1350000,Villa,4,4,300,"Al Yaqout, North Jeddah, Jeddah"
3000000,Villa,9,7,360,"Al Qadisiyah, East Riyadh, Riyadh"
4000000,Villa,4,3,350,"King Abduallah, North Riyadh, Riyadh"
6250000,Rest House,5,5,2520,"Al Rimal, East Riyadh, Riyadh"
640000,Apartment,3,3,154,"Alawali, West Riyadh, Riyadh"
3700000,Villa,4,5,703,"Al Nahdah, East Riyadh, Riyadh"
24000000,Building,10,10,900,"Al Narjis, North Riyadh, Riyadh"
750000,Apartment,3,3,89,"Al Uraija Al Gharbiyah, West Riyadh, Riyadh"
1050000,Villa,4,4,269,"Tuwaiq, West Riyadh, Riyadh"
620000,Villa,4,4,160,"Okaz, South Riyadh, Riyadh"
4500000,Apartment,4,3,365,"Obhur Al Janoubiyah, North Jeddah, Jeddah"
1700000,Villa,5,6,225,"Al Rimal, East Riyadh, Riyadh"
390000,Apartment,3,3,99,"Al Dar Al Baida, South Riyadh, Riyadh"
650000,Apartment,3,3,56,"Al Rimal, East Riyadh, Riyadh"
3600000,Villa,11,5,375,"Al Mahdiyah, West Riyadh, Riyadh"
1350000,Villa,5,5,311,"Tuwaiq, West Riyadh, Riyadh"
820000,Floor,3,3,157,"Tuwaiq, West Riyadh, Riyadh"
630000,Apartment,3,3,123,"Dhahrat Laban, West Riyadh, Riyadh"
1300000,Floor,3,2,232,"Al Nahdah, East Riyadh, Riyadh"
760000,Apartment,5,4,163,Dhahran
760000,Apartment,5,4,163,Dhahran
760000,Apartment,4,4,163,Dhahran
760000,Apartment,5,4,163,Dhahran
590000,Apartment,4,3,177,"Al Zuhur, Dammam"
590000,Apartment,5,4,177,"Al Zuhur, Dammam"
990000,Apartment,3,3,121,"Al Yarmuk, East Riyadh, Riyadh"
590000,Apartment,4,4,177,"Al Zuhur, Dammam"
590000,Apartment,4,4,177,"Al Zuhur, Dammam"
590000,Apartment,5,4,177,"Al Zuhur, Dammam"
590000,Apartment,5,4,177,"Al Zuhur, Dammam"
850000,Floor,6,3,212,"Tuwaiq, West Riyadh, Riyadh"
950000,Floor,4,4,192,"Al Qadisiyah, East Riyadh, Riyadh"
720000,Apartment,4,3,117,"Al Rawdah, North Jeddah, Jeddah"
938000,Apartment,3,3,135,"Al Munsiyah, East Riyadh, Riyadh"
620000,Apartment,5,3,205,"Ash Shamiya Al Jadid, Makkah"
970000,Floor,3,3,184,"Al Rimal, East Riyadh, Riyadh"
930000,Floor,3,3,156,"Al Rimal, East Riyadh, Riyadh"
1150000,Floor,3,3,195,"Al Rimal, East Riyadh, Riyadh"
750000,Apartment,2,2,113,"Al Rimal, East Riyadh, Riyadh"
1200000,Floor,3,3,222,"Al Rimal, East Riyadh, Riyadh"
700000,Apartment,4,3,112,"Al Rawdah, North Jeddah, Jeddah"
1200000,Villa,3,3,157,"Al Rimal, East Riyadh, Riyadh"
720000,Apartment,4,3,117,"Al Rawdah, North Jeddah, Jeddah"
1650000,Floor,4,5,183,"Al Munsiyah, East Riyadh, Riyadh"
1300000,Floor,3,4,167,"Al Rimal, East Riyadh, Riyadh"
2450000,Villa,5,6,500,"Al Mahdiyah, West Riyadh, Riyadh"
1765000,Apartment,3,4,129,"Al Narjis, North Riyadh, Riyadh"
950000,Floor,3,3,195,"Al Janadriyah, East Riyadh, Riyadh"
1100000,Floor,3,3,276,"Al Maizilah, East Riyadh, Riyadh"
900000,Floor,3,3,276,"Al Maizilah, East Riyadh, Riyadh"
490000,Apartment,3,2,93,"Al Zahraa, North Jeddah, Jeddah"
650000,Apartment,4,3,125,"Dhahrat Laban, West Riyadh, Riyadh"
1250000,Villa,8,7,289,"Al Rimal, East Riyadh, Riyadh"
800000,Apartment,2,3,98,"Al Rimal, East Riyadh, Riyadh"
950000,Floor,4,4,192,"Al Qadisiyah, East Riyadh, Riyadh"
900000,Apartment,3,3,123,"Dhahrat Laban, West Riyadh, Riyadh"
770000,Apartment,3,3,630,"Badr, South Riyadh, Riyadh"
760000,Floor,4,4,214,"Badr, South Riyadh, Riyadh"
700000,Apartment,4,3,112,"Al Rawdah, North Jeddah, Jeddah"
1600000,Floor,4,5,206,"Al Munsiyah, East Riyadh, Riyadh"
850000,Apartment,3,3,129,"Al Mahdiyah, West Riyadh, Riyadh"
800000,Apartment,3,3,140,"Al Mahdiyah, West Riyadh, Riyadh"
950000,Apartment,4,3,163,"Al Mahdiyah, West Riyadh, Riyadh"
820000,Apartment,3,3,108,"Al Mahdiyah, West Riyadh, Riyadh"
800000,Apartment,3,3,478,"Al Mahdiyah, West Riyadh, Riyadh"
3100000,Villa,5,6,312,"Al Rimal, East Riyadh, Riyadh"
3000000,Villa,6,7,343,"Al Rimal, East Riyadh, Riyadh"
800000,Apartment,4,4,630,"Badr, South Riyadh, Riyadh"
530000,Residential Building,4,3,120,"Al Waha, North Jeddah, Jeddah"
700000,Apartment,2,3,104,"Al Saadah, East Riyadh, Riyadh"
980000,Apartment,3,3,143,"Al Suwaidi, West Riyadh, Riyadh"
980000,Apartment,3,3,143,"Al Suwaidi, West Riyadh, Riyadh"
800000,Apartment,4,4,630,"Badr, South Riyadh, Riyadh"
1150000,Apartment,3,3,147,"Al Munsiyah, East Riyadh, Riyadh"
1350000,Villa,4,4,311,"Tuwaiq, West Riyadh, Riyadh"
800000,Apartment,6,4,229,"Al Safa, North Jeddah, Jeddah"
740000,Apartment,5,3,166,"Al Nuzhah, North Jeddah, Jeddah"
1500000,Apartment,8,5,330,"Al Hamdaniyah, North Jeddah, Jeddah"
780000,Apartment,4,3,121,"Al Rawdah, North Jeddah, Jeddah"
1550000,Villa,6,6,381,"Al Sawari, North Jeddah, Jeddah"
2350000,Villa,11,5,625,"Al Zahrah, West Riyadh, Riyadh"
900000,Floor,3,3,177,"Al Janadriyah, East Riyadh, Riyadh"
1600000,Floor,5,5,223,"Al Munsiyah, East Riyadh, Riyadh"
1200000,Floor,4,3,208,"Al Rimal, East Riyadh, Riyadh"
1600000,Floor,4,5,575,"Al Rawdah, East Riyadh, Riyadh"
1550000,Apartment,4,3,138,"Al Malqa, North Riyadh, Riyadh"
700000,Apartment,4,3,728,"Al Zahraa, North Jeddah, Jeddah"
1700000,Apartment,5,4,2000,"Al Nahdah, North Jeddah, Jeddah"
795000,Apartment,4,4,2000,"Al Nahdah, North Jeddah, Jeddah"
550000,Apartment,2,2,600,"Al Nahdah, North Jeddah, Jeddah"
625000,Apartment,3,4,763,"Al Nahdah, North Jeddah, Jeddah"
900000,Apartment,4,4,763,"Al Nahdah, North Jeddah, Jeddah"
494000,Apartment,4,4,3200,"Al Faisaliyah, Central Jeddah, Jeddah"
475000,Apartment,3,4,660,"Al Salamah, North Jeddah, Jeddah"
3000000,Villa,9,7,1320,"Dhahrat Al Badiah, West Riyadh, Riyadh"
2000000,Villa,6,5,220,"Al Yarmuk, East Riyadh, Riyadh"
4000000,Villa,7,5,339,"Al Hamdaniyah, North Jeddah, Jeddah"
950000,Floor,3,4,185,"Al Nahdah, East Riyadh, Riyadh"
1850000,Floor,4,4,200,"Qurtubah, East Riyadh, Riyadh"
2150000,Villa,5,8,275,"Al Qadisiyah, East Riyadh, Riyadh"
2400000,Villa,5,8,250,"Al Yarmuk, East Riyadh, Riyadh"
2150000,Villa,5,8,225,"Al Rimal, East Riyadh, Riyadh"
4200000,Villa,6,5,371,"Al Munsiyah, East Riyadh, Riyadh"
1003000,Apartment,4,3,132,"Al Munsiyah, East Riyadh, Riyadh"
16000000,Villa,10,10,500,"Al Malqa, North Riyadh, Riyadh"
3900000,Villa,5,5,312,"Al Arid, North Riyadh, Riyadh"
1350000,Villa,8,7,303,"Al Rimal, East Riyadh, Riyadh"
1250000,Floor,4,3,210,"Al Rimal, East Riyadh, Riyadh"
971000,Apartment,4,3,110,"Al Munsiyah, East Riyadh, Riyadh"
1300000,Floor,4,4,180,"Al Nahdah, East Riyadh, Riyadh"
850000,Apartment,3,3,162,"Al Rimal, East Riyadh, Riyadh"
1380000,Apartment,4,4,128,"Qurtubah, East Riyadh, Riyadh"
1600000,Floor,5,4,223,"Al Munsiyah, East Riyadh, Riyadh"
1350000,Floor,4,3,205,"Al Rimal, East Riyadh, Riyadh"
1100000,Apartment,6,5,189,"Alawali, West Riyadh, Riyadh"
2650000,Villa,6,5,80,"Al Nahdah, East Riyadh, Riyadh"
1350000,Floor,3,4,193,"Al Khaleej, East Riyadh, Riyadh"
1700000,Apartment,4,3,197,"Qurtubah, East Riyadh, Riyadh"
1250000,Floor,4,5,307,"Al Janadriyah, East Riyadh, Riyadh"
950000,Floor,4,4,271,"Al Janadriyah, East Riyadh, Riyadh"
945000,Apartment,4,3,120,"Al Munsiyah, East Riyadh, Riyadh"
3650000,Villa,6,5,324,"Al Munsiyah, East Riyadh, Riyadh"
1250000,Floor,4,3,260,"Al Qadisiyah, East Riyadh, Riyadh"
1350000,Floor,5,5,232,"Al Qadisiyah, East Riyadh, Riyadh"
2750000,Villa,5,7,317,"Al Khaleej, East Riyadh, Riyadh"
1650000,Floor,4,4,198,"Qurtubah, East Riyadh, Riyadh"
1450000,Apartment,4,3,156,"Qurtubah, East Riyadh, Riyadh"
1650000,Floor,3,4,172,"Qurtubah, East Riyadh, Riyadh"
3050000,Villa,5,7,390,"Al Nahdah, East Riyadh, Riyadh"
1250000,Floor,4,4,230,"Al Khaleej, East Riyadh, Riyadh"
2100000,Villa,5,8,328,"Al Rimal, East Riyadh, Riyadh"
2600000,Villa,5,6,411,"Al Yarmuk, East Riyadh, Riyadh"
3600000,Villa,6,9,320,"Al Munsiyah, East Riyadh, Riyadh"
1700000,Villa,5,8,225,"Al Rimal, East Riyadh, Riyadh"
1200000,Floor,4,4,222,"Al Qadisiyah, East Riyadh, Riyadh"
2400000,Villa,7,8,460,"Al Nahdah, East Riyadh, Riyadh"
850000,Apartment,3,3,88,"Al Qadisiyah, East Riyadh, Riyadh"
1550000,Floor,4,5,251,"Al Khaleej, East Riyadh, Riyadh"
4200000,Villa,6,8,371,"Al Munsiyah, East Riyadh, Riyadh"
3650000,Villa,6,8,324,"Al Munsiyah, East Riyadh, Riyadh"
1500000,Floor,4,5,213,"Al Yarmuk, East Riyadh, Riyadh"
1450000,Floor,3,4,141,"Al Munsiyah, East Riyadh, Riyadh"
3700000,Villa,7,8,343,"Qurtubah, East Riyadh, Riyadh"
3500000,Villa,5,8,264,"Qurtubah, East Riyadh, Riyadh"
1350000,Floor,3,4,193,"Al Khaleej, East Riyadh, Riyadh"
5700000,Villa,7,7,525,"Al Rabi, North Riyadh, Riyadh"
1200000,Apartment,5,4,193,"Al Nahdah, North Jeddah, Jeddah"
830000,Apartment,4,3,140,"Al Salamah, North Jeddah, Jeddah"
650000,Apartment,5,3,133,"Dhahrat Laban, West Riyadh, Riyadh"
3200000,Villa,11,11,418,"Al Mahdiyah, West Riyadh, Riyadh"
1200000,Floor,4,4,206,"Al Rimal, East Riyadh, Riyadh"
1400000,Floor,4,4,201,"Al Nahdah, East Riyadh, Riyadh"
1800000,Floor,3,4,197,"Qurtubah, East Riyadh, Riyadh"
2700000,Villa,6,7,300,"Al Shati, North Jeddah, Jeddah"
3000000,Villa,6,7,270,"Al Narjis, North Riyadh, Riyadh"
820000,Apartment,5,4,210,"Al Safa, North Jeddah, Jeddah"
620000,Apartment,5,4,174,"Al Safa, North Jeddah, Jeddah"
4000000,Apartment,3,4,137,"Al Olaya, North Riyadh, Riyadh"
790000,Apartment,6,5,252,"Al Manar, North Jeddah, Jeddah"
805000,Apartment,7,4,276,"Al Zuhur, Abha"
630000,Apartment,5,4,172,"As Salamah, Makkah"
660000,Apartment,5,3,179,"Al Mohamdya, Makkah"
1200000,Apartment,3,4,233,"Al Rimal, East Riyadh, Riyadh"
4500000,Villa,4,7,333,"Al Arid, North Riyadh, Riyadh"
4000000,Villa,11,7,420,"Al Mahdiyah, West Riyadh, Riyadh"
700000,Apartment,4,4,2400,"Al Rawdah, North Jeddah, Jeddah"
1700000,Apartment,5,4,2000,"Al Nahdah, North Jeddah, Jeddah"
494000,Apartment,4,4,3200,"Al Faisaliyah, Central Jeddah, Jeddah"
475000,Apartment,3,4,660,"Al Salamah, North Jeddah, Jeddah"
580000,Apartment,4,4,660,"Al Salamah, North Jeddah, Jeddah"
730000,Apartment,4,4,763,"Al Nahdah, North Jeddah, Jeddah"
795000,Apartment,4,4,2000,"Al Nahdah, North Jeddah, Jeddah"
240000,Apartment,1,1,3200,"Al Faisaliyah, Central Jeddah, Jeddah"
360000,Apartment,3,4,3200,"Al Faisaliyah, Central Jeddah, Jeddah"
1550000,Apartment,6,5,235,"Al Zahraa, North Jeddah, Jeddah"
700000,Apartment,4,3,728,"Al Zahraa, North Jeddah, Jeddah"
550000,Apartment,2,3,763,"Al Nahdah, North Jeddah, Jeddah"
770000,Apartment,4,3,600,"Al Nahdah, North Jeddah, Jeddah"
550000,Apartment,2,2,600,"Al Nahdah, North Jeddah, Jeddah"
800000,Apartment,4,4,696,"Al Nahdah, North Jeddah, Jeddah"
1130000,Apartment,6,5,660,"Al Salamah, North Jeddah, Jeddah"
490000,Apartment,4,3,132,"Al Rayaan, North Jeddah, Jeddah"
20000000,Villa,7,8,540,"Al Malqa, North Riyadh, Riyadh"
1500000,Floor,2,2,108,"Al Olaya, North Riyadh, Riyadh"
570000,Apartment,5,3,146,"Al Safa, North Jeddah, Jeddah"
750000,Apartment,3,3,159,"Tuwaiq, West Riyadh, Riyadh"
420000,Apartment,3,3,143,"Al Naim, North Jeddah, Jeddah"
549000,Apartment,3,3,120,"Mishrifah, North Jeddah, Jeddah"
6800000,Villa,9,6,450,"Al Malqa, North Riyadh, Riyadh"
840000,Apartment,5,3,121,"Al Bawadi, North Jeddah, Jeddah"
650000,Apartment,3,3,115,"Al Zahraa, North Jeddah, Jeddah"
700000,Apartment,5,4,173,"Al Rayaan, North Jeddah, Jeddah"
460000,Apartment,3,3,110,"Dirab, West Riyadh, Riyadh"
2100000,Villa,7,7,360,"Al Rimal, East Riyadh, Riyadh"
590,Apartment,4,3,229,"Al Hazm, West Riyadh, Riyadh"
5100000,Villa,7,6,450,"Al Yasmin, North Riyadh, Riyadh"
550000,Apartment,4,3,900,"Badr, South Riyadh, Riyadh"
5400000,Villa,8,5,450,"Al Narjis, North Riyadh, Riyadh"
1000000,Floor,3,3,177,"Al Janadriyah, East Riyadh, Riyadh"
1800000,Villa,4,5,875,"Al Sheraa, Al Khobar"
1400000,Villa,5,5,200,"Tuwaiq, West Riyadh, Riyadh"
600000,Apartment,4,2,105,"Dhahrat Laban, West Riyadh, Riyadh"
1850000,Apartment,3,3,141,"Hittin, North Riyadh, Riyadh"
660000,Apartment,5,4,175,"Al Safa, North Jeddah, Jeddah"
550000,Apartment,4,4,144,"Al Safa, North Jeddah, Jeddah"
1000000,Apartment,3,4,106,"Al Khaleej, East Riyadh, Riyadh"
1150000,Floor,4,4,230,"Al Khaleej, East Riyadh, Riyadh"
1700000,Floor,3,4,242,"Al Munsiyah, East Riyadh, Riyadh"
870000,Villa,3,5,235,"Okaz, South Riyadh, Riyadh"
3200000,Villa,5,5,258,"Al Narjis, North Riyadh, Riyadh"
930000,Villa,5,3,310,"Al Wafa Scheme, North Jeddah, Jeddah"
800000,Apartment,2,4,120,"Al Mahdiyah, West Riyadh, Riyadh"
2600000,Villa,5,5,415,"Al Maizilah, East Riyadh, Riyadh"
6000000,Apartment,4,4,441,"Al Shati, North Jeddah, Jeddah"
1450000,Villa,5,5,252,"Al Rimal, East Riyadh, Riyadh"
900000,Apartment,5,4,257,"Al Shawqiyyah, Makkah"
1150000,Floor,3,4,196,"Al Nahdah, East Riyadh, Riyadh"
1500000,Floor,4,3,185,"Al Munsiyah, East Riyadh, Riyadh"
1350000,Villa,5,5,303,"Al Rimal, East Riyadh, Riyadh"
3100000,Villa,5,6,312,"Al Rimal, East Riyadh, Riyadh"
1100000,Floor,3,4,206,"Al Qadisiyah, East Riyadh, Riyadh"
880000,Floor,3,4,204,"Al Qadisiyah, East Riyadh, Riyadh"
1250000,Villa,4,4,274,"Al Janadriyah, East Riyadh, Riyadh"
950000,Floor,4,4,192,"Al Qadisiyah, East Riyadh, Riyadh"
1500000,Floor,3,4,189,"King Faisal, East Riyadh, Riyadh"
2100000,Villa,5,5,332,"Al Mahdiyah, West Riyadh, Riyadh"
1531000,Villa,5,6,344,"Ayn Al Khif, Madina"
395000,Apartment,3,3,104,"Al Rayaan, North Jeddah, Jeddah"
1950000,Villa,5,5,400,"Al Mahdiyah, West Riyadh, Riyadh"
970000,Floor,3,4,220,"Tuwaiq, West Riyadh, Riyadh"
590000,Apartment,5,4,177,"Al Zuhur, Dammam"
780000,Floor,5,4,149,"Okaz, South Riyadh, Riyadh"
1200000,Floor,4,4,196,"Al Yarmuk, East Riyadh, Riyadh"
590000,Apartment,5,4,177,"Al Zuhur, Dammam"
1250000,Floor,3,4,196,"Al Khaleej, East Riyadh, Riyadh"
1550000,Floor,4,5,206,"Al Munsiyah, East Riyadh, Riyadh"
990000,Apartment,3,2,157,"Al Khaleej, East Riyadh, Riyadh"
1300000,Floor,4,4,255,"Al Qadisiyah, East Riyadh, Riyadh"
590000,Apartment,3,3,123,"Al Sawari, North Jeddah, Jeddah"
1600000,Villa,7,6,437,"Al Sheraa, Al Khobar"
1350000,Villa,11,10,300,"Al Rahmanyah, North Jeddah, Jeddah"
680000,Apartment,4,4,228,"Badr, Dammam"
1150000,Floor,7,5,260,"Al Dar Al Baida, South Riyadh, Riyadh"
900000,Villa,6,5,481,"Al Maealaa, Ahad Rafidah"
950000,Villa,7,5,422,"As Sail Al Kabeer, Taif"
550000,Apartment,4,5,197,"Okaz, South Riyadh, Riyadh"
780000,Floor,4,4,227,"Al Aziziyah, South Riyadh, Riyadh"
650000,Apartment,5,4,217,"Al Rayaan, North Jeddah, Jeddah"
640000,Apartment,5,4,217,"Al Rayaan, North Jeddah, Jeddah"
575000,Apartment,5,3,151,"Al Marwah, North Jeddah, Jeddah"
2500000,Villa,10,8,600,"Al Nahdah, East Riyadh, Riyadh"
2000000,Villa,7,7,437,"Al Saif, Dammam"
730000,Floor,4,4,131,"Al Saadah, East Riyadh, Riyadh"
560000,Apartment,3,3,226,"Al Dhurfah, Khamis Mushait"
520000,Apartment,4,4,139,"Al Safa, North Jeddah, Jeddah"
1000000,Floor,8,5,300,"Al Shifa, South Riyadh, Riyadh"
1450000,Villa,4,8,510,"Al Narjis, North Riyadh, Riyadh"
1350000,Villa,5,5,303,"Al Rimal, East Riyadh, Riyadh"
2208000,Villa,5,6,552,"Al Safa, East Riyadh, Riyadh"
2713000,Villa,5,7,296,"Al Narjis, North Riyadh, Riyadh"
520000,Apartment,4,3,126,"Al Shawqiyyah, Makkah"
950000,Villa,6,6,300,"Al Lulu, Al Khobar"
940000,Villa,5,5,286,"Al Janadriyah, East Riyadh, Riyadh"
940000,Villa,6,6,174,"Al Janadriyah, East Riyadh, Riyadh"
1290000,Villa,6,6,302,"Al Janadriyah, East Riyadh, Riyadh"
900000,Villa,6,5,178,"Al Janadriyah, East Riyadh, Riyadh"
3000000,Villa,10,7,600,"Al Nasim Al Gharbi, East Riyadh, Riyadh"
1550000,Floor,4,4,206,"Al Munsiyah, East Riyadh, Riyadh"
2150000,Villa,5,8,225,"Al Rimal, East Riyadh, Riyadh"
868000,Apartment,3,3,132,"Al Munsiyah, East Riyadh, Riyadh"
320000,Apartment,3,2,93,"Al Mraikh, North Jeddah, Jeddah"
2600000,Villa,3,4,600,"Al Bayan Neighborhood, East Riyadh, Riyadh"
4000000,Villa,10,7,750,"Al Mahdiyah, West Riyadh, Riyadh"
2600000,Villa,7,7,424,"Al Bayan Neighborhood, East Riyadh, Riyadh"
3500000,Villa,3,4,250,"Sidra, Riyadh"
620000,Apartment,4,4,209,"Al Ranuna, Madina"
350000,Apartment,3,2,111,"Al Ranuna, Madina"
950000,Floor,4,3,158,"Al Saadah, East Riyadh, Riyadh"
3700000,Villa,7,8,357,"Qurtubah, East Riyadh, Riyadh"
3000000,Villa,5,6,343,"Al Rimal, East Riyadh, Riyadh"
880000,Floor,3,4,204,"Al Qadisiyah, East Riyadh, Riyadh"
2750000,Villa,5,7,317,"Al Khaleej, East Riyadh, Riyadh"
2100000,Villa,5,8,328,"Al Rimal, East Riyadh, Riyadh"
2850000,Villa,4,8,312,"Al Rimal, East Riyadh, Riyadh"
3500000,Villa,7,8,357,"Qurtubah, East Riyadh, Riyadh"
2750000,Villa,5,8,376,"Al Yarmuk, East Riyadh, Riyadh"
700000,Apartment,4,3,112,"Al Rawdah, North Jeddah, Jeddah"
2450000,Villa,5,6,500,"Al Mahdiyah, West Riyadh, Riyadh"
730000,Apartment,5,3,130,"Al Naim, North Jeddah, Jeddah"
700000,Apartment,5,4,186,"Al Hamdaniyah, North Jeddah, Jeddah"
980000,Apartment,3,3,143,"Al Suwaidi, West Riyadh, Riyadh"
980000,Apartment,3,3,143,"Al Suwaidi, West Riyadh, Riyadh"
770000,Apartment,4,4,630,"Badr, South Riyadh, Riyadh"
1650000,Apartment,3,3,148,"Al Malqa, North Riyadh, Riyadh"
1850000,Villa,5,5,191,"Al Arid, North Riyadh, Riyadh"
700000,Apartment,5,3,169,"Al Sawari, North Jeddah, Jeddah"
2099000,Floor,3,4,204,"Al Nafal, North Riyadh, Riyadh"
800000,Floor,3,2,147,"Al Bayan Neighborhood, East Riyadh, Riyadh"
4224000,Villa,7,7,528,"Al Olaya, North Riyadh, Riyadh"
560000,Apartment,5,4,146,"Al Zuhur, Dammam"
1100000,Apartment,4,4,181,"Dhahrat Laban, West Riyadh, Riyadh"
1380000,Villa,4,3,341,"Al Saadah, East Riyadh, Riyadh"
1950000,Villa,8,7,400,"Tuwaiq, West Riyadh, Riyadh"
1800000,Villa,9,6,200,"Al Mahdiyah, West Riyadh, Riyadh"
700000,Apartment,3,3,1050,"Dhahrat Laban, West Riyadh, Riyadh"
2300000,Villa,7,5,310,"Al Naim, North Jeddah, Jeddah"
690000,Apartment,3,3,312,"Al Rimal, East Riyadh, Riyadh"
4000000,Villa,4,4,300,"Al Arid, North Riyadh, Riyadh"
285000,Apartment,2,2,1251,"Al Jameah District, South Jeddah, Jeddah"
600000,Floor,3,3,909,"Badr, South Riyadh, Riyadh"
4500000,Villa,4,8,523,"Qurtubah, East Riyadh, Riyadh"
790,Building,6,5,195,"Al Faisaliyah, Central Jeddah, Jeddah"
850000,Floor,4,3,138,"Al Rimal, East Riyadh, Riyadh"
480000,Apartment,3,4,180,"Badr, South Riyadh, Riyadh"
850000,Villa,6,6,429,"Ar Rehab 3, Jazan"
1150000,Villa,9,6,435,"Harat Al Bab Al Jadid, Makkah"
900000,Apartment,4,4,203,"Al Janadriyah, East Riyadh, Riyadh"
22000000,Villa,8,7,1000,"Al Malqa, North Riyadh, Riyadh"
600000,Apartment,4,3,126,"Batha Quraysh, Makkah"
695000,Apartment,4,4,640,"Al Zahraa, North Jeddah, Jeddah"
625000,Apartment,3,4,640,"Al Zahraa, North Jeddah, Jeddah"
3400000,Villa,5,5,300,"Al Sahafah, North Riyadh, Riyadh"
800000,Apartment,3,2,252,"Al Rimal, East Riyadh, Riyadh"
1030000,Floor,3,2,150,"Al Rimal, East Riyadh, Riyadh"
1030000,Floor,3,3,150,"Al Rimal, East Riyadh, Riyadh"
700000,Apartment,5,4,170,"Al Sawari, North Jeddah, Jeddah"
3900000,Villa,4,6,312,"Al Arid, North Riyadh, Riyadh"
1100000,Apartment,2,2,104,"Al Arid, North Riyadh, Riyadh"
6500000,Villa,9,6,396,"Al Qirawan, North Riyadh, Riyadh"
900000,Floor,3,4,177,"Al Janadriyah, East Riyadh, Riyadh"
5900000,Villa,5,6,525,"Al Rabi, North Riyadh, Riyadh"
1050000,Villa,4,6,900,"Tuwaiq, West Riyadh, Riyadh"
3200000,Villa,4,2,300,"Al Mahdiyah, West Riyadh, Riyadh"
2700000,Villa,5,9,420,"Al Bahar, Al Khobar"
2650000,Villa,5,6,482,"Al Saif, Dammam"
800000,Floor,3,3,177,"Al Murjan, East Riyadh, Riyadh"
1950000,Villa,4,5,500,"Agruba, Al Jubaylah"
800000,Floor,3,3,177,"Al Murjan, East Riyadh, Riyadh"
1195000,Villa,6,5,261,"Dhahrat Laban, West Riyadh, Riyadh"
1350000,Villa,6,5,200,"Tuwaiq, West Riyadh, Riyadh"
820000,Apartment,6,4,218,"Batha Quraysh, Makkah"
660000,Floor,3,3,152,"Al Murjan, East Riyadh, Riyadh"
850000,Floor,7,5,375,"Al Rimal, East Riyadh, Riyadh"
1195000,Apartment,6,4,640,"Al Zahraa, North Jeddah, Jeddah"
1450000,Apartment,6,4,216,"Al Zahraa, North Jeddah, Jeddah"
2200000,Villa,6,6,287,"Al Qadisiyah, East Riyadh, Riyadh"
700000,Apartment,5,4,72,"Al Janadriyah, East Riyadh, Riyadh"
750000,Apartment,3,3,119,"Dhahrat Laban, West Riyadh, Riyadh"
1100000,Villa,3,3,1079,"Al Janadriyah, East Riyadh, Riyadh"
700000,Apartment,4,3,112,"Al Rawdah, North Jeddah, Jeddah"
730000,Apartment,5,3,130,"Al Naim, North Jeddah, Jeddah"
720000,Apartment,4,3,117,"Al Rawdah, North Jeddah, Jeddah"
1765000,Apartment,2,4,122,"Al Narjis, North Riyadh, Riyadh"
950000,Apartment,4,4,160,"Al Rawdah, North Jeddah, Jeddah"
1600000,Floor,3,3,157,"Al Narjis, North Riyadh, Riyadh"
980000,Apartment,3,3,143,"Al Suwaidi, West Riyadh, Riyadh"
630000,Apartment,4,4,152,"Tuwaiq, West Riyadh, Riyadh"
4000000,Villa,4,8,250,"Al Narjis, North Riyadh, Riyadh"
1100000,Villa,4,6,268,"Al Janadriyah, East Riyadh, Riyadh"
1900000,Villa,5,7,360,"Al Rimal, East Riyadh, Riyadh"
950000,Apartment,3,6,240,"Al Janadriyah, East Riyadh, Riyadh"
900000,Apartment,5,6,195,"Okaz, South Riyadh, Riyadh"
720000,Apartment,3,2,97,"Alawali, West Riyadh, Riyadh"
560000,Apartment,4,3,126,"Al Manar, North Jeddah, Jeddah"
640000,Apartment,4,3,146,"Al Nuzhah, North Jeddah, Jeddah"
850000,Apartment,5,4,194,"Al Manar, North Jeddah, Jeddah"
620000,Apartment,5,3,157,"Al Manar, North Jeddah, Jeddah"
620000,Apartment,5,4,160,"Al Nuzhah, North Jeddah, Jeddah"
250000,Apartment,2,2,706,"Al Mraikh, North Jeddah, Jeddah"
250000,Apartment,2,2,706,"Al Mraikh, North Jeddah, Jeddah"
1150000,Villa,4,3,215,"Al Hazm, West Riyadh, Riyadh"
650000,Apartment,5,3,164,"Al Rehab, North Jeddah, Jeddah"
250000,Apartment,2,2,706,"Al Mraikh, North Jeddah, Jeddah"
2700000,Villa,5,4,536,"Dhahrat Laban, West Riyadh, Riyadh"
640000,Apartment,4,4,600,"Al Salamah, North Jeddah, Jeddah"
1400000,Apartment,2,3,152,"Al Qirawan, North Riyadh, Riyadh"
400000,Apartment,3,3,1440,"Taybah, South Riyadh, Riyadh"
15000000,Residential Building,11,7,900,"Qurtubah, East Riyadh, Riyadh"
780000,Apartment,4,3,127,"Al Salamah, North Jeddah, Jeddah"
450000,Apartment,2,2,102,"Al Marwah, North Jeddah, Jeddah"
650000,Apartment,5,3,181,"Al Nuzhah, North Jeddah, Jeddah"
549000,Apartment,4,3,525,"Al Rawdah, North Jeddah, Jeddah"
470000,Apartment,4,3,137,"Al Mraikh, North Jeddah, Jeddah"
830000,Apartment,5,4,177,"Al Marwah, North Jeddah, Jeddah"
1650000,Apartment,3,3,112,"Al Arid, North Riyadh, Riyadh"
670000,Apartment,5,4,162,"Al Safa, North Jeddah, Jeddah"
1650000,Floor,3,3,131,"Al Arid, North Riyadh, Riyadh"
1500000,Residential Building,3,3,312,"Al Rimal, East Riyadh, Riyadh"
2400000,Villa,9,5,434,"Al Shulah, Dammam"
1300000,Villa,8,6,405,"Taybay, Dammam"
680000,Apartment,5,3,175,"Al Aziziyah, North Jeddah, Jeddah"
680000,Apartment,5,3,175,"Al Aziziyah, North Jeddah, Jeddah"
6000000,Villa,5,5,375,"Al Arid, North Riyadh, Riyadh"
2700000,Apartment,3,2,184,"Al Sahafah, North Riyadh, Riyadh"
1170000,Villa,7,5,240,"Al Dar Al Baida, South Riyadh, Riyadh"
2400000,Floor,6,4,450,"Al Mahdiyah, West Riyadh, Riyadh"
490000,Apartment,3,3,163,"Badr, Dammam"
1850000,Floor,3,4,161,"Qurtubah, East Riyadh, Riyadh"
800000,Floor,5,2,64,"Al Janadriyah, East Riyadh, Riyadh"
1400000,Villa,10,8,312,"Al Rahmanyah, North Jeddah, Jeddah"
1750000,Villa,4,6,303,"Al Janadriyah, East Riyadh, Riyadh"
2350000,Villa,5,4,308,"Al Sawari, North Jeddah, Jeddah"
790000,Villa,7,6,660,"Amal District, Al Bukayriyah"
10000000,Rest House,10,10,8060,"Dirab, West Riyadh, Riyadh"
750000,Floor,5,4,245,"Badr, South Riyadh, Riyadh"
1300000,Floor,4,4,132,"Al Narjis, North Riyadh, Riyadh"
850000,Apartment,5,4,174,"Al Safa, North Jeddah, Jeddah"
3000000,Villa,6,7,300,"Al Munsiyah, East Riyadh, Riyadh"
3800000,Villa,6,6,300,"Al Narjis, North Riyadh, Riyadh"
1100000,Villa,11,5,386,"Uhud, South Riyadh, Riyadh"
1140000,Villa,7,7,241,"King Fahd Suburb, Dammam"
1180000,Villa,6,6,250,"King Fahd Suburb, Dammam"
1800000,Floor,3,3,172,"Qurtubah, East Riyadh, Riyadh"
500000,Apartment,4,3,149,"Okaz, South Riyadh, Riyadh"
550000,Apartment,3,3,130,"Alawali, West Riyadh, Riyadh"
7200000,Villa,5,5,500,"Al Narjis, North Riyadh, Riyadh"
2850000,Villa,4,5,299,"Al Basateen, North Jeddah, Jeddah"
1150000,Apartment,5,4,155,"Al Rawdah, North Jeddah, Jeddah"
400000,Apartment,4,2,79,"Al Nuzhah, North Jeddah, Jeddah"
450000,Apartment,3,2,102,"Al Marwah, North Jeddah, Jeddah"
1450000,Floor,5,4,220,"Al Zahraa, North Jeddah, Jeddah"
2200000,Villa,5,6,540,"Al Rimal, East Riyadh, Riyadh"
540000,Apartment,4,3,131,"Al Marwah, North Jeddah, Jeddah"
1550000,Villa,5,6,217,"Al Janadriyah, East Riyadh, Riyadh"
10000000,Villa,11,10,450,"Hittin, North Riyadh, Riyadh"
1339000,Apartment,3,3,218,"King Faisal, East Riyadh, Riyadh"
980000,Floor,3,3,177,"Al Rimal, East Riyadh, Riyadh"
850000,Floor,3,2,138,"Al Rimal, East Riyadh, Riyadh"
820000,Floor,5,3,147,"Al Murjan, East Riyadh, Riyadh"
3300000,Villa,4,3,327,"Al Arid, North Riyadh, Riyadh"
1250000,Apartment,3,2,180,"Al Nada, North Riyadh, Riyadh"
700000,Apartment,3,3,100,"Al Rawdah, North Jeddah, Jeddah"
1450000,Villa,6,5,250,"King Fahd Suburb, Dammam"
1800000,Apartment,7,6,302,"Al Zahraa, North Jeddah, Jeddah"
1400000,Apartment,6,5,262,"Al Rawdah, North Jeddah, Jeddah"
1750000,Villa,11,7,450,"Al Falah, North Jeddah, Jeddah"
550000,Apartment,4,3,133,"Al Waha, North Jeddah, Jeddah"
1399999,Villa,6,7,275,"Al Rahmanyah, North Jeddah, Jeddah"
2250000,Villa,7,7,405,Dhahran
550000,Apartment,3,3,151,"Al Hamra, Al Khobar"
1100000,Apartment,4,5,300,"Al Janadriyah, East Riyadh, Riyadh"
1200000,Villa,3,1,215,"Al Rimal, East Riyadh, Riyadh"
950000,Floor,3,3,201,"Tuwaiq, West Riyadh, Riyadh"
390000,Apartment,4,3,113,"Al Marwah, North Jeddah, Jeddah"
3300000,Villa,7,6,312,"Al Munsiyah, East Riyadh, Riyadh"
1650000,Villa,9,6,200,"Al Lulu, North Jeddah, Jeddah"
8500000,Villa,11,11,574,"Al Rawdah, North Jeddah, Jeddah"
1050000,Apartment,3,2,119,"Al Rimal, East Riyadh, Riyadh"
6000000,Villa,10,8,450,"Al Narjis, North Riyadh, Riyadh"
2200000,Floor,3,3,169,"Qurtubah, East Riyadh, Riyadh"
3500000,Villa,6,5,418,"Ishbiliyah, East Riyadh, Riyadh"
500000,Apartment,4,3,131,"Batha Quraysh, Makkah"
650000,Apartment,6,4,206,"Al Shulah, Dammam"
670000,Floor,3,3,190,"Badr, South Riyadh, Riyadh"
2950000,Villa,6,5,250,"Al Yasmin, North Riyadh, Riyadh"
3400000,Villa,6,7,418,"Ishbiliyah, East Riyadh, Riyadh"
1350000,Floor,7,6,203,"Al Rawdah, North Jeddah, Jeddah"
3000000,Building,6,9,635,"Al Falah, North Jeddah, Jeddah"
1400000,Villa,7,6,300,"Tuwaiq, West Riyadh, Riyadh"
1800000,Villa,5,6,200,"Al Mahdiyah, West Riyadh, Riyadh"
3300000,Villa,4,5,550,"Al Khaleej, East Riyadh, Riyadh"
6800000,Villa,6,5,510,"Al Malqa, North Riyadh, Riyadh"
950000,Floor,3,4,312,"Al Rimal, East Riyadh, Riyadh"
2100000,Villa,7,8,390,"Obhur Al Shamaliyah, North Jeddah, Jeddah"
3000000,Villa,10,6,630,"Agruba, Al Jubaylah"
2300000,Villa,10,6,750,"Dhahrat Al Badiah, West Riyadh, Riyadh"
15000000,Villa,11,6,1350,"Al Malqa, North Riyadh, Riyadh"
1400000,Villa,5,5,245,"Al Dar Al Baida, South Riyadh, Riyadh"
800000,Floor,5,3,212,"Al Dar Al Baida, South Riyadh, Riyadh"
2000000,Villa,4,6,300,"Alawali, West Riyadh, Riyadh"
1250000,Apartment,7,6,339,"Al Sawari, North Jeddah, Jeddah"
490000,Floor,4,3,144,"Al Dar Al Baida, South Riyadh, Riyadh"
480000,Apartment,4,2,148,"Badr, South Riyadh, Riyadh"
600000,Apartment,5,3,176,"Tuwaiq, West Riyadh, Riyadh"
920000,Floor,4,5,157,"Badr, South Riyadh, Riyadh"
1185000,Apartment,4,5,175,"Al Rimal, East Riyadh, Riyadh"
1300000,Apartment,5,3,186,"Al Yarmuk, East Riyadh, Riyadh"
700000,Apartment,3,3,176,"Tuwaiq, West Riyadh, Riyadh"
760000,Apartment,4,4,152,"Al Salamah, North Jeddah, Jeddah"
1400000,Floor,4,4,191,"King Faisal, East Riyadh, Riyadh"
1200000,Floor,3,3,168,"Al Rimal, East Riyadh, Riyadh"
520000,Apartment,4,3,121,"Al Manar, North Jeddah, Jeddah"
650000,Apartment,5,3,164,"Al Rehab, North Jeddah, Jeddah"
535000,Apartment,4,4,128,"Al Manar, North Jeddah, Jeddah"
1200000,Apartment,5,4,199,"Al Zahraa, North Jeddah, Jeddah"
900000,Apartment,3,4,183,"Al Khaleej, East Riyadh, Riyadh"
2900000,Villa,3,5,250,"Sidra, Riyadh"
3200000,Villa,6,5,250,"Al Yasmin, North Riyadh, Riyadh"
1100000,Apartment,3,3,122,"Al Narjis, North Riyadh, Riyadh"
2100000,Villa,4,4,395,"Al Nadwa District, East Riyadh, Riyadh"
650000,Apartment,5,3,157,"Al Nuzhah, North Jeddah, Jeddah"
650000,Apartment,3,2,112,"Al Nasim Al Sharqi, East Riyadh, Riyadh"
1100000,Villa,7,5,251,"Tuwaiq, West Riyadh, Riyadh"
6000000,Villa,8,7,580,"Al Rabi, North Riyadh, Riyadh"
3500000,Residential Building,11,11,660,"Al Hamdaniyah, North Jeddah, Jeddah"
750000,Apartment,6,4,205,"King Fahd, Makkah"
1000000,Apartment,5,4,186,"Al Zahraa, North Jeddah, Jeddah"
850000,Villa,8,7,550,"Amal District, Al Bukayriyah"
640000,Apartment,4,4,143,"Al Safa, North Jeddah, Jeddah"
3500000,Villa,5,5,357,"Al Narjis, North Riyadh, Riyadh"
900000,Floor,3,5,179,"Al Rimal, East Riyadh, Riyadh"
800000,Apartment,3,3,158,"Al Rimal, East Riyadh, Riyadh"
900000,Floor,3,3,179,"Al Rimal, East Riyadh, Riyadh"
1150000,Villa,3,5,170,"Al Rimal, East Riyadh, Riyadh"
1200000,Villa,10,7,390,"Badr, South Riyadh, Riyadh"
545000,Apartment,3,3,1049,"Al Rawdah, North Jeddah, Jeddah"
1700000,Villa,7,6,275,"Ishbiliyah, East Riyadh, Riyadh"
1350000,Floor,4,4,204,"Al Rimal, East Riyadh, Riyadh"
1250000,Apartment,5,4,193,"Al Rawdah, North Jeddah, Jeddah"
1500000,Apartment,5,5,171,"Al Rawdah, North Jeddah, Jeddah"
3500000,Villa,7,7,375,"Al Nahdah, East Riyadh, Riyadh"
2300000,Villa,6,8,300,"Al Sheraa, North Jeddah, Jeddah"
700000,Apartment,4,3,204,"Mishrifah, North Jeddah, Jeddah"
1000000,Apartment,4,3,204,"Mishrifah, North Jeddah, Jeddah"
870000,Floor,6,4,245,"Badr, South Riyadh, Riyadh"
2350000,Villa,4,5,288,"Al Rimal, East Riyadh, Riyadh"
2350000,Floor,3,5,258,"Al Arid, North Riyadh, Riyadh"
3500000,Villa,11,7,525,"Ishbiliyah, East Riyadh, Riyadh"
820000,Floor,3,2,152,"Al Suwaidi, West Riyadh, Riyadh"
2300000,Apartment,1,2,99,"Al Olaya, North Riyadh, Riyadh"
880000,Apartment,4,3,186,"Al Shati Al Sharqi, Dammam"
880000,Apartment,4,3,223,"King Fahd Suburb, Dammam"
530000,Apartment,3,3,148,"Al Hamra, Al Khobar"
10000000,Villa,7,7,900,"Al Mahdiyah, West Riyadh, Riyadh"
8000000,Villa,7,8,650,"Al Rabi, North Riyadh, Riyadh"
450000,Apartment,4,3,134,"Al Mraikh, North Jeddah, Jeddah"
1600000,Apartment,5,5,206,"Al Munsiyah, East Riyadh, Riyadh"
1450000,Floor,3,3,141,"Al Munsiyah, East Riyadh, Riyadh"
1950000,Apartment,3,4,192,"Al Zahraa, North Jeddah, Jeddah"
1950000,Villa,5,7,241,"Al Sheraa, North Jeddah, Jeddah"
1050000,Apartment,4,3,165,"Al Nahdah, North Jeddah, Jeddah"
2700000,Apartment,2,3,180,"Al Shati, North Jeddah, Jeddah"
320000,Apartment,3,3,659,"Al Mraikh, North Jeddah, Jeddah"
320000,Apartment,3,3,659,"Al Mraikh, North Jeddah, Jeddah"
3500000,Villa,4,5,450,"Dhahrat Laban, West Riyadh, Riyadh"
6500000,Villa,8,8,625,"Al Nafal, North Riyadh, Riyadh"
2912000,Apartment,4,3,141,"Al Olaya, North Riyadh, Riyadh"
1700000,Villa,8,7,660,"Al Riyadh, North Jeddah, Jeddah"
500000,Apartment,3,3,199,"Badr, South Riyadh, Riyadh"
519000,Apartment,3,3,582,"Al Hamraa, Central Jeddah, Jeddah"
1400000,Floor,4,4,312,"Al Rimal, East Riyadh, Riyadh"
2500000,Villa,10,7,442,"Al Sawari, North Jeddah, Jeddah"
720000,Apartment,3,4,143,"Tuwaiq, West Riyadh, Riyadh"
560000,Apartment,3,3,675,"Al Hazm, West Riyadh, Riyadh"
7000000,Villa,9,9,475,"King Fahd, North Riyadh, Riyadh"
320000,Apartment,3,3,659,"Al Mraikh, North Jeddah, Jeddah"
1200000,Apartment,5,4,177,"Al Zahraa, North Jeddah, Jeddah"
1150000,Villa,7,7,427,"King Fahd Suburb, Dammam"
4400000,Villa,6,5,598,"Al Basateen, North Jeddah, Jeddah"
1200000,Villa,8,5,233,"Shubra, West Riyadh, Riyadh"
390000,Apartment,3,3,133,"Al Nur, Dammam"
3700000,Villa,9,7,525,"Al Saadah, East Riyadh, Riyadh"
2200000,Villa,8,11,400,"Al Sawari, North Jeddah, Jeddah"
670000,Apartment,5,3,162,"Al Nuzhah, North Jeddah, Jeddah"
650000,Apartment,5,3,164,"Al Rehab, North Jeddah, Jeddah"
560000,Apartment,2,3,176,"Al Faisaliyah, Central Jeddah, Jeddah"
2075000,Villa,4,5,194,"Al Arid, North Riyadh, Riyadh"
475000,Apartment,3,4,660,"Al Salamah, North Jeddah, Jeddah"
494000,Apartment,4,4,3200,"Al Faisaliyah, Central Jeddah, Jeddah"
730000,Apartment,4,4,763,"Al Nahdah, North Jeddah, Jeddah"
770000,Apartment,4,3,600,"Al Nahdah, North Jeddah, Jeddah"
480000,Apartment,2,3,2400,"Al Rawdah, North Jeddah, Jeddah"
475000,Apartment,3,4,660,"Al Salamah, North Jeddah, Jeddah"
494000,Apartment,4,4,3200,"Al Faisaliyah, Central Jeddah, Jeddah"
950000,Apartment,4,3,127,"Al Zahraa, North Jeddah, Jeddah"
360000,Apartment,3,4,3200,"Al Faisaliyah, Central Jeddah, Jeddah"
3000000,Villa,7,5,520,"Al Basateen, North Jeddah, Jeddah"
1150000,Apartment,3,3,155,"Al Rabi, North Riyadh, Riyadh"
719000,Apartment,5,4,166,"Al Sawari, North Jeddah, Jeddah"
2400000,Villa,5,10,200,"Al Mahdiyah, West Riyadh, Riyadh"
690000,Floor,3,3,639,"Al Dar Al Baida, South Riyadh, Riyadh"
4350000,Villa,6,6,371,"Al Munsiyah, East Riyadh, Riyadh"
3200000,Villa,6,8,375,"Al Mahdiyah, West Riyadh, Riyadh"
600000,Apartment,4,3,173,"Al Rayaan, North Jeddah, Jeddah"
650000,Apartment,5,4,164,"Al Rehab, North Jeddah, Jeddah"
680000,Apartment,5,3,161,"Al Marwah, North Jeddah, Jeddah"
650000,Apartment,5,4,164,"Al Rehab, North Jeddah, Jeddah"
625000,Apartment,3,4,763,"Al Nahdah, North Jeddah, Jeddah"
900000,Apartment,4,4,763,"Al Nahdah, North Jeddah, Jeddah"
585000,Apartment,2,3,2000,"Al Nahdah, North Jeddah, Jeddah"
795000,Apartment,4,4,2000,"Al Nahdah, North Jeddah, Jeddah"
840000,Apartment,3,3,127,"Al Zahraa, North Jeddah, Jeddah"
700000,Apartment,4,3,728,"Al Zahraa, North Jeddah, Jeddah"
1700000,Apartment,5,4,2000,"Al Nahdah, North Jeddah, Jeddah"
1150000,Apartment,5,4,696,"Al Nahdah, North Jeddah, Jeddah"
2200000,Apartment,7,8,600,"Al Nahdah, North Jeddah, Jeddah"
450000,Apartment,3,2,102,"Al Marwah, North Jeddah, Jeddah"
650000,Apartment,5,3,164,"Al Rehab, North Jeddah, Jeddah"
490000,Apartment,5,4,203,"Al Danah, Al Hofuf Eastern Region"
500000,Apartment,3,3,123,"Al Hamra, Al Khobar"
3500000,Villa,8,5,720,"Al Basateen, North Jeddah, Jeddah"
800000,Apartment,3,3,114,"Al Rimal, East Riyadh, Riyadh"
900000,Apartment,4,4,763,"Al Nahdah, North Jeddah, Jeddah"
585000,Apartment,2,3,2000,"Al Nahdah, North Jeddah, Jeddah"
795000,Apartment,4,4,2000,"Al Nahdah, North Jeddah, Jeddah"
840000,Apartment,3,3,127,"Al Zahraa, North Jeddah, Jeddah"
700000,Apartment,4,3,728,"Al Zahraa, North Jeddah, Jeddah"
1700000,Apartment,5,4,2000,"Al Nahdah, North Jeddah, Jeddah"
1150000,Apartment,5,4,696,"Al Nahdah, North Jeddah, Jeddah"
700000,Apartment,4,4,2400,"Al Rawdah, North Jeddah, Jeddah"
550000,Apartment,2,2,600,"Al Nahdah, North Jeddah, Jeddah"
2200000,Apartment,7,8,600,"Al Nahdah, North Jeddah, Jeddah"
625000,Apartment,3,4,763,"Al Nahdah, North Jeddah, Jeddah"
850000,Apartment,3,4,121,"Al Zahraa, North Jeddah, Jeddah"
1450000,Apartment,6,4,203,"Al Zahraa, North Jeddah, Jeddah"
1200000,Apartment,6,6,728,"Al Zahraa, North Jeddah, Jeddah"
1550000,Apartment,6,5,235,"Al Zahraa, North Jeddah, Jeddah"
1700000,Apartment,5,4,2000,"Al Nahdah, North Jeddah, Jeddah"
660000,Apartment,3,4,2000,"Al Nahdah, North Jeddah, Jeddah"
450000,Apartment,1,2,2000,"Al Nahdah, North Jeddah, Jeddah"
730000,Apartment,4,4,763,"Al Nahdah, North Jeddah, Jeddah"
770000,Apartment,4,3,600,"Al Nahdah, North Jeddah, Jeddah"
480000,Apartment,2,3,2400,"Al Rawdah, North Jeddah, Jeddah"
475000,Apartment,3,4,660,"Al Salamah, North Jeddah, Jeddah"
494000,Apartment,4,4,3200,"Al Faisaliyah, Central Jeddah, Jeddah"
950000,Apartment,4,3,127,"Al Zahraa, North Jeddah, Jeddah"
360000,Apartment,3,4,3200,"Al Faisaliyah, Central Jeddah, Jeddah"
900000,Apartment,4,4,763,"Al Nahdah, North Jeddah, Jeddah"
494000,Apartment,4,4,3200,"Al Faisaliyah, Central Jeddah, Jeddah"
270000,Apartment,2,3,3200,"Al Faisaliyah, Central Jeddah, Jeddah"
475000,Apartment,3,4,660,"Al Salamah, North Jeddah, Jeddah"
480000,Apartment,2,3,2400,"Al Rawdah, North Jeddah, Jeddah"
660000,Apartment,3,4,2000,"Al Nahdah, North Jeddah, Jeddah"
450000,Apartment,1,2,2000,"Al Nahdah, North Jeddah, Jeddah"
600000,Apartment,3,3,728,"Al Zahraa, North Jeddah, Jeddah"
950000,Apartment,4,3,127,"Al Zahraa, North Jeddah, Jeddah"
1450000,Apartment,6,4,203,"Al Zahraa, North Jeddah, Jeddah"
770000,Apartment,4,3,600,"Al Nahdah, North Jeddah, Jeddah"
650000,Apartment,3,3,600,"Al Nahdah, North Jeddah, Jeddah"
580000,Apartment,4,4,660,"Al Salamah, North Jeddah, Jeddah"
625000,Apartment,3,3,119,"Al Nahdah, North Jeddah, Jeddah"
700000,Apartment,4,4,196,"Al Hamra, Al Khobar"
1600000,Villa,5,5,400,"Al Sawari, Al Khobar"
1040000,Apartment,5,4,176,"Al Rawdah, North Jeddah, Jeddah"
740000,Apartment,3,3,50,"Al Qadisiyah, East Riyadh, Riyadh"
4000000,Building,10,10,402,"Dhahrat Laban, West Riyadh, Riyadh"
900000,Apartment,3,4,155,"Qurtubah, East Riyadh, Riyadh"
1500000,Apartment,5,4,182,"Al Nuzhah, North Jeddah, Jeddah"
800000,Apartment,10,6,410,"Al Ajwad, North Jeddah, Jeddah"
1650000,Villa,7,7,875,"Al Sheraa, Al Khobar"
750000,Apartment,4,4,167,"Al Marwah, North Jeddah, Jeddah"
680000,Apartment,5,3,161,"Al Marwah, North Jeddah, Jeddah"
680000,Apartment,5,3,161,"Al Marwah, North Jeddah, Jeddah"
1750000,Villa,7,7,312,"Al Yaqout, North Jeddah, Jeddah"
1800000,Villa,5,6,240,"Al Rimal, East Riyadh, Riyadh"
1300000,Villa,7,6,312,"Al Hamdaniyah, North Jeddah, Jeddah"
3800000,Villa,9,7,324,"Al Arid, North Riyadh, Riyadh"
720000,Apartment,3,4,179,"Tuwaiq, West Riyadh, Riyadh"
600,Apartment,4,3,178,"Al Hazm, West Riyadh, Riyadh"
1000000,Villa,6,5,900,"Alawali, West Riyadh, Riyadh"
555000,Apartment,3,4,181,"Tuwaiq, West Riyadh, Riyadh"
1200000,Villa,6,6,275,"Badr, Dammam"
1500000,Villa,5,5,200,"Al Sawari, North Jeddah, Jeddah"
550000,Apartment,3,3,136,"Al Jawhara, Dammam"
560000,Apartment,4,3,138,"Al Marwah, North Jeddah, Jeddah"
595000,Apartment,5,4,197,"Al Marwah, North Jeddah, Jeddah"
570000,Apartment,5,3,167,"Al Waha, North Jeddah, Jeddah"
3100000,Villa,5,4,450,"Qurtubah, East Riyadh, Riyadh"
540000,Apartment,4,3,131,"Al Marwah, North Jeddah, Jeddah"
680000,Apartment,5,3,161,"Al Marwah, North Jeddah, Jeddah"
600000,Apartment,4,4,401,"Al Hamra, Al Khobar"
5900000,Villa,6,6,720,"Al Muhammadiyah, North Jeddah, Jeddah"
980000,Apartment,4,4,153,"Al Salamah, North Jeddah, Jeddah"
1000000,Apartment,6,4,206,"Al Salamah, North Jeddah, Jeddah"
700000,Apartment,5,4,182,"Mishrifah, North Jeddah, Jeddah"
850000,Apartment,5,4,186,"Al Waha, North Jeddah, Jeddah"
1100000,Apartment,5,4,172,"Al Rawdah, North Jeddah, Jeddah"
2000000,Apartment,3,3,166,"Hittin, North Riyadh, Riyadh"
1500000,Villa,10,6,295,"Al Hamdaniyah, North Jeddah, Jeddah"
390000,Apartment,3,3,150,"Al Nur, Dammam"
1350000,Villa,6,4,250,"Taybay, Dammam"
450000,Apartment,3,2,102,"Al Marwah, North Jeddah, Jeddah"
540000,Apartment,4,3,131,"Al Marwah, North Jeddah, Jeddah"
680000,Apartment,5,3,161,"Al Marwah, North Jeddah, Jeddah"
670000,Apartment,5,3,162,"Al Nuzhah, North Jeddah, Jeddah"
450000,Apartment,3,2,102,"Al Marwah, North Jeddah, Jeddah"
1800000,Floor,4,5,126,"Al Olaya, North Riyadh, Riyadh"
760000,Apartment,5,3,166,"Al Nuzhah, North Jeddah, Jeddah"
900000,Floor,6,4,199,"Al Qadisiyah, East Riyadh, Riyadh"
2500000,Villa,5,6,330,"Al Lulu, North Jeddah, Jeddah"
625000,Apartment,3,4,763,"Al Nahdah, North Jeddah, Jeddah"
1350000,Apartment,5,4,194,"Al Zahraa, North Jeddah, Jeddah"
700000,Apartment,4,3,728,"Al Zahraa, North Jeddah, Jeddah"
900000,Apartment,4,4,763,"Al Nahdah, North Jeddah, Jeddah"
450000,Apartment,1,2,2000,"Al Nahdah, North Jeddah, Jeddah"
660000,Apartment,3,4,2000,"Al Nahdah, North Jeddah, Jeddah"
1200000,Apartment,6,6,728,"Al Zahraa, North Jeddah, Jeddah"
360000,Apartment,3,4,3200,"Al Faisaliyah, Central Jeddah, Jeddah"
580000,Apartment,4,4,660,"Al Salamah, North Jeddah, Jeddah"
550000,Apartment,2,2,600,"Al Nahdah, North Jeddah, Jeddah"
770000,Apartment,4,3,600,"Al Nahdah, North Jeddah, Jeddah"
840000,Apartment,3,3,127,"Al Zahraa, North Jeddah, Jeddah"
1550000,Apartment,6,5,235,"Al Zahraa, North Jeddah, Jeddah"
1450000,Apartment,6,4,203,"Al Zahraa, North Jeddah, Jeddah"
850000,Apartment,3,4,121,"Al Zahraa, North Jeddah, Jeddah"
1550000,Apartment,6,5,235,"Al Zahraa, North Jeddah, Jeddah"
840000,Apartment,3,3,127,"Al Zahraa, North Jeddah, Jeddah"
580000,Apartment,4,4,660,"Al Salamah, North Jeddah, Jeddah"
770000,Apartment,4,3,600,"Al Nahdah, North Jeddah, Jeddah"
480000,Apartment,2,3,2400,"Al Rawdah, North Jeddah, Jeddah"
730000,Apartment,4,4,763,"Al Nahdah, North Jeddah, Jeddah"
450000,Apartment,1,2,2000,"Al Nahdah, North Jeddah, Jeddah"
660000,Apartment,3,4,2000,"Al Nahdah, North Jeddah, Jeddah"
1700000,Apartment,5,4,2000,"Al Nahdah, North Jeddah, Jeddah"
1350000,Apartment,5,4,194,"Al Zahraa, North Jeddah, Jeddah"
494000,Apartment,4,4,3200,"Al Faisaliyah, Central Jeddah, Jeddah"
900000,Apartment,4,4,763,"Al Nahdah, North Jeddah, Jeddah"
360000,Apartment,3,4,3200,"Al Faisaliyah, Central Jeddah, Jeddah"
650000,Apartment,3,3,600,"Al Nahdah, North Jeddah, Jeddah"
770000,Apartment,4,3,600,"Al Nahdah, North Jeddah, Jeddah"
1450000,Apartment,6,4,203,"Al Zahraa, North Jeddah, Jeddah"
840000,Apartment,4,3,127,"Al Zahraa, North Jeddah, Jeddah"
600000,Apartment,3,3,728,"Al Zahraa, North Jeddah, Jeddah"
450000,Apartment,1,2,2000,"Al Nahdah, North Jeddah, Jeddah"
660000,Apartment,3,4,2000,"Al Nahdah, North Jeddah, Jeddah"
480000,Apartment,2,3,2400,"Al Rawdah, North Jeddah, Jeddah"
475000,Apartment,3,4,660,"Al Salamah, North Jeddah, Jeddah"
270000,Apartment,2,3,3200,"Al Faisaliyah, Central Jeddah, Jeddah"
625000,Apartment,3,3,119,"Al Nahdah, North Jeddah, Jeddah"
580000,Apartment,4,4,660,"Al Salamah, North Jeddah, Jeddah"
795000,Apartment,4,4,2000,"Al Nahdah, North Jeddah, Jeddah"
270000,Apartment,2,3,3200,"Al Faisaliyah, Central Jeddah, Jeddah"
360000,Apartment,3,4,3200,"Al Faisaliyah, Central Jeddah, Jeddah"
580000,Apartment,4,4,660,"Al Salamah, North Jeddah, Jeddah"
730000,Apartment,4,4,763,"Al Nahdah, North Jeddah, Jeddah"
1700000,Apartment,5,4,2000,"Al Nahdah, North Jeddah, Jeddah"
1150000,Apartment,5,4,696,"Al Nahdah, North Jeddah, Jeddah"
1130000,Apartment,6,5,660,"Al Salamah, North Jeddah, Jeddah"
770000,Apartment,4,3,600,"Al Nahdah, North Jeddah, Jeddah"
550000,Apartment,2,2,600,"Al Nahdah, North Jeddah, Jeddah"
1550000,Apartment,6,5,235,"Al Zahraa, North Jeddah, Jeddah"
700000,Apartment,4,3,728,"Al Zahraa, North Jeddah, Jeddah"
550000,Apartment,2,3,763,"Al Nahdah, North Jeddah, Jeddah"
2200000,Apartment,7,8,600,"Al Nahdah, North Jeddah, Jeddah"
550000,Apartment,2,3,600,"Al Nahdah, North Jeddah, Jeddah"
375000,Apartment,2,3,660,"Al Salamah, North Jeddah, Jeddah"
2100000,Apartment,8,10,2400,"Al Rawdah, North Jeddah, Jeddah"
550000,Apartment,2,3,763,"Al Nahdah, North Jeddah, Jeddah"
1250000,Apartment,8,8,3200,"Al Faisaliyah, Central Jeddah, Jeddah"
1200000,Apartment,6,6,728,"Al Zahraa, North Jeddah, Jeddah"
950000,Apartment,4,3,127,"Al Zahraa, North Jeddah, Jeddah"
625000,Apartment,3,3,696,"Al Nahdah, North Jeddah, Jeddah"
1450000,Apartment,6,4,203,"Al Zahraa, North Jeddah, Jeddah"
795000,Apartment,4,4,2000,"Al Nahdah, North Jeddah, Jeddah"
850000,Apartment,3,4,467,"Al Zahraa, North Jeddah, Jeddah"
840000,Apartment,3,3,127,"Al Zahraa, North Jeddah, Jeddah"
1850000,Apartment,6,6,2000,"Al Nahdah, North Jeddah, Jeddah"
1150000,Apartment,5,4,696,"Al Nahdah, North Jeddah, Jeddah"
600000,Apartment,3,3,728,"Al Zahraa, North Jeddah, Jeddah"
1200000,Apartment,6,6,728,"Al Zahraa, North Jeddah, Jeddah"
680000,Apartment,5,3,161,"Al Marwah, North Jeddah, Jeddah"
20000000,Villa,2,2,904,"Al Malqa, North Riyadh, Riyadh"
4300000,Villa,4,3,530,"Al Rawabi, East Riyadh, Riyadh"
830000,Apartment,4,4,224,"Al Sawari, North Jeddah, Jeddah"
650000,Apartment,5,3,164,"Al Rehab, North Jeddah, Jeddah"
650000,Apartment,5,3,164,"Al Rehab, North Jeddah, Jeddah"
650000,Apartment,5,3,164,"Al Rehab, North Jeddah, Jeddah"
3500000,Villa,11,9,349,"Al Munsiyah, East Riyadh, Riyadh"
5900000,Villa,8,8,770,"Al Nahdah, North Jeddah, Jeddah"
540000,Apartment,4,3,131,"Al Marwah, North Jeddah, Jeddah"
680000,Apartment,5,3,161,"Al Marwah, North Jeddah, Jeddah"
680000,Apartment,5,3,161,"Al Marwah, North Jeddah, Jeddah"
540000,Apartment,4,3,131,"Al Marwah, North Jeddah, Jeddah"
540000,Apartment,4,3,131,"Al Marwah, North Jeddah, Jeddah"
1500000,Villa,5,3,575,"Al Suwaidi, West Riyadh, Riyadh"
680000,Apartment,5,3,161,"Al Marwah, North Jeddah, Jeddah"
680000,Apartment,5,3,161,"Al Marwah, North Jeddah, Jeddah"
2900000,Villa,8,7,345,"Al Basateen, North Jeddah, Jeddah"
2450000,Villa,4,6,500,"Al Mahdiyah, West Riyadh, Riyadh"
1800000,Villa,6,5,490,"Al Shulah, Dammam"
1300000,Villa,6,5,383,"Al Shulah, Dammam"
1350000,Villa,6,6,250,"Taybay, Dammam"
780000,Apartment,4,3,450,"Al Mahdiyah, West Riyadh, Riyadh"
800000,Apartment,4,4,450,"Al Mahdiyah, West Riyadh, Riyadh"
2300000,Floor,9,7,327,"Al Bayan Neighborhood, East Riyadh, Riyadh"
570000,Floor,4,4,120,"Badr, South Riyadh, Riyadh"
1540000,Villa,9,6,216,"Al Rimal, East Riyadh, Riyadh"
450000,Apartment,3,2,102,"Al Marwah, North Jeddah, Jeddah"
3000000,Villa,5,4,360,"Al Naim, North Jeddah, Jeddah"
1200000,Floor,6,4,222,"Al Qadisiyah, East Riyadh, Riyadh"
620000,Apartment,3,3,111,"Al Naim, North Jeddah, Jeddah"
920000,Apartment,5,3,173,"Al Naim, North Jeddah, Jeddah"
680000,Apartment,5,3,161,"Al Marwah, North Jeddah, Jeddah"
920000,Apartment,5,4,177,"Al Zahraa, North Jeddah, Jeddah"
1950000,Villa,10,6,242,"Al Bawadi, North Jeddah, Jeddah"
1650000,Villa,5,4,200,"Al Sheraa, North Jeddah, Jeddah"
920000,Apartment,3,4,175,"Al Rawdah, North Jeddah, Jeddah"
800000,Apartment,3,3,175,"Al Rawdah, North Jeddah, Jeddah"
1600000,Villa,6,5,387,"Al Rimal, East Riyadh, Riyadh"
1400000,Villa,4,4,275,"Al Yaqout, North Jeddah, Jeddah"
4200000,Villa,7,6,891,"Al Salehiyah, North Jeddah, Jeddah"
2500000,Villa,7,5,300,"Al Yarmuk, East Riyadh, Riyadh"
1300000,Villa,6,5,400,"Al Uraija Al Wusta, West Riyadh, Riyadh"
670000,Apartment,5,3,162,"Al Nuzhah, North Jeddah, Jeddah"
650000,Apartment,3,4,200,"Al Safa, North Jeddah, Jeddah"
2550000,Villa,9,5,240,"Al Safa, East Riyadh, Riyadh"
1250000,Apartment,5,4,195,"Al Rawdah, North Jeddah, Jeddah"
1600000,Villa,5,6,231,"Al Sheraa, North Jeddah, Jeddah"
1050000,Apartment,3,3,117,"Al Fayhaa, North Jeddah, Jeddah"
690000,Apartment,4,4,188,"Al Safa, North Jeddah, Jeddah"
6950000,Villa,11,7,700,"Al Rawdah, East Riyadh, Riyadh"
440000,Apartment,2,3,135,"Al Rayaan, North Jeddah, Jeddah"
520000,Apartment,4,3,121,"Al Rehab, North Jeddah, Jeddah"
720000,Apartment,4,3,147,"Al Ajwad, North Jeddah, Jeddah"
5500000,Villa,7,7,402,"Al Muhammadiyah, North Jeddah, Jeddah"
1130000,Apartment,6,5,245,"Al Faisaliyah, Central Jeddah, Jeddah"
860000,Apartment,6,4,203,"Al Faisaliyah, Central Jeddah, Jeddah"
695000,Apartment,5,3,159,"Al Rayaan, North Jeddah, Jeddah"
5200000,Villa,10,9,400,"Al Nafal, North Riyadh, Riyadh"
2400000,Villa,5,4,420,"Al Bayan Neighborhood, East Riyadh, Riyadh"
1700000,Apartment,4,4,231,"Hittin, North Riyadh, Riyadh"
2000000,Villa,5,6,270,"Al Munsiyah, East Riyadh, Riyadh"
2000000,Villa,4,7,275,"Al Qadisiyah, East Riyadh, Riyadh"
4200000,Villa,7,5,320,"Al Narjis, North Riyadh, Riyadh"
1250000,Apartment,2,3,134,"Al Munsiyah, East Riyadh, Riyadh"
1300000,Villa,10,7,405,"Taybay, Dammam"
660000,Apartment,5,3,198,"Ash Shamiya Al Jadid, Makkah"
250000,Apartment,2,2,706,"Al Mraikh, North Jeddah, Jeddah"
650000,Apartment,4,3,111,"Al Salamah, North Jeddah, Jeddah"
395000,Apartment,3,3,750,"Al Safa, North Jeddah, Jeddah"
790000,Apartment,6,5,252,"Al Manar, North Jeddah, Jeddah"
660000,Apartment,4,3,139,"Al Rimal, East Riyadh, Riyadh"
3700000,Villa,10,11,560,"Al Rimal, East Riyadh, Riyadh"
1950000,Villa,6,6,300,"Taiba District, North Jeddah, Jeddah"
989000,Apartment,3,3,131,"Al Munsiyah, East Riyadh, Riyadh"
1050000,Apartment,2,3,93,"Al Munsiyah, East Riyadh, Riyadh"
1150000,Floor,4,4,315,"Al Janadriyah, East Riyadh, Riyadh"
6000000,Apartment,3,4,276,"Al Shati, North Jeddah, Jeddah"
750000,Apartment,3,3,130,"Al Maizilah, East Riyadh, Riyadh"
1100000,Floor,6,5,249,"Al Qadisiyah, East Riyadh, Riyadh"
750000,Villa,4,4,153,"Al Salamah, North Jeddah, Jeddah"
1560000,Apartment,6,4,230,"Al Salamah, North Jeddah, Jeddah"
938000,Apartment,3,3,135,"Al Munsiyah, East Riyadh, Riyadh"
971000,Apartment,4,3,134,"Al Munsiyah, East Riyadh, Riyadh"
2350000,Villa,5,8,250,"Al Yarmuk, East Riyadh, Riyadh"
900000,Apartment,4,3,142,"Al Mahdiyah, West Riyadh, Riyadh"
580000,Apartment,5,3,198,"Ar Rehab 3, Jazan"
550000,Apartment,5,3,204,"Al Muhammadiyah 2, Jazan"
440000,Apartment,4,4,182,"Ar Rehab 3, Jazan"
14000000,Villa,9,8,490,"Hittin, North Riyadh, Riyadh"
599000,Apartment,5,3,184,"Al Nuzhah, North Jeddah, Jeddah"
830000,Floor,4,3,189,"Al Janadriyah, East Riyadh, Riyadh"
590000,Apartment,3,3,121,"Al Manar, North Jeddah, Jeddah"
600000,Apartment,5,3,176,"Al Rayaan, North Jeddah, Jeddah"
780000,Villa,5,6,361,"Rahba District, Taif"
1900000,Floor,3,5,550,"Qurtubah, East Riyadh, Riyadh"
1150000,Floor,4,5,267,"Al Janadriyah, East Riyadh, Riyadh"
1150000,Floor,4,5,267,"Al Janadriyah, East Riyadh, Riyadh"
2000000,Villa,4,4,256,"Dhahrat Laban, West Riyadh, Riyadh"
1000000,Floor,3,3,141,"Al Munsiyah, East Riyadh, Riyadh"
1000000,Floor,3,3,141,"Al Munsiyah, East Riyadh, Riyadh"
1050000,Villa,7,5,200,"Al Frosyah, South Jeddah, Jeddah"
2200000,Villa,5,4,540,"Al Rimal, East Riyadh, Riyadh"
1332000,Floor,3,3,900,"Al Narjis, North Riyadh, Riyadh"
600000,Floor,3,4,500,"Shubra, West Riyadh, Riyadh"
1400000,Villa,9,5,275,"Al Rahmanyah, North Jeddah, Jeddah"
1000000,Floor,4,3,271,"Al Janadriyah, East Riyadh, Riyadh"
1150000,Villa,9,6,435,"Harat Al Bab Al Jadid, Makkah"
365000,Apartment,3,3,704,"Al Sawari, North Jeddah, Jeddah"
780000,Apartment,3,3,130,"Al Rawdah, North Jeddah, Jeddah"
1370000,Floor,4,4,300,"Al Janadriyah, East Riyadh, Riyadh"
1100000,Floor,3,4,166,"Al Bayan Neighborhood, East Riyadh, Riyadh"
950000,Apartment,4,3,160,"Al Rimal, East Riyadh, Riyadh"
3550000,Villa,6,5,200,"Al Narjis, North Riyadh, Riyadh"
3000000,Villa,5,5,338,"Al Rimal, East Riyadh, Riyadh"
2500000,Villa,4,5,370,"Al Munsiyah, East Riyadh, Riyadh"
520000,Apartment,4,4,127,"Dirab, West Riyadh, Riyadh"
5300000,Villa,4,3,375,"Al Malqa, North Riyadh, Riyadh"
11625000,Villa,4,2,750,"Al Rabi, North Riyadh, Riyadh"
4200000,Villa,6,6,371,"Al Munsiyah, East Riyadh, Riyadh"
1000000,Floor,3,4,177,"Al Rimal, East Riyadh, Riyadh"
1250000,Villa,4,5,274,"Al Janadriyah, East Riyadh, Riyadh"
2250000,Villa,10,8,312,"Al Zumorrud, North Jeddah, Jeddah"
1250000,Villa,7,7,220,"Al Yaqout, North Jeddah, Jeddah"
5000000,Building,10,10,350,"Al Malaz, Central Riyadh, Riyadh"
900000,Apartment,5,4,179,"Al Rabwa, North Jeddah, Jeddah"
3000000,Villa,5,5,343,"Al Rimal, East Riyadh, Riyadh"
1100000,Floor,4,4,307,"Al Janadriyah, East Riyadh, Riyadh"
900000,Floor,4,5,271,"Al Janadriyah, East Riyadh, Riyadh"
820000,Floor,5,4,160,"Al Janadriyah, East Riyadh, Riyadh"
1400000,Floor,5,5,190,"Al Munsiyah, East Riyadh, Riyadh"
1000000,Apartment,3,3,157,"Al Khaleej, East Riyadh, Riyadh"
850000,Apartment,3,4,134,"Al Rimal, East Riyadh, Riyadh"
1100000,Floor,4,4,167,"Al Rimal, East Riyadh, Riyadh"
1600000,Floor,5,5,292,"Al Rimal, East Riyadh, Riyadh"
1250000,Floor,4,4,210,"Al Rimal, East Riyadh, Riyadh"
1000000,Floor,4,4,165,"Al Janadriyah, East Riyadh, Riyadh"
990000,Floor,4,3,177,"Al Rimal, East Riyadh, Riyadh"
950000,Floor,4,3,185,"Al Nahdah, East Riyadh, Riyadh"
1000000,Apartment,3,3,108,"King Faisal, East Riyadh, Riyadh"
2000000,Villa,5,6,275,"Al Qadisiyah, East Riyadh, Riyadh"
950000,Floor,4,4,156,"Al Rimal, East Riyadh, Riyadh"
2750000,Villa,9,9,450,"Dhahrat Laban, West Riyadh, Riyadh"
780000,Apartment,4,2,133,"Al Rawdah, North Jeddah, Jeddah"
780000,Apartment,4,3,124,"Al Rawdah, North Jeddah, Jeddah"
790000,Apartment,4,3,127,"Al Rawdah, North Jeddah, Jeddah"
750000,Apartment,4,3,120,"Al Rawdah, North Jeddah, Jeddah"
950000,Apartment,4,4,195,"Al Rimal, East Riyadh, Riyadh"
590000,Apartment,3,3,893,"Dhahrat Laban, West Riyadh, Riyadh"
700000,Apartment,5,4,201,"Al Mohamdya, Makkah"
2000000,Apartment,10,7,444,"Al Salamah, North Jeddah, Jeddah"
980000,Apartment,7,6,307,"Al Aziziyah, North Jeddah, Jeddah"
950000,Apartment,4,5,201,"Al Aziziyah, North Jeddah, Jeddah"
600000,Apartment,5,4,152,"Al Mraikh, North Jeddah, Jeddah"
640000,Apartment,3,3,149,"Tuwaiq, West Riyadh, Riyadh"
1050000,Apartment,6,5,219,"Tuwaiq, West Riyadh, Riyadh"
900000,Floor,5,4,191,"Al Maizilah, East Riyadh, Riyadh"
1300000,Apartment,6,5,227,"Al Maizilah, East Riyadh, Riyadh"
1250000,Floor,5,5,207,"Al Maizilah, East Riyadh, Riyadh"
1500000,Apartment,7,6,227,"Al Maizilah, East Riyadh, Riyadh"
4500000,Villa,5,4,504,"Al Arid, North Riyadh, Riyadh"
540000,Apartment,3,3,143,"Al Rabwa, North Jeddah, Jeddah"
650000,Apartment,4,3,123,"Al Salamah, North Jeddah, Jeddah"
1200000,Apartment,5,4,167,"Al Rawdah, North Jeddah, Jeddah"
1250000,Apartment,3,3,180,"Al Nada, North Riyadh, Riyadh"
320000,Apartment,3,3,659,"Al Mraikh, North Jeddah, Jeddah"
1200000,Villa,6,5,335,"Al Buhayrat, Makkah"
365000,Apartment,3,3,625,"Al Faisaliyah, Central Jeddah, Jeddah"
5300000,Villa,8,5,375,"Irqah, West Riyadh, Riyadh"
1300000,Villa,6,6,409,"Al Rahmanyah, North Jeddah, Jeddah"
1090000,Apartment,5,5,237,"Al Faisaliyah, Central Jeddah, Jeddah"
1350000,Floor,5,4,227,"Al Faisaliyah, Central Jeddah, Jeddah"
760000,Apartment,5,4,210,"Batha Quraysh, Makkah"
650000,Apartment,5,4,192,"Ash Shamiya Al Jadid, Makkah"
690000,Apartment,3,3,177,"Al Hamra, Al Khobar"
345000,Apartment,4,3,1200,"Al Rayaan, North Jeddah, Jeddah"
450000,Apartment,4,3,113,"Al Rayaan, North Jeddah, Jeddah"
750000,Apartment,3,3,113,"Al Rawdah, North Jeddah, Jeddah"
790000,Apartment,5,5,179,"Al Fayhaa, North Jeddah, Jeddah"
6500000,Villa,7,8,375,"Al Basateen, North Jeddah, Jeddah"
660000,Apartment,5,4,192,"Al Waha, North Jeddah, Jeddah"
1025000,Apartment,3,3,123,"Al Rawdah, North Jeddah, Jeddah"
590000,Apartment,3,3,106,"Al Zahraa, North Jeddah, Jeddah"
490000,Apartment,4,3,133,"Umm Hablain Al Gharbia, Jeddah"
550000,Apartment,4,3,124,"Al Marwah, North Jeddah, Jeddah"
950000,Apartment,6,4,243,"Al Marwah, North Jeddah, Jeddah"
770000,Apartment,5,4,178,"Al Salamah, North Jeddah, Jeddah"
580000,Apartment,3,2,115,"Al Waha, North Jeddah, Jeddah"
880000,Apartment,6,4,215,"Al Waha, North Jeddah, Jeddah"
499000,Apartment,4,3,126,"Al Waha, North Jeddah, Jeddah"
720000,Apartment,4,3,127,"Al Zahraa, North Jeddah, Jeddah"
750000,Apartment,6,3,204,"Al Safa, North Jeddah, Jeddah"
1300000,Apartment,4,5,200,"Al Zahraa, North Jeddah, Jeddah"
530000,Apartment,3,4,189,"An Nuzhah 1, Ahad Rafidah"
1100000,Floor,3,1,187,"Al Rimal, East Riyadh, Riyadh"
670000,Apartment,5,4,179,"Mishrifah, North Jeddah, Jeddah"
850000,Floor,3,3,900,"Alawali, West Riyadh, Riyadh"
660000,Floor,3,3,202,"Taybah, South Riyadh, Riyadh"
1660000,Villa,6,6,385,"Ayn Al Khif, Madina"
735000,Apartment,6,2,200,"Al Shawqiyyah, Makkah"
680000,Apartment,4,3,155,"Ayn Al Khif, Madina"
750000,Apartment,5,4,196,"Ayn Al Khif, Madina"
670000,Apartment,3,3,139,"Al Rimal, East Riyadh, Riyadh"
2900000,Villa,7,7,719,"Al Khaleej, East Riyadh, Riyadh"
880000,Apartment,4,3,152,"Al Rawdah, North Jeddah, Jeddah"
1225000,Floor,3,3,145,"Al Arid, North Riyadh, Riyadh"
520000,Apartment,5,3,174,"Al Suways 1, Jazan"
590000,Apartment,3,3,893,"Dhahrat Laban, West Riyadh, Riyadh"
1050000,Floor,3,2,172,"Al Rimal, East Riyadh, Riyadh"
3400000,Villa,10,7,434,"Al Arid, North Riyadh, Riyadh"
540000,Apartment,3,3,141,"Al Hamra, Al Khobar"
540000,Apartment,3,3,159,"Al Hamra, Al Khobar"
629000,Apartment,3,3,146,"Mudhainib, Madina"
448000,Apartment,4,3,575,"Al Nuzhah, North Jeddah, Jeddah"
850000,Apartment,3,3,131,"Al Rimal, East Riyadh, Riyadh"
450000,Apartment,3,2,102,"Al Marwah, North Jeddah, Jeddah"
660000,Apartment,7,4,181,"Mishrifah, North Jeddah, Jeddah"
1500000,Villa,6,7,326,"Al Rahmanyah, North Jeddah, Jeddah"
1500000,Villa,6,6,290,"Al Salehiyah, North Jeddah, Jeddah"
1000000,Apartment,6,4,206,"Al Zahraa, North Jeddah, Jeddah"
770000,Floor,4,4,172,"Al Rahmanyah, North Jeddah, Jeddah"
950000,Villa,6,6,287,"Al Rahmanyah, North Jeddah, Jeddah"
880000,Floor,4,4,249,"Al Rahmanyah, North Jeddah, Jeddah"
1150000,Villa,6,6,315,"Al Rahmanyah, North Jeddah, Jeddah"
580000,Apartment,3,3,165,"Governmental1, Jeddah"
1150000,Villa,6,6,322,"Al Hamdaniyah, North Jeddah, Jeddah"
1100000,Villa,6,6,300,"Al Falah, North Jeddah, Jeddah"
1750000,Villa,7,7,312,"Al Zumorrud, North Jeddah, Jeddah"
1800000,Villa,6,6,300,"Al Yaqout, North Jeddah, Jeddah"
550000,Apartment,6,5,226,"Al Dhurfah, Khamis Mushait"
1550000,Villa,6,6,273,"Al Yaqout, North Jeddah, Jeddah"
7500000,Villa,10,7,600,"Al Olaya, North Riyadh, Riyadh"
800000,Apartment,2,4,186,"Tuwaiq, West Riyadh, Riyadh"
1000000,Villa,5,6,218,"Al Shifa, South Riyadh, Riyadh"
840000,Apartment,5,3,194,"Al Marwah, North Jeddah, Jeddah"
1380000,Apartment,5,4,172,"Al Nahdah, North Jeddah, Jeddah"
850000,Apartment,6,4,202,"Al Marwah, North Jeddah, Jeddah"
732,Apartment,5,4,225,"Governmental1, Jeddah"
740000,Apartment,4,3,130,"Al Salamah, North Jeddah, Jeddah"
650000,Apartment,4,3,137,"Al Rabwa, North Jeddah, Jeddah"
550000,Apartment,4,4,224,"Umm Hablain Al Gharbia, Jeddah"
599000,Apartment,3,3,488,"Mudhainib, Madina"
599000,Apartment,3,3,131,"Al Hamra, Al Khobar"
499000,Apartment,3,3,165,"Al Hamra, Al Khobar"
2600000,Floor,5,6,152,"Al Narjis, North Riyadh, Riyadh"
4600000,Villa,5,7,372,"Al Aqiq, North Riyadh, Riyadh"
595000,Apartment,5,3,144,"Al Manar, North Jeddah, Jeddah"
1200000,Villa,5,2,376,"Ash Shamiya Al Jadid, Makkah"
2000000,Villa,4,6,250,"King Khalid International Airport, North Riyadh, Riyadh"
4400000,Building,3,3,630,"Al Aziziyah, North Jeddah, Jeddah"
845000,Floor,3,3,123,"Al Nahdah, North Jeddah, Jeddah"
600000,Apartment,3,2,118,"Al Janadriyah, East Riyadh, Riyadh"
950000,Floor,6,4,221,"Al Janadriyah, East Riyadh, Riyadh"
950000,Apartment,5,3,219,"Al Janadriyah, East Riyadh, Riyadh"
900000,Apartment,5,3,203,"Al Janadriyah, East Riyadh, Riyadh"
1120000,Floor,5,3,242,"Al Bayan Neighborhood, East Riyadh, Riyadh"
880000,Floor,5,3,215,"Al Bayan Neighborhood, East Riyadh, Riyadh"
1550000,Villa,6,4,261,"Laban, West Riyadh, Riyadh"
530000,Apartment,3,3,101,"Al Janadriyah, East Riyadh, Riyadh"
1200000,Villa,6,4,324,"Badr, South Riyadh, Riyadh"
730000,Apartment,5,3,100,"Al Naim, North Jeddah, Jeddah"
750000,Apartment,4,3,114,"Al Rawdah, North Jeddah, Jeddah"
650000,Apartment,4,3,111,"Al Salamah, North Jeddah, Jeddah"
1750000,Villa,5,6,225,"Al Rimal, East Riyadh, Riyadh"
1250000,Villa,6,6,409,"Al Rahmanyah, North Jeddah, Jeddah"
1500000,Apartment,3,1,164,"Al Malqa, North Riyadh, Riyadh"
550000,Apartment,4,2,147,"Badr, South Riyadh, Riyadh"
700000,Apartment,5,3,157,"Al Waha, North Jeddah, Jeddah"
2700000,Floor,3,3,195,"Al Narjis, North Riyadh, Riyadh"
1000000,Villa,3,3,310,"Al Wafa Scheme, North Jeddah, Jeddah"
1250000,Villa,6,7,269,"Al Salehiyah, North Jeddah, Jeddah"
720000,Apartment,4,3,223,"Governmental1, Jeddah"
500000,Apartment,3,3,98,"Al Zahraa, North Jeddah, Jeddah"
320000,Apartment,3,3,659,"Al Mraikh, North Jeddah, Jeddah"
540000,Apartment,4,3,131,"Al Marwah, North Jeddah, Jeddah"
1350000,Floor,3,3,196,"Al Munsiyah, East Riyadh, Riyadh"
3650000,Villa,5,5,324,"Al Munsiyah, East Riyadh, Riyadh"
2200000,Floor,4,5,220,"Qurtubah, East Riyadh, Riyadh"
1650000,Floor,4,2,183,"Al Munsiyah, East Riyadh, Riyadh"
1500000,Floor,4,3,131,"Al Munsiyah, East Riyadh, Riyadh"
1850000,Floor,3,4,200,"Qurtubah, East Riyadh, Riyadh"
1300000,Floor,4,5,255,"Al Qadisiyah, East Riyadh, Riyadh"
1050000,Apartment,2,3,93,"Al Munsiyah, East Riyadh, Riyadh"
1150000,Floor,2,3,144,"Al Munsiyah, East Riyadh, Riyadh"
1350000,Floor,3,4,196,"Al Munsiyah, East Riyadh, Riyadh"
770000,Villa,6,5,264,"Ar Rehab, Taif"
950000,Villa,6,5,284,"Al Qashashia Al Jadid, Makkah"
1500000,Floor,4,4,131,"Al Munsiyah, East Riyadh, Riyadh"
1300000,Apartment,4,3,580,"Qurtubah, East Riyadh, Riyadh"
900000,Floor,3,4,197,"Al Qadisiyah, East Riyadh, Riyadh"
1150000,Floor,3,4,230,"Al Khaleej, East Riyadh, Riyadh"
1650000,Floor,5,5,203,"Al Munsiyah, East Riyadh, Riyadh"
2300000,Villa,5,6,276,"Al Maizilah, East Riyadh, Riyadh"
650000,Apartment,4,3,111,"Al Salamah, North Jeddah, Jeddah"
1380000,Floor,6,4,274,"Al Qadisiyah, East Riyadh, Riyadh"
1100000,Floor,6,4,249,"Al Qadisiyah, East Riyadh, Riyadh"
900000,Floor,5,4,164,"Al Qadisiyah, East Riyadh, Riyadh"
1400000,Floor,4,5,251,"Al Khaleej, East Riyadh, Riyadh"
1150000,Floor,4,4,230,"Al Khaleej, East Riyadh, Riyadh"
1200000,Floor,4,4,492,"Al Rimal, East Riyadh, Riyadh"
1300000,Floor,4,5,307,"Al Janadriyah, East Riyadh, Riyadh"
1000000,Floor,4,5,271,"Al Janadriyah, East Riyadh, Riyadh"
570000,Apartment,6,3,197,"Ar Rehab 3, Jazan"
850000,Villa,5,6,345,"Ar Rehab, Taif"
700000,Floor,3,3,170,"Al Janadriyah, East Riyadh, Riyadh"
900000,Floor,3,3,210,"Al Janadriyah, East Riyadh, Riyadh"
3700000,Villa,10,10,350,"Al Munsiyah, East Riyadh, Riyadh"
800000,Floor,3,3,159,"Al Rimal, East Riyadh, Riyadh"
550000,Apartment,2,3,58,"Al Saadah, East Riyadh, Riyadh"
4350000,Villa,5,6,371,"Al Munsiyah, East Riyadh, Riyadh"
3650000,Villa,5,7,324,"Al Munsiyah, East Riyadh, Riyadh"
1350000,Floor,3,3,138,"Al Munsiyah, East Riyadh, Riyadh"
3500000,Villa,6,7,357,"Qurtubah, East Riyadh, Riyadh"
499000,Apartment,3,3,879,"Al Rawdah, North Jeddah, Jeddah"
868000,Apartment,2,3,132,"Al Munsiyah, East Riyadh, Riyadh"
1300000,Villa,4,7,313,"Al Sawari, Al Khobar"
1250000,Villa,5,8,314,"Al Sheraa, Al Khobar"
2900000,Villa,4,9,395,"Al Sheraa, Al Khobar"
1300000,Villa,4,7,312,"Al Sawari, Al Khobar"
3000000,Villa,7,9,436,"Al Sheraa, Al Khobar"
1350000,Floor,3,4,185,"Al Munsiyah, East Riyadh, Riyadh"
1400000,Villa,6,8,513,"Al Sheraa, Al Khobar"
1350000,Floor,4,4,600,"Al Khaleej, East Riyadh, Riyadh"
700000,Apartment,6,4,203,"Asharai, Makkah"
3500000,Villa,4,4,525,"Ishbiliyah, East Riyadh, Riyadh"
1600000,Floor,4,5,206,"Al Munsiyah, East Riyadh, Riyadh"
1650000,Floor,4,4,183,"Al Munsiyah, East Riyadh, Riyadh"
1650000,Floor,4,4,183,"Al Munsiyah, East Riyadh, Riyadh"
540000,Apartment,4,3,131,"Al Marwah, North Jeddah, Jeddah"
1300000,Floor,5,4,287,"Al Maizilah, East Riyadh, Riyadh"
1000000,Apartment,3,3,106,"Al Khaleej, East Riyadh, Riyadh"
1475000,Floor,4,4,251,"Al Khaleej, East Riyadh, Riyadh"
2900000,Villa,5,6,409,"Al Yarmuk, East Riyadh, Riyadh"
1450000,Apartment,4,4,206,"Al Rimal, East Riyadh, Riyadh"
1200000,Floor,3,4,360,"Al Qadisiyah, East Riyadh, Riyadh"
1450000,Villa,6,4,208,"Al Janadriyah, East Riyadh, Riyadh"
1050000,Apartment,3,4,172,"Al Qadisiyah, East Riyadh, Riyadh"
2400000,Villa,6,5,276,"Al Maizilah, East Riyadh, Riyadh"
1100000,Floor,3,4,201,"Al Maizilah, East Riyadh, Riyadh"
1450000,Floor,3,4,156,"Qurtubah, East Riyadh, Riyadh"
1400000,Floor,3,5,287,"Al Maizilah, East Riyadh, Riyadh"
1100000,Floor,3,4,200,"Al Janadriyah, East Riyadh, Riyadh"
1150000,Floor,4,5,315,"Al Janadriyah, East Riyadh, Riyadh"
1900000,Villa,4,5,348,"Al Maizilah, East Riyadh, Riyadh"
950000,Floor,3,4,245,"Al Janadriyah, East Riyadh, Riyadh"
1150000,Floor,3,5,315,"Al Janadriyah, East Riyadh, Riyadh"
750000,Apartment,5,4,191,"Al Difa, Madina"
1050000,Floor,3,4,171,"Al Janadriyah, East Riyadh, Riyadh"
1250000,Floor,4,4,260,"Al Janadriyah, East Riyadh, Riyadh"
950000,Floor,4,4,156,"Al Qadisiyah, East Riyadh, Riyadh"
2200000,Villa,5,5,276,"Al Maizilah, East Riyadh, Riyadh"
580000,Apartment,5,4,163,"As Salamah, Makkah"
1650000,Villa,5,4,249,"Al Janadriyah, East Riyadh, Riyadh"
1050000,Floor,3,4,165,"Al Janadriyah, East Riyadh, Riyadh"
850000,Villa,4,3,259,"Okaz, South Riyadh, Riyadh"
1450000,Villa,7,4,208,"Al Janadriyah, East Riyadh, Riyadh"
1200000,Floor,5,4,200,"Al Janadriyah, East Riyadh, Riyadh"
700000,Apartment,4,3,118,"Al Rimal, East Riyadh, Riyadh"
1000000,Floor,5,4,177,"Al Rimal, East Riyadh, Riyadh"
1150000,Apartment,3,4,134,"Al Munsiyah, East Riyadh, Riyadh"
1200000,Floor,5,4,360,"Al Qadisiyah, East Riyadh, Riyadh"
1900000,Villa,4,5,528,"Al Yarmuk, East Riyadh, Riyadh"
2350000,Villa,5,5,250,"Al Yarmuk, East Riyadh, Riyadh"
450000,Apartment,4,3,168,"Ar Rehab 1, Jazan"
630000,Apartment,5,3,181,"Ar Rehab 3, Jazan"
450000,Apartment,4,3,182,"Al Muhammadiyah 2, Jazan"
1655000,Villa,4,3,200,"Al Mahdiyah, West Riyadh, Riyadh"
1900000,Villa,5,5,276,"Al Maizilah, East Riyadh, Riyadh"
1050000,Villa,5,5,321,"Al Amwaj, Al Khobar"
950000,Villa,5,5,392,"Al Sheraa, Al Khobar"
1300000,Floor,6,4,315,"Al Rimal, East Riyadh, Riyadh"
540000,Apartment,4,3,131,"Al Marwah, North Jeddah, Jeddah"
2150000,Villa,5,7,225,"Al Rimal, East Riyadh, Riyadh"
4200000,Villa,5,5,371,"Al Munsiyah, East Riyadh, Riyadh"
540000,Apartment,3,3,147,"Tuwaiq, West Riyadh, Riyadh"
1332000,Floor,4,4,900,"Al Narjis, North Riyadh, Riyadh"
600000,Floor,4,4,500,"Shubra, West Riyadh, Riyadh"
920000,Apartment,5,3,166,"Al Qadisiyah, East Riyadh, Riyadh"
800000,Floor,2,4,360,"Al Qadisiyah, East Riyadh, Riyadh"
2000000,Villa,5,5,276,"Al Maizilah, East Riyadh, Riyadh"
1350000,Apartment,4,4,437,"Al Munsiyah, East Riyadh, Riyadh"
1600000,Floor,5,4,621,"Al Munsiyah, East Riyadh, Riyadh"
3400000,Villa,5,5,250,"Al Narjis, North Riyadh, Riyadh"
7000000,Villa,6,5,504,"Al Arid, North Riyadh, Riyadh"
3100000,Villa,5,4,250,"Al Arid, North Riyadh, Riyadh"
5600000,Villa,7,5,458,"Al Arid, North Riyadh, Riyadh"
3750000,Villa,6,4,360,"Al Arid, North Riyadh, Riyadh"
4600000,Villa,5,4,312,"Al Narjis, North Riyadh, Riyadh"
1200000,Apartment,3,3,167,"Al Munsiyah, East Riyadh, Riyadh"
780000,Villa,4,5,201,"Badr, South Riyadh, Riyadh"
1300000,Floor,3,4,300,"Al Janadriyah, East Riyadh, Riyadh"
990000,Floor,3,6,248,"Al Janadriyah, East Riyadh, Riyadh"
575000,Apartment,4,3,121,"Al Bawadi, North Jeddah, Jeddah"
1550000,Apartment,6,5,235,"Al Zahraa, North Jeddah, Jeddah"
675000,Apartment,4,4,127,"Al Salamah, North Jeddah, Jeddah"
950000,Apartment,3,4,171,"Al Rimal, East Riyadh, Riyadh"
560000,Apartment,5,4,192,"Al Rayaan, North Jeddah, Jeddah"
550000,Apartment,5,4,161,"Al Rayaan, North Jeddah, Jeddah"
610000,Apartment,6,4,220,"Al Rayaan, North Jeddah, Jeddah"
1100000,Villa,5,3,221,"Al Janadriyah, East Riyadh, Riyadh"
1100000,Villa,5,4,218,"Al Shifa, South Riyadh, Riyadh"
577000,Apartment,4,3,99,"Al Rawdah, North Jeddah, Jeddah"
900000,Apartment,6,3,158,"Al Naim, North Jeddah, Jeddah"
750000,Apartment,4,3,114,"Al Rawdah, North Jeddah, Jeddah"
650000,Apartment,4,3,111,"Al Salamah, North Jeddah, Jeddah"
1980000,Floor,4,6,360,"Al Arid, North Riyadh, Riyadh"
1450000,Villa,5,3,312,"Asharai, Makkah"
650000,Apartment,6,3,214,"Taybay, Dammam"
1000000,Apartment,5,4,169,"Al Rawdah, North Jeddah, Jeddah"
700000,Floor,4,4,169,"Al Rimal, East Riyadh, Riyadh"
620000,Apartment,5,3,189,"Al Rayaan, North Jeddah, Jeddah"
4000000,Villa,8,8,600,"Al Fayha, East Riyadh, Riyadh"
480000,Apartment,4,3,144,"Batha Quraysh, Makkah"
500000,Apartment,3,3,108,"Al Waha, North Jeddah, Jeddah"
680000,Apartment,3,3,222,"Al Buhayrat, Makkah"
1050000,Villa,6,7,210,"Al Rahmanyah, North Jeddah, Jeddah"
500000,Apartment,3,3,121,"Al Manar, North Jeddah, Jeddah"
480000,Apartment,3,3,141,"Asharai, Makkah"
600000,Floor,3,3,350,"Badr, South Riyadh, Riyadh"
550000,Apartment,4,3,135,"Al Marwah, North Jeddah, Jeddah"
950000,Apartment,5,4,193,"Al Salamah, North Jeddah, Jeddah"
1000000,Apartment,5,5,177,"Al Salamah, North Jeddah, Jeddah"
1600000,Villa,4,6,312,"Al Zumorrud, North Jeddah, Jeddah"
1600000,Apartment,3,3,144,"Al Rabi, North Riyadh, Riyadh"
850000,Apartment,5,6,224,"Al Marwah, North Jeddah, Jeddah"
735000,Apartment,3,4,130,"Al Saif, Dammam"
780000,Floor,3,4,173,"Al Janadriyah, East Riyadh, Riyadh"
520000,Floor,3,3,203,"Badr, South Riyadh, Riyadh"
4000000,Villa,6,6,510,"Al Munsiyah, East Riyadh, Riyadh"
1200000,Apartment,6,4,190,"Al Nahdah, North Jeddah, Jeddah"
1700000,Villa,5,5,625,"Al Hazm, West Riyadh, Riyadh"
3200000,Villa,5,2,300,"Al Rimal, East Riyadh, Riyadh"
900000,Villa,5,4,218,"Al Dar Al Baida, South Riyadh, Riyadh"
720000,Apartment,3,3,183,"Tuwaiq, West Riyadh, Riyadh"
900000,Apartment,3,2,162,"Al Yarmuk, East Riyadh, Riyadh"
695000,Floor,3,4,171,"Okaz, South Riyadh, Riyadh"
780000,Apartment,4,3,124,"Al Rawdah, North Jeddah, Jeddah"
800000,Apartment,4,3,146,"Al Rawdah, North Jeddah, Jeddah"
1400000,Villa,6,5,250,"Dirab, West Riyadh, Riyadh"
1450000,Villa,6,4,300,"Al Rahmanyah, North Jeddah, Jeddah"
1400000,Villa,3,3,205,"Al Khaleej, East Riyadh, Riyadh"
950000,Floor,6,4,212,"Tuwaiq, West Riyadh, Riyadh"
720000,Apartment,5,4,163,"Al Rayaan, North Jeddah, Jeddah"
296000,Apartment,3,3,887,"Al Rayaan, North Jeddah, Jeddah"
2300000,Villa,4,3,200,"Al Arid, North Riyadh, Riyadh"
780000,Apartment,6,5,249,"Al Rayaan, North Jeddah, Jeddah"
580000,Apartment,5,3,163,"As Salamah, Makkah"
1030000,Villa,6,5,225,"Al Wafa Scheme, North Jeddah, Jeddah"
2800000,Villa,8,7,345,"Al Yarmuk, East Riyadh, Riyadh"
1100000,Apartment,5,4,220,"Al Salamah, North Jeddah, Jeddah"
650000,Apartment,5,4,181,"Al Nuzhah, North Jeddah, Jeddah"
540000,Apartment,3,2,131,"Al Marwah, North Jeddah, Jeddah"
595000,Apartment,2,2,750,"Al Zahraa, North Jeddah, Jeddah"
1180000,Apartment,6,4,675,"Al Zahraa, North Jeddah, Jeddah"
650000,Apartment,3,3,121,"Al Zahraa, North Jeddah, Jeddah"
1350000,Apartment,5,4,194,"Al Zahraa, North Jeddah, Jeddah"
760000,Apartment,4,3,728,"Al Zahraa, North Jeddah, Jeddah"
600000,Apartment,3,3,728,"Al Zahraa, North Jeddah, Jeddah"
4500000,Rest House,3,1,543,"Al Narjis, North Riyadh, Riyadh"
850000,Apartment,4,3,150,"Al Nahdah, North Jeddah, Jeddah"
1100000,Apartment,5,4,196,"Al Rawdah, North Jeddah, Jeddah"
4000000,Villa,7,7,520,"Ishbiliyah, East Riyadh, Riyadh"
740000,Apartment,3,3,128,"Al Zahraa, North Jeddah, Jeddah"
1900000,Villa,8,7,300,"Al Yaqout, North Jeddah, Jeddah"
10000000,Villa,8,11,600,"Al Qirawan, North Riyadh, Riyadh"
1110000,Floor,5,4,196,"Al Rimal, East Riyadh, Riyadh"
590000,Apartment,4,3,132,"Al Faisaliyah, Central Jeddah, Jeddah"
650000,Apartment,5,3,164,"Al Rehab, North Jeddah, Jeddah"
4000000,Villa,6,2,390,"Al Arid, North Riyadh, Riyadh"
700000,Apartment,5,4,215,"Al Difa, Madina"
1100000,Floor,3,4,208,"Al Rimal, East Riyadh, Riyadh"
320000,Apartment,3,3,659,"Al Mraikh, North Jeddah, Jeddah"
595000,Apartment,5,3,148,"Shuran, Madina"
595000,Apartment,5,3,148,"Shuran, Madina"
1300000,Villa,7,5,318,"Al Sawari, Al Khobar"
690000,Apartment,3,3,142,"Ishbiliyah, East Riyadh, Riyadh"
790000,Apartment,4,4,175,"Al Salamah, North Jeddah, Jeddah"
830000,Apartment,4,2,140,"Al Salamah, North Jeddah, Jeddah"
2300000,Villa,5,5,325,"Al Basateen, North Jeddah, Jeddah"
1150000,Villa,9,6,435,"Harat Al Bab Al Jadid, Makkah"
296000,Apartment,3,3,887,"Al Rayaan, North Jeddah, Jeddah"
675000,Apartment,8,5,331,"An Nuzhah 1, Ahad Rafidah"
525000,Apartment,6,4,209,"An Nuzhah 1, Ahad Rafidah"
3300000,Villa,6,7,300,"Al Mahdiyah, West Riyadh, Riyadh"
1600000,Apartment,6,4,205,"Al Nahdah, North Jeddah, Jeddah"
1650000,Apartment,1,2,108,"Al Shati, North Jeddah, Jeddah"
2700000,Apartment,3,3,162,"Al Shati, North Jeddah, Jeddah"
4400000,Villa,11,7,450,"Al Mahdiyah, West Riyadh, Riyadh"
3250000,Villa,10,10,333,"Al Khaleej, East Riyadh, Riyadh"
1350000,Villa,5,1,250,"Shubra, West Riyadh, Riyadh"
1000000,Apartment,3,3,137,"Al Arid, North Riyadh, Riyadh"
850000,Apartment,5,4,183,"Al Manar, North Jeddah, Jeddah"
1235000,Apartment,3,5,600,"Al Nahdah, North Jeddah, Jeddah"
520000,Apartment,4,3,125,"Al Marwah, North Jeddah, Jeddah"
920000,Villa,3,3,195,"Al Wafa Scheme, North Jeddah, Jeddah"
1290000,Villa,6,6,290,"Al Frosyah, South Jeddah, Jeddah"
820000,Villa,6,5,262,"Al Qashashia Al Jadid, Makkah"
770000,Villa,5,5,288,"Al Qashashia Al Jadid, Makkah"
1150000,Villa,6,4,400,"Asharai, Makkah"
950000,Villa,5,5,310,"Al Wafa Scheme, North Jeddah, Jeddah"
1600000,Villa,10,10,532,"Al Rahmanyah, North Jeddah, Jeddah"
1100000,Villa,6,6,300,"Al Rahmanyah, North Jeddah, Jeddah"
900000,Villa,3,3,310,"Al Wafa Scheme, North Jeddah, Jeddah"
1100000,Villa,9,7,369,"Ar Rehab, Taif"
770000,Villa,8,6,252,"Ar Rehab, Taif"
570000,Apartment,6,4,205,"Ash Shamiya Al Jadid, Makkah"
650000,Apartment,4,3,126,"Batha Quraysh, Makkah"
1150000,Villa,9,7,294,"Al Nwwariyah, Makkah"
1150000,Villa,8,6,386,"Al Nwwariyah, Makkah"
1500000,Apartment,5,4,166,"Al Malqa, North Riyadh, Riyadh"
1790000,Villa,8,7,300,"Al Hamdaniyah, North Jeddah, Jeddah"
1350000,Apartment,6,4,750,"Al Zahraa, North Jeddah, Jeddah"
2200000,Apartment,7,8,600,"Al Nahdah, North Jeddah, Jeddah"
780000,Apartment,4,4,600,"Al Nahdah, North Jeddah, Jeddah"
645000,Apartment,5,4,170,"Al Manar, North Jeddah, Jeddah"
850000,Villa,5,3,147,"Al Murjan, East Riyadh, Riyadh"
1400000,Villa,9,8,341,"Al Hamdaniyah, North Jeddah, Jeddah"
3000000,Villa,5,8,280,"Al Narjis, North Riyadh, Riyadh"
590000,Apartment,3,3,893,"Dhahrat Laban, West Riyadh, Riyadh"
750000,Apartment,4,3,167,"Al Marwah, North Jeddah, Jeddah"
2350000,Villa,4,5,360,"Al Bayan Neighborhood, East Riyadh, Riyadh"
3160000,Villa,5,5,297,"Qurtubah, East Riyadh, Riyadh"
6000000,Villa,10,7,615,"Al Aqiq, North Riyadh, Riyadh"
1650000,Villa,6,6,469,"Al Shulah, Dammam"
4000000,Villa,5,6,396,"Al Sahafah, North Riyadh, Riyadh"
5500000,Villa,5,4,462,"Al Mahdiyah, West Riyadh, Riyadh"
2000000,Apartment,3,3,200,"Hittin, North Riyadh, Riyadh"
1250000,Apartment,4,3,142,"Al Yasmin, North Riyadh, Riyadh"
2500000,Villa,6,2,200,"King Khalid International Airport, North Riyadh, Riyadh"
3000000,Apartment,3,3,118,"Al Olaya, North Riyadh, Riyadh"
450000,Apartment,3,2,102,"Al Marwah, North Jeddah, Jeddah"
1400000,Villa,7,5,200,"Al Uraija Al Wusta, West Riyadh, Riyadh"
500000,Apartment,4,3,123,"Al Rayaan, North Jeddah, Jeddah"
430000,Apartment,3,3,103,"Al Waha, North Jeddah, Jeddah"
4999000,Villa,6,4,600,"Al Zahraa, North Jeddah, Jeddah"
3500000,Building,4,3,525,"Al Safa, North Jeddah, Jeddah"
1800000,Villa,11,5,360,"Al Falah, North Jeddah, Jeddah"
850000,Apartment,5,3,1327,"Al Shawqiyyah, Makkah"
600000,Apartment,6,4,173,"Asharai, Makkah"
850000,Apartment,5,4,205,"As Salamah, Makkah"
4600000,Villa,6,5,300,"Al Narjis, North Riyadh, Riyadh"
600000,Apartment,3,2,86,"Al Rawdah, North Jeddah, Jeddah"
4200000,Villa,5,6,334,"Al Narjis, North Riyadh, Riyadh"
800000,Apartment,4,4,696,"Al Nahdah, North Jeddah, Jeddah"
1300000,Apartment,6,3,696,"Al Nahdah, North Jeddah, Jeddah"
480000,Apartment,2,3,2400,"Al Rawdah, North Jeddah, Jeddah"
3600000,Villa,6,5,261,"Al Arid, North Riyadh, Riyadh"
750000,Apartment,3,3,122,"King Abduallah, North Riyadh, Riyadh"
6000000,Villa,4,5,350,"King Abduallah, North Riyadh, Riyadh"
1100000,Villa,6,5,200,"Tuwaiq, West Riyadh, Riyadh"
850000,Floor,6,6,317,"Al Zahrah, West Riyadh, Riyadh"
768750,Apartment,5,3,248,"Shuran, Madina"
650000,Apartment,5,3,164,"Al Rehab, North Jeddah, Jeddah"
650000,Apartment,5,3,164,"Al Rehab, North Jeddah, Jeddah"
650000,Apartment,5,3,164,"Al Rehab, North Jeddah, Jeddah"
450000,Apartment,3,2,102,"Al Marwah, North Jeddah, Jeddah"
1600000,Villa,8,8,452,"Al Marwah, North Jeddah, Jeddah"
1060000,Villa,7,5,300,"Al Dhurfah, Khamis Mushait"
630000,Apartment,3,3,142,"Dhahrat Laban, West Riyadh, Riyadh"
2600000,Villa,10,8,688,"Al Rayaan, North Jeddah, Jeddah"
26000000,Villa,10,10,1486,"Irqah, West Riyadh, Riyadh"
920000,Apartment,5,5,224,"Al Marwah, North Jeddah, Jeddah"
700000,Apartment,4,2,118,"Al Rimal, East Riyadh, Riyadh"
12500000,Residential Building,4,3,900,"Al Narjis, North Riyadh, Riyadh"
499000,Apartment,3,3,879,"Al Rawdah, North Jeddah, Jeddah"
670000,Apartment,5,4,158,"Al Safa, North Jeddah, Jeddah"
1050000,Floor,7,4,225,"Al Janadriyah, East Riyadh, Riyadh"
1400000,Villa,6,6,300,"Al Rahmanyah, North Jeddah, Jeddah"
630000,Apartment,3,3,130,"Alawali, West Riyadh, Riyadh"
1750000,Villa,6,6,312,"Al Yaqout, North Jeddah, Jeddah"
1100000,Villa,5,5,275,"Al Rahmanyah, North Jeddah, Jeddah"
1750000,Villa,6,6,525,"Al Yaqout, North Jeddah, Jeddah"
570000,Apartment,4,4,205,"Ash Shamiya Al Jadid, Makkah"
780000,Villa,8,6,343,"Rahba District, Taif"
1200000,Villa,6,5,300,"Al Rahmanyah, North Jeddah, Jeddah"
1350000,Villa,6,6,360,"Al Falah, North Jeddah, Jeddah"
4000000,Villa,11,7,364,"Al Yasmin, North Riyadh, Riyadh"
2550000,Villa,5,6,163,"Al Bayan Neighborhood, East Riyadh, Riyadh"
1500000,Villa,6,6,304,"Al Salehiyah, North Jeddah, Jeddah"
1650000,Villa,7,6,312,"Al Falah, North Jeddah, Jeddah"
650000,Apartment,5,3,181,"Al Nuzhah, North Jeddah, Jeddah"
600000,Apartment,6,3,181,"Al Mraikh, North Jeddah, Jeddah"
1600000,Villa,6,5,293,"Al Rimal, East Riyadh, Riyadh"
5000000,Villa,5,5,432,"Al Arid, North Riyadh, Riyadh"
629000,Apartment,3,3,121,"Mudhainib, Madina"
650000,Apartment,3,3,750,"Al Nasim Al Gharbi, East Riyadh, Riyadh"
560000,Apartment,3,3,171,"Al Hamra, Al Khobar"
1350000,Villa,6,7,250,"Al Yaqout, North Jeddah, Jeddah"
450000,Apartment,3,2,102,"Al Marwah, North Jeddah, Jeddah"
1600000,Floor,6,3,168,"Al Munsiyah, East Riyadh, Riyadh"
450000,Apartment,3,2,102,"Al Marwah, North Jeddah, Jeddah"
1600000,Villa,10,9,290,"Al Salehiyah, North Jeddah, Jeddah"
385000,Apartment,3,3,660,"Al Safa, North Jeddah, Jeddah"
465000,Apartment,2,2,1049,"Al Rawdah, North Jeddah, Jeddah"
540000,Apartment,2,2,1049,"Al Rawdah, North Jeddah, Jeddah"
1200000,Villa,7,4,195,"King Khalid International Airport, North Riyadh, Riyadh"
950000,Floor,3,3,183,"Tuwaiq, West Riyadh, Riyadh"
1200000,Villa,5,5,300,"Al Rahmanyah, North Jeddah, Jeddah"
1700000,Villa,4,6,338,"Al Rimal, East Riyadh, Riyadh"
3376600,Apartment,2,2,168,"Al Olaya, North Riyadh, Riyadh"
7000000,Villa,9,7,650,"Al Arid, North Riyadh, Riyadh"
499000,Apartment,4,3,130,"Al Marwah, North Jeddah, Jeddah"
900000,Floor,4,4,146,"Al Rimal, East Riyadh, Riyadh"
750000,Apartment,3,3,122,"Al Rimal, East Riyadh, Riyadh"
3450000,Villa,5,4,270,"Al Narjis, North Riyadh, Riyadh"
1300000,Floor,3,3,155,"Al Arid, North Riyadh, Riyadh"
800000,Floor,5,4,239,"Al Janadriyah, East Riyadh, Riyadh"
1200000,Floor,3,4,209,"Al Qadisiyah, East Riyadh, Riyadh"
1750000,Apartment,3,2,136,"Al Malqa, North Riyadh, Riyadh"
700000,Floor,3,3,175,"Okaz, South Riyadh, Riyadh"
770000,Apartment,4,4,187,"King Fahd Suburb, Dammam"
2200000,Villa,3,2,270,"Al Nadwa District, East Riyadh, Riyadh"
1600000,Villa,9,7,480,"Al Amwaj, Al Khobar"
2100000,Villa,8,5,507,"King Fahd Suburb, Dammam"
3200000,Villa,7,8,390,"Obhur Al Shamaliyah, North Jeddah, Jeddah"
3300000,Villa,9,9,680,"Al Khaleej, East Riyadh, Riyadh"
320000,Apartment,3,3,659,"Al Mraikh, North Jeddah, Jeddah"
870000,Floor,2,3,138,"Al Rimal, East Riyadh, Riyadh"
980000,Villa,6,5,200,"Al Frosyah, South Jeddah, Jeddah"
1550000,Villa,7,5,312,"Al Yaqout, North Jeddah, Jeddah"
1700000,Villa,9,9,283,"Al Sheraa, North Jeddah, Jeddah"
296000,Apartment,3,3,887,"Al Rayaan, North Jeddah, Jeddah"
1350000,Villa,8,6,347,"Al Buhayrat, Makkah"
720000,Villa,7,5,295,"Al Zuhur, Abha"
860000,Villa,7,5,239,"Al Zuhur, Abha"
550000,Apartment,5,4,187,"Al Maealaa, Ahad Rafidah"
1200000,Villa,11,7,580,"Al Maealaa, Ahad Rafidah"
730000,Apartment,7,5,335,"An Nuzhah 1, Ahad Rafidah"
550000,Apartment,5,4,190,"Al Maealaa, Ahad Rafidah"
560000,Apartment,5,4,224,"Al Zuhur, Abha"
1200000,Apartment,4,2,146,"Hittin, North Riyadh, Riyadh"
680000,Villa,5,4,197,"Shadhah, Madina"
433000,Apartment,4,3,778,"Al Rabwa, North Jeddah, Jeddah"
635000,Apartment,4,3,141,"Al Rehab, North Jeddah, Jeddah"
2500000,Villa,7,5,360,"Al Muhammadiyah, North Jeddah, Jeddah"
800000,Apartment,5,4,177,"Al Rawdah, North Jeddah, Jeddah"
2200000,Villa,4,4,252,"Al Rimal, East Riyadh, Riyadh"
5000000,Villa,6,5,616,"Al Rimal, East Riyadh, Riyadh"
1000000,Floor,3,3,191,"Al Rimal, East Riyadh, Riyadh"
500000,Apartment,4,3,129,"Al Dar Al Baida, South Riyadh, Riyadh"
1060000,Apartment,5,4,497,"Al Zahraa, North Jeddah, Jeddah"
2100000,Villa,6,5,345,"Al Munsiyah, East Riyadh, Riyadh"
800000,Floor,4,4,193,"Al Janadriyah, East Riyadh, Riyadh"
800000,Floor,4,4,239,"Al Janadriyah, East Riyadh, Riyadh"
850000,Apartment,8,5,256,"Al Rimal, East Riyadh, Riyadh"
577000,Apartment,3,3,99,"Al Rawdah, North Jeddah, Jeddah"
650000,Apartment,4,3,111,"Al Salamah, North Jeddah, Jeddah"
340000,Apartment,2,2,550,"Al Naim, North Jeddah, Jeddah"
620000,Apartment,3,3,111,"Al Salamah, North Jeddah, Jeddah"
645000,Apartment,4,3,133,"Al Safa, North Jeddah, Jeddah"
1350000,Apartment,3,1,128,"Hittin, North Riyadh, Riyadh"
650000,Floor,4,2,117,"Al Suwaidi, West Riyadh, Riyadh"
850000,Apartment,4,3,176,"Al Saadah, East Riyadh, Riyadh"
1250000,Villa,6,6,341,"Al Riyadh, North Jeddah, Jeddah"
650000,Apartment,3,3,149,"Batha Quraysh, Makkah"
1450000,Villa,8,8,300,"Al Rahmanyah, North Jeddah, Jeddah"
850000,Villa,3,3,312,"Al Riyadh, North Jeddah, Jeddah"
1800000,Villa,6,6,300,"Al Yaqout, North Jeddah, Jeddah"
1350000,Villa,8,8,312,"Al Riyadh, North Jeddah, Jeddah"
1250000,Villa,6,6,312,"Al Riyadh, North Jeddah, Jeddah"
1200000,Villa,6,6,312,"Al Riyadh, North Jeddah, Jeddah"
850000,Apartment,3,3,224,"Al Marwah, North Jeddah, Jeddah"
485000,Apartment,4,3,124,"Al Waha, North Jeddah, Jeddah"
1400000,Villa,10,10,300,"Al Rahmanyah, North Jeddah, Jeddah"
1700000,Villa,8,4,234,"Al Bayan Neighborhood, East Riyadh, Riyadh"
4500000,Villa,5,7,397,"Al Narjis, North Riyadh, Riyadh"
3600000,Villa,10,7,660,"Al Naim, North Jeddah, Jeddah"
650000,Apartment,6,4,199,"Al Hamdaniyah, North Jeddah, Jeddah"
5300000,Villa,10,10,796,"Al Falah, North Jeddah, Jeddah"
5500000,Villa,10,5,495,"Al Yasmin, North Riyadh, Riyadh"
650000,Apartment,4,3,135,"Al Salamah, North Jeddah, Jeddah"
660000,Apartment,5,4,192,"Al Waha, North Jeddah, Jeddah"
3100000,Villa,5,5,300,"Al Mahdiyah, West Riyadh, Riyadh"
2200000,Villa,6,6,225,"Al Mahdiyah, West Riyadh, Riyadh"
1300000,Apartment,3,3,1080,"Al Narjis, North Riyadh, Riyadh"
2300000,Villa,11,7,438,"Dahiat Namar, West Riyadh, Riyadh"
670000,Apartment,5,3,162,"Al Nuzhah, North Jeddah, Jeddah"
2250000,Villa,10,7,500,"Al Mahdiyah, West Riyadh, Riyadh"
965000,Apartment,4,4,2640,"Al Narjis, North Riyadh, Riyadh"
1750000,Apartment,3,4,211,"Al Zahraa, North Jeddah, Jeddah"
1750000,Apartment,3,4,211,"Al Zahraa, North Jeddah, Jeddah"
4200000,Villa,7,10,598,"Al Rawdah, East Riyadh, Riyadh"
450000,Apartment,5,3,182,"Al Shati, Jazan"
550000,Apartment,5,3,198,"Al Suways 1, Jazan"
450000,Apartment,4,3,168,"Ar Rehab 1, Jazan"
550000,Apartment,5,4,205,"Al Muhammadiyah 2, Jazan"
760000,Apartment,7,4,237,"Al Suways 1, Jazan"
3500000,Villa,2,4,360,"Al Narjis, North Riyadh, Riyadh"
1194000,Apartment,2,1,122,"Al Arid, North Riyadh, Riyadh"
800000,Apartment,3,3,155,"Al Nahdah, East Riyadh, Riyadh"
740000,Apartment,4,4,141,"Al Salamah, North Jeddah, Jeddah"
1793000,Apartment,2,3,103,"Hittin, North Riyadh, Riyadh"
1250000,Apartment,3,3,166,Jeddah
3074000,Apartment,3,6,214,"Hittin, North Riyadh, Riyadh"
2280000,Villa,3,4,250,"Sidra, Riyadh"
1300000,Floor,6,6,900,"Al Khaleej, East Riyadh, Riyadh"
1200000,Apartment,4,4,135,"Al Nahdah, North Jeddah, Jeddah"
2400000,Villa,3,4,250,"Sidra, Riyadh"
1100000,Villa,5,5,250,"Al Dar Al Baida, South Riyadh, Riyadh"
1100000,Apartment,5,3,196,"Al Rawdah, North Jeddah, Jeddah"
750000,Apartment,5,3,136,"Al Naim, North Jeddah, Jeddah"
920000,Apartment,4,3,172,"Al Rawdah, North Jeddah, Jeddah"
1600000,Villa,5,6,312,"Tuwaiq, West Riyadh, Riyadh"
1550000,Floor,3,3,296,"Al Rimal, East Riyadh, Riyadh"
540000,Apartment,3,3,184,"Badr, Dammam"
950000,Apartment,4,3,157,"Al Rawdah, North Jeddah, Jeddah"
1000000,Floor,3,4,625,"Al Nasim Al Gharbi, East Riyadh, Riyadh"
650000,Apartment,4,3,111,"Al Salamah, North Jeddah, Jeddah"
1180000,Apartment,5,5,1500,"Al Munsiyah, East Riyadh, Riyadh"
1750000,Villa,5,4,222,"Al Munsiyah, East Riyadh, Riyadh"
800000,Apartment,3,2,72,"Al Munsiyah, East Riyadh, Riyadh"
1350000,Floor,5,3,196,"Al Munsiyah, East Riyadh, Riyadh"
320000,Apartment,3,3,659,"Al Mraikh, North Jeddah, Jeddah"
320000,Apartment,3,3,659,"Al Mraikh, North Jeddah, Jeddah"
320000,Apartment,3,3,659,"Al Mraikh, North Jeddah, Jeddah"
450000,Apartment,3,2,102,"Al Marwah, North Jeddah, Jeddah"
3700000,Villa,6,5,324,"Al Munsiyah, East Riyadh, Riyadh"
600000,Apartment,3,2,86,"Al Rawdah, North Jeddah, Jeddah"
320000,Apartment,3,3,659,"Al Mraikh, North Jeddah, Jeddah"
320000,Apartment,3,3,659,"Al Mraikh, North Jeddah, Jeddah"
1450000,Villa,3,4,660,"Al Rimal, East Riyadh, Riyadh"
1650000,Floor,4,5,183,"Al Munsiyah, East Riyadh, Riyadh"
850000,Apartment,3,3,147,"Dhahrat Laban, West Riyadh, Riyadh"
800000,Apartment,7,7,630,"Badr, South Riyadh, Riyadh"
880000,Villa,5,5,262,"Okaz, South Riyadh, Riyadh"
2000000,Apartment,5,4,163,"Hittin, North Riyadh, Riyadh"
760000,Floor,4,3,214,"Badr, South Riyadh, Riyadh"
860000,Floor,4,4,500,"Shubra, West Riyadh, Riyadh"
860000,Floor,2,3,500,"Shubra, West Riyadh, Riyadh"
750000,Apartment,3,2,130,"Al Rimal, East Riyadh, Riyadh"
1750000,Floor,4,4,405,"Al Yarmuk, East Riyadh, Riyadh"
680000,Apartment,3,3,150,"Alawali, West Riyadh, Riyadh"
450000,Apartment,6,3,177,"Badr, South Riyadh, Riyadh"
685000,Apartment,3,3,180,"Alawali, West Riyadh, Riyadh"
1650000,Villa,3,4,356,"Al Bayan Neighborhood, East Riyadh, Riyadh"
2200000,Villa,6,4,540,"Al Rimal, East Riyadh, Riyadh"
1400000,Floor,4,3,183,"Al Khaleej, East Riyadh, Riyadh"
700000,Apartment,3,4,118,"Al Rimal, East Riyadh, Riyadh"
670000,Apartment,6,4,241,"Ash Shamiya Al Jadid, Makkah"
580000,Apartment,4,3,143,"Batha Quraysh, Makkah"
650000,Apartment,4,3,141,"Harat Al Bab Al Jadid, Makkah"
600000,Apartment,6,4,211,"Ash Shamiya Al Jadid, Makkah"
1100000,Villa,6,4,200,"Tuwaiq, West Riyadh, Riyadh"
800000,Apartment,3,5,630,"Badr, South Riyadh, Riyadh"
1200000,Villa,6,6,332,"Al Rahmanyah, North Jeddah, Jeddah"
1000000,Floor,3,3,177,"Al Rimal, East Riyadh, Riyadh"
2800000,Apartment,2,2,152,"Al Sahafah, North Riyadh, Riyadh"
3000000,Villa,5,3,300,"Al Mahdiyah, West Riyadh, Riyadh"
650000,Apartment,3,2,151,"Al Zahraa, North Jeddah, Jeddah"
3000000,Villa,5,3,300,"Al Mahdiyah, West Riyadh, Riyadh"
2200000,Villa,5,3,400,"Al Mahdiyah, West Riyadh, Riyadh"
2000000,Villa,5,3,400,"Al Mahdiyah, West Riyadh, Riyadh"
1350000,Villa,5,6,453,"Al Sawari, Al Khobar"
2350000,Villa,5,7,250,"Al Yarmuk, East Riyadh, Riyadh"
1250000,Floor,3,4,202,"Al Munsiyah, East Riyadh, Riyadh"
1550000,Floor,4,5,206,"Al Munsiyah, East Riyadh, Riyadh"
550000,Apartment,2,2,75,Dhahran
2000000,Villa,5,3,400,"Al Mahdiyah, West Riyadh, Riyadh"
460000,Apartment,4,3,172,"Ash Shamiya Al Jadid, Makkah"
3100000,Villa,8,9,309,"Al Munsiyah, East Riyadh, Riyadh"
2200000,Floor,5,6,287,"Al Maizilah, East Riyadh, Riyadh"
970000,Villa,9,7,397,"Al Qashashia Al Jadid, Makkah"
2250000,Villa,6,5,276,"Al Rimal, East Riyadh, Riyadh"
1100000,Floor,2,2,201,"Al Maizilah, East Riyadh, Riyadh"
750000,Apartment,4,3,120,"Al Rawdah, North Jeddah, Jeddah"
680000,Apartment,5,5,239,"As Salamah, Makkah"
2800000,Villa,5,5,200,"Al Arid, North Riyadh, Riyadh"
1300000,Villa,4,4,700,"Uhud, South Riyadh, Riyadh"
5500000,Villa,5,7,784,"Mudhainib, Madina"
1600000,Floor,5,5,223,"Al Munsiyah, East Riyadh, Riyadh"
1350000,Floor,5,5,196,"Al Munsiyah, East Riyadh, Riyadh"
3650000,Villa,8,6,324,"Al Munsiyah, East Riyadh, Riyadh"
850000,Floor,5,4,375,"Al Dar Al Baida, South Riyadh, Riyadh"
1380000,Apartment,3,4,128,"Qurtubah, East Riyadh, Riyadh"
700000,Apartment,3,3,155,"Al Suwaidi, West Riyadh, Riyadh"
1150000,Apartment,3,3,223,"Al Yarmuk, East Riyadh, Riyadh"
550000,Apartment,5,3,217,"Ar Rehab 3, Jazan"
1850000,Villa,5,4,292,"Al Rimal, East Riyadh, Riyadh"
2200000,Villa,4,7,373,"Al Mahdiyah, West Riyadh, Riyadh"
585000,Apartment,4,3,146,"Governmental1, Jeddah"
550000,Apartment,5,3,217,"Ar Rehab 3, Jazan"
660000,Apartment,5,3,210,"Ar Rehab 3, Jazan"
719000,Apartment,6,5,223,"Governmental1, Jeddah"
680000,Floor,6,3,151,"Badr, South Riyadh, Riyadh"
1700000,Villa,4,6,402,"Al Shulah, Dammam"
3000000,Villa,11,9,400,"Shuran, Madina"
630000,Apartment,5,3,180,"Al Rayaan, North Jeddah, Jeddah"
650000,Apartment,4,3,116,"Alawali, West Riyadh, Riyadh"
4800000,Villa,11,6,746,"Obhur Al Janoubiyah, North Jeddah, Jeddah"
1020000,Apartment,5,4,177,"Al Rawdah, North Jeddah, Jeddah"
2400000,Villa,3,4,250,"Sidra, Riyadh"
1800000,Apartment,5,3,157,"Al Narjis, North Riyadh, Riyadh"
730000,Apartment,4,3,112,"Al Rawdah, North Jeddah, Jeddah"
5000000,Villa,5,4,450,"Al Rawabi, East Riyadh, Riyadh"
1420000,Villa,6,8,371,"Al Amwaj, Al Khobar"
2300000,Villa,5,4,250,"Sidra, Riyadh"
13500000,Residential Building,7,7,625,"Al Aqiq, North Riyadh, Riyadh"
1250000,Villa,6,6,371,"Al Amwaj, Al Khobar"
1200000,Villa,6,5,215,"Al Rimal, East Riyadh, Riyadh"
2750000,Villa,7,6,488,"Al Narjis, North Riyadh, Riyadh"
3500000,Villa,6,5,400,"Sidra, Riyadh"
650000,Apartment,3,4,1183,"Al Maealaa, Ahad Rafidah"
1050000,Apartment,2,2,61,"Al Arid, North Riyadh, Riyadh"
1375000,Floor,3,3,163,"Al Arid, North Riyadh, Riyadh"
797000,Apartment,3,3,88,"Al Qadisiyah, East Riyadh, Riyadh"
1200000,Floor,4,5,222,"Al Qadisiyah, East Riyadh, Riyadh"
540000,Floor,3,3,193,"Badr, South Riyadh, Riyadh"
1200000,Villa,6,7,317,"Al Amwaj, Al Khobar"
1450000,Villa,5,8,437,"Al Sheraa, Al Khobar"
1600000,Villa,6,4,600,"Al Janadriyah, East Riyadh, Riyadh"
4700000,Villa,5,2,400,"Al Sahafah, North Riyadh, Riyadh"
1350000,Apartment,4,5,223,"Al Nahdah, North Jeddah, Jeddah"
800000,Apartment,4,4,696,"Al Nahdah, North Jeddah, Jeddah"
700000,Apartment,4,3,728,"Al Zahraa, North Jeddah, Jeddah"
600000,Apartment,3,3,728,"Al Zahraa, North Jeddah, Jeddah"
600000,Apartment,3,3,728,"Al Zahraa, North Jeddah, Jeddah"
950000,Apartment,4,3,127,"Al Zahraa, North Jeddah, Jeddah"
1450000,Apartment,6,4,203,"Al Zahraa, North Jeddah, Jeddah"
770000,Apartment,4,3,600,"Al Nahdah, North Jeddah, Jeddah"
650000,Apartment,3,3,600,"Al Nahdah, North Jeddah, Jeddah"
580000,Apartment,4,4,660,"Al Salamah, North Jeddah, Jeddah"
625000,Apartment,3,3,119,"Al Nahdah, North Jeddah, Jeddah"
730000,Apartment,4,3,112,"Al Rawdah, North Jeddah, Jeddah"
900000,Apartment,4,4,763,"Al Nahdah, North Jeddah, Jeddah"
494000,Apartment,4,4,3200,"Al Faisaliyah, Central Jeddah, Jeddah"
670000,Apartment,6,3,198,"Al Hamra, Al Khobar"
850000,Apartment,4,3,76,"Al Bayan Neighborhood, East Riyadh, Riyadh"
9000000,Villa,6,9,450,"Hittin, North Riyadh, Riyadh"
1100000,Apartment,2,3,124,"Al Rimal, East Riyadh, Riyadh"
780000,Apartment,6,4,214,"Al Hamdaniyah, North Jeddah, Jeddah"
1030000,Apartment,5,5,241,"Al Faisaliyah, Central Jeddah, Jeddah"
380000,Apartment,3,3,145,"Al Suways 1, Jazan"
435000,Apartment,3,3,100,"Al Manar, North Jeddah, Jeddah"
4700000,Villa,4,4,475,"Al Yasmin, North Riyadh, Riyadh"
740000,Apartment,4,3,112,"Al Rawdah, North Jeddah, Jeddah"
540000,Apartment,3,3,143,"Al Rabwa, North Jeddah, Jeddah"
3300000,Villa,9,7,728,"Mudhainib, Madina"
1630000,Villa,7,7,470,"Al Hamdaniyah, North Jeddah, Jeddah"
1350000,Villa,6,6,400,"Al Janadriyah, East Riyadh, Riyadh"
390000,Apartment,3,3,133,"Al Nur, Dammam"
2300000,Villa,6,7,343,"Al Saif, Dammam"
630000,Apartment,4,3,112,"Al Salamah, North Jeddah, Jeddah"
8000000,Villa,5,5,472,"King Abduallah, North Riyadh, Riyadh"
2000000,Villa,3,3,200,"Sidra, Riyadh"
470000,Apartment,3,2,114,"Tuwaiq, West Riyadh, Riyadh"
2200000,Villa,6,5,225,"Al Mahdiyah, West Riyadh, Riyadh"
700000,Apartment,2,2,68,"Al Rimal, East Riyadh, Riyadh"
3500000,Villa,3,3,418,"Al Mahdiyah, West Riyadh, Riyadh"
750000,Apartment,4,2,118,"Al Rimal, East Riyadh, Riyadh"
450000,Apartment,3,2,102,"Al Marwah, North Jeddah, Jeddah"
1100000,Floor,4,3,186,"Al Rimal, East Riyadh, Riyadh"
1900000,Villa,4,6,387,"Al Maizilah, East Riyadh, Riyadh"
1148000,Apartment,3,3,118,"Al Munsiyah, East Riyadh, Riyadh"
2400000,Villa,5,7,343,"Al Rimal, East Riyadh, Riyadh"
1600000,Floor,3,5,690,"Al Yarmuk, East Riyadh, Riyadh"
3500000,Villa,7,9,357,"Qurtubah, East Riyadh, Riyadh"
1450000,Apartment,3,3,4980,"Qurtubah, East Riyadh, Riyadh"
1000000,Floor,3,5,271,"Al Janadriyah, East Riyadh, Riyadh"
1450000,Apartment,4,3,4980,"Qurtubah, East Riyadh, Riyadh"
1055000,Apartment,3,3,106,"Al Munsiyah, East Riyadh, Riyadh"
800000,Apartment,3,3,393,"Al Nahdah, East Riyadh, Riyadh"
800000,Apartment,3,3,393,"Al Nahdah, East Riyadh, Riyadh"
1130000,Apartment,3,3,147,"Al Munsiyah, East Riyadh, Riyadh"
1450000,Floor,3,3,156,"Qurtubah, East Riyadh, Riyadh"
2500000,Villa,4,6,221,"Al Munsiyah, East Riyadh, Riyadh"
1800000,Villa,6,6,300,"Ishbiliyah, East Riyadh, Riyadh"
5700000,Villa,6,5,405,"Al Narjis, North Riyadh, Riyadh"
3300000,Villa,9,10,383,"Qurtubah, East Riyadh, Riyadh"
2800000,Villa,4,4,325,"Al Munsiyah, East Riyadh, Riyadh"
420000,Apartment,4,3,128,"Al Safa, North Jeddah, Jeddah"
420000,Apartment,4,3,128,"Al Safa, North Jeddah, Jeddah"
420000,Apartment,4,3,128,"Al Safa, North Jeddah, Jeddah"
445000,Apartment,4,3,128,"Al Safa, North Jeddah, Jeddah"
445000,Apartment,4,3,128,"Al Safa, North Jeddah, Jeddah"
445000,Apartment,4,3,128,"Al Safa, North Jeddah, Jeddah"
445000,Apartment,4,3,128,"Al Safa, North Jeddah, Jeddah"
465000,Apartment,4,3,128,"Al Safa, North Jeddah, Jeddah"
465000,Apartment,4,3,128,"Al Safa, North Jeddah, Jeddah"
460000,Apartment,4,3,128,"Al Safa, North Jeddah, Jeddah"
460000,Apartment,4,3,128,"Al Safa, North Jeddah, Jeddah"
399000,Apartment,3,3,400,"Al Marwah, North Jeddah, Jeddah"
399000,Apartment,3,3,400,"Al Marwah, North Jeddah, Jeddah"
399000,Apartment,3,3,400,"Al Marwah, North Jeddah, Jeddah"
399000,Apartment,3,3,400,"Al Marwah, North Jeddah, Jeddah"
650000,Apartment,4,3,750,"Al Zahraa, North Jeddah, Jeddah"
740000,Apartment,4,3,117,"Al Rawdah, North Jeddah, Jeddah"
1250000,Floor,4,3,257,"Al Rimal, East Riyadh, Riyadh"
1850000,Villa,5,5,270,"Al Nadwa District, East Riyadh, Riyadh"
540000,Apartment,5,3,163,"Al Hamra, Al Khobar"
650000,Apartment,5,4,164,"Al Rehab, North Jeddah, Jeddah"
650000,Apartment,5,4,164,"Al Rehab, North Jeddah, Jeddah"
650000,Apartment,5,3,164,"Al Rehab, North Jeddah, Jeddah"
650000,Apartment,5,3,164,"Al Rehab, North Jeddah, Jeddah"
450000,Apartment,3,2,102,"Al Marwah, North Jeddah, Jeddah"
650000,Apartment,5,3,164,"Al Rehab, North Jeddah, Jeddah"
580000,Apartment,3,3,138,"Al Jawhara, Dammam"
1200000,Apartment,6,6,728,"Al Zahraa, North Jeddah, Jeddah"
1700000,Apartment,5,4,2000,"Al Nahdah, North Jeddah, Jeddah"
950000,Apartment,4,3,127,"Al Zahraa, North Jeddah, Jeddah"
850000,Apartment,3,4,467,"Al Zahraa, North Jeddah, Jeddah"
700000,Apartment,4,3,728,"Al Zahraa, North Jeddah, Jeddah"
700000,Apartment,4,3,728,"Al Zahraa, North Jeddah, Jeddah"
1700000,Apartment,5,4,2000,"Al Nahdah, North Jeddah, Jeddah"
600000,Apartment,3,3,728,"Al Zahraa, North Jeddah, Jeddah"
690000,Apartment,4,5,159,"Al Janadriyah, East Riyadh, Riyadh"
900000,Villa,7,5,340,"Al Qashashia Al Jadid, Makkah"
3800000,Villa,10,5,1250,"Al Nasim Al Gharbi, East Riyadh, Riyadh"
4350000,Villa,7,6,371,"Al Munsiyah, East Riyadh, Riyadh"
850000,Floor,4,3,138,"Al Rimal, East Riyadh, Riyadh"
1400000,Floor,4,4,292,"Al Janadriyah, East Riyadh, Riyadh"
2750000,Villa,5,5,376,"Al Yarmuk, East Riyadh, Riyadh"
1200000,Floor,4,4,213,"Al Janadriyah, East Riyadh, Riyadh"
4300000,Villa,4,7,225,"Al Malqa, North Riyadh, Riyadh"
529000,Apartment,3,3,582,"Al Hamraa, Central Jeddah, Jeddah"
530000,Apartment,4,3,126,"Al Manar, North Jeddah, Jeddah"
5500000,Villa,10,7,600,"Al Yarmuk, East Riyadh, Riyadh"
1400000,Apartment,3,3,138,"Al Narjis, North Riyadh, Riyadh"
2600000,Villa,5,4,413,"Al Bayan Neighborhood, East Riyadh, Riyadh"
1600000,Floor,3,4,223,"Al Munsiyah, East Riyadh, Riyadh"
1000000,Floor,3,4,219,"Al Qadisiyah, East Riyadh, Riyadh"
3300000,Villa,6,6,383,"Qurtubah, East Riyadh, Riyadh"
4500000,Villa,5,5,525,"Al Bahar, Al Khobar"
5250000,Villa,6,5,656,"Al Shati, North Jeddah, Jeddah"
868000,Apartment,3,3,132,"Al Munsiyah, East Riyadh, Riyadh"
1850000,Floor,4,4,200,"Qurtubah, East Riyadh, Riyadh"
1750000,Floor,4,5,405,"Al Yarmuk, East Riyadh, Riyadh"
1600000,Floor,4,5,206,"Al Munsiyah, East Riyadh, Riyadh"
1850000,Floor,6,6,405,"Al Yarmuk, East Riyadh, Riyadh"
1250000,Apartment,6,4,674,"Al Zahraa, North Jeddah, Jeddah"
2500000,Villa,5,5,370,"Al Munsiyah, East Riyadh, Riyadh"
1600000,Floor,5,4,223,"Al Munsiyah, East Riyadh, Riyadh"
1350000,Floor,3,3,196,"Al Munsiyah, East Riyadh, Riyadh"
1150000,Apartment,4,3,134,"Al Munsiyah, East Riyadh, Riyadh"
820000,Villa,5,4,178,"Al Waha, North Jeddah, Jeddah"
950000,Villa,6,4,203,"Al Waha, North Jeddah, Jeddah"
499000,Apartment,4,4,133,"Al Waha, North Jeddah, Jeddah"
430000,Apartment,3,2,109,"Al Nur, Dammam"
720000,Apartment,4,3,220,"Al Murjan, East Riyadh, Riyadh"
1200000,Floor,4,4,200,"Al Rimal, East Riyadh, Riyadh"
1000000,Floor,4,3,168,"Al Rimal, East Riyadh, Riyadh"
1400000,Floor,6,6,305,"Al Qadisiyah, East Riyadh, Riyadh"
3500000,Villa,5,6,264,"Qurtubah, East Riyadh, Riyadh"
625000,Apartment,3,4,763,"Al Nahdah, North Jeddah, Jeddah"
900000,Apartment,4,4,763,"Al Nahdah, North Jeddah, Jeddah"
450000,Apartment,1,2,2000,"Al Nahdah, North Jeddah, Jeddah"
660000,Apartment,3,4,2000,"Al Nahdah, North Jeddah, Jeddah"
360000,Apartment,3,4,3200,"Al Faisaliyah, Central Jeddah, Jeddah"
375000,Apartment,2,3,660,"Al Salamah, North Jeddah, Jeddah"
550000,Apartment,2,2,600,"Al Nahdah, North Jeddah, Jeddah"
580000,Apartment,4,4,660,"Al Salamah, North Jeddah, Jeddah"
840000,Apartment,3,3,127,"Al Zahraa, North Jeddah, Jeddah"
1550000,Apartment,6,5,235,"Al Zahraa, North Jeddah, Jeddah"
1350000,Apartment,5,4,194,"Al Zahraa, North Jeddah, Jeddah"
700000,Apartment,4,3,728,"Al Zahraa, North Jeddah, Jeddah"
770000,Apartment,4,3,600,"Al Nahdah, North Jeddah, Jeddah"
850000,Apartment,3,4,121,"Al Zahraa, North Jeddah, Jeddah"
1200000,Apartment,6,6,728,"Al Zahraa, North Jeddah, Jeddah"
450000,Apartment,1,2,2000,"Al Nahdah, North Jeddah, Jeddah"
660000,Apartment,3,4,2000,"Al Nahdah, North Jeddah, Jeddah"
480000,Apartment,2,3,2400,"Al Rawdah, North Jeddah, Jeddah"
475000,Apartment,3,4,660,"Al Salamah, North Jeddah, Jeddah"
270000,Apartment,2,3,3200,"Al Faisaliyah, Central Jeddah, Jeddah"
494000,Apartment,4,4,3200,"Al Faisaliyah, Central Jeddah, Jeddah"
900000,Apartment,4,4,763,"Al Nahdah, North Jeddah, Jeddah"
840000,Apartment,3,3,127,"Al Zahraa, North Jeddah, Jeddah"
900000,Apartment,4,4,763,"Al Nahdah, North Jeddah, Jeddah"
585000,Apartment,2,3,2000,"Al Nahdah, North Jeddah, Jeddah"
1700000,Apartment,5,4,2000,"Al Nahdah, North Jeddah, Jeddah"
550000,Apartment,2,2,600,"Al Nahdah, North Jeddah, Jeddah"
480000,Apartment,2,3,2400,"Al Rawdah, North Jeddah, Jeddah"
1130000,Apartment,6,5,660,"Al Salamah, North Jeddah, Jeddah"
1250000,Apartment,8,8,3200,"Al Faisaliyah, Central Jeddah, Jeddah"
620000,Apartment,3,4,2400,"Al Rawdah, North Jeddah, Jeddah"
730000,Apartment,4,4,763,"Al Nahdah, North Jeddah, Jeddah"
580000,Apartment,4,4,660,"Al Salamah, North Jeddah, Jeddah"
1130000,Apartment,6,5,660,"Al Salamah, North Jeddah, Jeddah"
770000,Apartment,4,3,600,"Al Nahdah, North Jeddah, Jeddah"
550000,Apartment,2,2,600,"Al Nahdah, North Jeddah, Jeddah"
1550000,Apartment,6,5,235,"Al Zahraa, North Jeddah, Jeddah"
550000,Apartment,2,3,763,"Al Nahdah, North Jeddah, Jeddah"
795000,Apartment,4,4,2000,"Al Nahdah, North Jeddah, Jeddah"
240000,Apartment,1,1,3200,"Al Faisaliyah, Central Jeddah, Jeddah"
360000,Apartment,3,4,3200,"Al Faisaliyah, Central Jeddah, Jeddah"
750000,Floor,4,5,167,"Al Janadriyah, East Riyadh, Riyadh"
1000000,Apartment,4,4,124,"Al Khaleej, East Riyadh, Riyadh"
1200000,Apartment,3,3,180,"Al Munsiyah, East Riyadh, Riyadh"
4000000,Villa,11,11,420,"Ishbiliyah, East Riyadh, Riyadh"
1400000,Floor,5,7,292,"Al Janadriyah, East Riyadh, Riyadh"
765000,Apartment,3,3,152,"Tuwaiq, West Riyadh, Riyadh"
720000,Apartment,5,3,130,"Al Naim, North Jeddah, Jeddah"
4200000,Villa,7,6,400,"Al Arid, North Riyadh, Riyadh"
7000000,Villa,6,6,405,"Al Qirawan, North Riyadh, Riyadh"
1700000,Floor,4,3,116,"Al Narjis, North Riyadh, Riyadh"
1100000,Apartment,4,3,186,"Al Yasmin, North Riyadh, Riyadh"
2850000,Villa,4,8,312,"Al Rimal, East Riyadh, Riyadh"
1550000,Floor,4,6,206,"Al Munsiyah, East Riyadh, Riyadh"
720000,Apartment,5,3,152,"Al Faisaliyah, Central Jeddah, Jeddah"
930000,Apartment,5,5,900,"Dhahrat Laban, West Riyadh, Riyadh"
750000,Apartment,5,3,136,"Al Naim, North Jeddah, Jeddah"
780000,Apartment,4,3,136,"Al Rawdah, North Jeddah, Jeddah"
680000,Apartment,5,3,161,"Al Marwah, North Jeddah, Jeddah"
2500000,Apartment,3,3,107,"Al Sahafah, North Riyadh, Riyadh"
650000,Apartment,5,4,164,"Al Rehab, North Jeddah, Jeddah"
680000,Apartment,5,3,161,"Al Marwah, North Jeddah, Jeddah"
1250000,Villa,9,5,300,"Ash Shamiya Al Jadid, Makkah"
730000,Apartment,4,3,112,"Al Rawdah, North Jeddah, Jeddah"
515000,Apartment,4,4,148,"Al Marwah, North Jeddah, Jeddah"
795000,Apartment,5,4,195,"Al Faisaliyah, Central Jeddah, Jeddah"
800000,Apartment,5,4,203,"Al Safa, North Jeddah, Jeddah"
750000,Apartment,4,3,120,"Al Rawdah, North Jeddah, Jeddah"
750000,Apartment,4,4,167,"Al Marwah, North Jeddah, Jeddah"
3000000,Villa,11,6,750,"Al Manar, North Jeddah, Jeddah"
5000000,Villa,11,6,450,"Al Narjis, North Riyadh, Riyadh"
850000,Apartment,6,6,221,"Dhahrat Laban, West Riyadh, Riyadh"
750000,Apartment,4,3,114,"Al Rawdah, North Jeddah, Jeddah"
1550000,Floor,4,4,206,"Al Munsiyah, East Riyadh, Riyadh"
1650000,Floor,3,4,198,"Qurtubah, East Riyadh, Riyadh"
2300000,Villa,5,5,420,"Al Bayan Neighborhood, East Riyadh, Riyadh"
2600000,Villa,6,7,413,"Al Bayan Neighborhood, East Riyadh, Riyadh"
670000,Apartment,5,3,162,"Al Nuzhah, North Jeddah, Jeddah"
499000,Apartment,4,4,154,"Al Sakb, Madina"
600000,Apartment,4,4,538,"Al Bayan Neighborhood, East Riyadh, Riyadh"
1300000,Floor,4,4,315,"Al Rimal, East Riyadh, Riyadh"
650000,Apartment,5,3,164,"Al Rehab, North Jeddah, Jeddah"
575000,Apartment,5,3,150,"Al Marwah, North Jeddah, Jeddah"
1550000,Apartment,5,3,135,"Al Yasmin, North Riyadh, Riyadh"
8500000,Villa,9,7,930,"Al Rawdah, East Riyadh, Riyadh"
1850000,Apartment,3,4,213,"Qurtubah, East Riyadh, Riyadh"
1000000,Floor,3,3,159,"Al Rimal, East Riyadh, Riyadh"
2400000,Villa,5,6,250,"Al Yarmuk, East Riyadh, Riyadh"
669000,Apartment,3,3,127,"Al Rimal, East Riyadh, Riyadh"
669000,Apartment,3,3,127,"Al Rimal, East Riyadh, Riyadh"
830000,Floor,7,5,220,"Al Murjan, East Riyadh, Riyadh"
590000,Apartment,3,3,893,"Dhahrat Laban, West Riyadh, Riyadh"
2400000,Villa,7,6,460,"Al Nahdah, East Riyadh, Riyadh"
1200000,Floor,5,4,196,"Al Yarmuk, East Riyadh, Riyadh"
1500000,Floor,6,5,213,"Al Yarmuk, East Riyadh, Riyadh"
750000,Apartment,5,4,166,"Mishrifah, North Jeddah, Jeddah"
700000,Apartment,5,4,182,"Al Fayhaa, North Jeddah, Jeddah"
950000,Apartment,4,3,126,"Al Munsiyah, East Riyadh, Riyadh"
1180000,Apartment,4,3,180,"Al Munsiyah, East Riyadh, Riyadh"
1050000,Apartment,3,4,172,"Al Qadisiyah, East Riyadh, Riyadh"
1500000,Floor,3,3,621,"Al Munsiyah, East Riyadh, Riyadh"
950000,Residential Building,5,4,170,"Al Rawdah, North Jeddah, Jeddah"
1180000,Apartment,4,3,1500,"Al Munsiyah, East Riyadh, Riyadh"
1200000,Floor,5,4,196,"Al Yarmuk, East Riyadh, Riyadh"
1500000,Floor,5,4,213,"Al Yarmuk, East Riyadh, Riyadh"
1200000,Floor,5,4,196,"Al Yarmuk, East Riyadh, Riyadh"
860000,Apartment,6,5,225,"Al Faisaliyah, Central Jeddah, Jeddah"
750000,Apartment,5,4,166,"Mishrifah, North Jeddah, Jeddah"
1180000,Apartment,4,3,1500,"Al Munsiyah, East Riyadh, Riyadh"
1000000,Floor,4,4,162,"Al Rimal, East Riyadh, Riyadh"
1300000,Floor,4,4,175,"Al Rimal, East Riyadh, Riyadh"
2600000,Villa,10,10,750,"Dhahrat Al Badiah, West Riyadh, Riyadh"
3500000,Villa,9,9,426,"Obhur Al Janoubiyah, North Jeddah, Jeddah"
670000,Apartment,3,3,205,"Al Waha, North Jeddah, Jeddah"
2800000,Villa,6,7,317,"Al Khaleej, East Riyadh, Riyadh"
1200000,Villa,4,4,200,"Tuwaiq, West Riyadh, Riyadh"
875000,Floor,5,3,199,"Al Marwah, North Jeddah, Jeddah"
1050000,Apartment,3,4,172,"Al Qadisiyah, East Riyadh, Riyadh"
849000,Apartment,3,3,145,"Al Rimal, East Riyadh, Riyadh"
1400000,Floor,4,4,305,"Al Qadisiyah, East Riyadh, Riyadh"
1950000,Villa,5,8,241,"Al Sheraa, North Jeddah, Jeddah"
1900000,Villa,5,4,528,"Al Yarmuk, East Riyadh, Riyadh"
420000,Apartment,3,3,132,"Al Dar Al Baida, South Riyadh, Riyadh"
750000,Floor,3,3,249,"Tuwaiq, West Riyadh, Riyadh"
650000,Apartment,3,3,184,"Tuwaiq, West Riyadh, Riyadh"
2200000,Villa,5,5,225,"Al Mahdiyah, West Riyadh, Riyadh"
1300000,Villa,4,4,200,"Al Munsiyah, East Riyadh, Riyadh"
2200000,Villa,3,6,296,"Al Rimal, East Riyadh, Riyadh"
1150000,Floor,4,3,570,"Al Qadisiyah, East Riyadh, Riyadh"
1600000,Villa,6,5,300,"Al Zumorrud, North Jeddah, Jeddah"
2500000,Villa,5,7,504,"Al Munsiyah, East Riyadh, Riyadh"
1200000,Villa,4,4,200,"Tuwaiq, West Riyadh, Riyadh"
710000,Floor,3,3,159,"Alawali, West Riyadh, Riyadh"
11800000,Villa,4,4,200,"Tuwaiq, West Riyadh, Riyadh"
480000,Apartment,5,3,181,"Al Shati, Jazan"
732000,Apartment,5,3,225,"Governmental1, Jeddah"
670000,Floor,3,2,165,"Al Hazm, West Riyadh, Riyadh"
1700000,Villa,7,5,225,"Al Rimal, East Riyadh, Riyadh"
1150000,Floor,4,4,198,"Tuwaiq, West Riyadh, Riyadh"
1380000,Floor,5,3,141,"Al Munsiyah, East Riyadh, Riyadh"
1375000,Floor,3,4,163,"Al Arid, North Riyadh, Riyadh"
470000,Apartment,4,4,114,"Tuwaiq, West Riyadh, Riyadh"
2200000,Villa,5,6,225,"Al Mahdiyah, West Riyadh, Riyadh"
650000,Apartment,3,2,219,"Al Dar Al Baida, South Riyadh, Riyadh"
1800000,Villa,6,7,250,"King Khalid International Airport, North Riyadh, Riyadh"
380000,Apartment,4,2,132,"As Salamah, Makkah"
1200000,Floor,4,4,200,"Al Qadisiyah, East Riyadh, Riyadh"
440000,Apartment,4,3,103,"Al Faisaliyah, Central Jeddah, Jeddah"
440000,Apartment,3,2,99,"Al Faisaliyah, Central Jeddah, Jeddah"
1500000,Floor,4,3,160,"Al Rimal, East Riyadh, Riyadh"
1150000,Floor,3,4,570,"Al Qadisiyah, East Riyadh, Riyadh"
900000,Apartment,6,4,188,"Al Naim, North Jeddah, Jeddah"
1250000,Floor,4,4,203,"Al Qadisiyah, East Riyadh, Riyadh"
2500000,Villa,4,5,504,"Al Munsiyah, East Riyadh, Riyadh"
800000,Apartment,4,3,89,"Al Qadisiyah, East Riyadh, Riyadh"
2500000,Villa,8,5,796,"Tuwaiq, West Riyadh, Riyadh"
420000,Apartment,3,3,170,"Badr, South Riyadh, Riyadh"
900000,Apartment,3,3,400,"Al Mahdiyah, West Riyadh, Riyadh"
2450000,Villa,6,6,504,"Al Munsiyah, East Riyadh, Riyadh"
1050000,Floor,5,4,219,"Al Qadisiyah, East Riyadh, Riyadh"
950000,Floor,4,3,219,"Al Qadisiyah, East Riyadh, Riyadh"
1250000,Floor,5,3,203,"Al Qadisiyah, East Riyadh, Riyadh"
1000000,Floor,5,3,219,"Al Qadisiyah, East Riyadh, Riyadh"
1800000,Floor,3,5,390,"Al Narjis, North Riyadh, Riyadh"
1000000,Apartment,5,3,177,"Al Munsiyah, East Riyadh, Riyadh"
740000,Apartment,5,3,155,Jeddah
680000,Apartment,5,4,213,"Al Shawqiyyah, Makkah"
3350000,Villa,4,5,828,"Al Khaleej, East Riyadh, Riyadh"
943000,Apartment,4,3,190,"Al Munsiyah, East Riyadh, Riyadh"
1550000,Floor,4,4,206,"Al Munsiyah, East Riyadh, Riyadh"
650000,Apartment,5,3,164,"Al Rehab, North Jeddah, Jeddah"
830000,Apartment,4,3,140,"Al Salamah, North Jeddah, Jeddah"
1340000,Apartment,3,3,119,"Al Arid, North Riyadh, Riyadh"
980000,Floor,4,4,233,"Al Janadriyah, East Riyadh, Riyadh"
1650000,Floor,5,4,198,"Qurtubah, East Riyadh, Riyadh"
1250000,Floor,3,3,177,"Al Rimal, East Riyadh, Riyadh"
1000000,Apartment,4,3,750,"King Faisal, East Riyadh, Riyadh"
3500000,Villa,5,7,351,"Al Narjis, North Riyadh, Riyadh"
599000,Villa,4,3,778,"Al Rabwa, North Jeddah, Jeddah"
629000,Apartment,4,3,176,"Tuwaiq, West Riyadh, Riyadh"
790000,Apartment,5,3,175,"Al Salamah, North Jeddah, Jeddah"
1050000,Apartment,5,4,172,"Al Qadisiyah, East Riyadh, Riyadh"
2700000,Villa,10,5,444,"Al Bayan Neighborhood, East Riyadh, Riyadh"
1050000,Apartment,6,3,172,"Al Qadisiyah, East Riyadh, Riyadh"
1550000,Villa,4,5,262,"Al Yaqout, North Jeddah, Jeddah"
3500000,Villa,10,7,448,"Al Khaleej, East Riyadh, Riyadh"
399000,Apartment,3,3,107,"Al Manar, North Jeddah, Jeddah"
750000,Apartment,4,4,167,"Al Marwah, North Jeddah, Jeddah"
540000,Apartment,4,3,131,"Al Marwah, North Jeddah, Jeddah"
630000,Apartment,4,3,112,"Al Salamah, North Jeddah, Jeddah"
1500000,Floor,4,4,213,"Al Yarmuk, East Riyadh, Riyadh"
900000,Apartment,6,4,188,"Al Naim, North Jeddah, Jeddah"
460000,Apartment,3,3,104,"Al Rabwa, North Jeddah, Jeddah"
520000,Apartment,4,3,125,"Al Marwah, North Jeddah, Jeddah"
4050985,Villa,4,10,312,"Qurtubah, East Riyadh, Riyadh"
1200000,Villa,7,7,233,"Nubala, Madina"
4000000,Villa,7,6,371,"Al Munsiyah, East Riyadh, Riyadh"
1450000,Apartment,4,4,128,"Qurtubah, East Riyadh, Riyadh"
3500000,Villa,5,6,324,"Al Munsiyah, East Riyadh, Riyadh"
1450000,Apartment,4,4,128,"Qurtubah, East Riyadh, Riyadh"
1650000,Floor,4,4,172,"Qurtubah, East Riyadh, Riyadh"
1850000,Floor,4,4,186,"Qurtubah, East Riyadh, Riyadh"
5500000,Villa,10,9,715,"Al Munsiyah, East Riyadh, Riyadh"
2230000,Floor,5,4,257,"Qurtubah, East Riyadh, Riyadh"
2230000,Floor,7,4,257,"Qurtubah, East Riyadh, Riyadh"
1850000,Floor,5,4,186,"Qurtubah, East Riyadh, Riyadh"
1450000,Apartment,6,4,128,"Qurtubah, East Riyadh, Riyadh"
2400000,Villa,6,7,250,"Al Yarmuk, East Riyadh, Riyadh"
2400000,Villa,6,6,250,"Al Yarmuk, East Riyadh, Riyadh"
1650000,Floor,6,4,172,"Qurtubah, East Riyadh, Riyadh"
1850000,Floor,7,4,186,"Qurtubah, East Riyadh, Riyadh"
1450000,Apartment,7,4,128,"Qurtubah, East Riyadh, Riyadh"
1180000,Villa,5,6,215,"Nubala, Madina"
2350000,Villa,5,5,250,"Al Yarmuk, East Riyadh, Riyadh"
3200000,Villa,7,8,383,"Qurtubah, East Riyadh, Riyadh"
540000,Apartment,4,3,131,"Al Marwah, North Jeddah, Jeddah"
650000,Apartment,3,3,600,"Al Nahdah, North Jeddah, Jeddah"
770000,Apartment,4,3,600,"Al Nahdah, North Jeddah, Jeddah"
1450000,Apartment,6,4,203,"Al Zahraa, North Jeddah, Jeddah"
840000,Apartment,4,3,127,"Al Zahraa, North Jeddah, Jeddah"
600000,Apartment,3,3,728,"Al Zahraa, North Jeddah, Jeddah"
450000,Apartment,1,2,2000,"Al Nahdah, North Jeddah, Jeddah"
660000,Apartment,3,4,2000,"Al Nahdah, North Jeddah, Jeddah"
480000,Apartment,2,3,2400,"Al Rawdah, North Jeddah, Jeddah"
270000,Apartment,2,3,3200,"Al Faisaliyah, Central Jeddah, Jeddah"
625000,Apartment,3,3,119,"Al Nahdah, North Jeddah, Jeddah"
580000,Apartment,4,4,660,"Al Salamah, North Jeddah, Jeddah"
795000,Apartment,4,4,2000,"Al Nahdah, North Jeddah, Jeddah"
625000,Apartment,3,3,119,"Al Nahdah, North Jeddah, Jeddah"
840000,Apartment,3,3,127,"Al Zahraa, North Jeddah, Jeddah"
840000,Apartment,4,3,127,"Al Zahraa, North Jeddah, Jeddah"
1450000,Apartment,6,4,203,"Al Zahraa, North Jeddah, Jeddah"
850000,Apartment,3,4,121,"Al Zahraa, North Jeddah, Jeddah"
600000,Apartment,3,3,728,"Al Zahraa, North Jeddah, Jeddah"
625000,Apartment,3,4,763,"Al Nahdah, North Jeddah, Jeddah"
1700000,Apartment,5,4,2000,"Al Nahdah, North Jeddah, Jeddah"
550000,Apartment,2,3,763,"Al Nahdah, North Jeddah, Jeddah"
494000,Apartment,4,4,3200,"Al Faisaliyah, Central Jeddah, Jeddah"
1130000,Apartment,6,5,660,"Al Salamah, North Jeddah, Jeddah"
770000,Apartment,4,3,600,"Al Nahdah, North Jeddah, Jeddah"
650000,Apartment,3,3,600,"Al Nahdah, North Jeddah, Jeddah"
270000,Apartment,2,3,3200,"Al Faisaliyah, Central Jeddah, Jeddah"
360000,Apartment,3,4,3200,"Al Faisaliyah, Central Jeddah, Jeddah"
580000,Apartment,4,4,660,"Al Salamah, North Jeddah, Jeddah"
620000,Apartment,3,4,2400,"Al Rawdah, North Jeddah, Jeddah"
840000,Apartment,3,3,127,"Al Zahraa, North Jeddah, Jeddah"
450000,Apartment,1,2,2000,"Al Nahdah, North Jeddah, Jeddah"
660000,Apartment,3,4,2000,"Al Nahdah, North Jeddah, Jeddah"
1150000,Apartment,5,4,696,"Al Nahdah, North Jeddah, Jeddah"
494000,Apartment,4,4,3200,"Al Faisaliyah, Central Jeddah, Jeddah"
620000,Apartment,3,4,2400,"Al Rawdah, North Jeddah, Jeddah"
840000,Apartment,4,3,127,"Al Zahraa, North Jeddah, Jeddah"
2100000,Apartment,8,10,2400,"Al Rawdah, North Jeddah, Jeddah"
1350000,Apartment,5,4,194,"Al Zahraa, North Jeddah, Jeddah"
600000,Apartment,3,3,728,"Al Zahraa, North Jeddah, Jeddah"
770000,Apartment,4,3,600,"Al Nahdah, North Jeddah, Jeddah"
625000,Apartment,3,4,763,"Al Nahdah, North Jeddah, Jeddah"
730000,Apartment,4,4,763,"Al Nahdah, North Jeddah, Jeddah"
475000,Apartment,3,4,660,"Al Salamah, North Jeddah, Jeddah"
580000,Apartment,4,4,660,"Al Salamah, North Jeddah, Jeddah"
494000,Apartment,4,4,3200,"Al Faisaliyah, Central Jeddah, Jeddah"
1130000,Apartment,6,5,660,"Al Salamah, North Jeddah, Jeddah"
770000,Apartment,4,3,600,"Al Nahdah, North Jeddah, Jeddah"
550000,Apartment,2,2,600,"Al Nahdah, North Jeddah, Jeddah"
1550000,Apartment,6,5,235,"Al Zahraa, North Jeddah, Jeddah"
700000,Apartment,4,3,728,"Al Zahraa, North Jeddah, Jeddah"
550000,Apartment,2,3,763,"Al Nahdah, North Jeddah, Jeddah"
795000,Apartment,4,4,2000,"Al Nahdah, North Jeddah, Jeddah"
240000,Apartment,1,1,3200,"Al Faisaliyah, Central Jeddah, Jeddah"
360000,Apartment,3,4,3200,"Al Faisaliyah, Central Jeddah, Jeddah"
1700000,Apartment,5,4,2000,"Al Nahdah, North Jeddah, Jeddah"
240000,Apartment,1,1,3200,"Al Faisaliyah, Central Jeddah, Jeddah"
270000,Apartment,2,3,3200,"Al Faisaliyah, Central Jeddah, Jeddah"
494000,Apartment,4,4,3200,"Al Faisaliyah, Central Jeddah, Jeddah"
240000,Apartment,1,1,3200,"Al Faisaliyah, Central Jeddah, Jeddah"
494000,Apartment,4,4,3200,"Al Faisaliyah, Central Jeddah, Jeddah"
1130000,Apartment,6,5,660,"Al Salamah, North Jeddah, Jeddah"
550000,Apartment,2,2,600,"Al Nahdah, North Jeddah, Jeddah"
625000,Apartment,3,3,696,"Al Nahdah, North Jeddah, Jeddah"
1250000,Apartment,8,8,3200,"Al Faisaliyah, Central Jeddah, Jeddah"
475000,Apartment,3,4,660,"Al Salamah, North Jeddah, Jeddah"
480000,Apartment,2,3,2400,"Al Rawdah, North Jeddah, Jeddah"
550000,Apartment,2,2,600,"Al Nahdah, North Jeddah, Jeddah"
550000,Apartment,3,4,763,"Al Nahdah, North Jeddah, Jeddah"
294000,Apartment,2,2,726,"Al Safa, North Jeddah, Jeddah"
1850000,Apartment,6,6,2000,"Al Nahdah, North Jeddah, Jeddah"
1550000,Apartment,6,5,235,"Al Zahraa, North Jeddah, Jeddah"
1450000,Apartment,6,4,203,"Al Zahraa, North Jeddah, Jeddah"
800000,Apartment,3,4,467,"Al Zahraa, North Jeddah, Jeddah"
1250000,Apartment,6,6,728,"Al Zahraa, North Jeddah, Jeddah"
1700000,Apartment,6,6,2000,"Al Nahdah, North Jeddah, Jeddah"
625000,Apartment,3,3,696,"Al Nahdah, North Jeddah, Jeddah"
1150000,Apartment,5,4,696,"Al Nahdah, North Jeddah, Jeddah"
950000,Apartment,4,3,127,"Al Zahraa, North Jeddah, Jeddah"
850000,Apartment,3,4,467,"Al Zahraa, North Jeddah, Jeddah"
600000,Apartment,3,3,124,"Al Zahraa, North Jeddah, Jeddah"
1700000,Apartment,5,4,2000,"Al Nahdah, North Jeddah, Jeddah"
1550000,Apartment,6,5,235,"Al Zahraa, North Jeddah, Jeddah"
1200000,Apartment,6,6,728,"Al Zahraa, North Jeddah, Jeddah"
600000,Apartment,3,3,728,"Al Zahraa, North Jeddah, Jeddah"
1200000,Apartment,6,6,728,"Al Zahraa, North Jeddah, Jeddah"
1250000,Apartment,6,6,696,"Al Nahdah, North Jeddah, Jeddah"
625000,Apartment,3,3,140,"Al Nahdah, North Jeddah, Jeddah"
680000,Apartment,5,3,161,"Al Marwah, North Jeddah, Jeddah"
750000,Apartment,4,3,167,"Al Marwah, North Jeddah, Jeddah"
540000,Apartment,4,3,131,"Al Marwah, North Jeddah, Jeddah"
3200000,Villa,6,6,383,"Qurtubah, East Riyadh, Riyadh"
6500000,Villa,4,5,600,"Al Arid, North Riyadh, Riyadh"
680000,Apartment,4,3,137,"Al Salamah, North Jeddah, Jeddah"
650000,Apartment,5,3,161,"Batha Quraysh, Makkah"
650000,Apartment,5,3,162,"Batha Quraysh, Makkah"
630000,Apartment,5,3,191,"Governmental1, Jeddah"
3500000,Villa,7,7,408,"Qurtubah, East Riyadh, Riyadh"
1300000,Floor,4,4,307,"Al Janadriyah, East Riyadh, Riyadh"
1450000,Apartment,4,3,4980,"Qurtubah, East Riyadh, Riyadh"
550000,Apartment,5,3,197,"Ash Shamiya Al Jadid, Makkah"
770000,Apartment,3,3,1414,"Dhahrat Laban, West Riyadh, Riyadh"
950000,Villa,6,4,203,"Al Waha, North Jeddah, Jeddah"
700000,Apartment,3,3,118,"Al Rimal, East Riyadh, Riyadh"
850000,Floor,4,3,155,"Al Rimal, East Riyadh, Riyadh"
1850000,Villa,6,6,453,"Al Rimal, East Riyadh, Riyadh"
1000000,Floor,4,4,177,"Al Bayan Neighborhood, East Riyadh, Riyadh"
1300000,Floor,4,4,315,"Al Janadriyah, East Riyadh, Riyadh"
600000,Apartment,5,4,163,"As Salamah, Makkah"
535000,Apartment,4,3,144,"Al Marwah, North Jeddah, Jeddah"
1600000,Villa,8,6,412,"Al Yaqout, North Jeddah, Jeddah"
600000,Apartment,5,4,163,"As Salamah, Makkah"
750000,Floor,4,4,538,"Al Murjan, East Riyadh, Riyadh"
750000,Apartment,4,3,120,"Al Rawdah, North Jeddah, Jeddah"
750000,Apartment,4,3,120,"Al Rawdah, North Jeddah, Jeddah"
2800000,Villa,7,9,312,"Al Rimal, East Riyadh, Riyadh"
680000,Apartment,5,3,161,"Al Marwah, North Jeddah, Jeddah"
800000,Apartment,2,2,72,"Al Munsiyah, East Riyadh, Riyadh"
1750000,Villa,4,4,222,"Al Munsiyah, East Riyadh, Riyadh"
1750000,Villa,4,4,222,"Al Munsiyah, East Riyadh, Riyadh"
2500000,Villa,11,8,494,"Al Uraija Al Gharbiyah, West Riyadh, Riyadh"
600000,Apartment,5,3,179,"Al Rayaan, North Jeddah, Jeddah"
900000,Villa,8,6,235,"Al Qashashia Al Jadid, Makkah"
950000,Villa,8,6,235,"Al Qashashia Al Jadid, Makkah"
1300000,Villa,9,7,254,"Taiba District, North Jeddah, Jeddah"
470000,Apartment,5,3,136,"Al Mraikh, North Jeddah, Jeddah"
750000,Apartment,6,4,185,"Al Shawqiyyah, Makkah"
1700000,Villa,6,7,312,"Al Zumorrud, North Jeddah, Jeddah"
970000,Apartment,4,5,1200,"Dhahrat Laban, West Riyadh, Riyadh"
3200000,Villa,8,7,383,"Qurtubah, East Riyadh, Riyadh"
450000,Apartment,3,2,102,"Al Marwah, North Jeddah, Jeddah"
650000,Apartment,5,3,164,"Al Rehab, North Jeddah, Jeddah"
650000,Apartment,5,3,164,"Al Rehab, North Jeddah, Jeddah"
650000,Apartment,5,3,164,"Al Rehab, North Jeddah, Jeddah"
650000,Apartment,5,3,164,"Al Rehab, North Jeddah, Jeddah"
650000,Apartment,5,4,164,"Al Rehab, North Jeddah, Jeddah"
540000,Apartment,4,3,131,"Al Marwah, North Jeddah, Jeddah"
670000,Apartment,5,3,162,"Al Nuzhah, North Jeddah, Jeddah"
680000,Apartment,5,3,161,"Al Marwah, North Jeddah, Jeddah"
800000,Apartment,4,3,72,"Al Munsiyah, East Riyadh, Riyadh"
1750000,Villa,6,5,222,"Al Munsiyah, East Riyadh, Riyadh"
1150000,Apartment,4,3,134,"Al Munsiyah, East Riyadh, Riyadh"
1350000,Floor,5,4,196,"Al Munsiyah, East Riyadh, Riyadh"
1600000,Floor,6,5,223,"Al Munsiyah, East Riyadh, Riyadh"
1350000,Floor,5,4,196,"Al Munsiyah, East Riyadh, Riyadh"
3050000,Villa,5,4,390,"Al Nahdah, East Riyadh, Riyadh"
540000,Apartment,4,3,131,"Al Marwah, North Jeddah, Jeddah"
780000,Apartment,3,3,150,"Al Rimal, East Riyadh, Riyadh"
3600000,Villa,6,8,320,"Al Munsiyah, East Riyadh, Riyadh"
620000,Apartment,5,3,183,"Al Jisr, Al Khobar"
640000,Apartment,3,3,184,"Al Jisr, Al Khobar"
2300000,Apartment,8,5,147,"Al Rawdah, North Jeddah, Jeddah"
3200000,Villa,6,6,383,"Qurtubah, East Riyadh, Riyadh"
680000,Apartment,5,3,161,"Al Marwah, North Jeddah, Jeddah"
750000,Apartment,4,4,167,"Al Marwah, North Jeddah, Jeddah"
750000,Apartment,4,4,167,"Al Marwah, North Jeddah, Jeddah"
750000,Apartment,4,4,167,"Al Marwah, North Jeddah, Jeddah"
680000,Apartment,5,3,161,"Al Marwah, North Jeddah, Jeddah"
540000,Apartment,4,3,131,"Al Marwah, North Jeddah, Jeddah"
1400000,Villa,5,5,200,"Dhahrat Laban, West Riyadh, Riyadh"
1550000,Apartment,5,5,213,"Al Salamah, North Jeddah, Jeddah"
680000,Apartment,5,3,161,"Al Marwah, North Jeddah, Jeddah"
680000,Apartment,5,3,161,"Al Marwah, North Jeddah, Jeddah"
2000000,Villa,6,6,264,"Al Rimal, East Riyadh, Riyadh"
1350000,Floor,3,3,185,"Al Munsiyah, East Riyadh, Riyadh"
680000,Apartment,5,3,161,"Al Marwah, North Jeddah, Jeddah"
640000,Apartment,5,4,154,"Al Waha, North Jeddah, Jeddah"
1350000,Floor,4,3,185,"Al Munsiyah, East Riyadh, Riyadh"
680000,Apartment,5,3,161,"Al Marwah, North Jeddah, Jeddah"
680000,Apartment,5,3,161,"Al Marwah, North Jeddah, Jeddah"
680000,Apartment,5,3,161,"Al Marwah, North Jeddah, Jeddah"
680000,Apartment,5,3,161,"Al Marwah, North Jeddah, Jeddah"
3300000,Villa,5,7,345,"Obhur Al Shamaliyah, North Jeddah, Jeddah"
3500000,Villa,9,8,357,"Qurtubah, East Riyadh, Riyadh"
5200000,Villa,6,6,319,"Al Narjis, North Riyadh, Riyadh"
680000,Apartment,5,3,161,"Al Marwah, North Jeddah, Jeddah"
680000,Apartment,5,3,161,"Al Marwah, North Jeddah, Jeddah"
550000,Apartment,5,4,217,"Ar Rehab 3, Jazan"
1300000,Villa,9,6,347,"Al Buhayrat, Makkah"
660000,Apartment,5,3,210,"Ar Rehab 3, Jazan"
370000,Apartment,3,3,145,"Al Suways 1, Jazan"
550000,Apartment,5,4,217,"Ar Rehab 3, Jazan"
750000,Apartment,4,4,167,"Al Marwah, North Jeddah, Jeddah"
2300000,Villa,7,6,318,"Al Saadah, East Riyadh, Riyadh"
2300000,Villa,7,7,319,"Al Saadah, East Riyadh, Riyadh"
800000,Floor,3,4,205,"Al Janadriyah, East Riyadh, Riyadh"
750000,Apartment,4,3,450,"Al Mahdiyah, West Riyadh, Riyadh"
790000,Apartment,4,6,450,"Al Mahdiyah, West Riyadh, Riyadh"
800000,Apartment,4,4,450,"Al Mahdiyah, West Riyadh, Riyadh"
770000,Apartment,4,5,450,"Al Mahdiyah, West Riyadh, Riyadh"
800000,Apartment,4,3,450,"Al Mahdiyah, West Riyadh, Riyadh"
732000,Apartment,5,4,225,"Governmental1, Jeddah"
470000,Apartment,3,4,186,"Al Manar, North Jeddah, Jeddah"
540000,Apartment,4,3,131,"Al Marwah, North Jeddah, Jeddah"
490000,Floor,5,3,160,"Badr, South Riyadh, Riyadh"
630000,Floor,5,3,201,"Badr, South Riyadh, Riyadh"
1750000,Villa,7,9,312,"Al Yaqout, North Jeddah, Jeddah"
680000,Apartment,5,4,161,"Al Marwah, North Jeddah, Jeddah"
670000,Apartment,5,3,162,"Al Nuzhah, North Jeddah, Jeddah"
750000,Apartment,4,4,167,"Al Marwah, North Jeddah, Jeddah"
1550000,Floor,4,5,206,"Al Munsiyah, East Riyadh, Riyadh"
1550000,Floor,5,5,251,"Al Khaleej, East Riyadh, Riyadh"
2000000,Villa,5,6,276,"Al Maizilah, East Riyadh, Riyadh"
2300000,Villa,5,5,420,"Al Bayan Neighborhood, East Riyadh, Riyadh"
950000,Apartment,5,4,120,"Al Nahdah, East Riyadh, Riyadh"
800000,Floor,4,4,206,"Al Janadriyah, East Riyadh, Riyadh"
780000,Floor,7,5,223,"Al Muhammadiyah 2, Jazan"
1200000,Floor,4,3,233,"Al Rimal, East Riyadh, Riyadh"
1500000,Villa,6,4,275,"Al Hazm, West Riyadh, Riyadh"
550000,Apartment,3,3,128,"Al Zahrah, West Riyadh, Riyadh"
490000,Apartment,4,3,184,"Al Suways 2, Jazan"
2350000,Villa,5,5,250,"Al Yarmuk, East Riyadh, Riyadh"
530000,Apartment,5,3,198,"Al Suways 1, Jazan"
500000,Apartment,4,4,199,"Badr, South Riyadh, Riyadh"
700000,Apartment,4,3,136,"Al Rehab, North Jeddah, Jeddah"
590000,Apartment,4,3,138,"Al Safa, North Jeddah, Jeddah"
800000,Apartment,7,5,630,"Badr, South Riyadh, Riyadh"
1070000,Villa,5,5,269,"Tuwaiq, West Riyadh, Riyadh"
5500000,Apartment,2,3,217,"Al Shati, North Jeddah, Jeddah"
2850000,Floor,4,4,206,"Al Munsiyah, East Riyadh, Riyadh"
680000,Apartment,5,3,161,"Al Marwah, North Jeddah, Jeddah"
1850000,Floor,5,3,4980,"Qurtubah, East Riyadh, Riyadh"
1450000,Villa,9,6,300,"Al Rahmanyah, North Jeddah, Jeddah"
1100000,Floor,3,4,141,"Al Munsiyah, East Riyadh, Riyadh"
1500000,Floor,4,5,234,"Al Khaleej, East Riyadh, Riyadh"
2100000,Villa,7,5,328,"Al Rimal, East Riyadh, Riyadh"
700000,Apartment,5,3,4115,"Al Rayaan, North Jeddah, Jeddah"
3200000,Villa,7,7,4980,"Qurtubah, East Riyadh, Riyadh"
1050000,Villa,9,6,441,"Al Shati, Jazan"
8000000,Villa,6,5,537,"Al Narjis, North Riyadh, Riyadh"
1650000,Floor,7,5,217,"Al Yarmuk, East Riyadh, Riyadh"
1300000,Floor,7,4,222,"Al Qadisiyah, East Riyadh, Riyadh"
3200000,Villa,6,6,4980,"Qurtubah, East Riyadh, Riyadh"
770000,Apartment,3,3,150,"Al Rimal, East Riyadh, Riyadh"
539000,Apartment,2,3,135,"Okaz, South Riyadh, Riyadh"
720000,Apartment,6,4,197,"Al Shawqiyyah, Makkah"
650000,Apartment,5,3,164,"Al Rehab, North Jeddah, Jeddah"
4090000,Villa,8,6,400,"Sidra, Riyadh"
1200000,Apartment,3,3,167,"Al Munsiyah, East Riyadh, Riyadh"
1500000,Floor,3,5,234,"Al Khaleej, East Riyadh, Riyadh"
1650000,Floor,3,4,4980,"Qurtubah, East Riyadh, Riyadh"
1200000,Apartment,3,3,167,"Al Munsiyah, East Riyadh, Riyadh"
2100000,Villa,6,7,328,"Al Rimal, East Riyadh, Riyadh"
1450000,Floor,5,4,252,"Al Qadisiyah, East Riyadh, Riyadh"
1100000,Rest House,3,2,625,"Al Salam, Madina"
950000,Villa,6,4,220,"Nubala, Madina"
1150000,Villa,5,4,262,"Nubala, Madina"
920000,Villa,6,5,200,"Nubala, Madina"
2500000,Villa,5,5,400,"King Fahd, Makkah"
1300000,Floor,3,4,412,"Al Nahdah, East Riyadh, Riyadh"
785000,Floor,4,3,192,"Okaz, South Riyadh, Riyadh"
4300000,Residential Building,4,4,925,"Okaz, South Riyadh, Riyadh"
1450000,Apartment,6,4,216,"Al Zahraa, North Jeddah, Jeddah"
5400000,Villa,11,5,450,"Al Narjis, North Riyadh, Riyadh"
650000,Apartment,5,3,164,"Al Rehab, North Jeddah, Jeddah"
480000,Apartment,4,4,750,"Al Nuzhah, North Jeddah, Jeddah"
2000000,Villa,6,5,276,"Al Maizilah, East Riyadh, Riyadh"
1000000,Floor,2,3,185,"Al Munsiyah, East Riyadh, Riyadh"
550000,Apartment,3,3,122,"Batha Quraysh, Makkah"
1400000,Apartment,5,3,197,"Al Shawqiyyah, Makkah"
920000,Floor,3,4,160,"Al Hazm, West Riyadh, Riyadh"
920000,Apartment,4,3,172,"Al Rawdah, North Jeddah, Jeddah"
780000,Apartment,4,3,136,"Al Rawdah, North Jeddah, Jeddah"
900000,Floor,4,4,279,"Tuwaiq, West Riyadh, Riyadh"
1450000,Villa,6,6,300,"Al Rahmanyah, North Jeddah, Jeddah"
3450000,Villa,5,4,500,"Al Qadisiyah, East Riyadh, Riyadh"
1950000,Villa,5,6,241,"Al Sheraa, North Jeddah, Jeddah"
1800000,Apartment,3,4,139,"Al Munsiyah, East Riyadh, Riyadh"
829000,Apartment,5,3,194,"Al Marwah, North Jeddah, Jeddah"
499000,Apartment,3,3,127,"Al Rayaan, North Jeddah, Jeddah"
700000,Apartment,6,3,165,"Al Nuzhah, North Jeddah, Jeddah"
2200000,Villa,5,4,300,"Ishbiliyah, East Riyadh, Riyadh"
680000,Apartment,4,1,133,"Al Faisaliyah, Central Jeddah, Jeddah"
720000,Apartment,3,4,129,"Al Qadisiyah, East Riyadh, Riyadh"
680000,Apartment,5,3,161,"Al Marwah, North Jeddah, Jeddah"
595000,Apartment,5,3,163,"Al Rabwa, North Jeddah, Jeddah"
650000,Apartment,6,6,379,"Al Zuhur, Abha"
680000,Apartment,5,3,210,"Ar Rehab 1, Jazan"
750000,Apartment,5,3,900,"Dhahrat Laban, West Riyadh, Riyadh"
750000,Apartment,4,3,167,"Al Marwah, North Jeddah, Jeddah"
1650000,Floor,3,3,198,"Qurtubah, East Riyadh, Riyadh"
450000,Apartment,3,3,165,"Al Jawhara, Dammam"
640000,Apartment,6,4,208,"Al Rayaan, North Jeddah, Jeddah"
868000,Apartment,3,3,132,"Al Munsiyah, East Riyadh, Riyadh"
868000,Apartment,2,3,132,"Al Munsiyah, East Riyadh, Riyadh"
4900000,Building,10,10,500,"Al Naim, North Jeddah, Jeddah"
2000000,Villa,6,7,200,"Al Mahdiyah, West Riyadh, Riyadh"
700000,Apartment,4,2,135,"Dhahrat Laban, West Riyadh, Riyadh"
620000,Apartment,2,3,166,"Dhahrat Laban, West Riyadh, Riyadh"
770000,Apartment,4,3,630,"Badr, South Riyadh, Riyadh"
670000,Apartment,3,2,93,"Al Saadah, East Riyadh, Riyadh"
770000,Apartment,4,4,630,"Badr, South Riyadh, Riyadh"
860000,Floor,3,3,500,"Shubra, West Riyadh, Riyadh"
760000,Floor,3,3,214,"Badr, South Riyadh, Riyadh"
1350000,Floor,5,4,1056,"Al Yarmuk, East Riyadh, Riyadh"
440000,Apartment,4,3,128,"Al Mraikh, North Jeddah, Jeddah"
860000,Floor,4,3,500,"Shubra, West Riyadh, Riyadh"
3500000,Villa,8,7,300,"Al Sahafah, North Riyadh, Riyadh"
620000,Apartment,3,3,111,"Al Naim, North Jeddah, Jeddah"
2700000,Villa,8,7,375,"Al Mahdiyah, West Riyadh, Riyadh"
7000000,Rest House,4,4,2520,"Al Rimal, East Riyadh, Riyadh"
850000,Apartment,3,3,183,"Al Manar, North Jeddah, Jeddah"
1650000,Villa,6,7,396,"Ash Shamiya Al Jadid, Makkah"
1050000,Floor,3,3,141,"Al Munsiyah, East Riyadh, Riyadh"
950000,Floor,4,3,199,"Al Qadisiyah, East Riyadh, Riyadh"
1550000,Floor,3,3,206,"Al Munsiyah, East Riyadh, Riyadh"
1070000,Apartment,3,3,991,"Al Munsiyah, East Riyadh, Riyadh"
1650000,Floor,3,4,195,"Qurtubah, East Riyadh, Riyadh"
1550000,Floor,4,5,206,"Al Munsiyah, East Riyadh, Riyadh"
1000000,Floor,4,4,168,"Al Rimal, East Riyadh, Riyadh"
950000,Floor,3,4,244,"Al Janadriyah, East Riyadh, Riyadh"
1350000,Floor,4,3,206,"Al Munsiyah, East Riyadh, Riyadh"
1350000,Floor,5,4,1056,"Al Yarmuk, East Riyadh, Riyadh"
1550000,Floor,4,4,183,"Al Munsiyah, East Riyadh, Riyadh"
1200000,Floor,3,4,505,"Al Qadisiyah, East Riyadh, Riyadh"
620000,Apartment,5,3,179,"Al Nuzhah, North Jeddah, Jeddah"
760000,Floor,3,3,181,"Badr, South Riyadh, Riyadh"
730000,Apartment,4,3,112,"Al Rawdah, North Jeddah, Jeddah"
1550000,Floor,3,4,206,"Al Munsiyah, East Riyadh, Riyadh"
1150000,Floor,3,3,393,"Al Nahdah, East Riyadh, Riyadh"
2350000,Villa,5,7,250,"Al Yarmuk, East Riyadh, Riyadh"
1900000,Apartment,3,3,179,"Al Salamah, North Jeddah, Jeddah"
2400000,Villa,5,6,600,"Al Mahdiyah, West Riyadh, Riyadh"
950000,Apartment,3,5,226,"Al Hamraa, Central Jeddah, Jeddah"
360000,Apartment,2,2,126,"Okaz, South Riyadh, Riyadh"
1350000,Floor,3,4,185,"Al Munsiyah, East Riyadh, Riyadh"
1350000,Floor,3,4,185,"Al Munsiyah, East Riyadh, Riyadh"
1350000,Floor,3,5,185,"Al Munsiyah, East Riyadh, Riyadh"
12000000,Villa,5,7,412,"Hittin, North Riyadh, Riyadh"
440000,Apartment,4,3,125,"Al Rayaan, North Jeddah, Jeddah"
680000,Apartment,5,3,136,"Al Salamah, North Jeddah, Jeddah"
1650000,Villa,5,7,274,"Al Rimal, East Riyadh, Riyadh"
670000,Apartment,5,3,186,"King Fahd, Makkah"
670000,Apartment,5,3,162,"Al Nuzhah, North Jeddah, Jeddah"
780000,Apartment,4,3,136,"Al Rawdah, North Jeddah, Jeddah"
2500000,Villa,6,6,370,"Al Munsiyah, East Riyadh, Riyadh"
2500000,Villa,4,3,370,"Al Munsiyah, East Riyadh, Riyadh"
2470000,Villa,4,7,250,"Al Yarmuk, East Riyadh, Riyadh"
2450000,Villa,4,5,250,"Al Yarmuk, East Riyadh, Riyadh"
1550000,Floor,4,5,206,"Al Munsiyah, East Riyadh, Riyadh"
2900000,Villa,6,9,395,"Al Sheraa, Al Khobar"
750000,Floor,3,3,206,"Al Janadriyah, East Riyadh, Riyadh"
2450000,Villa,4,6,250,"Al Yarmuk, East Riyadh, Riyadh"
1900000,Apartment,3,3,179,"Al Salamah, North Jeddah, Jeddah"
908000,Apartment,4,3,159,"Al Qadisiyah, East Riyadh, Riyadh"
1600000,Villa,4,6,264,"Al Janadriyah, East Riyadh, Riyadh"
880000,Villa,5,3,125,"Al Rimal, East Riyadh, Riyadh"
2500000,Villa,5,5,370,"Al Munsiyah, East Riyadh, Riyadh"
730000,Apartment,4,3,112,"Al Rawdah, North Jeddah, Jeddah"
1650000,Apartment,3,3,133,"Al Aqiq, North Riyadh, Riyadh"
395000,Apartment,3,3,103,"Al Jameah District, South Jeddah, Jeddah"
2100000,Villa,6,6,240,"Al Khaleej, East Riyadh, Riyadh"
780000,Floor,8,6,259,"Okaz, South Riyadh, Riyadh"
2400000,Villa,5,5,250,"Al Yarmuk, East Riyadh, Riyadh"
800000,Floor,3,3,131,"Al Saadah, East Riyadh, Riyadh"
1050000,Floor,3,3,131,"Al Munsiyah, East Riyadh, Riyadh"
1800000,Villa,3,4,285,"Al Qadisiyah, East Riyadh, Riyadh"
2500000,Villa,6,6,250,"Al Yarmuk, East Riyadh, Riyadh"
2600000,Villa,5,7,250,"King Faisal, East Riyadh, Riyadh"
2000000,Villa,3,4,275,"Al Rimal, East Riyadh, Riyadh"
650000,Apartment,5,4,550,"Al Rahmanyah, North Jeddah, Jeddah"
1400000,Villa,4,3,528,"Al Yarmuk, East Riyadh, Riyadh"
800000,Apartment,3,3,393,"Al Nahdah, East Riyadh, Riyadh"
1150000,Floor,4,3,393,"Al Nahdah, East Riyadh, Riyadh"
1000000,Floor,3,4,292,"Al Qadisiyah, East Riyadh, Riyadh"
2500000,Villa,5,5,390,"Al Rimal, East Riyadh, Riyadh"
1500000,Floor,3,3,186,"Al Narjis, North Riyadh, Riyadh"
730000,Apartment,5,3,130,"Al Naim, North Jeddah, Jeddah"
900000,Floor,4,5,300,"Al Qadisiyah, East Riyadh, Riyadh"
1550000,Floor,5,4,206,"Al Munsiyah, East Riyadh, Riyadh"
1350000,Floor,3,3,185,"Al Munsiyah, East Riyadh, Riyadh"
1750000,Floor,3,4,360,"Al Narjis, North Riyadh, Riyadh"
2200000,Villa,5,7,296,"Al Qadisiyah, East Riyadh, Riyadh"
1150000,Floor,3,3,193,"Al Qadisiyah, East Riyadh, Riyadh"
1650000,Floor,4,3,195,"Qurtubah, East Riyadh, Riyadh"
1700000,Floor,3,4,195,"Qurtubah, East Riyadh, Riyadh"
680000,Apartment,5,3,136,"Al Salamah, North Jeddah, Jeddah"
1100000,Floor,3,3,132,"Al Munsiyah, East Riyadh, Riyadh"
1300000,Apartment,3,4,160,"Al Munsiyah, East Riyadh, Riyadh"
4000000,Rest House,2,1,1120,"Al Bayan Neighborhood, East Riyadh, Riyadh"
3400000,Villa,4,6,300,"Al Mahdiyah, West Riyadh, Riyadh"
17500000,Residential Building,2,2,1080,"Al Sahafah, North Riyadh, Riyadh"
1275000,Floor,4,3,147,"Al Safa, East Riyadh, Riyadh"
5500000,Rest House,5,2,750,"Al Narjis, North Riyadh, Riyadh"
2350000,Villa,4,5,250,"Al Yarmuk, East Riyadh, Riyadh"
1100000,Floor,4,3,131,"Al Munsiyah, East Riyadh, Riyadh"
740000,Apartment,5,3,130,"Al Naim, North Jeddah, Jeddah"
680000,Apartment,5,3,137,"Al Salamah, North Jeddah, Jeddah"
1150000,Floor,2,2,292,"Al Qadisiyah, East Riyadh, Riyadh"
2200000,Villa,4,7,225,"Al Mahdiyah, West Riyadh, Riyadh"
3300000,Villa,5,7,300,"Al Mahdiyah, West Riyadh, Riyadh"
2400000,Villa,6,5,225,"Al Mahdiyah, West Riyadh, Riyadh"
1350000,Floor,4,5,185,"Al Munsiyah, East Riyadh, Riyadh"
2500000,Villa,6,6,225,"Al Mahdiyah, West Riyadh, Riyadh"
750000,Floor,1,4,205,"Al Janadriyah, East Riyadh, Riyadh"
2150000,Villa,4,6,294,"Al Qusor, Dammam"
1150000,Floor,6,5,222,"Al Qadisiyah, East Riyadh, Riyadh"
1050000,Floor,3,4,168,"Al Qadisiyah, East Riyadh, Riyadh"
1350000,Floor,3,3,188,"Al Munsiyah, East Riyadh, Riyadh"
2400000,Villa,6,6,250,"Al Munsiyah, East Riyadh, Riyadh"
1200000,Floor,4,3,220,"Al Rimal, East Riyadh, Riyadh"
4200000,Villa,5,7,360,"Al Narjis, North Riyadh, Riyadh"
1300000,Villa,6,9,415,"Al Sawari, Al Khobar"
3000000,Villa,5,7,375,"Obhur Al Shamaliyah, North Jeddah, Jeddah"
2650000,Villa,7,6,313,"Al Rimal, East Riyadh, Riyadh"
800000,Floor,4,5,193,"Tuwaiq, West Riyadh, Riyadh"
550000,Apartment,3,3,128,"Al Zahrah, West Riyadh, Riyadh"
860000,Floor,3,3,500,"Shubra, West Riyadh, Riyadh"
880000,Apartment,4,3,166,"Al Qadisiyah, East Riyadh, Riyadh"
730000,Apartment,4,3,112,"Al Rawdah, North Jeddah, Jeddah"
730000,Apartment,2,3,125,"Al Qadisiyah, East Riyadh, Riyadh"
2400000,Villa,5,6,250,"Al Yarmuk, East Riyadh, Riyadh"
2450000,Villa,5,5,250,"Al Yarmuk, East Riyadh, Riyadh"
5000000,Villa,6,5,650,"Al Yasmin, North Riyadh, Riyadh"
4200000,Villa,3,4,362,"Al Yasmin, North Riyadh, Riyadh"
1850000,Floor,4,3,201,"Qurtubah, East Riyadh, Riyadh"
1200000,Floor,4,3,375,"Al Maizilah, East Riyadh, Riyadh"
1100000,Villa,4,3,189,"Al Qadisiyah, East Riyadh, Riyadh"
880000,Apartment,4,4,175,"Al Qadisiyah, East Riyadh, Riyadh"
2400000,Villa,6,6,336,"Al Qadisiyah, East Riyadh, Riyadh"
1000000,Floor,4,3,193,"Al Qadisiyah, East Riyadh, Riyadh"
1000000,Villa,4,4,215,"Al Janadriyah, East Riyadh, Riyadh"
740000,Floor,3,3,158,"Alawali, West Riyadh, Riyadh"
670000,Apartment,5,3,188,"Al Shawqiyyah, Makkah"
660000,Apartment,5,3,203,"Al Shawqiyyah, Makkah"
700000,Apartment,5,3,195,"Al Shawqiyyah, Makkah"
690000,Apartment,4,3,165,"King Fahd, Makkah"
1100000,Floor,3,3,131,"Al Munsiyah, East Riyadh, Riyadh"
1050000,Floor,2,2,131,"Al Munsiyah, East Riyadh, Riyadh"
1380000,Floor,5,4,168,"Al Munsiyah, East Riyadh, Riyadh"
1200000,Floor,3,3,242,"Al Qadisiyah, East Riyadh, Riyadh"
1350000,Floor,4,3,500,"Al Munsiyah, East Riyadh, Riyadh"
600000,Apartment,4,3,174,"Al Bayan Neighborhood, East Riyadh, Riyadh"
660000,Apartment,7,4,181,"Al Rayaan, North Jeddah, Jeddah"
3200000,Villa,7,6,4980,"Qurtubah, East Riyadh, Riyadh"
639000,Apartment,2,2,247,"Al Hamraa, Central Jeddah, Jeddah"
670000,Apartment,4,3,111,"Al Rawdah, North Jeddah, Jeddah"
680000,Apartment,5,3,150,"Al Salamah, North Jeddah, Jeddah"
650000,Apartment,4,3,116,"Al Salamah, North Jeddah, Jeddah"
700000,Apartment,5,3,146,"Al Salamah, North Jeddah, Jeddah"
250000,Apartment,2,2,706,"Al Mraikh, North Jeddah, Jeddah"
1300000,Apartment,3,3,124,"Al Yasmin, North Riyadh, Riyadh"
2150000,Villa,5,5,437,"Al Buhairah, Al Khobar"
1700000,Apartment,3,3,135,"Hittin, North Riyadh, Riyadh"
750000,Apartment,2,2,133,"Laban, West Riyadh, Riyadh"
2450000,Apartment,3,3,124,"Al Malqa, North Riyadh, Riyadh"
8000000,Villa,10,7,800,"Al Khaleej, East Riyadh, Riyadh"
575000,Apartment,5,3,150,"Al Marwah, North Jeddah, Jeddah"
1700000,Villa,4,6,249,"Al Sawari, North Jeddah, Jeddah"
1000000,Apartment,4,3,194,"Al Nahdah, East Riyadh, Riyadh"
2100000,Apartment,2,2,92,"Al Olaya, North Riyadh, Riyadh"
320000,Apartment,3,3,659,"Al Mraikh, North Jeddah, Jeddah"
320000,Apartment,3,3,659,"Al Mraikh, North Jeddah, Jeddah"
3500000,Villa,5,5,500,"Al Malaz, Central Riyadh, Riyadh"
555000,Apartment,3,2,181,"Tuwaiq, West Riyadh, Riyadh"
570000,Apartment,5,3,167,"Al Waha, North Jeddah, Jeddah"
750000,Apartment,4,4,167,"Al Marwah, North Jeddah, Jeddah"
2500000,Villa,6,6,304,"Al Fayha, East Riyadh, Riyadh"
520000,Floor,4,4,222,"Badr, South Riyadh, Riyadh"
510000,Apartment,4,3,144,"Al Hazm, West Riyadh, Riyadh"
750000,Apartment,4,4,167,"Al Marwah, North Jeddah, Jeddah"
750000,Apartment,4,3,167,"Al Marwah, North Jeddah, Jeddah"
580000,Floor,6,4,184,"Badr, South Riyadh, Riyadh"
1000000,Floor,4,4,171,"Al Janadriyah, East Riyadh, Riyadh"
1550000,Floor,6,3,213,"Ishbiliyah, East Riyadh, Riyadh"
2000000,Floor,6,4,149,"Al Olaya, North Riyadh, Riyadh"
1400000,Apartment,5,3,209,"Al Munsiyah, East Riyadh, Riyadh"
1700000,Floor,6,3,242,"Al Munsiyah, East Riyadh, Riyadh"
250000,Apartment,2,2,706,"Al Mraikh, North Jeddah, Jeddah"
250000,Apartment,2,2,706,"Al Mraikh, North Jeddah, Jeddah"
2500000,Villa,4,6,446,"Al Mahdiyah, West Riyadh, Riyadh"
2500000,Villa,6,8,446,"Al Mahdiyah, West Riyadh, Riyadh"
2500000,Villa,5,6,446,"Al Mahdiyah, West Riyadh, Riyadh"
1000000,Apartment,3,3,165,"Al Rimal, East Riyadh, Riyadh"
2200000,Villa,4,6,200,"Al Mahdiyah, West Riyadh, Riyadh"
2050000,Villa,4,6,450,"Al Mahdiyah, West Riyadh, Riyadh"
450000,Apartment,3,2,102,"Al Marwah, North Jeddah, Jeddah"
1600000,Floor,5,5,292,"Al Rimal, East Riyadh, Riyadh"
990000,Floor,5,5,177,"Al Rimal, East Riyadh, Riyadh"
580000,Apartment,4,4,134,"Al Rabwa, North Jeddah, Jeddah"
700000,Apartment,5,3,187,"Al Mraikh, North Jeddah, Jeddah"
650000,Apartment,3,2,108,"Al Rawdah, North Jeddah, Jeddah"
1800000,Villa,6,5,400,"Al Ajwad, North Jeddah, Jeddah"
6000000,Villa,6,10,300,"Irqah, West Riyadh, Riyadh"
2830000,Villa,5,4,345,"Qurtubah, East Riyadh, Riyadh"
1850000,Floor,5,4,186,"Qurtubah, East Riyadh, Riyadh"
1850000,Floor,5,4,186,"Qurtubah, East Riyadh, Riyadh"
1850000,Floor,5,4,186,"Qurtubah, East Riyadh, Riyadh"
1650000,Floor,5,4,190,"Qurtubah, East Riyadh, Riyadh"
2750000,Villa,8,8,376,"Al Yarmuk, East Riyadh, Riyadh"
2200000,Floor,6,5,237,"Qurtubah, East Riyadh, Riyadh"
1900000,Floor,6,5,220,"Qurtubah, East Riyadh, Riyadh"
1650000,Floor,4,5,183,"Al Munsiyah, East Riyadh, Riyadh"
1500000,Villa,6,9,437,"Al Sheraa, Al Khobar"
3200000,Villa,7,8,450,"Al Mahdiyah, West Riyadh, Riyadh"
3200000,Villa,6,7,418,"Al Mahdiyah, West Riyadh, Riyadh"
4000000,Villa,7,9,450,"Al Mahdiyah, West Riyadh, Riyadh"
900000,Apartment,3,4,478,"Al Mahdiyah, West Riyadh, Riyadh"
590000,Apartment,3,3,133,"Al Hazm, West Riyadh, Riyadh"
1700000,Floor,4,4,195,"Qurtubah, East Riyadh, Riyadh"
1350000,Floor,6,4,442,"Al Nahdah, East Riyadh, Riyadh"
600000,Apartment,3,4,161,"Al Hazm, West Riyadh, Riyadh"
590000,Apartment,3,3,131,"Dhahrat Laban, West Riyadh, Riyadh"
600000,Apartment,4,3,146,"Al Waha, North Jeddah, Jeddah"
850000,Apartment,6,4,207,"Al Marwah, North Jeddah, Jeddah"
780000,Apartment,4,3,133,"Al Rawdah, North Jeddah, Jeddah"
325000,Apartment,2,2,84,"Batha Quraysh, Makkah"
350000,Apartment,3,2,98,"Batha Quraysh, Makkah"
465000,Apartment,3,3,98,"Batha Quraysh, Makkah"
2400000,Villa,4,8,357,"Al Mahdiyah, West Riyadh, Riyadh"
560000,Apartment,5,4,186,"Al Rayaan, North Jeddah, Jeddah"
680000,Apartment,4,2,139,"Al Rawdah, North Jeddah, Jeddah"
1550000,Floor,3,1,211,"Al Arid, North Riyadh, Riyadh"
995000,Apartment,3,3,158,"Al Rimal, East Riyadh, Riyadh"
1250000,Villa,8,5,330,"Al Hamdaniyah, North Jeddah, Jeddah"
820000,Apartment,5,4,177,"Al Rawdah, North Jeddah, Jeddah"
930000,Apartment,4,3,123,"Dhahrat Laban, West Riyadh, Riyadh"
850000,Floor,3,4,213,"Al Janadriyah, East Riyadh, Riyadh"
2200000,Villa,5,6,360,"Al Janadriyah, East Riyadh, Riyadh"
2450000,Villa,6,7,478,"Al Mahdiyah, West Riyadh, Riyadh"
21000000,Villa,4,6,357,"Al Mahdiyah, West Riyadh, Riyadh"
2100000,Villa,5,7,418,"Al Mahdiyah, West Riyadh, Riyadh"
1450000,Villa,6,3,375,"Dahiat Namar, West Riyadh, Riyadh"
660000,Apartment,4,3,176,"Umm Hablain Al Gharbia, Jeddah"
1650000,Apartment,4,4,171,"Al Nahdah, North Jeddah, Jeddah"
650000,Apartment,4,3,137,"Al Rabwa, North Jeddah, Jeddah"
865000,Apartment,3,3,135,"Al Nahdah, North Jeddah, Jeddah"
1100000,Villa,7,8,405,"Ar Rehab, Taif"
1600000,Apartment,4,3,161,"Al Aqiq, North Riyadh, Riyadh"
3500000,Villa,6,5,357,"Qurtubah, East Riyadh, Riyadh"
9000000,Villa,11,11,806,"Al Rabwa, North Jeddah, Jeddah"
1600000,Floor,5,3,198,"Qurtubah, East Riyadh, Riyadh"
530000,Apartment,3,3,152,"Al Hazm, West Riyadh, Riyadh"
1250000,Apartment,5,4,193,"Al Rawdah, North Jeddah, Jeddah"
650000,Apartment,4,3,152,"Al Marwah, North Jeddah, Jeddah"
1250000,Floor,5,5,260,"Al Qadisiyah, East Riyadh, Riyadh"
780000,Floor,3,5,173,"Badr, South Riyadh, Riyadh"
740000,Apartment,4,4,141,"Al Salamah, North Jeddah, Jeddah"
2800000,Villa,6,6,440,"Al Buhairah, Al Khobar"
600000,Apartment,6,4,251,"Al Ranuna, Madina"
995000,Apartment,3,2,158,"Al Rimal, East Riyadh, Riyadh"
1650000,Floor,4,6,183,"Al Munsiyah, East Riyadh, Riyadh"
2350000,Villa,6,6,200,"Al Mahdiyah, West Riyadh, Riyadh"
905000,Apartment,4,4,159,"Al Qadisiyah, East Riyadh, Riyadh"
1650000,Floor,3,4,198,"Qurtubah, East Riyadh, Riyadh"
1450000,Floor,4,4,505,"Al Qadisiyah, East Riyadh, Riyadh"
2100000,Villa,5,5,328,"Al Rimal, East Riyadh, Riyadh"
3650000,Villa,6,6,324,"Al Munsiyah, East Riyadh, Riyadh"
1200000,Apartment,5,3,162,"Al Rimal, East Riyadh, Riyadh"
1650000,Floor,5,4,206,"Al Munsiyah, East Riyadh, Riyadh"
1300000,Floor,5,4,222,"Al Qadisiyah, East Riyadh, Riyadh"
1400000,Apartment,4,3,167,"Al Rimal, East Riyadh, Riyadh"
1800000,Villa,6,4,292,"Al Rimal, East Riyadh, Riyadh"
2100000,Villa,6,5,328,"Al Rimal, East Riyadh, Riyadh"
1650000,Floor,5,5,183,"Al Munsiyah, East Riyadh, Riyadh"
2750000,Villa,7,5,376,"Al Yarmuk, East Riyadh, Riyadh"
1500000,Floor,4,4,141,"Al Munsiyah, East Riyadh, Riyadh"
1650000,Floor,5,4,206,"Al Munsiyah, East Riyadh, Riyadh"
1450000,Villa,5,4,274,"Al Rimal, East Riyadh, Riyadh"
1000000,Floor,4,4,184,"Al Nahdah, East Riyadh, Riyadh"
1000000,Floor,5,4,184,"Al Nahdah, East Riyadh, Riyadh"
1150000,Apartment,5,4,178,"Al Rimal, East Riyadh, Riyadh"
1450000,Villa,5,4,274,"Al Rimal, East Riyadh, Riyadh"
3650000,Villa,5,6,324,"Al Munsiyah, East Riyadh, Riyadh"
4200000,Villa,8,7,371,"Al Munsiyah, East Riyadh, Riyadh"
3650000,Villa,8,7,324,"Al Munsiyah, East Riyadh, Riyadh"
4200000,Villa,6,6,371,"Al Munsiyah, East Riyadh, Riyadh"
1250000,Floor,3,3,199,"Al Qadisiyah, East Riyadh, Riyadh"
1200000,Villa,6,4,300,"Al Rahmanyah, North Jeddah, Jeddah"
1100000,Villa,8,4,310,"Al Wafa Scheme, North Jeddah, Jeddah"
900000,Apartment,4,3,121,"Al Khaleej, East Riyadh, Riyadh"
2500000,Villa,5,6,504,"Al Munsiyah, East Riyadh, Riyadh"
860000,Floor,3,3,500,"Shubra, West Riyadh, Riyadh"
860000,Floor,3,3,500,"Shubra, West Riyadh, Riyadh"
850000,Apartment,2,4,197,"Dhahrat Laban, West Riyadh, Riyadh"
1350000,Floor,6,4,442,"Al Nahdah, East Riyadh, Riyadh"
1350000,Floor,4,4,442,"Al Nahdah, East Riyadh, Riyadh"
1000000,Floor,3,3,219,"Al Qadisiyah, East Riyadh, Riyadh"
1350000,Apartment,5,4,165,"Al Munsiyah, East Riyadh, Riyadh"
1700000,Floor,5,4,206,"Al Munsiyah, East Riyadh, Riyadh"
2400000,Villa,6,5,250,"Al Yarmuk, East Riyadh, Riyadh"
640000,Apartment,5,3,184,"Al Jisr, Al Khobar"
2830000,Villa,7,5,345,"Qurtubah, East Riyadh, Riyadh"
1700000,Floor,6,5,206,"Al Munsiyah, East Riyadh, Riyadh"
1700000,Floor,6,4,206,"Al Munsiyah, East Riyadh, Riyadh"
1700000,Floor,4,4,195,"Qurtubah, East Riyadh, Riyadh"
350000,Apartment,3,3,600,"Batha Quraysh, Makkah"
750000,Apartment,4,4,167,"Al Marwah, North Jeddah, Jeddah"
3700000,Villa,7,6,408,"Qurtubah, East Riyadh, Riyadh"
640000,Apartment,6,4,183,"Al Jisr, Al Khobar"
1350000,Villa,4,5,492,"Al Rimal, East Riyadh, Riyadh"
3000000,Villa,8,6,450,"Al Rimal, East Riyadh, Riyadh"
1400000,Floor,5,4,166,"King Faisal, East Riyadh, Riyadh"
750000,Apartment,4,4,167,"Al Marwah, North Jeddah, Jeddah"
1100000,Apartment,5,3,66,"King Faisal, East Riyadh, Riyadh"
3700000,Villa,7,7,408,"Qurtubah, East Riyadh, Riyadh"
3500000,Villa,7,7,357,"Qurtubah, East Riyadh, Riyadh"
2300000,Villa,7,6,318,"Al Saadah, East Riyadh, Riyadh"
1600000,Floor,4,4,198,"Qurtubah, East Riyadh, Riyadh"
2200000,Villa,6,4,200,"Al Mahdiyah, West Riyadh, Riyadh"
750000,Apartment,4,4,167,"Al Marwah, North Jeddah, Jeddah"
750000,Apartment,4,3,167,"Al Marwah, North Jeddah, Jeddah"
2100000,Villa,7,6,328,"Al Rimal, East Riyadh, Riyadh"
1600000,Floor,5,4,198,"Qurtubah, East Riyadh, Riyadh"
750000,Apartment,4,3,167,"Al Marwah, North Jeddah, Jeddah"
2350000,Villa,5,7,250,"Al Yarmuk, East Riyadh, Riyadh"
710000,Apartment,3,3,132,"Al Rimal, East Riyadh, Riyadh"
1000000,Floor,4,3,155,"Al Rimal, East Riyadh, Riyadh"
1170000,Floor,4,5,233,"Al Rimal, East Riyadh, Riyadh"
1400000,Villa,4,4,528,"Al Yarmuk, East Riyadh, Riyadh"
2100000,Villa,6,5,328,"Al Rimal, East Riyadh, Riyadh"
1100000,Apartment,3,3,312,"Al Nada, North Riyadh, Riyadh"
1800000,Floor,3,3,312,"Al Nada, North Riyadh, Riyadh"
1350000,Floor,3,3,185,"Al Munsiyah, East Riyadh, Riyadh"
1200000,Apartment,4,4,144,"Qurtubah, East Riyadh, Riyadh"
1000000,Apartment,5,4,106,"Al Khaleej, East Riyadh, Riyadh"
1500000,Floor,4,4,234,"Al Khaleej, East Riyadh, Riyadh"
460000,Apartment,3,3,107,"Batha Quraysh, Makkah"
3050000,Villa,8,7,390,"Al Nahdah, East Riyadh, Riyadh"
1850000,Floor,4,3,198,"Qurtubah, East Riyadh, Riyadh"
400000,Apartment,3,3,131,"Al Dar Al Baida, South Riyadh, Riyadh"
3500000,Villa,6,6,300,"Al Sahafah, North Riyadh, Riyadh"
690000,Apartment,5,4,162,"Al Salamah, North Jeddah, Jeddah"
1350000,Floor,4,3,131,"Al Munsiyah, East Riyadh, Riyadh"
780000,Floor,8,5,259,"Okaz, South Riyadh, Riyadh"
1850000,Floor,3,4,200,"Qurtubah, East Riyadh, Riyadh"
950000,Floor,4,3,170,"Al Bayan Neighborhood, East Riyadh, Riyadh"
1000000,Floor,2,3,131,"Al Munsiyah, East Riyadh, Riyadh"
797000,Apartment,4,3,88,"Al Qadisiyah, East Riyadh, Riyadh"
1700000,Floor,4,4,195,"Qurtubah, East Riyadh, Riyadh"
1150000,Floor,4,3,193,"Al Qadisiyah, East Riyadh, Riyadh"
730000,Apartment,4,3,112,"Al Rawdah, North Jeddah, Jeddah"
720000,Apartment,4,3,156,"Al Maizilah, East Riyadh, Riyadh"
1850000,Floor,3,3,200,"Qurtubah, East Riyadh, Riyadh"
1350000,Floor,3,3,185,"Al Munsiyah, East Riyadh, Riyadh"
1250000,Floor,5,3,241,"Al Rimal, East Riyadh, Riyadh"
765000,Apartment,3,4,136,"Al Qadisiyah, East Riyadh, Riyadh"
1350000,Floor,3,4,185,"Al Munsiyah, East Riyadh, Riyadh"
1450000,Floor,4,4,185,"Al Munsiyah, East Riyadh, Riyadh"
540000,Apartment,3,3,163,"Okaz, South Riyadh, Riyadh"
750000,Villa,8,6,324,"Al Shati, Jazan"
720000,Apartment,3,4,156,"Al Maizilah, East Riyadh, Riyadh"
1100000,Floor,2,3,131,"Al Munsiyah, East Riyadh, Riyadh"
900000,Apartment,2,3,192,"Al Munsiyah, East Riyadh, Riyadh"
1500000,Floor,5,5,185,"Al Munsiyah, East Riyadh, Riyadh"
850000,Floor,3,3,152,"Al Maizilah, East Riyadh, Riyadh"
1850000,Floor,4,3,195,"Qurtubah, East Riyadh, Riyadh"
1850000,Floor,4,4,200,"Qurtubah, East Riyadh, Riyadh"
700000,Apartment,5,3,205,"Al Mohamdya, Makkah"
730000,Apartment,6,4,205,"Al Shawqiyyah, Makkah"
850000,Apartment,4,3,140,"Al Yarmuk, East Riyadh, Riyadh"
450000,Apartment,4,3,103,"Al Faisaliyah, Central Jeddah, Jeddah"
550000,Apartment,5,3,124,"Al Hazm, West Riyadh, Riyadh"
1900000,Villa,5,5,272,"Al Rimal, East Riyadh, Riyadh"
2800000,Villa,5,5,230,"Al Arid, North Riyadh, Riyadh"
1000000,Apartment,3,3,118,"Al Arid, North Riyadh, Riyadh"
2600000,Villa,6,5,230,"Al Arid, North Riyadh, Riyadh"
2560000,Villa,5,5,267,"Al Rimal, East Riyadh, Riyadh"
730000,Apartment,3,3,121,"Al Zahraa, North Jeddah, Jeddah"
1150000,Villa,4,4,288,"Al Janadriyah, East Riyadh, Riyadh"
2300000,Villa,3,4,365,"Al Rawdah, East Riyadh, Riyadh"
2800000,Villa,9,7,750,"Al Hazm, West Riyadh, Riyadh"
3200000,Villa,5,3,250,"Al Yarmuk, East Riyadh, Riyadh"
4000000,Building,4,2,690,"Al Hamdaniyah, North Jeddah, Jeddah"
770000,Apartment,4,3,133,"Al Rawdah, North Jeddah, Jeddah"
1100000,Villa,8,6,250,"King Fahd Suburb, Dammam"
800000,Apartment,5,4,238,"Badr, South Riyadh, Riyadh"
600000,Apartment,4,3,538,"Al Bayan Neighborhood, East Riyadh, Riyadh"
1720000,Villa,5,6,220,"Al Rimal, East Riyadh, Riyadh"
800000,Apartment,4,3,630,"Badr, South Riyadh, Riyadh"
669000,Apartment,3,3,630,"Al Nahdah, North Jeddah, Jeddah"
930000,Apartment,3,4,186,"Al Janadriyah, East Riyadh, Riyadh"
950000,Villa,3,5,244,"Al Janadriyah, East Riyadh, Riyadh"
1700000,Apartment,3,3,137,"Al Malqa, North Riyadh, Riyadh"
1200000,Apartment,3,3,138,"Al Narjis, North Riyadh, Riyadh"
900000,Apartment,3,2,101,"Al Mahdiyah, West Riyadh, Riyadh"
3587500,Villa,11,7,445,"Dhahrat Laban, West Riyadh, Riyadh"
1580000,Floor,6,4,159,"Al Arid, North Riyadh, Riyadh"
680000,Apartment,5,4,188,"Al Aziziyah, North Jeddah, Jeddah"
580000,Apartment,4,3,128,"Al Safa, North Jeddah, Jeddah"
4200000,Villa,4,4,400,"Sidra, Riyadh"
850000,Apartment,4,3,172,"Al Rawdah, North Jeddah, Jeddah"
780000,Apartment,4,3,136,"Al Rawdah, North Jeddah, Jeddah"
580000,Apartment,3,2,86,"Al Rawdah, North Jeddah, Jeddah"
320000,Apartment,3,3,659,"Al Mraikh, North Jeddah, Jeddah"
3500000,Villa,6,5,450,"Ishbiliyah, East Riyadh, Riyadh"
1900000,Villa,7,5,494,"Al Mahdiyah, West Riyadh, Riyadh"
285000,Apartment,2,2,475,"Al Safa, North Jeddah, Jeddah"
1600000,Villa,8,4,422,"Badr, South Riyadh, Riyadh"
850000,Apartment,3,4,154,"Al Mahdiyah, West Riyadh, Riyadh"
2500000,Villa,11,7,600,"Al Nahdah, East Riyadh, Riyadh"
750000,Floor,3,3,121,"Al Nasim Al Sharqi, East Riyadh, Riyadh"
560000,Apartment,5,5,141,"Al Hamra, Al Khobar"
900000,Apartment,2,3,101,"Al Mahdiyah, West Riyadh, Riyadh"
770000,Villa,6,6,234,"King Fahd Suburb, Dammam"
900000,Apartment,4,4,130,"Al Mahdiyah, West Riyadh, Riyadh"
4000000,Building,4,4,400,"Al Mahdiyah, West Riyadh, Riyadh"
950000,Apartment,5,4,175,"Al Rawdah, North Jeddah, Jeddah"
680000,Apartment,4,3,136,"Al Salamah, North Jeddah, Jeddah"
5000000,Villa,4,6,450,"Al Narjis, North Riyadh, Riyadh"
530000,Apartment,4,3,127,"Al Safa, North Jeddah, Jeddah"
880000,Apartment,4,4,140,"Al Mahdiyah, West Riyadh, Riyadh"
1000000,Apartment,4,4,170,"Al Mahdiyah, West Riyadh, Riyadh"
850000,Apartment,3,3,140,"Al Mahdiyah, West Riyadh, Riyadh"
800000,Apartment,4,3,130,"Al Mahdiyah, West Riyadh, Riyadh"
800000,Apartment,3,3,130,"Al Mahdiyah, West Riyadh, Riyadh"
680000,Apartment,3,3,111,"Al Mahdiyah, West Riyadh, Riyadh"
950000,Apartment,3,3,170,"Al Mahdiyah, West Riyadh, Riyadh"
980000,Apartment,3,3,155,"Al Mahdiyah, West Riyadh, Riyadh"
850000,Apartment,3,3,154,"Al Mahdiyah, West Riyadh, Riyadh"
780000,Apartment,2,2,130,"Al Mahdiyah, West Riyadh, Riyadh"
800000,Apartment,3,3,130,"Al Mahdiyah, West Riyadh, Riyadh"
930000,Apartment,3,3,170,"Al Mahdiyah, West Riyadh, Riyadh"
1200000,Apartment,3,4,165,"Al Mahdiyah, West Riyadh, Riyadh"
1350000,Apartment,2,2,153,"Al Mahdiyah, West Riyadh, Riyadh"
900000,Apartment,3,3,141,"Al Mahdiyah, West Riyadh, Riyadh"
950000,Apartment,3,3,160,"Al Mahdiyah, West Riyadh, Riyadh"
900000,Apartment,2,3,130,"Al Mahdiyah, West Riyadh, Riyadh"
800000,Apartment,4,3,130,"Al Mahdiyah, West Riyadh, Riyadh"
900000,Apartment,5,3,150,"Al Mahdiyah, West Riyadh, Riyadh"
850000,Apartment,3,3,154,"Al Mahdiyah, West Riyadh, Riyadh"
870000,Apartment,4,4,162,"Al Mahdiyah, West Riyadh, Riyadh"
950000,Apartment,3,3,170,"Al Mahdiyah, West Riyadh, Riyadh"
720000,Apartment,5,4,188,"Al Aziziyah, North Jeddah, Jeddah"
1380000,Apartment,4,3,128,"Qurtubah, East Riyadh, Riyadh"
1000000,Floor,3,4,110,"Al Rimal, East Riyadh, Riyadh"
700000,Apartment,3,3,152,"Al Bayan Neighborhood, East Riyadh, Riyadh"
1850000,Villa,7,7,464,"Al Shulah, Dammam"
900000,Floor,3,3,143,"Al Rimal, East Riyadh, Riyadh"
800000,Apartment,3,3,120,"Al Mahdiyah, West Riyadh, Riyadh"
850000,Apartment,3,3,130,"Al Mahdiyah, West Riyadh, Riyadh"
950000,Apartment,3,3,120,"Al Mahdiyah, West Riyadh, Riyadh"
950000,Apartment,4,3,120,"Al Mahdiyah, West Riyadh, Riyadh"
1101000,Apartment,3,3,146,"Al Munsiyah, East Riyadh, Riyadh"
1200000,Floor,4,4,230,"Al Khaleej, East Riyadh, Riyadh"
2450000,Villa,5,6,235,"Al Mahdiyah, West Riyadh, Riyadh"
2450000,Villa,5,6,235,"Al Mahdiyah, West Riyadh, Riyadh"
820000,Floor,3,5,178,"Al Murjan, East Riyadh, Riyadh"
1400000,Apartment,4,2,150,"Al Sahafah, North Riyadh, Riyadh"
850000,Floor,3,3,177,"Al Murjan, East Riyadh, Riyadh"
950000,Apartment,4,3,155,"Al Rimal, East Riyadh, Riyadh"
1200000,Villa,4,4,900,"Dhahrat Laban, West Riyadh, Riyadh"
2350000,Floor,3,5,237,"Al Narjis, North Riyadh, Riyadh"
1700000,Floor,3,3,220,"Qurtubah, East Riyadh, Riyadh"
3500000,Villa,5,5,408,"Qurtubah, East Riyadh, Riyadh"
6300000,Villa,11,7,442,"Al Arid, North Riyadh, Riyadh"
1250000,Floor,3,4,230,"Al Khaleej, East Riyadh, Riyadh"
1115000,Apartment,3,3,146,"Al Munsiyah, East Riyadh, Riyadh"
1148000,Apartment,3,3,118,"Al Munsiyah, East Riyadh, Riyadh"
1450000,Floor,3,3,141,"Al Munsiyah, East Riyadh, Riyadh"
1400000,Villa,3,3,177,"Al Munsiyah, East Riyadh, Riyadh"
1300000,Floor,3,3,131,"Al Munsiyah, East Riyadh, Riyadh"
2000000,Villa,8,3,492,"Al Nasim Al Gharbi, East Riyadh, Riyadh"
595000,Apartment,5,3,158,"Al Safa, North Jeddah, Jeddah"
6100000,Villa,5,2,1232,"Al Fayha, East Riyadh, Riyadh"
1350000,Apartment,2,3,99,"Al Malqa, North Riyadh, Riyadh"
1500000,Apartment,3,3,110,"Al Narjis, North Riyadh, Riyadh"
550000,Floor,7,6,450,"Badr, South Riyadh, Riyadh"
3600000,Villa,11,9,400,"Al Mahdiyah, West Riyadh, Riyadh"
399000,Apartment,3,3,616,"Al Nuzhah, North Jeddah, Jeddah"
1150000,Villa,8,6,250,"King Fahd Suburb, Dammam"
950000,Floor,3,3,195,"Al Janadriyah, East Riyadh, Riyadh"
1100000,Villa,4,3,272,"Tuwaiq, West Riyadh, Riyadh"
2500000,Villa,3,3,267,"Al Rimal, East Riyadh, Riyadh"
2700000,Villa,5,5,400,"Al Mahdiyah, West Riyadh, Riyadh"
2150000,Villa,4,4,391,"Al Mahdiyah, West Riyadh, Riyadh"
1750000,Rest House,1,1,500,"Al Sheraa, Al Khobar"
1450000,Apartment,4,3,174,"Qurtubah, East Riyadh, Riyadh"
2400000,Villa,5,4,420,"Al Bayan Neighborhood, East Riyadh, Riyadh"
320000,Apartment,2,2,659,"Al Mraikh, North Jeddah, Jeddah"
580000,Apartment,5,4,163,"As Salamah, Makkah"
2100000,Villa,4,7,436,"Al Sheraa, Al Khobar"
1450000,Apartment,5,4,174,"Qurtubah, East Riyadh, Riyadh"
2150000,Villa,5,7,356,"Al Mahdiyah, West Riyadh, Riyadh"
2200000,Villa,5,6,413,"Al Mahdiyah, West Riyadh, Riyadh"
449000,Apartment,3,2,500,"Al Naim, North Jeddah, Jeddah"
900000,Floor,3,4,750,"Dhahrat Al Badiah, West Riyadh, Riyadh"
1800000,Villa,8,8,437,"Al Sheraa, Al Khobar"
8000000,Villa,11,11,900,"Al Mahdiyah, West Riyadh, Riyadh"
2900000,Villa,9,9,300,"Al Munsiyah, East Riyadh, Riyadh"
1400000,Floor,4,4,234,"Al Khaleej, East Riyadh, Riyadh"
900000,Floor,4,5,220,"Al Qadisiyah, East Riyadh, Riyadh"
3200000,Villa,5,1,263,"Al Narjis, North Riyadh, Riyadh"
4400000,Villa,6,5,312,"Al Narjis, North Riyadh, Riyadh"
1900000,Villa,5,5,691,"Al Jisr, Al Khobar"
1700000,Apartment,3,4,238,"Al Narjis, North Riyadh, Riyadh"
890000,Apartment,4,4,170,"Al Rimal, East Riyadh, Riyadh"
1245000,Apartment,6,4,156,"Al Zahraa, North Jeddah, Jeddah"
890000,Apartment,2,2,98,"Al Yarmuk, East Riyadh, Riyadh"
9180000,Rest House,4,4,1080,"Al Arid, North Riyadh, Riyadh"
1750000,Floor,2,1,176,"Al Narjis, North Riyadh, Riyadh"
1380000,Floor,4,1,210,"Al Munsiyah, East Riyadh, Riyadh"
560000,Apartment,5,3,202,"Al Muhammadiyah 2, Jazan"
485000,Apartment,2,3,157,"Al Dar Al Baida, South Riyadh, Riyadh"
2600000,Villa,5,5,312,"King Khalid International Airport, North Riyadh, Riyadh"
750000,Apartment,4,3,120,"Al Rawdah, North Jeddah, Jeddah"
700000,Apartment,4,4,210,"Al Aziziyah, North Jeddah, Jeddah"
850000,Apartment,5,5,197,"Al Salamah, North Jeddah, Jeddah"
770000,Apartment,4,3,187,"King Fahd Suburb, Dammam"
4000000,Villa,5,8,415,"Al Yasmin, North Riyadh, Riyadh"
7000000,Villa,9,5,507,"Al Malqa, North Riyadh, Riyadh"
1100000,Villa,7,4,272,"Tuwaiq, West Riyadh, Riyadh"
740000,Apartment,3,3,50,"Al Qadisiyah, East Riyadh, Riyadh"
2000000,Villa,5,4,450,"Al Rimal, East Riyadh, Riyadh"
2000000,Floor,4,4,1056,"Al Yarmuk, East Riyadh, Riyadh"
6000000,Villa,4,5,500,"King Abduallah, North Riyadh, Riyadh"
2200000,Villa,5,6,400,"Al Mahdiyah, West Riyadh, Riyadh"
1800000,Villa,4,5,266,"Al Rimal, East Riyadh, Riyadh"
650000,Apartment,4,4,242,"Badr, South Riyadh, Riyadh"
1500000,Apartment,5,2,219,"Al Yarmuk, East Riyadh, Riyadh"
2100000,Villa,7,2,319,"Al Yarmuk, East Riyadh, Riyadh"
600000,Apartment,5,3,200,"Umm Hablain Al Gharbia, Jeddah"
4000000,Villa,6,5,595,"Al Munsiyah, East Riyadh, Riyadh"
595000,Apartment,4,4,133,"Al Manar, North Jeddah, Jeddah"
1665000,Apartment,4,4,118,"Qurtubah, East Riyadh, Riyadh"
1050000,Villa,6,3,265,"Tuwaiq, West Riyadh, Riyadh"
650000,Apartment,3,3,124,"Al Hamraa, Central Jeddah, Jeddah"
830000,Apartment,5,4,189,"Al Zahraa, North Jeddah, Jeddah"
1000000,Floor,3,4,184,"Al Nahdah, East Riyadh, Riyadh"
900000,Apartment,5,4,172,"Al Rimal, East Riyadh, Riyadh"
1000000,Apartment,5,3,93,"Tuwaiq, West Riyadh, Riyadh"
630000,Apartment,4,3,131,"Al Manar, North Jeddah, Jeddah"
2200000,Villa,5,5,413,"Al Mahdiyah, West Riyadh, Riyadh"
2300000,Villa,5,5,158,"Al Arid, North Riyadh, Riyadh"
1400000,Villa,3,4,280,"Dhahrat Laban, West Riyadh, Riyadh"
1400000,Villa,5,5,280,"Dhahrat Laban, West Riyadh, Riyadh"
1400000,Villa,3,4,280,"Dhahrat Laban, West Riyadh, Riyadh"
1300000,Floor,4,3,540,"Al Munsiyah, East Riyadh, Riyadh"
1750000,Villa,10,10,375,"Al Rahmanyah, North Jeddah, Jeddah"
3300000,Villa,5,4,357,"Qurtubah, East Riyadh, Riyadh"
3500000,Villa,11,7,315,"Al Arid, North Riyadh, Riyadh"
720000,Apartment,7,5,171,"Al Rahmanyah, North Jeddah, Jeddah"
1450000,Villa,4,3,252,"Al Rahmanyah, North Jeddah, Jeddah"
740000,Apartment,4,4,143,"Al Salamah, North Jeddah, Jeddah"
320000,Apartment,3,3,659,"Al Mraikh, North Jeddah, Jeddah"
320000,Apartment,3,2,659,"Al Mraikh, North Jeddah, Jeddah"
320000,Apartment,3,2,659,"Al Mraikh, North Jeddah, Jeddah"
650000,Apartment,4,3,123,"Al Salamah, North Jeddah, Jeddah"
3000000,Villa,5,3,407,"Al Naim, North Jeddah, Jeddah"
279000,Apartment,2,2,1784,"Al Bawadi, North Jeddah, Jeddah"
1850000,Villa,5,4,270,"Al Nadwa District, East Riyadh, Riyadh"
1350000,Floor,3,3,141,"Al Munsiyah, East Riyadh, Riyadh"
1250000,Villa,3,4,188,"Al Qadisiyah, East Riyadh, Riyadh"
770000,Apartment,3,3,630,"Badr, South Riyadh, Riyadh"
590000,Apartment,3,3,133,"Al Hazm, West Riyadh, Riyadh"
1500000,Villa,6,7,438,"Al Sheraa, Al Khobar"
320000,Apartment,3,3,659,"Al Mraikh, North Jeddah, Jeddah"
320000,Apartment,3,3,659,"Al Mraikh, North Jeddah, Jeddah"
780000,Villa,5,2,187,"Al Nuzhah, North Jeddah, Jeddah"
320000,Apartment,3,3,659,"Al Mraikh, North Jeddah, Jeddah"
320000,Apartment,3,3,659,"Al Mraikh, North Jeddah, Jeddah"
1020000,Floor,5,3,166,"Al Qadisiyah, East Riyadh, Riyadh"
2100000,Apartment,3,3,166,"Al Malqa, North Riyadh, Riyadh"
550000,Apartment,5,3,217,"Ar Rehab 3, Jazan"
370000,Apartment,3,3,146,"Al Suways 1, Jazan"
550000,Apartment,5,3,217,"Ar Rehab 3, Jazan"
370000,Apartment,4,3,145,"Al Suways 1, Jazan"
1200000,Floor,4,3,177,"Al Janadriyah, East Riyadh, Riyadh"
560000,Apartment,5,3,164,"Al Rehab, North Jeddah, Jeddah"
1500000,Floor,3,5,251,"Al Khaleej, East Riyadh, Riyadh"
1200000,Floor,3,5,230,"Al Khaleej, East Riyadh, Riyadh"
630000,Apartment,6,4,212,"Ar Rehab 1, Jazan"
5500000,Villa,7,9,415,"Al Yasmin, North Riyadh, Riyadh"
1550000,Apartment,5,5,213,"Al Salamah, North Jeddah, Jeddah"
1750000,Apartment,5,4,211,"Al Zahraa, North Jeddah, Jeddah"
1700000,Villa,11,6,281,"Al Saadah, East Riyadh, Riyadh"
730000,Apartment,7,3,240,"Al Suways 1, Jazan"
1150000,Villa,5,4,315,"Al Janadriyah, East Riyadh, Riyadh"
2400000,Villa,4,4,484,"Al Nahdah, East Riyadh, Riyadh"
1127500,Apartment,4,1,139,"Al Narjis, North Riyadh, Riyadh"
1000000,Villa,5,5,312,"Al Aziziyah, South Riyadh, Riyadh"
3500000,Villa,4,5,300,"King Abduallah, North Riyadh, Riyadh"
490000,Apartment,4,3,184,"Al Suways 2, Jazan"
870000,Floor,4,4,138,"Al Rimal, East Riyadh, Riyadh"
1000000,Floor,3,3,177,"Al Rimal, East Riyadh, Riyadh"
1450000,Apartment,3,4,186,"Qurtubah, East Riyadh, Riyadh"
1850000,Floor,3,4,174,"Qurtubah, East Riyadh, Riyadh"
1750000,Villa,4,6,405,"Al Yarmuk, East Riyadh, Riyadh"
978000,Apartment,3,3,118,"Al Munsiyah, East Riyadh, Riyadh"
800000,Apartment,2,3,393,"Al Nahdah, East Riyadh, Riyadh"
330000,Apartment,4,3,1920,"Al Jameah District, South Jeddah, Jeddah"
1850000,Floor,3,3,186,"Qurtubah, East Riyadh, Riyadh"
1055000,Apartment,3,3,106,"Al Munsiyah, East Riyadh, Riyadh"
1400000,Floor,4,6,287,"Al Maizilah, East Riyadh, Riyadh"
900000,Floor,5,2,155,"Al Rimal, East Riyadh, Riyadh"
1300000,Floor,2,3,492,"Al Rimal, East Riyadh, Riyadh"
350000,Apartment,3,3,900,"Al Safa, North Jeddah, Jeddah"
1800000,Villa,4,4,875,"Al Yarmuk, East Riyadh, Riyadh"
620000,Apartment,3,3,250,"Al Uraija Al Gharbiyah, West Riyadh, Riyadh"
650000,Apartment,3,4,116,"Alawali, West Riyadh, Riyadh"
530000,Apartment,3,3,135,"Al Hazm, West Riyadh, Riyadh"
470000,Apartment,3,2,114,"Tuwaiq, West Riyadh, Riyadh"
1050000,Apartment,3,3,129,"Al Rimal, East Riyadh, Riyadh"
950000,Apartment,3,3,161,"Al Mahdiyah, West Riyadh, Riyadh"
900000,Apartment,3,3,478,"Al Mahdiyah, West Riyadh, Riyadh"
850000,Apartment,3,3,125,"Al Mahdiyah, West Riyadh, Riyadh"
850000,Apartment,3,3,125,"Al Mahdiyah, West Riyadh, Riyadh"
730000,Apartment,5,3,130,"Al Naim, North Jeddah, Jeddah"
450000,Apartment,3,2,119,"Mishrifah, North Jeddah, Jeddah"
600000,Apartment,4,3,174,"Al Mraikh, North Jeddah, Jeddah"
1300000,Villa,6,4,264,"Al Hazm, West Riyadh, Riyadh"
1500000,Villa,6,5,264,"Al Hazm, West Riyadh, Riyadh"
1650000,Floor,4,3,195,"Qurtubah, East Riyadh, Riyadh"
730000,Apartment,5,3,130,"Al Naim, North Jeddah, Jeddah"
1200000,Floor,5,4,230,"Al Khaleej, East Riyadh, Riyadh"
1500000,Apartment,3,4,133,"Al Arid, North Riyadh, Riyadh"
900000,Apartment,5,5,162,"Al Faisaliyah, Central Jeddah, Jeddah"
1900000,Apartment,6,5,173,"Al Munsiyah, East Riyadh, Riyadh"
1250000,Floor,3,3,215,"Al Rimal, East Riyadh, Riyadh"
950000,Apartment,6,4,200,"Dhahrat Laban, West Riyadh, Riyadh"
4300000,Villa,5,10,300,"Al Narjis, North Riyadh, Riyadh"
3150000,Villa,5,9,250,"Al Narjis, North Riyadh, Riyadh"
5750000,Villa,6,10,479,"Al Narjis, North Riyadh, Riyadh"
700000,Apartment,4,3,81,"Al Rimal, East Riyadh, Riyadh"
1050000,Apartment,3,5,172,"Al Qadisiyah, East Riyadh, Riyadh"
2400000,Villa,6,7,250,"Al Yarmuk, East Riyadh, Riyadh"
2400000,Villa,5,6,250,"Al Yarmuk, East Riyadh, Riyadh"
1450000,Floor,3,3,141,"Al Munsiyah, East Riyadh, Riyadh"
1200000,Floor,3,3,230,"Al Khaleej, East Riyadh, Riyadh"
1780000,Villa,8,4,375,"Tuwaiq, West Riyadh, Riyadh"
2100000,Villa,7,5,328,"Al Rimal, East Riyadh, Riyadh"
2750000,Villa,6,7,317,"Al Khaleej, East Riyadh, Riyadh"
1400000,Floor,5,5,305,"Al Qadisiyah, East Riyadh, Riyadh"
1350000,Floor,3,3,232,"Al Qadisiyah, East Riyadh, Riyadh"
1020000,Floor,3,3,166,"Al Qadisiyah, East Riyadh, Riyadh"
2750000,Villa,6,7,317,"Al Khaleej, East Riyadh, Riyadh"
480000,Apartment,5,3,181,"Al Shati, Jazan"
740000,Apartment,4,3,117,"Al Rawdah, North Jeddah, Jeddah"
2200000,Villa,5,5,275,"Al Maizilah, East Riyadh, Riyadh"
350000,Apartment,3,5,219,"Al Dar Al Baida, South Riyadh, Riyadh"
900000,Apartment,4,4,158,"Al Naim, North Jeddah, Jeddah"
900000,Apartment,4,4,158,"Al Naim, North Jeddah, Jeddah"
1800000,Villa,7,5,366,"Al Mahdiyah, West Riyadh, Riyadh"
2000000,Villa,5,4,210,"Al Mahdiyah, West Riyadh, Riyadh"
2500000,Villa,7,6,366,"Al Mahdiyah, West Riyadh, Riyadh"
3000000,Villa,7,5,366,"Al Mahdiyah, West Riyadh, Riyadh"
800000,Apartment,3,3,155,"Al Mahdiyah, West Riyadh, Riyadh"
900000,Apartment,6,4,188,"Al Naim, North Jeddah, Jeddah"
2200000,Villa,6,5,225,"Al Mahdiyah, West Riyadh, Riyadh"
680000,Apartment,2,3,520,"Al Nasim Al Sharqi, East Riyadh, Riyadh"
580000,Apartment,3,3,124,"Al Suwaidi, West Riyadh, Riyadh"
450000,Apartment,3,3,173,"Badr, South Riyadh, Riyadh"
950000,Floor,3,3,500,"Shubra, West Riyadh, Riyadh"
3200000,Villa,3,6,350,"Al Narjis, North Riyadh, Riyadh"
2400000,Villa,3,5,336,"Al Qadisiyah, East Riyadh, Riyadh"
1350000,Floor,6,3,186,"Al Munsiyah, East Riyadh, Riyadh"
2100000,Villa,4,5,328,"Al Rimal, East Riyadh, Riyadh"
750000,Floor,3,2,208,"Al Janadriyah, East Riyadh, Riyadh"
1600000,Rest House,4,3,875,"Al Sheraa, Al Khobar"
1450000,Apartment,4,4,156,"Qurtubah, East Riyadh, Riyadh"
1450000,Apartment,5,4,156,"Qurtubah, East Riyadh, Riyadh"
1450000,Apartment,6,4,156,"Qurtubah, East Riyadh, Riyadh"
1550000,Floor,4,6,251,"Al Khaleej, East Riyadh, Riyadh"
3300000,Villa,6,5,383,"Qurtubah, East Riyadh, Riyadh"
1250000,Floor,4,4,230,"Al Khaleej, East Riyadh, Riyadh"
765000,Apartment,3,3,1000,"Tuwaiq, West Riyadh, Riyadh"
1750000,Villa,5,4,225,"Al Rimal, East Riyadh, Riyadh"
1420000,Villa,3,2,227,"Al Rimal, East Riyadh, Riyadh"
2200000,Villa,6,5,225,"Al Mahdiyah, West Riyadh, Riyadh"
4850000,Villa,5,10,349,"Al Arid, North Riyadh, Riyadh"
1000000,Apartment,3,4,106,"Al Khaleej, East Riyadh, Riyadh"
830000,Apartment,3,2,478,"Al Mahdiyah, West Riyadh, Riyadh"
1050000,Apartment,3,3,478,"Al Mahdiyah, West Riyadh, Riyadh"
880000,Apartment,3,2,478,"Al Mahdiyah, West Riyadh, Riyadh"
850000,Apartment,3,3,478,"Al Mahdiyah, West Riyadh, Riyadh"
900000,Apartment,3,2,478,"Al Mahdiyah, West Riyadh, Riyadh"
1150000,Apartment,3,3,478,"Al Mahdiyah, West Riyadh, Riyadh"
3000000,Villa,7,6,366,"Al Mahdiyah, West Riyadh, Riyadh"
800000,Apartment,3,3,130,"Al Mahdiyah, West Riyadh, Riyadh"
810000,Apartment,3,3,130,"Al Mahdiyah, West Riyadh, Riyadh"
799000,Apartment,3,4,130,"Al Mahdiyah, West Riyadh, Riyadh"
2000000,Villa,7,6,366,"Al Mahdiyah, West Riyadh, Riyadh"
3000000,Villa,7,6,366,"Al Mahdiyah, West Riyadh, Riyadh"
2100000,Villa,5,5,210,"Al Mahdiyah, West Riyadh, Riyadh"
3100000,Villa,7,5,366,"Al Mahdiyah, West Riyadh, Riyadh"
2200000,Villa,7,5,366,"Al Mahdiyah, West Riyadh, Riyadh"
850000,Apartment,3,3,150,"Al Mahdiyah, West Riyadh, Riyadh"
1800000,Villa,7,5,366,"Al Mahdiyah, West Riyadh, Riyadh"
1950000,Villa,5,7,260,"Al Mahdiyah, West Riyadh, Riyadh"
1850000,Villa,7,6,366,"Al Mahdiyah, West Riyadh, Riyadh"
2200000,Villa,5,5,366,"Al Mahdiyah, West Riyadh, Riyadh"
2200000,Villa,7,5,366,"Al Mahdiyah, West Riyadh, Riyadh"
1950000,Villa,7,5,366,"Al Mahdiyah, West Riyadh, Riyadh"
1950000,Villa,7,3,366,"Al Mahdiyah, West Riyadh, Riyadh"
2550000,Villa,7,5,366,"Al Mahdiyah, West Riyadh, Riyadh"
2750000,Villa,7,5,366,"Al Mahdiyah, West Riyadh, Riyadh"
2250000,Villa,5,5,270,"Al Mahdiyah, West Riyadh, Riyadh"
2750000,Villa,7,5,366,"Al Mahdiyah, West Riyadh, Riyadh"
2250000,Villa,7,5,366,"Al Mahdiyah, West Riyadh, Riyadh"
2200000,Villa,7,5,366,"Al Mahdiyah, West Riyadh, Riyadh"
2250000,Villa,7,4,366,"Al Mahdiyah, West Riyadh, Riyadh"
2750000,Villa,7,5,366,"Al Mahdiyah, West Riyadh, Riyadh"
2100000,Villa,7,3,366,"Al Mahdiyah, West Riyadh, Riyadh"
2200000,Villa,7,5,366,"Al Mahdiyah, West Riyadh, Riyadh"
1990000,Villa,7,4,366,"Al Mahdiyah, West Riyadh, Riyadh"
800000,Apartment,3,3,150,"Al Mahdiyah, West Riyadh, Riyadh"
2000000,Villa,6,5,260,"Al Mahdiyah, West Riyadh, Riyadh"
1900000,Villa,7,5,366,"Al Mahdiyah, West Riyadh, Riyadh"
1000000,Apartment,3,2,478,"Al Mahdiyah, West Riyadh, Riyadh"
900000,Apartment,3,3,478,"Al Mahdiyah, West Riyadh, Riyadh"
920000,Apartment,3,3,478,"Al Mahdiyah, West Riyadh, Riyadh"
900000,Apartment,3,4,478,"Al Mahdiyah, West Riyadh, Riyadh"
3000000,Villa,6,4,300,"Al Mahdiyah, West Riyadh, Riyadh"
800000,Apartment,3,3,150,"Al Mahdiyah, West Riyadh, Riyadh"
1990000,Villa,6,6,200,"Al Mahdiyah, West Riyadh, Riyadh"
1800000,Villa,5,3,200,"Al Mahdiyah, West Riyadh, Riyadh"
880000,Apartment,3,3,150,"Al Mahdiyah, West Riyadh, Riyadh"
2000000,Villa,6,5,200,"Al Mahdiyah, West Riyadh, Riyadh"
2500000,Villa,7,6,366,"Al Mahdiyah, West Riyadh, Riyadh"
2000000,Villa,4,6,366,"Al Mahdiyah, West Riyadh, Riyadh"
3200000,Villa,5,5,366,"Al Mahdiyah, West Riyadh, Riyadh"
2550000,Villa,7,4,366,"Al Mahdiyah, West Riyadh, Riyadh"
2300000,Villa,6,5,400,"Al Mahdiyah, West Riyadh, Riyadh"
4000000,Villa,6,5,300,"Al Narjis, North Riyadh, Riyadh"
1650000,Floor,3,4,195,"Qurtubah, East Riyadh, Riyadh"
1200000,Apartment,3,3,176,"Al Sahafah, North Riyadh, Riyadh"
1200000,Apartment,3,4,138,"Qurtubah, East Riyadh, Riyadh"
670000,Apartment,5,3,163,"Al Nuzhah, North Jeddah, Jeddah"
2000000,Villa,5,6,276,"Al Maizilah, East Riyadh, Riyadh"
700000,Apartment,6,4,240,"Ar Rehab 1, Jazan"
890000,Villa,7,5,353,"Ar Rehab 3, Jazan"
850000,Villa,5,4,312,"Al Riyadh, North Jeddah, Jeddah"
2000000,Villa,4,5,297,"Al Qadisiyah, East Riyadh, Riyadh"
540000,Apartment,5,3,217,"Ar Rehab 3, Jazan"
900000,Floor,4,4,106,"Tuwaiq, West Riyadh, Riyadh"
1600000,Villa,5,4,283,"Al Rimal, East Riyadh, Riyadh"
1350000,Floor,3,4,165,"Al Munsiyah, East Riyadh, Riyadh"
1450000,Floor,5,5,252,"Al Qadisiyah, East Riyadh, Riyadh"
670000,Apartment,5,3,162,"Al Nuzhah, North Jeddah, Jeddah"
1850000,Floor,4,4,4980,"Qurtubah, East Riyadh, Riyadh"
2400000,Villa,5,6,343,"Al Rimal, East Riyadh, Riyadh"
1600000,Floor,4,4,690,"Al Yarmuk, East Riyadh, Riyadh"
1200000,Apartment,4,3,167,"Al Munsiyah, East Riyadh, Riyadh"
1400000,Floor,4,4,600,"Al Khaleej, East Riyadh, Riyadh"
1300000,Floor,5,3,412,"Al Nahdah, East Riyadh, Riyadh"
3200000,Villa,7,8,4980,"Qurtubah, East Riyadh, Riyadh"
1600000,Floor,4,3,690,"Al Yarmuk, East Riyadh, Riyadh"
950000,Villa,8,5,429,"Ar Rehab 3, Jazan"
1600000,Floor,4,4,690,"Al Yarmuk, East Riyadh, Riyadh"
1450000,Floor,4,4,252,"Al Qadisiyah, East Riyadh, Riyadh"
1850000,Floor,4,4,4980,"Qurtubah, East Riyadh, Riyadh"
1550000,Villa,8,7,450,"Al Muhammadiyah 2, Jazan"
500000,Apartment,5,4,212,"Al Muhammadiyah 2, Jazan"
650000,Apartment,5,4,233,"Al Muhammadiyah 2, Jazan"
550000,Apartment,6,4,202,"Al Muhammadiyah 2, Jazan"
610000,Apartment,6,5,265,"Al Shati, Jazan"
520000,Apartment,5,3,187,"Al Shati, Jazan"
590000,Floor,5,5,225,"Al Shati, Jazan"
900000,Floor,6,4,199,"Al Qadisiyah, East Riyadh, Riyadh"
3300000,Villa,5,3,312,"Al Arid, North Riyadh, Riyadh"
950000,Villa,4,5,260,"Uhud, South Riyadh, Riyadh"
5900000,Villa,5,3,400,"Al Qirawan, North Riyadh, Riyadh"
1250000,Apartment,5,2,147,"Al Rimal, East Riyadh, Riyadh"
1600000,Floor,4,4,690,"Al Yarmuk, East Riyadh, Riyadh"
1600000,Floor,4,4,690,"Al Yarmuk, East Riyadh, Riyadh"
966000,Floor,4,3,195,"Al Hazm, West Riyadh, Riyadh"
1150000,Villa,5,4,360,"Badr, South Riyadh, Riyadh"
1050000,Floor,3,3,139,"Al Nadwa District, East Riyadh, Riyadh"
1050000,Floor,4,4,139,"Al Nadwa District, East Riyadh, Riyadh"
1100000,Floor,5,4,165,"Al Nadwa District, East Riyadh, Riyadh"
550000,Apartment,5,4,217,"Ar Rehab 3, Jazan"
540000,Apartment,3,3,217,"Ar Rehab 3, Jazan"
700000,Apartment,6,3,240,"Ar Rehab 1, Jazan"
920000,Apartment,6,4,256,"Al Nwwariyah, Makkah"
480000,Apartment,5,5,171,"Ar Rehab 3, Jazan"
7800000,Villa,5,3,400,"Al Narjis, North Riyadh, Riyadh"
490000,Apartment,4,3,184,"Al Suways 2, Jazan"
870000,Apartment,5,3,171,"Dhahrat Laban, West Riyadh, Riyadh"
1250000,Floor,5,3,206,"Al Qadisiyah, East Riyadh, Riyadh"
630000,Apartment,5,3,225,"Al Shati, Jazan"
3050000,Villa,5,4,390,"Al Nahdah, East Riyadh, Riyadh"
1250000,Floor,4,3,137,"Al Safa, East Riyadh, Riyadh"
1100000,Floor,3,5,205,"Al Janadriyah, East Riyadh, Riyadh"
1750000,Villa,7,7,375,"Tuwaiq, West Riyadh, Riyadh"
3050000,Villa,4,4,390,"Al Nahdah, East Riyadh, Riyadh"
819000,Apartment,3,3,134,"Al Rimal, East Riyadh, Riyadh"
839000,Apartment,2,2,97,"Al Rawdah, East Riyadh, Riyadh"
849000,Apartment,3,3,137,"Al Rimal, East Riyadh, Riyadh"
750000,Apartment,3,3,149,"Al Nasim Al Sharqi, East Riyadh, Riyadh"
500000,Apartment,3,3,173,"Dirab, West Riyadh, Riyadh"
3700000,Villa,6,4,520,"Al Rimal, East Riyadh, Riyadh"
1650000,Floor,4,5,195,"Qurtubah, East Riyadh, Riyadh"
2450000,Villa,5,5,250,"Al Yarmuk, East Riyadh, Riyadh"
1150000,Floor,6,4,223,"Al Qadisiyah, East Riyadh, Riyadh"
2700000,Floor,4,2,149,"Al Olaya, North Riyadh, Riyadh"
800000,Floor,4,3,206,"Al Janadriyah, East Riyadh, Riyadh"
1350000,Floor,3,4,185,"Al Munsiyah, East Riyadh, Riyadh"
999000,Apartment,2,2,124,"King Faisal, East Riyadh, Riyadh"
1650000,Floor,5,4,195,"Qurtubah, East Riyadh, Riyadh"
735000,Apartment,4,7,229,"Al Hazm, West Riyadh, Riyadh"
1800000,Villa,6,6,361,"Al Janadriyah, East Riyadh, Riyadh"
1150000,Floor,4,5,222,"Al Qadisiyah, East Riyadh, Riyadh"
760000,Floor,3,3,214,"Badr, South Riyadh, Riyadh"
2000000,Villa,4,5,276,"Al Maizilah, East Riyadh, Riyadh"
2000000,Villa,5,6,276,"Al Maizilah, East Riyadh, Riyadh"
1200000,Floor,6,4,300,"Al Qadisiyah, East Riyadh, Riyadh"
900000,Floor,4,4,199,"Al Qadisiyah, East Riyadh, Riyadh"
1300000,Floor,3,3,167,"Al Munsiyah, East Riyadh, Riyadh"
1300000,Floor,4,3,167,"Al Munsiyah, East Riyadh, Riyadh"
1400000,Floor,5,4,393,"Al Nahdah, East Riyadh, Riyadh"
1500000,Villa,5,5,274,"Al Rimal, East Riyadh, Riyadh"
690000,Apartment,5,3,194,"Umm Hablain Al Gharbia, Jeddah"
550000,Apartment,3,2,117,"Al Dar Al Baida, South Riyadh, Riyadh"
2200000,Villa,7,6,296,"Al Qadisiyah, East Riyadh, Riyadh"
2200000,Villa,5,5,296,"Al Qadisiyah, East Riyadh, Riyadh"
399000,Apartment,4,3,525,"Al Bawadi, North Jeddah, Jeddah"
730000,Apartment,4,3,112,"Al Rawdah, North Jeddah, Jeddah"
2650000,Villa,7,7,312,"Al Rimal, East Riyadh, Riyadh"
3500000,Villa,5,9,300,"Al Narjis, North Riyadh, Riyadh"
2300000,Floor,4,5,1200,"Al Narjis, North Riyadh, Riyadh"
1050000,Villa,6,6,321,"Al Amwaj, Al Khobar"
730000,Apartment,5,3,130,"Al Naim, North Jeddah, Jeddah"
580000,Apartment,3,3,100,"Al Naim, North Jeddah, Jeddah"
740000,Apartment,4,3,117,"Al Rawdah, North Jeddah, Jeddah"
2500000,Villa,5,6,370,"Al Munsiyah, East Riyadh, Riyadh"
779000,Apartment,3,3,140,"Al Qadisiyah, East Riyadh, Riyadh"
6000000,Rest House,3,3,1200,"Al Rimal, East Riyadh, Riyadh"
900000,Floor,6,5,199,"Al Qadisiyah, East Riyadh, Riyadh"
530000,Apartment,3,5,163,"Okaz, South Riyadh, Riyadh"
540000,Apartment,3,3,163,"Okaz, South Riyadh, Riyadh"
2400000,Villa,5,7,600,"Al Khaleej, East Riyadh, Riyadh"
5500000,Villa,5,5,375,"Al Nada, North Riyadh, Riyadh"
860000,Floor,3,3,500,"Al Zahrah, West Riyadh, Riyadh"
630000,Floor,3,5,184,"Okaz, South Riyadh, Riyadh"
880000,Villa,4,3,260,"Uhud, South Riyadh, Riyadh"
2230000,Villa,4,5,336,"Al Qadisiyah, East Riyadh, Riyadh"
720000,Apartment,3,3,144,"Al Maizilah, East Riyadh, Riyadh"
670000,Apartment,4,3,115,"Al Salamah, North Jeddah, Jeddah"
1090000,Villa,5,6,230,"Nubala, Madina"
2300000,Villa,9,7,312,"Al Rimal, East Riyadh, Riyadh"
2300000,Rest House,2,1,300,"Al Arid, North Riyadh, Riyadh"
750000,Villa,7,6,460,"Amal District, Al Bukayriyah"
1200000,Floor,4,3,247,"Al Rimal, East Riyadh, Riyadh"
1300000,Villa,8,5,322,"Al Sawari, Al Khobar"
1650000,Villa,11,9,619,"Asharai, Makkah"
740000,Apartment,4,3,143,"Al Salamah, North Jeddah, Jeddah"
740000,Apartment,4,3,130,"Al Salamah, North Jeddah, Jeddah"
830000,Apartment,4,4,127,"Al Salamah, North Jeddah, Jeddah"
960000,Apartment,4,4,156,"Al Salamah, North Jeddah, Jeddah"
1150000,Apartment,5,4,162,"Al Salamah, North Jeddah, Jeddah"
1100000,Apartment,3,3,122,"Al Narjis, North Riyadh, Riyadh"
2400000,Villa,5,5,313,"Al Sheraa, North Jeddah, Jeddah"
890000,Apartment,5,4,252,"Al Rabwa, North Jeddah, Jeddah"
800000,Villa,7,6,323,"Al Ajwad, North Jeddah, Jeddah"
1650000,Villa,3,4,200,"Al Lulu, North Jeddah, Jeddah"
1450000,Villa,9,7,338,"Al Hazm, West Riyadh, Riyadh"
1025000,Apartment,5,4,192,"Al Salamah, North Jeddah, Jeddah"
1435000,Villa,5,5,200,"Al Lulu, North Jeddah, Jeddah"
710000,Apartment,5,4,187,"Al Rayaan, North Jeddah, Jeddah"
560000,Apartment,3,2,200,"Badr, South Riyadh, Riyadh"
1050000,Villa,4,3,274,"Al Rahmanyah, North Jeddah, Jeddah"
780000,Floor,4,3,205,"Al Aziziyah, South Riyadh, Riyadh"
560000,Apartment,3,3,141,"Tuwaiq, West Riyadh, Riyadh"
770000,Floor,3,3,163,"Tuwaiq, West Riyadh, Riyadh"
670000,Apartment,5,3,162,"Al Nuzhah, North Jeddah, Jeddah"
680000,Apartment,3,3,122,"Al Rimal, East Riyadh, Riyadh"
1100000,Floor,4,3,208,"Al Rimal, East Riyadh, Riyadh"
650000,Apartment,2,2,94,"Al Rimal, East Riyadh, Riyadh"
1400000,Floor,5,5,251,"Al Khaleej, East Riyadh, Riyadh"
1550000,Floor,4,5,296,"Al Rimal, East Riyadh, Riyadh"
970000,Floor,5,3,201,"Al Janadriyah, East Riyadh, Riyadh"
820000,Villa,4,4,220,"Al Murjan, East Riyadh, Riyadh"
1130000,Apartment,3,3,147,"Al Munsiyah, East Riyadh, Riyadh"
1500000,Apartment,4,3,185,"Al Rimal, East Riyadh, Riyadh"
800000,Apartment,3,3,114,"Al Qadisiyah, East Riyadh, Riyadh"
1090000,Floor,5,3,205,"Al Rimal, East Riyadh, Riyadh"
1100000,Floor,4,4,208,"Al Rimal, East Riyadh, Riyadh"
2600000,Villa,6,8,500,"King Faisal, East Riyadh, Riyadh"
3000000,Villa,5,5,343,"Al Rimal, East Riyadh, Riyadh"
3000000,Villa,7,7,343,"Al Rimal, East Riyadh, Riyadh"
1700000,Apartment,4,4,167,"Al Rimal, East Riyadh, Riyadh"
1300000,Apartment,3,3,167,"Al Rimal, East Riyadh, Riyadh"
3000000,Villa,5,8,343,"Al Rimal, East Riyadh, Riyadh"
1700000,Apartment,4,8,167,"Al Rimal, East Riyadh, Riyadh"
1100000,Floor,5,4,167,"Al Rimal, East Riyadh, Riyadh"
1600000,Floor,3,4,292,"Al Rimal, East Riyadh, Riyadh"
900000,Floor,3,3,179,"Al Aziziyah, South Riyadh, Riyadh"
5100000,Villa,10,9,450,"Al Arid, North Riyadh, Riyadh"
650000,Floor,3,3,147,"Al Murjan, East Riyadh, Riyadh"
580000,Apartment,6,4,223,"Al Dhurfah, Khamis Mushait"
600000,Apartment,6,4,212,"Al Dhurfah, Khamis Mushait"
630000,Apartment,6,4,212,"Al Zuhur, Abha"
780000,Apartment,8,5,318,"Al Zuhur, Abha"
460000,Apartment,4,3,137,"Umm Hablain Al Gharbia, Jeddah"
3500000,Villa,9,5,360,"Al Yasmin, North Riyadh, Riyadh"
1450000,Villa,7,5,289,"Al Janadriyah, East Riyadh, Riyadh"
1150000,Villa,3,3,170,"Al Rimal, East Riyadh, Riyadh"
900000,Floor,3,3,171,"Al Rimal, East Riyadh, Riyadh"
430000,Apartment,3,2,112,"Al Ranuna, Madina"
800000,Floor,3,3,193,"Al Janadriyah, East Riyadh, Riyadh"
570000,Apartment,5,4,171,"Governmental1, Jeddah"
740000,Apartment,3,3,229,"Al Hazm, West Riyadh, Riyadh"
1400000,Floor,4,4,183,"Al Khaleej, East Riyadh, Riyadh"
950000,Floor,4,4,218,"Al Janadriyah, East Riyadh, Riyadh"
1050000,Apartment,3,3,93,"Al Munsiyah, East Riyadh, Riyadh"
1350000,Floor,3,3,196,"Al Munsiyah, East Riyadh, Riyadh"
850000,Floor,4,3,196,"Al Bayan Neighborhood, East Riyadh, Riyadh"
1700000,Villa,6,6,276,"Al Bayan Neighborhood, East Riyadh, Riyadh"
710000,Apartment,3,3,132,"Al Rimal, East Riyadh, Riyadh"
1050000,Apartment,3,4,93,"Al Munsiyah, East Riyadh, Riyadh"
1300000,Villa,6,6,312,"Al Sawari, Al Khobar"
1250000,Villa,6,11,314,"Al Sheraa, Al Khobar"
1800000,Villa,4,5,285,"Al Qadisiyah, East Riyadh, Riyadh"
1200000,Floor,5,5,156,"Al Bayan Neighborhood, East Riyadh, Riyadh"
850000,Floor,3,4,177,"Al Rimal, East Riyadh, Riyadh"
1000000,Floor,3,3,138,"Al Rimal, East Riyadh, Riyadh"
1700000,Floor,4,4,206,"Al Munsiyah, East Riyadh, Riyadh"
1200000,Floor,4,4,144,"Al Munsiyah, East Riyadh, Riyadh"
1500000,Villa,6,6,437,"Al Sheraa, Al Khobar"
1500000,Villa,6,6,437,"Al Sheraa, Al Khobar"
1400000,Villa,6,6,513,"Al Sheraa, Al Khobar"
1450000,Villa,6,7,437,"Al Sheraa, Al Khobar"
1500000,Villa,6,8,437,"Al Sheraa, Al Khobar"
1450000,Villa,6,6,437,"Al Sheraa, Al Khobar"
1200000,Villa,6,6,316,"Al Amwaj, Al Khobar"
750000,Floor,3,3,185,"Al Janadriyah, East Riyadh, Riyadh"
2200000,Villa,5,5,276,"Al Maizilah, East Riyadh, Riyadh"
1020000,Floor,5,5,163,"Al Bayan Neighborhood, East Riyadh, Riyadh"
1650000,Villa,6,7,500,"Al Lulu, Al Khobar"
1450000,Floor,3,4,167,"Al Rimal, East Riyadh, Riyadh"
1700000,Villa,9,9,300,"Al Janadriyah, East Riyadh, Riyadh"
1250000,Floor,4,3,260,"Al Janadriyah, East Riyadh, Riyadh"
1250000,Floor,4,4,260,"Al Janadriyah, East Riyadh, Riyadh"
1050000,Floor,3,4,165,"Al Janadriyah, East Riyadh, Riyadh"
1500000,Floor,4,5,230,"Al Khaleej, East Riyadh, Riyadh"
1400000,Floor,4,3,305,"Al Qadisiyah, East Riyadh, Riyadh"
1550000,Floor,5,4,206,"Al Munsiyah, East Riyadh, Riyadh"
1050000,Villa,6,8,321,"Al Amwaj, Al Khobar"
1650000,Villa,4,4,356,"Al Bayan Neighborhood, East Riyadh, Riyadh"
3800000,Villa,6,4,350,"Al Arid, North Riyadh, Riyadh"
5500000,Villa,6,4,474,"Al Arid, North Riyadh, Riyadh"
1400000,Floor,4,4,305,"Al Qadisiyah, East Riyadh, Riyadh"
550000,Apartment,5,4,182,"Ash Shamiya Al Jadid, Makkah"
720000,Floor,7,6,202,"Badr, South Riyadh, Riyadh"
666000,Apartment,4,3,126,"Al Salamah, North Jeddah, Jeddah"
820000,Floor,3,2,178,"Al Murjan, East Riyadh, Riyadh"
1300000,Floor,5,6,240,"Alawali, West Riyadh, Riyadh"
1900000,Villa,4,6,315,"Al Yaqout, North Jeddah, Jeddah"
700000,Floor,4,3,209,"Okaz, South Riyadh, Riyadh"
750000,Apartment,3,3,128,"Al Rimal, East Riyadh, Riyadh"
1450000,Villa,5,4,364,"Al Janadriyah, East Riyadh, Riyadh"
960000,Villa,4,3,201,"Al Janadriyah, East Riyadh, Riyadh"
1150000,Floor,4,4,233,"Al Rimal, East Riyadh, Riyadh"
1150000,Floor,4,3,275,"Al Rimal, East Riyadh, Riyadh"
1050912,Apartment,2,3,118,"Al Mahdiyah, West Riyadh, Riyadh"
720000,Apartment,5,4,207,"Al Rayaan, North Jeddah, Jeddah"
1170000,Floor,5,5,186,"Al Rimal, East Riyadh, Riyadh"
600000,Floor,6,4,215,"Al Noor District, Khamis Mushait"
450000,Apartment,3,4,187,"Al Maealaa, Ahad Rafidah"
980000,Apartment,3,3,150,Jeddah
6200000,Villa,5,1,385,"Al Qirawan, North Riyadh, Riyadh"
890000,Apartment,4,3,150,"Al Nahdah, North Jeddah, Jeddah"
1050000,Villa,8,8,300,"Al Salehiyah, North Jeddah, Jeddah"
1400000,Villa,9,8,300,"Taiba District, North Jeddah, Jeddah"
1100000,Villa,9,8,200,"Al Frosyah, South Jeddah, Jeddah"
1100000,Villa,7,6,300,"Al Rahmanyah, North Jeddah, Jeddah"
2800000,Villa,10,5,268,"Al Narjis, North Riyadh, Riyadh"
440000,Apartment,2,3,2473,"Badr, South Riyadh, Riyadh"
410000,Apartment,4,2,112,"Al Rayaan, North Jeddah, Jeddah"
1080000,Apartment,3,3,109,"Al Arid, North Riyadh, Riyadh"
500000,Apartment,3,3,199,"Badr, South Riyadh, Riyadh"
2200000,Villa,5,4,540,"Al Rimal, East Riyadh, Riyadh"
3200000,Villa,5,8,263,"Al Narjis, North Riyadh, Riyadh"
1700000,Villa,5,5,225,"Al Rimal, East Riyadh, Riyadh"
1000000,Floor,4,4,163,"Al Bayan Neighborhood, East Riyadh, Riyadh"
850000,Apartment,3,4,77,"Al Bayan Neighborhood, East Riyadh, Riyadh"
850000,Apartment,4,4,76,"Al Bayan Neighborhood, East Riyadh, Riyadh"
1000000,Floor,5,4,166,"Al Bayan Neighborhood, East Riyadh, Riyadh"
1200000,Floor,5,4,157,"Al Bayan Neighborhood, East Riyadh, Riyadh"
1500000,Floor,4,3,163,"Al Arid, North Riyadh, Riyadh"
3500000,Villa,6,6,264,"Qurtubah, East Riyadh, Riyadh"
1550000,Floor,5,5,206,"Al Munsiyah, East Riyadh, Riyadh"
1350000,Floor,3,4,185,"Al Munsiyah, East Riyadh, Riyadh"
1750000,Floor,3,4,222,"Al Munsiyah, East Riyadh, Riyadh"
1050000,Apartment,4,4,93,"Al Munsiyah, East Riyadh, Riyadh"
850000,Apartment,2,3,60,"Al Munsiyah, East Riyadh, Riyadh"
1350000,Villa,6,4,200,"Al Janadriyah, East Riyadh, Riyadh"
850000,Apartment,3,2,60,"Al Munsiyah, East Riyadh, Riyadh"
850000,Apartment,2,3,60,"Al Munsiyah, East Riyadh, Riyadh"
1050000,Apartment,3,3,93,"Al Munsiyah, East Riyadh, Riyadh"
1500000,Villa,8,5,335,"Al Rimal, East Riyadh, Riyadh"
580000,Apartment,3,2,88,"Al Rimal, East Riyadh, Riyadh"
1350000,Villa,5,6,200,"Al Janadriyah, East Riyadh, Riyadh"
1050000,Apartment,2,3,93,"Al Munsiyah, East Riyadh, Riyadh"
1550000,Floor,3,3,175,"Al Munsiyah, East Riyadh, Riyadh"
1950000,Villa,6,8,381,"Al Buhairah, Al Khobar"
1700000,Villa,6,6,225,"Al Rimal, East Riyadh, Riyadh"
920000,Apartment,4,4,159,"Al Qadisiyah, East Riyadh, Riyadh"
620000,Apartment,5,5,212,"As Salamah, Makkah"
3050000,Villa,5,5,250,"Al Arid, North Riyadh, Riyadh"
800000,Floor,3,3,239,"Al Janadriyah, East Riyadh, Riyadh"
2600000,Villa,5,4,378,"Al Yarmuk, East Riyadh, Riyadh"
750000,Apartment,6,5,207,"Umm Hablain Al Gharbia, Jeddah"
650000,Floor,3,3,123,"Al Rimal, East Riyadh, Riyadh"
850000,Floor,3,3,133,"Al Rimal, East Riyadh, Riyadh"
7300000,Villa,5,3,562,"Obhur Al Janoubiyah, North Jeddah, Jeddah"
1850000,Apartment,4,3,181,"Qurtubah, East Riyadh, Riyadh"
1250000,Villa,6,8,371,"Al Amwaj, Al Khobar"
1400000,Villa,6,9,371,"Al Amwaj, Al Khobar"
750000,Villa,4,4,200,"Badr, South Riyadh, Riyadh"
400000,Apartment,3,2,130,"Al Ranuna, Madina"
580000,Apartment,5,3,163,"Al Mraikh, North Jeddah, Jeddah"
630000,Apartment,4,4,145,"Al Nuzhah, North Jeddah, Jeddah"
670000,Floor,3,3,120,"Badr, South Riyadh, Riyadh"
3200000,Villa,5,5,312,"Al Arid, North Riyadh, Riyadh"
3400000,Villa,5,9,250,"Al Narjis, North Riyadh, Riyadh"
440000,Apartment,3,3,99,"Al Faisaliyah, Central Jeddah, Jeddah"
700000,Apartment,3,3,118,"Al Rimal, East Riyadh, Riyadh"
850000,Apartment,3,3,825,"Al Qadisiyah, East Riyadh, Riyadh"
770000,Apartment,2,3,150,"Al Rimal, East Riyadh, Riyadh"
550000,Apartment,5,3,368,"Al Maealaa, Ahad Rafidah"
650000,Apartment,3,4,1183,"Al Maealaa, Ahad Rafidah"
530000,Apartment,5,4,189,"An Nuzhah 1, Ahad Rafidah"
540000,Floor,3,3,193,"Badr, South Riyadh, Riyadh"
1700000,Villa,4,3,250,"King Khalid International Airport, North Riyadh, Riyadh"
445000,Apartment,4,3,125,"Al Rayaan, North Jeddah, Jeddah"
635000,Apartment,4,3,177,"Al Rabwa, North Jeddah, Jeddah"
595000,Apartment,3,4,160,"Al Safa, North Jeddah, Jeddah"
370000,Apartment,3,2,101,"Al Rayaan, North Jeddah, Jeddah"
460000,Apartment,4,3,123,"Al Rayaan, North Jeddah, Jeddah"
1550000,Villa,6,7,480,"Al Amwaj, Al Khobar"
1200000,Floor,6,4,218,"Al Rimal, East Riyadh, Riyadh"
2150000,Villa,8,5,275,"Al Qadisiyah, East Riyadh, Riyadh"
2100000,Villa,8,5,328,"Al Rimal, East Riyadh, Riyadh"
1150000,Floor,2,3,144,"Al Munsiyah, East Riyadh, Riyadh"
5250000,Villa,6,3,656,"Al Shati, North Jeddah, Jeddah"
1350000,Floor,3,4,185,"Al Munsiyah, East Riyadh, Riyadh"
1155000,Apartment,3,3,853,"Qurtubah, East Riyadh, Riyadh"
900000,Apartment,3,3,142,"Al Rimal, East Riyadh, Riyadh"
1050000,Floor,3,4,241,"Al Janadriyah, East Riyadh, Riyadh"
2300000,Villa,4,5,287,"Al Maizilah, East Riyadh, Riyadh"
1350000,Villa,4,5,200,"Al Janadriyah, East Riyadh, Riyadh"
1200000,Floor,4,5,213,"Al Janadriyah, East Riyadh, Riyadh"
1300000,Floor,3,3,162,"Al Rimal, East Riyadh, Riyadh"
800000,Floor,3,3,158,"Al Janadriyah, East Riyadh, Riyadh"
2300000,Villa,5,7,225,"Al Rimal, East Riyadh, Riyadh"
1150000,Floor,3,3,144,"Al Munsiyah, East Riyadh, Riyadh"
1150000,Floor,4,5,144,"Al Munsiyah, East Riyadh, Riyadh"
7000000,Villa,10,10,3907,"Al Shati, North Jeddah, Jeddah"
1850000,Floor,4,4,292,"Al Rimal, East Riyadh, Riyadh"
1450000,Floor,3,4,167,"Al Rimal, East Riyadh, Riyadh"
1850000,Floor,4,5,292,"Al Rimal, East Riyadh, Riyadh"
1300000,Floor,4,3,162,"Al Rimal, East Riyadh, Riyadh"
2750000,Villa,7,7,317,"Al Khaleej, East Riyadh, Riyadh"
2300000,Villa,5,5,287,"Al Maizilah, East Riyadh, Riyadh"
1050000,Floor,3,3,241,"Al Janadriyah, East Riyadh, Riyadh"
1000000,Floor,5,4,192,"Al Qadisiyah, East Riyadh, Riyadh"
2100000,Villa,6,6,328,"Al Rimal, East Riyadh, Riyadh"
2100000,Villa,5,6,328,"Al Rimal, East Riyadh, Riyadh"
1700000,Villa,4,5,225,"Al Rimal, East Riyadh, Riyadh"
460000,Apartment,4,3,122,"Al Rayaan, North Jeddah, Jeddah"
1000000,Floor,5,3,304,"Al Janadriyah, East Riyadh, Riyadh"
900000,Apartment,4,4,121,"Al Khaleej, East Riyadh, Riyadh"
900000,Apartment,4,3,122,"Al Khaleej, East Riyadh, Riyadh"
1500000,Floor,4,5,234,"Al Khaleej, East Riyadh, Riyadh"
1500000,Floor,5,4,234,"Al Khaleej, East Riyadh, Riyadh"
1700000,Villa,7,5,225,"Al Rimal, East Riyadh, Riyadh"
1090000,Apartment,4,3,129,"Al Munsiyah, East Riyadh, Riyadh"
1300000,Floor,4,7,162,"Al Rimal, East Riyadh, Riyadh"
1300000,Floor,3,3,162,"Al Rimal, East Riyadh, Riyadh"
1150000,Floor,3,3,570,"Al Qadisiyah, East Riyadh, Riyadh"
1020000,Floor,5,3,166,"Al Qadisiyah, East Riyadh, Riyadh"
1150000,Floor,3,3,570,"Al Qadisiyah, East Riyadh, Riyadh"
1400000,Floor,3,3,560,"Al Munsiyah, East Riyadh, Riyadh"
680000,Apartment,4,3,112,"Al Bayan Neighborhood, East Riyadh, Riyadh"
1100000,Floor,5,4,170,"Al Bayan Neighborhood, East Riyadh, Riyadh"
680000,Apartment,3,3,112,"Al Bayan Neighborhood, East Riyadh, Riyadh"
830000,Floor,3,3,185,"Al Janadriyah, East Riyadh, Riyadh"
1030000,Floor,3,4,173,"Al Rimal, East Riyadh, Riyadh"
1000000,Floor,3,4,239,"Al Rimal, East Riyadh, Riyadh"
1030000,Floor,3,3,210,"Al Rimal, East Riyadh, Riyadh"
1450000,Floor,4,5,420,"Al Qadisiyah, East Riyadh, Riyadh"
1100000,Floor,4,5,185,"Al Janadriyah, East Riyadh, Riyadh"
750000,Floor,3,4,185,"Al Janadriyah, East Riyadh, Riyadh"
1700000,Villa,4,5,276,"Al Bayan Neighborhood, East Riyadh, Riyadh"
1400000,Floor,5,4,305,"Al Qadisiyah, East Riyadh, Riyadh"
620000,Apartment,3,3,140,"Al Rimal, East Riyadh, Riyadh"
1700000,Villa,5,6,276,"Al Bayan Neighborhood, East Riyadh, Riyadh"
1400000,Floor,4,3,305,"Al Qadisiyah, East Riyadh, Riyadh"
1400000,Floor,4,4,305,"Al Qadisiyah, East Riyadh, Riyadh"
950000,Villa,4,5,500,"Uhud, South Riyadh, Riyadh"
2200000,Apartment,3,3,242,"Al Malqa, North Riyadh, Riyadh"
4800000,Villa,5,5,525,"Al Munsiyah, East Riyadh, Riyadh"
1750000,Floor,6,5,621,"Al Munsiyah, East Riyadh, Riyadh"
1200000,Floor,5,4,200,"Al Qadisiyah, East Riyadh, Riyadh"
750000,Floor,3,3,185,"Al Janadriyah, East Riyadh, Riyadh"
1090000,Apartment,3,4,129,"Al Munsiyah, East Riyadh, Riyadh"
750000,Floor,5,5,173,"Al Janadriyah, East Riyadh, Riyadh"
750000,Floor,5,3,185,"Al Janadriyah, East Riyadh, Riyadh"
1750000,Floor,5,3,621,"Al Munsiyah, East Riyadh, Riyadh"
1750000,Floor,3,3,621,"Al Munsiyah, East Riyadh, Riyadh"
1600000,Floor,3,3,621,"Al Munsiyah, East Riyadh, Riyadh"
1600000,Floor,3,4,621,"Al Munsiyah, East Riyadh, Riyadh"
1750000,Floor,4,5,621,"Al Munsiyah, East Riyadh, Riyadh"
1250000,Floor,3,5,203,"Al Qadisiyah, East Riyadh, Riyadh"
750000,Floor,4,5,173,"Al Janadriyah, East Riyadh, Riyadh"
800000,Apartment,4,4,89,"Al Qadisiyah, East Riyadh, Riyadh"
1250000,Floor,3,4,203,"Al Qadisiyah, East Riyadh, Riyadh"
800000,Apartment,3,4,89,"Al Qadisiyah, East Riyadh, Riyadh"
1250000,Floor,3,4,203,"Al Qadisiyah, East Riyadh, Riyadh"
1250000,Floor,3,4,203,"Al Qadisiyah, East Riyadh, Riyadh"
1350000,Floor,4,4,165,"Al Munsiyah, East Riyadh, Riyadh"
920000,Floor,5,3,150,"Al Rimal, East Riyadh, Riyadh"
485000,Apartment,2,2,650,"Al Hamraa, Central Jeddah, Jeddah"
1150000,Floor,3,4,203,"Al Rimal, East Riyadh, Riyadh"
1550000,Floor,3,5,175,"Al Munsiyah, East Riyadh, Riyadh"
1700000,Floor,3,5,179,"Al Arid, North Riyadh, Riyadh"
2400000,Villa,7,6,484,"Al Nahdah, East Riyadh, Riyadh"
1550000,Floor,6,4,206,"Al Munsiyah, East Riyadh, Riyadh"
2000000,Villa,6,6,276,"Al Maizilah, East Riyadh, Riyadh"
700000,Apartment,4,3,157,"Batha Quraysh, Makkah"
800000,Apartment,5,4,217,"Al Bawadi, North Jeddah, Jeddah"
470000,Apartment,4,3,130,"Al Rayaan, North Jeddah, Jeddah"
1300000,Villa,6,4,450,"Al Wafa Scheme, North Jeddah, Jeddah"
850000,Apartment,5,3,175,"Al Nwwariyah, Makkah"
1250000,Villa,9,7,275,"Al Rahmanyah, North Jeddah, Jeddah"
1100000,Apartment,6,4,199,"Al Rawdah, North Jeddah, Jeddah"
730000,Apartment,3,3,194,"Al Salamah, North Jeddah, Jeddah"
560000,Apartment,5,3,173,"Al Mraikh, North Jeddah, Jeddah"
1050000,Floor,3,3,168,"Al Qadisiyah, East Riyadh, Riyadh"
1550000,Floor,4,5,206,"Al Munsiyah, East Riyadh, Riyadh"
800000,Apartment,3,2,120,"Al Mahdiyah, West Riyadh, Riyadh"
1700000,Villa,7,6,225,"Al Rimal, East Riyadh, Riyadh"
2300000,Villa,5,5,420,"Al Bayan Neighborhood, East Riyadh, Riyadh"
2300000,Villa,5,5,420,"Al Bayan Neighborhood, East Riyadh, Riyadh"
1200000,Villa,3,4,350,"Okaz, South Riyadh, Riyadh"
2300000,Villa,8,5,375,"Al Janadriyah, East Riyadh, Riyadh"
710000,Apartment,4,3,132,"Al Rimal, East Riyadh, Riyadh"
2000000,Villa,4,5,276,"Al Maizilah, East Riyadh, Riyadh"
770000,Apartment,3,3,150,"Al Rimal, East Riyadh, Riyadh"
2100000,Villa,5,5,328,"Al Rimal, East Riyadh, Riyadh"
860000,Apartment,3,3,184,"Al Rimal, East Riyadh, Riyadh"
1100000,Floor,4,5,165,"Al Nadwa District, East Riyadh, Riyadh"
3500000,Villa,8,4,337,"Al Yasmin, North Riyadh, Riyadh"
1350000,Floor,4,4,298,"Al Qadisiyah, East Riyadh, Riyadh"
700000,Apartment,3,3,151,"Batha Quraysh, Makkah"
1250000,Villa,4,7,527,"Al Amwaj, Al Khobar"
3000000,Villa,6,6,436,"Al Sheraa, Al Khobar"
2900000,Villa,6,6,395,"Al Sheraa, Al Khobar"
1100000,Floor,6,5,205,"Al Janadriyah, East Riyadh, Riyadh"
550000,Apartment,3,3,128,"Al Zahrah, West Riyadh, Riyadh"
4500000,Villa,5,6,360,"Al Narjis, North Riyadh, Riyadh"
1550000,Floor,4,4,206,"Al Munsiyah, East Riyadh, Riyadh"
2350000,Villa,5,5,250,"Al Yarmuk, East Riyadh, Riyadh"
1600000,Floor,5,5,206,"Al Munsiyah, East Riyadh, Riyadh"
5880000,Villa,5,7,304,"Al Malqa, North Riyadh, Riyadh"
3400000,Villa,6,9,500,"Al Buhairah, Al Khobar"
3200000,Villa,6,8,440,"Al Buhairah, Al Khobar"
1500000,Villa,6,8,437,"Al Sheraa, Al Khobar"
1300000,Villa,6,6,415,"Al Sawari, Al Khobar"
850000,Floor,4,3,192,"Al Janadriyah, East Riyadh, Riyadh"
1350000,Floor,4,3,185,"Al Munsiyah, East Riyadh, Riyadh"
2000000,Villa,4,7,276,"Al Maizilah, East Riyadh, Riyadh"
1350000,Floor,3,4,185,"Al Munsiyah, East Riyadh, Riyadh"
1200000,Villa,4,4,200,"Tuwaiq, West Riyadh, Riyadh"
3100000,Villa,5,5,309,"Al Munsiyah, East Riyadh, Riyadh"
1200000,Floor,4,3,165,"Al Rimal, East Riyadh, Riyadh"
1300000,Floor,3,3,164,"Al Rimal, East Riyadh, Riyadh"
1250000,Floor,3,3,164,"Al Rimal, East Riyadh, Riyadh"
1300000,Floor,3,3,164,"Al Rimal, East Riyadh, Riyadh"
850000,Floor,4,3,205,"Al Janadriyah, East Riyadh, Riyadh"
1150000,Floor,4,3,168,"Al Qadisiyah, East Riyadh, Riyadh"
1150000,Floor,5,4,203,"Al Rimal, East Riyadh, Riyadh"
2000000,Villa,6,5,276,"Al Maizilah, East Riyadh, Riyadh"
1800000,Villa,6,9,581,"Al Sheraa, Al Khobar"
2000000,Villa,4,5,276,"Al Maizilah, East Riyadh, Riyadh"
1800000,Villa,6,6,581,"Al Sheraa, Al Khobar"
950000,Floor,5,4,244,"Al Janadriyah, East Riyadh, Riyadh"
950000,Floor,3,4,244,"Al Janadriyah, East Riyadh, Riyadh"
930000,Floor,4,3,158,"Al Saadah, East Riyadh, Riyadh"
730000,Floor,4,3,131,"Al Saadah, East Riyadh, Riyadh"
2500000,Villa,4,5,250,"Al Yarmuk, East Riyadh, Riyadh"
950000,Floor,4,3,170,"Al Bayan Neighborhood, East Riyadh, Riyadh"
1100000,Floor,5,5,570,"Al Qadisiyah, East Riyadh, Riyadh"
950000,Floor,6,5,170,"Al Bayan Neighborhood, East Riyadh, Riyadh"
950000,Floor,5,3,170,"Al Bayan Neighborhood, East Riyadh, Riyadh"
650000,Floor,4,5,184,"Badr, South Riyadh, Riyadh"
1600000,Floor,5,5,206,"Al Munsiyah, East Riyadh, Riyadh"
1350000,Floor,4,3,185,"Al Munsiyah, East Riyadh, Riyadh"
1600000,Floor,4,5,206,"Al Munsiyah, East Riyadh, Riyadh"
3800000,Villa,5,9,450,"Al Yarmuk, East Riyadh, Riyadh"
850000,Floor,3,3,170,"Al Bayan Neighborhood, East Riyadh, Riyadh"
850000,Floor,4,3,170,"Al Bayan Neighborhood, East Riyadh, Riyadh"
950000,Apartment,4,3,159,"Al Qadisiyah, East Riyadh, Riyadh"
1100000,Floor,4,4,570,"Al Qadisiyah, East Riyadh, Riyadh"
950000,Apartment,3,3,159,"Al Qadisiyah, East Riyadh, Riyadh"
950000,Apartment,3,3,159,"Al Qadisiyah, East Riyadh, Riyadh"
1550000,Floor,4,5,206,"Al Munsiyah, East Riyadh, Riyadh"
1150000,Villa,5,7,262,"Al Sawari, Al Khobar"
1200000,Floor,3,3,243,"Al Qadisiyah, East Riyadh, Riyadh"
2500000,Villa,6,6,250,"Al Yarmuk, East Riyadh, Riyadh"
850000,Floor,4,3,170,"Al Bayan Neighborhood, East Riyadh, Riyadh"
2500000,Villa,4,5,250,"Al Yarmuk, East Riyadh, Riyadh"
2350000,Villa,5,6,250,"Al Yarmuk, East Riyadh, Riyadh"
2500000,Villa,5,6,250,"Al Yarmuk, East Riyadh, Riyadh"
3600000,Villa,4,7,250,"Al Arid, North Riyadh, Riyadh"
1350000,Floor,4,5,185,"Al Munsiyah, East Riyadh, Riyadh"
1100000,Floor,2,3,131,"Al Munsiyah, East Riyadh, Riyadh"
900000,Floor,5,4,206,"Al Janadriyah, East Riyadh, Riyadh"
1150000,Floor,4,3,168,"Al Qadisiyah, East Riyadh, Riyadh"
1600000,Villa,5,6,600,"Al Janadriyah, East Riyadh, Riyadh"
2350000,Villa,5,5,250,"Al Yarmuk, East Riyadh, Riyadh"
880000,Floor,6,4,205,"Al Janadriyah, East Riyadh, Riyadh"
900000,Floor,6,5,205,"Al Janadriyah, East Riyadh, Riyadh"
1400000,Floor,5,4,253,"Al Khaleej, East Riyadh, Riyadh"
950000,Floor,3,4,245,"Al Janadriyah, East Riyadh, Riyadh"
790000,Apartment,3,4,159,"Al Qadisiyah, East Riyadh, Riyadh"
905000,Apartment,3,3,140,"Al Qadisiyah, East Riyadh, Riyadh"
905000,Apartment,4,3,140,"Al Qadisiyah, East Riyadh, Riyadh"
1350000,Villa,5,6,452,"Al Sawari, Al Khobar"
1100000,Floor,6,6,168,"Al Qadisiyah, East Riyadh, Riyadh"
790000,Apartment,3,4,140,"Al Qadisiyah, East Riyadh, Riyadh"
905000,Apartment,4,3,159,"Al Qadisiyah, East Riyadh, Riyadh"
790000,Apartment,4,3,140,"Al Qadisiyah, East Riyadh, Riyadh"
1350000,Floor,3,4,600,"Al Khaleej, East Riyadh, Riyadh"
880000,Apartment,4,4,166,"Al Qadisiyah, East Riyadh, Riyadh"
1050000,Floor,3,3,131,"Al Munsiyah, East Riyadh, Riyadh"
1070000,Apartment,4,3,142,"Al Munsiyah, East Riyadh, Riyadh"
1450000,Floor,5,5,185,"Al Munsiyah, East Riyadh, Riyadh"
1200000,Floor,5,5,243,"Al Qadisiyah, East Riyadh, Riyadh"
1200000,Floor,4,3,242,"Al Qadisiyah, East Riyadh, Riyadh"
1200000,Floor,4,4,242,"Al Qadisiyah, East Riyadh, Riyadh"
1200000,Floor,4,5,242,"Al Qadisiyah, East Riyadh, Riyadh"
950000,Apartment,3,3,153,"Al Munsiyah, East Riyadh, Riyadh"
1070000,Apartment,3,3,142,"Al Munsiyah, East Riyadh, Riyadh"
905000,Apartment,3,3,137,"Al Munsiyah, East Riyadh, Riyadh"
2500000,Villa,5,5,250,"Al Munsiyah, East Riyadh, Riyadh"
3100000,Villa,4,3,375,"Al Mahdiyah, West Riyadh, Riyadh"
4200000,Villa,3,4,362,"Al Yasmin, North Riyadh, Riyadh"
1450000,Floor,5,5,185,"Al Munsiyah, East Riyadh, Riyadh"
780000,Apartment,3,3,119,"Dhahrat Laban, West Riyadh, Riyadh"
790000,Apartment,6,4,203,"Al Manar, North Jeddah, Jeddah"
1000000,Villa,7,5,200,"Tuwaiq, West Riyadh, Riyadh"
870000,Apartment,3,3,138,"Al Mahdiyah, West Riyadh, Riyadh"
700000,Apartment,5,3,157,"Al Waha, North Jeddah, Jeddah"
1250000,Floor,3,5,260,"Al Qadisiyah, East Riyadh, Riyadh"
730000,Apartment,4,4,80,"Al Rimal, East Riyadh, Riyadh"
1300000,Villa,4,4,250,"Al Janadriyah, East Riyadh, Riyadh"
750000,Floor,3,5,242,"Okaz, South Riyadh, Riyadh"
450000,Apartment,2,3,103,"Badr, South Riyadh, Riyadh"
450000,Apartment,2,3,103,"Badr, South Riyadh, Riyadh"
850000,Floor,3,3,158,"Al Rimal, East Riyadh, Riyadh"
650000,Apartment,5,3,166,"Tuwaiq, West Riyadh, Riyadh"
1450000,Apartment,6,4,216,"Al Zahraa, North Jeddah, Jeddah"
650000,Floor,5,3,151,"Dirab, West Riyadh, Riyadh"
700000,Floor,4,5,187,"Dirab, West Riyadh, Riyadh"
700000,Floor,4,3,187,"Dirab, West Riyadh, Riyadh"
2800000,Villa,6,5,400,"Al Mahdiyah, West Riyadh, Riyadh"
850000,Apartment,4,3,135,"Dhahrat Laban, West Riyadh, Riyadh"
1600000,Villa,6,4,434,"Al Salehiyah, North Jeddah, Jeddah"
2000000,Villa,5,6,400,"Al Mahdiyah, West Riyadh, Riyadh"
600000,Floor,4,4,172,"Taybah, South Riyadh, Riyadh"
900000,Floor,5,5,155,"Tuwaiq, West Riyadh, Riyadh"
750000,Floor,4,4,199,"Okaz, South Riyadh, Riyadh"
710000,Floor,3,4,176,"Al Zahrah, West Riyadh, Riyadh"
920000,Floor,3,4,212,"Tuwaiq, West Riyadh, Riyadh"
2100000,Villa,6,5,264,"Al Rimal, East Riyadh, Riyadh"
1250000,Floor,5,4,260,"Al Qadisiyah, East Riyadh, Riyadh"
1300000,Villa,6,7,318,"Al Sawari, Al Khobar"
4000000,Villa,6,4,340,"Al Narjis, North Riyadh, Riyadh"
1200000,Apartment,3,3,150,Jeddah
2200000,Villa,9,5,400,"Al Mahdiyah, West Riyadh, Riyadh"
630000,Apartment,5,3,152,"Al Mraikh, North Jeddah, Jeddah"
1600000,Villa,5,4,250,"Tuwaiq, West Riyadh, Riyadh"
970000,Villa,5,3,265,"Tuwaiq, West Riyadh, Riyadh"
1100000,Floor,3,3,186,"Al Rimal, East Riyadh, Riyadh"
710000,Floor,2,2,176,"Al Zahrah, West Riyadh, Riyadh"
1050000,Floor,3,3,193,"Tuwaiq, West Riyadh, Riyadh"
800000,Floor,3,3,166,"Tuwaiq, West Riyadh, Riyadh"
780000,Floor,3,3,242,"Badr, South Riyadh, Riyadh"
1000000,Villa,3,3,263,"Tuwaiq, West Riyadh, Riyadh"
1000000,Villa,3,3,263,"Tuwaiq, West Riyadh, Riyadh"
1200000,Villa,3,6,450,"Al Bayan Neighborhood, East Riyadh, Riyadh"
690000,Floor,4,3,176,"Okaz, South Riyadh, Riyadh"
780000,Floor,3,5,173,"Badr, South Riyadh, Riyadh"
11787500,Villa,10,11,620,"Al Malqa, North Riyadh, Riyadh"
830000,Floor,3,2,152,"Al Murjan, East Riyadh, Riyadh"
1100000,Villa,5,5,200,"Tuwaiq, West Riyadh, Riyadh"
1550000,Villa,6,8,312,"Al Zumorrud, North Jeddah, Jeddah"
2450000,Villa,6,9,200,"Al Mahdiyah, West Riyadh, Riyadh"
800000,Floor,5,2,164,"Tuwaiq, West Riyadh, Riyadh"
739000,Floor,4,5,180,"Okaz, South Riyadh, Riyadh"
460000,Apartment,4,4,179,"Badr, South Riyadh, Riyadh"
1320000,Villa,10,7,472,"Al Rahmanyah, North Jeddah, Jeddah"
3800000,Villa,5,5,414,"Al Mahdiyah, West Riyadh, Riyadh"
880000,Villa,5,4,312,"Al Riyadh, North Jeddah, Jeddah"
520000,Floor,3,3,500,"Badr, South Riyadh, Riyadh"
820000,Floor,6,5,238,"Badr, South Riyadh, Riyadh"
550000,Floor,3,2,300,"Okaz, South Riyadh, Riyadh"
3000000,Villa,5,7,595,"Al Maizilah, East Riyadh, Riyadh"
1250000,Floor,5,5,202,"Al Munsiyah, East Riyadh, Riyadh"
2000000,Villa,5,3,400,"Al Mahdiyah, West Riyadh, Riyadh"
2200000,Villa,5,3,400,"Al Mahdiyah, West Riyadh, Riyadh"
2150000,Villa,5,3,400,"Al Mahdiyah, West Riyadh, Riyadh"
1250000,Floor,5,3,202,"Al Munsiyah, East Riyadh, Riyadh"
1250000,Floor,3,3,202,"Al Munsiyah, East Riyadh, Riyadh"
970000,Villa,6,5,265,"Tuwaiq, West Riyadh, Riyadh"
400000,Apartment,2,2,98,"Taybah, South Riyadh, Riyadh"
780000,Apartment,6,4,203,Jeddah
650000,Apartment,3,3,166,"Tuwaiq, West Riyadh, Riyadh"
600000,Floor,3,3,179,"Badr, South Riyadh, Riyadh"
2200000,Villa,5,6,332,"Al Mahdiyah, West Riyadh, Riyadh"
3200000,Villa,5,9,250,"Al Narjis, North Riyadh, Riyadh"
740000,Apartment,4,3,134,"Al Rawdah, North Jeddah, Jeddah"
780000,Apartment,4,3,132,"Al Rawdah, North Jeddah, Jeddah"
750000,Apartment,5,3,136,"Al Naim, North Jeddah, Jeddah"
399000,Apartment,3,3,96,"Al Rayaan, North Jeddah, Jeddah"
780000,Apartment,4,3,136,"Al Rawdah, North Jeddah, Jeddah"
780000,Apartment,4,3,136,"Al Rawdah, North Jeddah, Jeddah"
900000,Floor,3,1,166,"Tuwaiq, West Riyadh, Riyadh"
1150000,Floor,4,3,279,"Tuwaiq, West Riyadh, Riyadh"
700000,Apartment,3,2,50,"Al Rimal, East Riyadh, Riyadh"
780000,Floor,4,3,227,"Badr, South Riyadh, Riyadh"
900000,Floor,4,3,279,"Tuwaiq, West Riyadh, Riyadh"
1200000,Villa,6,4,360,"Al Riyadh, North Jeddah, Jeddah"
980000,Floor,3,3,166,"Al Janadriyah, East Riyadh, Riyadh"
820000,Floor,3,3,160,"Al Janadriyah, East Riyadh, Riyadh"
700000,Apartment,3,3,72,"Al Janadriyah, East Riyadh, Riyadh"
820000,Floor,5,3,160,"Al Janadriyah, East Riyadh, Riyadh"
980000,Floor,4,3,166,"Al Janadriyah, East Riyadh, Riyadh"
700000,Apartment,5,3,72,"Al Janadriyah, East Riyadh, Riyadh"
9500000,Villa,6,5,930,"Al Rawdah, East Riyadh, Riyadh"
750000,Apartment,5,3,150,"Al Naim, North Jeddah, Jeddah"
620000,Apartment,3,3,111,"Al Naim, North Jeddah, Jeddah"
430000,Apartment,3,3,131,"Badr, South Riyadh, Riyadh"
920000,Apartment,5,3,173,"Al Naim, North Jeddah, Jeddah"
750000,Apartment,5,3,136,"Al Naim, North Jeddah, Jeddah"
750000,Floor,3,3,185,"Al Janadriyah, East Riyadh, Riyadh"
920000,Floor,2,3,154,"Al Rimal, East Riyadh, Riyadh"
920000,Apartment,5,4,173,"Al Naim, North Jeddah, Jeddah"
2900000,Villa,6,6,319,"Al Mahdiyah, West Riyadh, Riyadh"
1900000,Villa,5,5,400,"Al Mahdiyah, West Riyadh, Riyadh"
3000000,Villa,5,5,400,"Al Mahdiyah, West Riyadh, Riyadh"
2300000,Villa,5,3,400,"Al Mahdiyah, West Riyadh, Riyadh"
2350000,Villa,6,5,200,"Al Mahdiyah, West Riyadh, Riyadh"
2150000,Villa,6,5,200,"Al Mahdiyah, West Riyadh, Riyadh"
3000000,Villa,6,5,300,"Al Mahdiyah, West Riyadh, Riyadh"
3000000,Villa,6,5,300,"Al Mahdiyah, West Riyadh, Riyadh"
2000000,Villa,6,7,260,"Al Mahdiyah, West Riyadh, Riyadh"
1800000,Villa,6,7,260,"Al Mahdiyah, West Riyadh, Riyadh"
869000,Apartment,3,3,138,"Al Mahdiyah, West Riyadh, Riyadh"
870000,Apartment,3,3,138,"Al Mahdiyah, West Riyadh, Riyadh"
2000000,Villa,5,5,400,"Al Mahdiyah, West Riyadh, Riyadh"
1799999,Villa,4,3,400,"Al Mahdiyah, West Riyadh, Riyadh"
3000000,Villa,5,4,400,"Al Mahdiyah, West Riyadh, Riyadh"
2700000,Villa,7,4,300,"Al Mahdiyah, West Riyadh, Riyadh"
1450000,Apartment,5,4,217,"Al Zahraa, North Jeddah, Jeddah"
1000000,Floor,6,4,312,"Al Rimal, East Riyadh, Riyadh"
420000,Apartment,3,3,132,"Al Dar Al Baida, South Riyadh, Riyadh"
670000,Apartment,3,3,150,"Alawali, West Riyadh, Riyadh"
1800000,Floor,3,4,196,"Al Narjis, North Riyadh, Riyadh"
2200000,Villa,5,5,292,"Al Qadisiyah, East Riyadh, Riyadh"
1400000,Villa,5,4,600,"Al Nahdah, East Riyadh, Riyadh"
580000,Apartment,3,3,154,"Al Zuhur, Dammam"
1450000,Apartment,6,4,217,"Al Zahraa, North Jeddah, Jeddah"
2000000,Villa,4,6,264,"Al Rimal, East Riyadh, Riyadh"
2200000,Villa,6,5,275,"Al Rimal, East Riyadh, Riyadh"
2200000,Villa,3,4,275,"Al Rimal, East Riyadh, Riyadh"
1750000,Villa,8,9,433,"Al Mahdiyah, West Riyadh, Riyadh"
900000,Apartment,2,4,145,"Al Muntazah, Dammam"
750000,Apartment,4,3,136,"Al Mahdiyah, West Riyadh, Riyadh"
760000,Apartment,4,3,137,"Al Mahdiyah, West Riyadh, Riyadh"
1250000,Villa,5,5,357,"Al Aziziyah, South Riyadh, Riyadh"
570000,Apartment,3,3,163,"Al Hamra, Al Khobar"
7000000,Villa,7,7,600,"Al Narjis, North Riyadh, Riyadh"
420000,Apartment,3,2,107,"Al Zahraa, North Jeddah, Jeddah"
1300000,Apartment,4,4,141,"Al Rabi, North Riyadh, Riyadh"
1150000,Villa,4,3,260,"Al Dar Al Baida, South Riyadh, Riyadh"
3500000,Villa,6,9,625,"Al Nahdah, North Jeddah, Jeddah"
1000000,Apartment,3,5,189,"Al Salamah, North Jeddah, Jeddah"
700000,Apartment,5,3,158,"Al Waha, North Jeddah, Jeddah"
850000,Apartment,6,4,203,"Mishrifah, North Jeddah, Jeddah"
500000,Apartment,5,2,145,"Al Manar, North Jeddah, Jeddah"
380000,Apartment,4,2,131,"Al Manar, North Jeddah, Jeddah"
600000,Apartment,3,2,82,"Al Nahdah, North Jeddah, Jeddah"
670000,Apartment,5,4,164,"Al Safa, North Jeddah, Jeddah"
690000,Apartment,4,4,177,"Badr, South Riyadh, Riyadh"
750000,Apartment,5,4,205,"Mishrifah, North Jeddah, Jeddah"
4500000,Villa,6,7,402,"Al Muhammadiyah, North Jeddah, Jeddah"
690000,Apartment,6,4,219,"Al Dar Al Baida, South Riyadh, Riyadh"
970000,Villa,4,4,220,"Al Murjan, East Riyadh, Riyadh"
1200000,Villa,6,5,307,"Ash Shamiya Al Jadid, Makkah"
1350000,Floor,5,4,185,"Al Munsiyah, East Riyadh, Riyadh"
3300000,Villa,4,5,250,"Al Narjis, North Riyadh, Riyadh"
2400000,Villa,6,4,240,"Al Munsiyah, East Riyadh, Riyadh"
550000,Apartment,3,3,182,"Ash Shamiya Al Jadid, Makkah"
1030000,Villa,3,2,173,"Al Rimal, East Riyadh, Riyadh"
2100000,Villa,6,4,307,"Al Rimal, East Riyadh, Riyadh"
1100000,Villa,6,6,313,"Al Riyadh, North Jeddah, Jeddah"
550000,Apartment,5,4,197,"Ar Rehab 3, Jazan"
859000,Apartment,3,3,2187,"King Faisal, East Riyadh, Riyadh"
820000,Apartment,5,4,177,"Al Rawdah, North Jeddah, Jeddah"
315000,Apartment,2,1,702,"Al Nur, Dammam"
900000,Villa,7,4,324,"Al Sawari, Al Khobar"
2400000,Villa,5,4,300,"Al Munsiyah, East Riyadh, Riyadh"
720000,Apartment,5,3,176,"Al Safa, North Jeddah, Jeddah"
600000,Apartment,6,3,230,"Asharai, Makkah"
850000,Floor,5,3,195,"Al Rimal, East Riyadh, Riyadh"
650000,Apartment,3,3,83,"Al Rimal, East Riyadh, Riyadh"
980000,Floor,5,4,173,"Al Rimal, East Riyadh, Riyadh"
2700000,Villa,5,5,450,"Dhahrat Laban, West Riyadh, Riyadh"
900000,Rest House,3,1,420,"Okaz, South Riyadh, Riyadh"
1600000,Floor,5,4,621,"Al Munsiyah, East Riyadh, Riyadh"
1450000,Apartment,3,3,972,"Al Qirawan, North Riyadh, Riyadh"
630000,Apartment,5,4,163,"As Salamah, Makkah"
430000,Apartment,3,3,99,"Al Faisaliyah, Central Jeddah, Jeddah"
630000,Apartment,4,3,112,"Al Salamah, North Jeddah, Jeddah"
1650000,Villa,7,3,360,"Alawali, West Riyadh, Riyadh"
1250000,Floor,3,3,203,"Al Qadisiyah, East Riyadh, Riyadh"
499000,Apartment,3,3,120,"Al Waha, North Jeddah, Jeddah"
1200000,Floor,4,4,200,"Al Qadisiyah, East Riyadh, Riyadh"
2500000,Villa,5,4,504,"Al Munsiyah, East Riyadh, Riyadh"
1050000,Villa,6,5,500,"As Sail Al Kabeer, Taif"
1000000,Villa,5,7,500,"As Sail Al Kabeer, Taif"
520000,Apartment,3,3,173,"Governmental1, Jeddah"
620000,Apartment,3,3,111,"Al Naim, North Jeddah, Jeddah"
2500000,Villa,5,6,504,"Al Munsiyah, East Riyadh, Riyadh"
1000000,Floor,4,3,219,"Al Qadisiyah, East Riyadh, Riyadh"
1150000,Floor,4,5,159,"Al Qadisiyah, East Riyadh, Riyadh"
1700000,Villa,5,6,324,"Al Rimal, East Riyadh, Riyadh"
2000000,Villa,6,6,281,"Al Rimal, East Riyadh, Riyadh"
1600000,Floor,3,4,621,"Al Munsiyah, East Riyadh, Riyadh"
1750000,Floor,4,5,621,"Al Munsiyah, East Riyadh, Riyadh"
1100000,Floor,5,5,209,"Al Bayan Neighborhood, East Riyadh, Riyadh"
600000,Floor,3,3,214,"Badr, South Riyadh, Riyadh"
950000,Floor,5,5,170,"Al Bayan Neighborhood, East Riyadh, Riyadh"
1100000,Floor,3,3,209,"Al Bayan Neighborhood, East Riyadh, Riyadh"
1100000,Floor,4,3,209,"Al Bayan Neighborhood, East Riyadh, Riyadh"
430000,Apartment,5,3,149,"Badr, South Riyadh, Riyadh"
530000,Floor,6,4,179,"Badr, South Riyadh, Riyadh"
4000000,Villa,6,7,400,"Al Mahdiyah, West Riyadh, Riyadh"
1350000,Apartment,3,3,188,"Al Munsiyah, East Riyadh, Riyadh"
1350000,Apartment,4,4,188,"Al Munsiyah, East Riyadh, Riyadh"
450000,Apartment,3,3,182,"Badr, South Riyadh, Riyadh"
905000,Apartment,3,3,137,"Al Munsiyah, East Riyadh, Riyadh"
1800000,Villa,6,5,500,"Al Dar Al Baida, South Riyadh, Riyadh"
2300000,Villa,8,6,750,"Dahiat Namar, West Riyadh, Riyadh"
1100000,Villa,6,6,200,"Al Riyadh, North Jeddah, Jeddah"
1050000,Villa,6,6,200,"Al Salehiyah, North Jeddah, Jeddah"
1500000,Villa,4,6,250,"Al Sawari, North Jeddah, Jeddah"
2000000,Villa,6,7,450,"Taiba District, North Jeddah, Jeddah"
1350000,Villa,8,6,300,"Al Salehiyah, North Jeddah, Jeddah"
2050000,Villa,6,5,270,"Al Yaqout, North Jeddah, Jeddah"
1200000,Villa,6,7,300,"Al Rahmanyah, North Jeddah, Jeddah"
1150000,Villa,4,6,310,"Al Wafa Scheme, North Jeddah, Jeddah"
1050000,Villa,6,6,200,"Al Frosyah, South Jeddah, Jeddah"
1200000,Villa,4,4,390,"Ash Shamiya Al Jadid, Makkah"
730000,Apartment,3,3,900,"Dhahrat Laban, West Riyadh, Riyadh"
780000,Floor,4,3,208,"Badr, South Riyadh, Riyadh"
1550000,Floor,3,3,185,"Al Munsiyah, East Riyadh, Riyadh"
900000,Villa,5,5,200,"Al Frosyah, South Jeddah, Jeddah"
850000,Villa,3,4,310,"Al Wafa Scheme, North Jeddah, Jeddah"
1200000,Villa,5,6,280,"Al Salehiyah, North Jeddah, Jeddah"
1300000,Villa,8,8,300,"Al Rahmanyah, North Jeddah, Jeddah"
660000,Apartment,3,3,183,"Al Mohamdya, Makkah"
900000,Villa,5,6,340,"Al Riyadh, North Jeddah, Jeddah"
900000,Villa,5,6,360,"Al Riyadh, North Jeddah, Jeddah"
600000,Residential Building,3,2,120,"Taiba District, North Jeddah, Jeddah"
490000,Apartment,5,3,213,"Ar Rehab 3, Jazan"
920000,Floor,3,2,61,"Al Nasim Al Sharqi, East Riyadh, Riyadh"
490000,Apartment,4,4,168,"Okaz, South Riyadh, Riyadh"
450000,Apartment,3,3,177,"Badr, South Riyadh, Riyadh"
750000,Apartment,5,3,900,"Dhahrat Laban, West Riyadh, Riyadh"
450000,Apartment,4,3,164,"Badr, South Riyadh, Riyadh"
5500000,Villa,5,5,425,"Al Sahafah, North Riyadh, Riyadh"
580000,Apartment,3,3,111,"Al Salamah, North Jeddah, Jeddah"
680000,Apartment,5,3,136,"Al Salamah, North Jeddah, Jeddah"
630000,Apartment,5,3,112,"Al Salamah, North Jeddah, Jeddah"
550000,Apartment,3,3,128,"Al Zahrah, West Riyadh, Riyadh"
780000,Apartment,4,3,132,"Al Rawdah, North Jeddah, Jeddah"
750000,Apartment,3,3,123,"Al Nasim Al Sharqi, East Riyadh, Riyadh"
590000,Apartment,3,4,222,"Al Noor District, Khamis Mushait"
680000,Villa,5,3,313,"As Sail Al Kabeer, Taif"
569000,Apartment,3,3,138,"Al Manar, North Jeddah, Jeddah"
620000,Apartment,5,3,166,"Dhahrat Laban, West Riyadh, Riyadh"
2400000,Villa,5,5,639,"Al Mahdiyah, West Riyadh, Riyadh"
500000,Floor,3,2,110,"Badr, South Riyadh, Riyadh"
550000,Apartment,3,3,149,"Badr, South Riyadh, Riyadh"
680000,Apartment,5,3,136,"Al Salamah, North Jeddah, Jeddah"
680000,Apartment,5,3,136,"Al Salamah, North Jeddah, Jeddah"
900000,Apartment,6,4,188,"Al Naim, North Jeddah, Jeddah"
820000,Apartment,5,3,165,"Al Salamah, North Jeddah, Jeddah"
580000,Apartment,3,4,169,"Tuwaiq, West Riyadh, Riyadh"
780000,Apartment,5,3,176,"Al Salamah, North Jeddah, Jeddah"
550000,Apartment,3,3,128,"Al Zahrah, West Riyadh, Riyadh"
950000,Apartment,6,4,600,"Al Zuhur, Abha"
1350000,Villa,4,5,300,"Al Riyadh, North Jeddah, Jeddah"
600000,Apartment,3,4,133,"Al Marwah, North Jeddah, Jeddah"
1100000,Villa,5,5,450,"Al Wafa Scheme, North Jeddah, Jeddah"
5500000,Villa,7,5,200,"Irqah, West Riyadh, Riyadh"
620000,Apartment,3,3,111,"Al Naim, North Jeddah, Jeddah"
750000,Apartment,4,3,219,"Batha Quraysh, Makkah"
679000,Apartment,3,3,136,"Al Mahdiyah, West Riyadh, Riyadh"
1450000,Villa,4,5,453,"Ash Shamiya Al Jadid, Makkah"
690000,Apartment,6,4,210,"Al Rayaan, North Jeddah, Jeddah"
690000,Apartment,5,4,220,"Badr, South Riyadh, Riyadh"
440000,Apartment,4,3,128,"Al Mraikh, North Jeddah, Jeddah"
780000,Apartment,4,3,136,"Al Rawdah, North Jeddah, Jeddah"
780000,Apartment,4,3,136,"Al Rawdah, North Jeddah, Jeddah"
520000,Apartment,3,3,86,"Al Rawdah, North Jeddah, Jeddah"
1100000,Floor,3,4,141,"Al Munsiyah, East Riyadh, Riyadh"
580000,Floor,6,5,242,"Badr, South Riyadh, Riyadh"
3000000,Villa,4,3,420,"Al Bayan Neighborhood, East Riyadh, Riyadh"
1500000,Villa,9,6,274,"Al Rimal, East Riyadh, Riyadh"
2500000,Villa,4,4,500,"Al Muntazah, Dammam"
999000,Apartment,3,3,184,"Al Nuzhah, North Jeddah, Jeddah"
999000,Apartment,3,3,184,"Al Nuzhah, North Jeddah, Jeddah"
1800000,Villa,6,6,359,"Al Janadriyah, East Riyadh, Riyadh"
1350000,Floor,3,3,185,"Al Munsiyah, East Riyadh, Riyadh"
1350000,Floor,3,4,500,"Al Munsiyah, East Riyadh, Riyadh"
1050000,Floor,3,3,168,"Al Qadisiyah, East Riyadh, Riyadh"
720000,Apartment,4,3,101,"Al Maizilah, East Riyadh, Riyadh"
2350000,Villa,12,5,810,"Shubra, West Riyadh, Riyadh"
2500000,Villa,11,7,750,"Dirab, West Riyadh, Riyadh"
3600000,Villa,5,8,250,"Al Narjis, North Riyadh, Riyadh"
720000,Apartment,4,3,101,"Al Maizilah, East Riyadh, Riyadh"
1800000,Villa,5,6,285,"Al Qadisiyah, East Riyadh, Riyadh"
720000,Apartment,3,3,156,"Al Maizilah, East Riyadh, Riyadh"
839000,Apartment,3,3,159,"Al Qadisiyah, East Riyadh, Riyadh"
5000000,Villa,7,7,684,"Irqah, West Riyadh, Riyadh"
600000,Apartment,4,3,177,"Al Nur, Dammam"
1350000,Floor,3,3,185,"Al Munsiyah, East Riyadh, Riyadh"
870000,Villa,4,5,375,"Ar Rehab, Taif"
870000,Villa,5,4,311,"Ar Rehab, Taif"
450000,Apartment,4,3,129,"As Salamah, Makkah"
720000,Apartment,5,3,144,"Al Maizilah, East Riyadh, Riyadh"
430000,Residential Building,3,2,193,"Al Faisaliyah, Central Jeddah, Jeddah"
850000,Apartment,4,3,140,"Al Yarmuk, East Riyadh, Riyadh"
770000,Apartment,4,3,140,"Al Qadisiyah, East Riyadh, Riyadh"
770000,Apartment,3,3,140,"Al Qadisiyah, East Riyadh, Riyadh"
400000,Floor,3,2,137,"Al Dar Al Baida, South Riyadh, Riyadh"
1200000,Floor,4,4,242,"Al Qadisiyah, East Riyadh, Riyadh"
6000000,Villa,4,3,350,"King Abduallah, North Riyadh, Riyadh"
770000,Apartment,4,3,140,"Al Qadisiyah, East Riyadh, Riyadh"
1350000,Floor,3,3,500,"Al Munsiyah, East Riyadh, Riyadh"
1350000,Floor,3,3,185,"Al Munsiyah, East Riyadh, Riyadh"
450000,Apartment,3,3,177,"Badr, South Riyadh, Riyadh"
675000,Apartment,4,3,127,"Al Salamah, North Jeddah, Jeddah"
1100000,Floor,4,3,131,"Al Munsiyah, East Riyadh, Riyadh"
1100000,Floor,4,3,131,"Al Munsiyah, East Riyadh, Riyadh"
1350000,Floor,3,3,185,"Al Munsiyah, East Riyadh, Riyadh"
1350000,Floor,4,4,185,"Al Munsiyah, East Riyadh, Riyadh"
1100000,Floor,3,3,131,"Al Munsiyah, East Riyadh, Riyadh"
1100000,Floor,4,4,131,"Al Munsiyah, East Riyadh, Riyadh"
1350000,Floor,4,5,185,"Al Munsiyah, East Riyadh, Riyadh"
1100000,Floor,4,4,131,"Al Munsiyah, East Riyadh, Riyadh"
927000,Apartment,4,4,192,"Al Munsiyah, East Riyadh, Riyadh"
900000,Apartment,3,3,326,"Al Qadisiyah, East Riyadh, Riyadh"
720000,Apartment,3,3,101,"Al Maizilah, East Riyadh, Riyadh"
730000,Apartment,3,3,141,"Al Maizilah, East Riyadh, Riyadh"
770000,Apartment,3,3,140,"Al Qadisiyah, East Riyadh, Riyadh"
1050000,Floor,5,3,331,"Al Bayan Neighborhood, East Riyadh, Riyadh"
3000000,Villa,5,5,420,"Al Bayan Neighborhood, East Riyadh, Riyadh"
3000000,Villa,5,4,420,"Al Bayan Neighborhood, East Riyadh, Riyadh"
1050000,Floor,4,3,331,"Al Bayan Neighborhood, East Riyadh, Riyadh"
790000,Apartment,3,3,160,"Al Qadisiyah, East Riyadh, Riyadh"
770000,Apartment,4,3,140,"Al Qadisiyah, East Riyadh, Riyadh"
790000,Apartment,4,4,159,"Al Qadisiyah, East Riyadh, Riyadh"
850000,Apartment,3,3,145,"Al Yarmuk, East Riyadh, Riyadh"
1000000,Apartment,4,3,142,"Al Yarmuk, East Riyadh, Riyadh"
720000,Apartment,3,3,156,"Al Maizilah, East Riyadh, Riyadh"
720000,Apartment,3,3,101,"Al Maizilah, East Riyadh, Riyadh"
870000,Apartment,4,3,160,"King Faisal, East Riyadh, Riyadh"
1050000,Villa,6,5,300,"Badr, South Riyadh, Riyadh"
1150000,Villa,5,5,350,"Al Shifa, South Riyadh, Riyadh"
560000,Apartment,5,3,168,Jeddah
550000,Apartment,3,3,375,"Badr, South Riyadh, Riyadh"
790000,Apartment,5,4,170,"Al Salamah, North Jeddah, Jeddah"
2300000,Villa,6,7,425,"Al Shulah, Dammam"
820000,Villa,4,3,220,"Al Murjan, East Riyadh, Riyadh"
950000,Floor,3,3,192,"Al Qadisiyah, East Riyadh, Riyadh"
590000,Floor,4,4,297,"Al Aziziyah, South Riyadh, Riyadh"
570000,Apartment,5,3,167,"Al Waha, North Jeddah, Jeddah"
1270000,Villa,6,6,243,"King Fahd Suburb, Dammam"
770000,Residential Building,5,4,185,"Al Sawari, North Jeddah, Jeddah"
2600000,Villa,10,8,220,"Al Nahdah, East Riyadh, Riyadh"
1400000,Villa,6,6,369,"Al Shulah, Dammam"
1700000,Apartment,3,3,156,"Al Arid, North Riyadh, Riyadh"
670000,Apartment,5,3,154,"Alawali, West Riyadh, Riyadh"
299000,Apartment,4,4,1784,"Al Bawadi, North Jeddah, Jeddah"
390000,Apartment,4,3,133,"Al Nur, Dammam"
9500000,Villa,7,6,930,"Al Rawdah, East Riyadh, Riyadh"
680000,Apartment,5,3,161,"Al Marwah, North Jeddah, Jeddah"
1500000,Apartment,6,4,207,"Al Rawdah, North Jeddah, Jeddah"
650000,Apartment,5,3,164,"Al Rehab, North Jeddah, Jeddah"
540000,Apartment,4,3,131,"Al Marwah, North Jeddah, Jeddah"
5500000,Residential Building,11,11,529,"Al Rawdah, North Jeddah, Jeddah"
540000,Apartment,4,3,131,"Al Marwah, North Jeddah, Jeddah"
540000,Apartment,4,3,131,"Al Marwah, North Jeddah, Jeddah"
4000000,Villa,11,7,375,"Al Yasmin, North Riyadh, Riyadh"
850000,Villa,8,6,440,"Al Suwaidi, West Riyadh, Riyadh"
2900000,Villa,5,5,338,"Al Rimal, East Riyadh, Riyadh"
2000000,Villa,5,8,276,"Al Maizilah, East Riyadh, Riyadh"
2300000,Villa,5,6,450,"Al Mahdiyah, West Riyadh, Riyadh"
930000,Apartment,5,4,680,"Al Zahraa, North Jeddah, Jeddah"
830000,Apartment,4,3,140,"Al Salamah, North Jeddah, Jeddah"
620000,Apartment,3,3,105,"Al Zahraa, North Jeddah, Jeddah"
900000,Floor,4,3,276,"Al Maizilah, East Riyadh, Riyadh"
520000,Apartment,3,3,153,"Al Hamra, Al Khobar"
5000000,Villa,7,10,550,"Ishbiliyah, East Riyadh, Riyadh"
2000000,Villa,5,5,400,"Al Mahdiyah, West Riyadh, Riyadh"
940000,Floor,3,3,9100,"Al Munsiyah, East Riyadh, Riyadh"
580000,Apartment,3,3,100,"Al Naim, North Jeddah, Jeddah"
660000,Floor,4,3,152,"Al Dar Al Baida, South Riyadh, Riyadh"
790000,Apartment,5,3,175,"Al Salamah, North Jeddah, Jeddah"
1400000,Villa,4,4,300,"Al Janadriyah, East Riyadh, Riyadh"
450000,Apartment,3,2,102,"Al Marwah, North Jeddah, Jeddah"
830000,Apartment,4,3,140,"Al Salamah, North Jeddah, Jeddah"
850000,Apartment,4,3,186,"Tuwaiq, West Riyadh, Riyadh"
449000,Apartment,4,3,750,"Al Nuzhah, North Jeddah, Jeddah"
450000,Apartment,3,2,102,"Al Marwah, North Jeddah, Jeddah"
580000,Apartment,3,2,100,"Al Naim, North Jeddah, Jeddah"
380000,Apartment,4,2,134,"Al Dar Al Baida, South Riyadh, Riyadh"
540000,Apartment,4,3,131,"Al Marwah, North Jeddah, Jeddah"
590000,Apartment,8,6,1375,"Al Fayhaa, North Jeddah, Jeddah"
669000,Apartment,3,3,148,"Mudhainib, Madina"
530000,Apartment,2,2,1049,"Al Rawdah, North Jeddah, Jeddah"
250000,Apartment,2,2,706,"Al Mraikh, North Jeddah, Jeddah"
480000,Apartment,3,3,179,"Badr, South Riyadh, Riyadh"
650000,Apartment,6,4,178,"Al Buhayrat, Makkah"
3100000,Villa,5,5,300,"Al Mahdiyah, West Riyadh, Riyadh"
720000,Apartment,5,3,130,"Al Naim, North Jeddah, Jeddah"
320000,Apartment,3,3,659,"Al Mraikh, North Jeddah, Jeddah"
1950000,Villa,5,5,195,"King Khalid International Airport, North Riyadh, Riyadh"
700000,Floor,4,4,177,"Badr, South Riyadh, Riyadh"
730000,Apartment,6,4,219,"Batha Quraysh, Makkah"
650000,Apartment,7,4,1183,"Al Maealaa, Ahad Rafidah"
740000,Apartment,4,3,117,"Al Rawdah, North Jeddah, Jeddah"
650000,Apartment,4,3,123,"Al Salamah, North Jeddah, Jeddah"
3450000,Villa,5,6,324,"Al Munsiyah, East Riyadh, Riyadh"
650000,Apartment,4,3,111,"Al Salamah, North Jeddah, Jeddah"
1750000,Villa,9,8,303,"Al Janadriyah, East Riyadh, Riyadh"
3200000,Villa,10,10,625,"Tuwaiq, West Riyadh, Riyadh"
1350000,Floor,4,3,207,"Al Munsiyah, East Riyadh, Riyadh"
2350000,Villa,6,5,250,"Al Yarmuk, East Riyadh, Riyadh"
4700000,Villa,10,10,827,"Al Sheraa, North Jeddah, Jeddah"
680000,Apartment,5,2,161,"Al Marwah, North Jeddah, Jeddah"
800000,Apartment,4,3,450,"Al Mahdiyah, West Riyadh, Riyadh"
870000,Apartment,4,5,450,"Al Mahdiyah, West Riyadh, Riyadh"
770000,Apartment,4,4,450,"Al Mahdiyah, West Riyadh, Riyadh"
800000,Apartment,4,3,450,"Al Mahdiyah, West Riyadh, Riyadh"
820000,Apartment,4,3,450,"Al Mahdiyah, West Riyadh, Riyadh"
950000,Apartment,4,3,450,"Al Mahdiyah, West Riyadh, Riyadh"
760000,Apartment,4,3,450,"Al Mahdiyah, West Riyadh, Riyadh"
450000,Apartment,3,2,102,"Al Marwah, North Jeddah, Jeddah"
2200000,Villa,5,5,390,"Al Mahdiyah, West Riyadh, Riyadh"
2360000,Villa,5,6,250,"Al Yarmuk, East Riyadh, Riyadh"
595000,Apartment,5,3,178,"Al Marwah, North Jeddah, Jeddah"
700000,Apartment,5,4,174,"Al Safa, North Jeddah, Jeddah"
1300000,Apartment,5,4,172,"Qurtubah, East Riyadh, Riyadh"
920000,Apartment,5,3,173,"Al Naim, North Jeddah, Jeddah"
2665000,Villa,5,5,594,"Al Khaleej, East Riyadh, Riyadh"
819000,Apartment,3,3,134,"Al Rimal, East Riyadh, Riyadh"
430000,Apartment,3,3,99,"Al Faisaliyah, Central Jeddah, Jeddah"
650000,Building,3,3,150,"Al Rimal, East Riyadh, Riyadh"
6500000,Villa,5,7,478,"Al Malqa, North Riyadh, Riyadh"
600000,Apartment,3,2,341,"Al Rimal, East Riyadh, Riyadh"
2650000,Villa,6,4,250,"Al Nafal, North Riyadh, Riyadh"
1020000,Apartment,4,3,192,"Al Munsiyah, East Riyadh, Riyadh"
475000,Apartment,5,1,150,"Al Sakb, Madina"
510000,Apartment,4,3,144,"Al Hazm, West Riyadh, Riyadh"
750000,Apartment,4,4,167,"Al Marwah, North Jeddah, Jeddah"
250000,Apartment,2,2,706,"Al Mraikh, North Jeddah, Jeddah"
510000,Apartment,4,3,133,"Al Rawdah, North Jeddah, Jeddah"
780000,Floor,4,4,180,"Al Janadriyah, East Riyadh, Riyadh"
1450000,Apartment,5,4,171,"Al Rawdah, North Jeddah, Jeddah"
1400000,Floor,5,3,600,"Al Khaleej, East Riyadh, Riyadh"
2500000,Villa,5,6,231,"Al Munsiyah, East Riyadh, Riyadh"
580000,Apartment,3,4,124,"Al Suwaidi, West Riyadh, Riyadh"
1800000,Floor,3,5,57,"Al Arid, North Riyadh, Riyadh"
750000,Apartment,3,3,167,"Al Marwah, North Jeddah, Jeddah"
750000,Apartment,4,3,167,"Al Marwah, North Jeddah, Jeddah"
790000,Floor,3,4,152,"Al Maizilah, East Riyadh, Riyadh"
2000000,Villa,9,1,324,"Al Hazm, West Riyadh, Riyadh"
610000,Apartment,3,3,1804,"Al Suwaidi, West Riyadh, Riyadh"
1850000,Villa,5,3,330,"Al Rimal, East Riyadh, Riyadh"
3800000,Villa,9,6,324,"Al Arid, North Riyadh, Riyadh"
850000,Apartment,3,3,140,"Al Mahdiyah, West Riyadh, Riyadh"
900000,Apartment,4,3,142,"Al Mahdiyah, West Riyadh, Riyadh"
2450000,Villa,5,5,250,"Al Munsiyah, East Riyadh, Riyadh"
2090000,Villa,6,5,184,"Al Narjis, North Riyadh, Riyadh"
870000,Apartment,3,3,130,"Al Mahdiyah, West Riyadh, Riyadh"
800000,Apartment,4,3,122,"King Abduallah, North Riyadh, Riyadh"
2200000,Villa,6,5,225,"Al Mahdiyah, West Riyadh, Riyadh"
1200000,Villa,1,1,229,"Dirab, West Riyadh, Riyadh"
860000,Apartment,4,3,186,"Al Munsiyah, East Riyadh, Riyadh"
620000,Apartment,3,3,140,"Alawali, West Riyadh, Riyadh"
320000,Apartment,3,3,659,"Al Mraikh, North Jeddah, Jeddah"
1100000,Villa,7,4,272,"Tuwaiq, West Riyadh, Riyadh"
590000,Apartment,4,2,132,"Al Sheraa, Al Khobar"
690000,Floor,3,1,160,"Okaz, South Riyadh, Riyadh"
1150000,Villa,4,1,357,"Badr, South Riyadh, Riyadh"
1450000,Apartment,3,3,172,"Qurtubah, East Riyadh, Riyadh"
1650000,Villa,7,5,360,"Alawali, West Riyadh, Riyadh"
2200000,Villa,5,5,210,"Al Mahdiyah, West Riyadh, Riyadh"
2200000,Villa,7,6,366,"Al Mahdiyah, West Riyadh, Riyadh"
660000,Apartment,3,2,124,"Dhahrat Laban, West Riyadh, Riyadh"
3000000,Villa,7,5,366,"Al Mahdiyah, West Riyadh, Riyadh"
3000000,Villa,7,5,366,"Al Mahdiyah, West Riyadh, Riyadh"
2100000,Villa,7,6,200,"Al Mahdiyah, West Riyadh, Riyadh"
2600000,Villa,7,5,366,"Al Mahdiyah, West Riyadh, Riyadh"
2800000,Villa,7,7,366,"Al Mahdiyah, West Riyadh, Riyadh"
1850000,Villa,5,7,260,"Al Mahdiyah, West Riyadh, Riyadh"
3200000,Villa,7,5,366,"Al Mahdiyah, West Riyadh, Riyadh"
2000000,Villa,7,5,366,"Al Mahdiyah, West Riyadh, Riyadh"
4000000,Villa,7,5,366,"Al Mahdiyah, West Riyadh, Riyadh"
3200000,Villa,7,5,366,"Al Mahdiyah, West Riyadh, Riyadh"
1990000,Villa,7,5,366,"Al Mahdiyah, West Riyadh, Riyadh"
2750000,Villa,7,5,400,"Al Mahdiyah, West Riyadh, Riyadh"
1950000,Villa,6,5,215,"Al Mahdiyah, West Riyadh, Riyadh"
800000,Apartment,3,4,478,"Al Mahdiyah, West Riyadh, Riyadh"
3000000,Villa,7,5,300,"Al Mahdiyah, West Riyadh, Riyadh"
1980000,Villa,6,5,400,"Al Mahdiyah, West Riyadh, Riyadh"
2000000,Villa,6,5,200,"Al Mahdiyah, West Riyadh, Riyadh"
1800000,Villa,7,6,366,"Al Mahdiyah, West Riyadh, Riyadh"
1900000,Villa,5,5,400,"Al Mahdiyah, West Riyadh, Riyadh"
1850000,Villa,7,4,366,"Al Mahdiyah, West Riyadh, Riyadh"
1300000,Apartment,4,5,120,"Al Arid, North Riyadh, Riyadh"
2600000,Villa,5,5,250,"Al Yarmuk, East Riyadh, Riyadh"
1300000,Floor,3,4,167,"Al Munsiyah, East Riyadh, Riyadh"
680000,Apartment,5,3,136,"Al Salamah, North Jeddah, Jeddah"
730000,Apartment,5,3,130,"Al Naim, North Jeddah, Jeddah"
1500000,Villa,2,2,839,"Al Shifa, South Riyadh, Riyadh"
750000,Apartment,4,3,137,"Al Salamah, North Jeddah, Jeddah"
845000,Apartment,3,3,94,"Al Nahdah, East Riyadh, Riyadh"
555000,Apartment,3,3,181,"Tuwaiq, West Riyadh, Riyadh"
6000000,Villa,4,7,450,"Al Narjis, North Riyadh, Riyadh"
930000,Apartment,3,4,400,"Al Mahdiyah, West Riyadh, Riyadh"
1300000,Villa,6,6,312,"Al Sawari, Al Khobar"
2350000,Villa,5,5,250,"Al Yarmuk, East Riyadh, Riyadh"
650000,Apartment,7,4,1183,"Al Maealaa, Ahad Rafidah"
850000,Floor,4,3,236,"Okaz, South Riyadh, Riyadh"
1300000,Villa,5,4,304,"Tuwaiq, West Riyadh, Riyadh"
650000,Floor,4,3,236,"Okaz, South Riyadh, Riyadh"
1450000,Floor,6,7,305,"Al Qadisiyah, East Riyadh, Riyadh"
750000,Apartment,5,3,185,"Al Rayaan, North Jeddah, Jeddah"
1700000,Villa,9,8,200,"Al Lulu, North Jeddah, Jeddah"
1070000,Apartment,4,3,143,"Al Munsiyah, East Riyadh, Riyadh"
1800000,Villa,3,5,285,"Al Qadisiyah, East Riyadh, Riyadh"
1150000,Villa,7,5,275,"Al Rahmanyah, North Jeddah, Jeddah"
490000,Apartment,4,3,125,"Bani Bayadah, Madina"
2200000,Villa,5,3,400,"Al Mahdiyah, West Riyadh, Riyadh"
650000,Floor,5,5,197,"Taybah, South Riyadh, Riyadh"
595000,Floor,3,3,149,"Badr, South Riyadh, Riyadh"
480000,Apartment,3,3,89,"Badr, South Riyadh, Riyadh"
1100000,Villa,5,4,526,"Tuwaiq, West Riyadh, Riyadh"
900000,Floor,5,3,750,"Tuwaiq, West Riyadh, Riyadh"
1800000,Villa,4,7,400,"Al Mahdiyah, West Riyadh, Riyadh"
1800000,Villa,5,4,400,"Al Mahdiyah, West Riyadh, Riyadh"
1950000,Villa,5,7,260,"Al Mahdiyah, West Riyadh, Riyadh"
1900000,Villa,6,5,200,"Al Mahdiyah, West Riyadh, Riyadh"
980000,Apartment,4,3,164,"Al Mahdiyah, West Riyadh, Riyadh"
4500000,Villa,4,3,400,"Al Mahdiyah, West Riyadh, Riyadh"
1990000,Villa,3,3,138,"Al Mahdiyah, West Riyadh, Riyadh"
1450000,Apartment,6,4,216,"Al Zahraa, North Jeddah, Jeddah"
3000000,Villa,5,5,420,"Al Munsiyah, East Riyadh, Riyadh"
1000000,Floor,4,3,223,"Al Rimal, East Riyadh, Riyadh"
5500000,Residential Building,3,2,640,"Al Mraikh, North Jeddah, Jeddah"
4650000,Villa,5,6,656,"Al Shati, North Jeddah, Jeddah"
620000,Apartment,3,3,111,"Al Naim, North Jeddah, Jeddah"
450000,Apartment,3,3,177,"Badr, South Riyadh, Riyadh"
590000,Apartment,3,3,111,"Al Salamah, North Jeddah, Jeddah"
1350000,Floor,4,4,185,"Al Munsiyah, East Riyadh, Riyadh"
450000,Apartment,3,3,151,"Al Aziziyah, South Riyadh, Riyadh"
760000,Apartment,6,4,254,"Al Zuhur, Abha"
900000,Apartment,3,4,140,"Al Qadisiyah, East Riyadh, Riyadh"
720000,Apartment,3,3,101,"Al Maizilah, East Riyadh, Riyadh"
750000,Apartment,5,4,170,"Al Fayhaa, North Jeddah, Jeddah"
560000,Apartment,4,4,141,"Al Hamra, Al Khobar"
1280000,Villa,7,7,262,"King Fahd Suburb, Dammam"
560000,Apartment,5,5,141,"Al Hamra, Al Khobar"
1899000,Floor,3,5,181,"Al Narjis, North Riyadh, Riyadh"
2390000,Villa,7,6,414,"Al Rimal, East Riyadh, Riyadh"
1100000,Floor,3,2,190,"Al Maizilah, East Riyadh, Riyadh"
1300000,Apartment,6,3,232,"Dhahrat Laban, West Riyadh, Riyadh"
4500000,Villa,6,5,535,"Ishbiliyah, East Riyadh, Riyadh"
3700000,Villa,5,4,324,"Al Munsiyah, East Riyadh, Riyadh"
640000,Apartment,3,3,2400,"Al Shulah, Dammam"
4000000,Villa,10,7,351,"Al Narjis, North Riyadh, Riyadh"
2450000,Villa,4,6,500,"Al Mahdiyah, West Riyadh, Riyadh"
550000,Apartment,5,3,155,"Al Marwah, North Jeddah, Jeddah"
650000,Villa,5,3,83,"Al Manar, North Jeddah, Jeddah"
1100000,Villa,3,3,434,"Badr, South Riyadh, Riyadh"
1150000,Floor,4,3,172,"Al Rimal, East Riyadh, Riyadh"
1300000,Apartment,4,2,168,"Al Yarmuk, East Riyadh, Riyadh"
2800000,Villa,4,5,700,"Al Nasim Al Gharbi, East Riyadh, Riyadh"
1500000,Villa,6,5,305,"Al Shulah, Dammam"
1500000,Villa,6,5,457,"Al Shulah, Dammam"
630000,Apartment,3,2,222,"Al Shulah, Dammam"
1770000,Villa,6,5,372,"Al Shulah, Dammam"
2400000,Villa,1,1,430,"Al Shulah, Dammam"
680000,Apartment,5,4,175,"Tuwaiq, West Riyadh, Riyadh"
1100000,Floor,3,3,500,"Ash Shamiya Al Jadid, Makkah"
450000,Apartment,3,3,126,"Al Zuhur, Dammam"
500000,Apartment,3,2,195,"Badr, Dammam"
850000,Floor,6,4,450,"Tuwaiq, West Riyadh, Riyadh"
620000,Floor,5,4,188,"Okaz, South Riyadh, Riyadh"
550000,Apartment,3,3,162,"Al Hamra, Al Khobar"
500000,Apartment,5,4,123,"Al Hamra, Al Khobar"
3000000,Villa,8,6,375,"Dhahrat Laban, West Riyadh, Riyadh"
1800000,Villa,6,7,250,"King Khalid International Airport, North Riyadh, Riyadh"
1450000,Apartment,3,4,190,"Al Yasmin, North Riyadh, Riyadh"
5200000,Villa,9,9,450,"Al Narjis, North Riyadh, Riyadh"
680000,Apartment,3,4,200,"Al Rayaan, North Jeddah, Jeddah"
540000,Apartment,4,3,131,"Al Marwah, North Jeddah, Jeddah"
680000,Apartment,4,3,136,"Al Salamah, North Jeddah, Jeddah"
680000,Apartment,6,4,200,"Al Rayaan, North Jeddah, Jeddah"
3000000,Villa,9,9,291,"Al Arid, North Riyadh, Riyadh"
2000000,Villa,7,5,266,"Al Rimal, East Riyadh, Riyadh"
5500000,Villa,7,5,200,"Irqah, West Riyadh, Riyadh"
4000000,Villa,6,5,400,"Al Yasmin, North Riyadh, Riyadh"
1100000,Apartment,5,3,186,"Al Rawdah, North Jeddah, Jeddah"
3600000,Villa,10,6,625,"Al Marwah, North Jeddah, Jeddah"
499000,Apartment,3,3,879,"Al Rawdah, North Jeddah, Jeddah"
520000,Apartment,3,3,102,"Al Salamah, North Jeddah, Jeddah"
1100000,Apartment,3,3,151,"Al Bahar, Al Khobar"
1300000,Floor,5,4,404,"Al Rimal, East Riyadh, Riyadh"
690000,Apartment,3,4,181,"Dhahrat Laban, West Riyadh, Riyadh"
650000,Apartment,5,4,123,"Al Janadriyah, East Riyadh, Riyadh"
1000000,Villa,5,6,358,"Rahba District, Taif"
720000,Villa,5,7,385,"As Sail Al Kabeer, Taif"
630000,Floor,3,3,420,"Badr, South Riyadh, Riyadh"
1050000,Villa,3,3,402,"Ar Rehab, Taif"
880000,Villa,6,4,408,"As Sail Al Kabeer, Taif"
720000,Floor,3,3,420,"Badr, South Riyadh, Riyadh"
1650000,Villa,10,6,286,"Al Sawari, North Jeddah, Jeddah"
600000,Apartment,6,5,124,"Harat Al Bab Al Jadid, Makkah"
900000,Villa,7,6,374,"Ar Rehab, Taif"
1950000,Villa,4,3,283,"Al Sheraa, North Jeddah, Jeddah"
1230000,Villa,4,4,435,"Ash Shamiya Al Jadid, Makkah"
420000,Apartment,3,2,101,"Al Manar, North Jeddah, Jeddah"
1050000,Villa,5,1,344,"Al Sawari, Al Khobar"
320000,Apartment,3,3,138,"Al Nur, Dammam"
750000,Floor,3,4,176,"Tuwaiq, West Riyadh, Riyadh"
650000,Apartment,3,2,212,"Ar Rehab 1, Jazan"
770000,Villa,5,8,385,"As Sail Al Kabeer, Taif"
600000,Apartment,5,3,158,"Governmental1, Jeddah"
930000,Villa,5,4,374,"Ar Rehab, Taif"
1900000,Villa,5,4,225,"Obhur Al Janoubiyah, North Jeddah, Jeddah"
490000,Apartment,5,3,169,"Ar Rehab 1, Jazan"
750000,Villa,4,5,301,"Rahba District, Taif"
660000,Apartment,5,4,190,"Ar Rehab 1, Jazan"
1050000,Villa,5,4,300,"Al Rahmanyah, North Jeddah, Jeddah"
950000,Villa,5,4,397,"Rahba District, Taif"
650000,Floor,6,6,320,"Al Noor District, Khamis Mushait"
550000,Apartment,5,3,144,"Harat Al Bab Al Jadid, Makkah"
1150000,Villa,7,5,220,"Al Salehiyah, North Jeddah, Jeddah"
660000,Floor,6,4,237,"Ar Rehab 1, Jazan"
690000,Apartment,4,3,153,"Al Rimal, East Riyadh, Riyadh"
550000,Apartment,6,3,201,"Al Muhammadiyah 1, Jazan"
680000,Apartment,3,3,190,"Alawali, West Riyadh, Riyadh"
8500000,Building,5,3,525,"Al Salamah, North Jeddah, Jeddah"
870000,Villa,7,5,311,"Ar Rehab, Taif"
580000,Floor,3,3,190,"Okaz, South Riyadh, Riyadh"
480000,Apartment,5,3,204,"Al Maealaa, Ahad Rafidah"
1200000,Villa,7,6,394,"Rahba District, Taif"
850000,Villa,4,6,313,"Ar Rehab, Taif"
650000,Apartment,6,1,212,"Ar Rehab 1, Jazan"
950000,Villa,8,5,405,"Rahba District, Taif"
500000,Apartment,3,3,192,"Al Muhammadiyah 1, Jazan"
620000,Floor,5,4,218,"Al Suways 1, Jazan"
530000,Apartment,5,3,197,"Al Muhammadiyah 2, Jazan"
520000,Apartment,5,3,174,"Governmental1, Jeddah"
530000,Apartment,6,4,211,"Al Muhammadiyah 2, Jazan"
870000,Villa,8,5,374,"Ar Rehab, Taif"
650000,Apartment,6,4,214,"Al Rayaan, North Jeddah, Jeddah"
1000000,Villa,7,5,481,"As Sail Al Kabeer, Taif"
1280000,Villa,5,4,424,"Harat Al Bab Al Jadid, Makkah"
1150000,Villa,4,6,250,"Al Nwwariyah, Makkah"
320000,Apartment,4,3,138,"Al Nur, Dammam"
590000,Apartment,3,1,156,"Shubra, West Riyadh, Riyadh"
690000,Apartment,4,3,325,"Badr, South Riyadh, Riyadh"
1750000,Villa,6,5,331,"Al Salehiyah, North Jeddah, Jeddah"
650000,Apartment,7,6,295,"Al Rayaan, North Jeddah, Jeddah"
520000,Apartment,5,4,167,"Al Rayaan, North Jeddah, Jeddah"
520000,Apartment,5,3,168,"Al Rayaan, North Jeddah, Jeddah"
420000,Apartment,3,3,104,"Al Rayaan, North Jeddah, Jeddah"
550000,Apartment,2,3,228,"Al Noor District, Khamis Mushait"
550000,Apartment,3,2,229,"Al Noor District, Khamis Mushait"
680000,Villa,4,5,296,"As Sail Al Kabeer, Taif"
1300000,Villa,6,4,412,"Harat Al Bab Al Jadid, Makkah"
400000,Floor,3,2,137,"Al Dar Al Baida, South Riyadh, Riyadh"
1500000,Villa,5,4,560,"As Sail Al Kabeer, Taif"
520000,Apartment,3,3,206,"Al Muhammadiyah 2, Jazan"
1200000,Villa,5,4,207,"Al Qadisiyah, East Riyadh, Riyadh"
1200000,Villa,5,3,300,"Harat Al Bab Al Jadid, Makkah"
650000,Apartment,3,3,300,"Al Dar Al Baida, South Riyadh, Riyadh"
550000,Apartment,2,2,96,"Dahiat Namar, West Riyadh, Riyadh"
900000,Villa,7,6,324,"Al Sawari, Al Khobar"
550000,Apartment,5,3,171,"Al Nur, Dammam"
760000,Apartment,6,5,280,"Asharai, Makkah"
850000,Floor,3,4,170,"Al Bayan Neighborhood, East Riyadh, Riyadh"
800000,Apartment,6,5,165,"King Fahd, Makkah"
640000,Apartment,4,5,215,"King Fahd, Makkah"
610000,Apartment,6,3,173,"Asharai, Makkah"
1650000,Villa,4,5,312,"Taiba District, North Jeddah, Jeddah"
750000,Villa,5,1,326,"Ar Rehab, Taif"
1100000,Villa,5,4,288,"Harat Al Bab Al Jadid, Makkah"
690000,Floor,3,3,181,"Okaz, South Riyadh, Riyadh"
720000,Floor,4,4,176,"Okaz, South Riyadh, Riyadh"
480000,Apartment,4,4,3491,"Al Shulah, Dammam"
1800000,Villa,5,5,356,"Al Shulah, Dammam"
950000,Floor,4,3,223,"Al Janadriyah, East Riyadh, Riyadh"
550000,Apartment,4,3,226,"Al Dhurfah, Khamis Mushait"
720000,Apartment,4,4,188,"Al Difa, Madina"
550000,Apartment,3,2,98,"Ash Shamiya Al Jadid, Makkah"
240000,Apartment,2,2,96,"Al Nur, Dammam"
780000,Floor,3,2,147,"Al Bayan Neighborhood, East Riyadh, Riyadh"
870000,Floor,3,2,190,"Al Rimal, East Riyadh, Riyadh"
1750000,Villa,6,5,225,"Al Rimal, East Riyadh, Riyadh"
2500000,Villa,6,5,344,"Al Rimal, East Riyadh, Riyadh"
730000,Apartment,3,4,295,"Al Zuhur, Abha"
2000000,Villa,9,8,308,"Al Sawari, North Jeddah, Jeddah"
1100000,Villa,8,5,275,"Al Rahmanyah, North Jeddah, Jeddah"
620000,Apartment,5,3,148,"Al Waha, North Jeddah, Jeddah"
1150000,Villa,8,5,300,"Al Rahmanyah, North Jeddah, Jeddah"
1500000,Villa,6,4,328,"Al Hamdaniyah, North Jeddah, Jeddah"
650000,Floor,5,4,149,"Badr, South Riyadh, Riyadh"
550000,Apartment,4,3,173,"Al Rayaan, North Jeddah, Jeddah"
780000,Floor,5,4,243,"Badr, South Riyadh, Riyadh"
1000000,Apartment,3,4,186,"Al Janadriyah, East Riyadh, Riyadh"
2400000,Villa,10,5,420,"Al Bayan Neighborhood, East Riyadh, Riyadh"
950000,Villa,6,5,250,"King Fahd Suburb, Dammam"
850000,Apartment,6,4,226,"King Fahd, Makkah"
500000,Apartment,3,4,209,"Ash Shamiya Al Jadid, Makkah"
400000,Apartment,4,3,175,"Ash Shamiya Al Jadid, Makkah"
950000,Villa,4,3,418,"As Sail Al Kabeer, Taif"
1150000,Floor,4,3,198,"Tuwaiq, West Riyadh, Riyadh"
400000,Building,3,3,780,"Al Nuzhah, North Jeddah, Jeddah"
1300000,Villa,4,3,200,"Alawali, West Riyadh, Riyadh"
950000,Apartment,6,3,196,"Al Marwah, North Jeddah, Jeddah"
5600000,Building,10,10,550,"Al Rabwa, North Jeddah, Jeddah"
790000,Apartment,6,5,252,"Al Manar, North Jeddah, Jeddah"
800000,Floor,3,3,158,"Al Rimal, East Riyadh, Riyadh"
750000,Apartment,4,4,295,"Ar Rehab 1, Jazan"
550000,Apartment,5,3,187,"Ar Rehab, Taif"
580000,Floor,7,5,229,"Badr, South Riyadh, Riyadh"
550000,Apartment,7,4,234,"Al Muhammadiyah 1, Jazan"
850000,Villa,5,3,500,"Ar Rehab, Taif"
1550000,Villa,6,4,400,"Al Suways 1, Jazan"
1250000,Villa,7,5,275,"Al Rahmanyah, North Jeddah, Jeddah"
950000,Villa,5,4,310,"Al Wafa Scheme, North Jeddah, Jeddah"
625000,Apartment,4,5,171,"Governmental1, Jeddah"
750000,Apartment,4,3,120,"Al Rawdah, North Jeddah, Jeddah"
1500000,Floor,4,4,241,"Al Rimal, East Riyadh, Riyadh"
550000,Apartment,6,3,235,"Al Muhammadiyah 1, Jazan"
590000,Apartment,7,3,251,"Al Shati, Jazan"
1000000,Villa,7,5,380,"Al Shati, Jazan"
800000,Apartment,6,1,215,"Al Shawqiyyah, Makkah"
950000,Apartment,5,4,173,"Al Rawdah, North Jeddah, Jeddah"
630000,Floor,3,3,161,"Al Dar Al Baida, South Riyadh, Riyadh"
890000,Floor,3,4,312,"Al Riyadh, North Jeddah, Jeddah"
480000,Apartment,4,4,3491,"Al Shulah, Dammam"
1100000,Villa,5,4,290,"Al Salehiyah, North Jeddah, Jeddah"
1000000,Villa,3,3,300,"Al Hazm, West Riyadh, Riyadh"
650000,Apartment,5,3,180,"Al Buhairah, Al Khobar"
700000,Floor,4,3,223,"Tuwaiq, West Riyadh, Riyadh"
650000,Apartment,5,3,180,"Al Buhairah, Al Khobar"
1300000,Floor,5,5,247,"Dahiat Namar, West Riyadh, Riyadh"
2500000,Villa,5,5,370,"Al Munsiyah, East Riyadh, Riyadh"
1350000,Floor,4,4,206,"Al Munsiyah, East Riyadh, Riyadh"
1350000,Floor,3,5,1056,"Al Yarmuk, East Riyadh, Riyadh"
520000,Apartment,5,4,192,"Al Muhammadiyah 2, Jazan"
750000,Apartment,6,5,205,"Al Shawqiyyah, Makkah"
610000,Apartment,6,4,195,"Asharai, Makkah"
1480000,Villa,6,5,286,"Al Ranuna, Madina"
1330000,Villa,4,3,210,"Al Ranuna, Madina"
4500000,Villa,11,9,420,"Al Mahdiyah, West Riyadh, Riyadh"
1200000,Villa,5,3,251,"Al Janadriyah, East Riyadh, Riyadh"
1500000,Villa,11,10,326,"Al Rahmanyah, North Jeddah, Jeddah"
710000,Apartment,5,4,182,"Mishrifah, North Jeddah, Jeddah"
2100000,Villa,8,5,312,"Al Saif, Dammam"
400000,Apartment,2,2,113,"Al Ranuna, Madina"
600000,Apartment,2,2,117,"Dhahrat Laban, West Riyadh, Riyadh"
730000,Apartment,5,3,219,"Batha Quraysh, Makkah"
770000,Villa,8,4,252,"Ar Rehab, Taif"
830000,Villa,6,3,503,"As Sail Al Kabeer, Taif"
560000,Apartment,4,3,239,"Al Buhayrat, Makkah"
770000,Villa,7,4,252,"Ar Rehab, Taif"
600000,Apartment,6,4,195,"Asharai, Makkah"
540000,Apartment,5,4,171,"Governmental1, Jeddah"
950000,Villa,6,5,324,"Ash Shamiya Al Jadid, Makkah"
630000,Apartment,5,4,181,"Ar Rehab 1, Jazan"
430000,Apartment,5,3,115,"Al Mraikh, North Jeddah, Jeddah"
520000,Apartment,4,3,120,"Badr, South Riyadh, Riyadh"
750000,Villa,7,5,304,"Rahba District, Taif"
570000,Apartment,5,3,198,"Al Suways 2, Jazan"
1000000,Villa,5,4,429,"Ar Rehab 1, Jazan"
850000,Floor,5,4,169,"Al Bayan Neighborhood, East Riyadh, Riyadh"
1400000,Villa,11,8,300,"Al Rahmanyah, North Jeddah, Jeddah"
950000,Floor,4,4,312,"Al Riyadh, North Jeddah, Jeddah"
850000,Villa,6,5,346,"Ar Rehab, Taif"
1250000,Villa,4,5,400,"Al Suways 1, Jazan"
1350000,Villa,11,8,300,"Al Rahmanyah, North Jeddah, Jeddah"
520000,Apartment,5,3,205,"Al Muhammadiyah 2, Jazan"
850000,Villa,4,6,361,"Rahba District, Taif"
900000,Floor,3,4,160,"Al Nadwa District, East Riyadh, Riyadh"
1595000,Villa,5,8,310,"Al Nadwa District, East Riyadh, Riyadh"
1900000,Villa,3,4,167,"Al Shati, North Jeddah, Jeddah"
720000,Apartment,3,2,73,"Al Rimal, East Riyadh, Riyadh"
1200000,Villa,4,4,222,"Al Janadriyah, East Riyadh, Riyadh"
700000,Apartment,2,2,97,"Al Saadah, East Riyadh, Riyadh"
1800000,Villa,9,7,438,"Al Sheraa, Al Khobar"
650000,Apartment,3,2,123,"Laban, West Riyadh, Riyadh"
650000,Apartment,5,4,187,"Ar Rehab 1, Jazan"
1400000,Villa,6,5,360,"Al Janadriyah, East Riyadh, Riyadh"
850000,Floor,3,2,169,"Al Nadwa District, East Riyadh, Riyadh"
750000,Floor,3,2,125,"Al Nadwa District, East Riyadh, Riyadh"
900000,Floor,3,2,168,"Al Nadwa District, East Riyadh, Riyadh"
600000,Apartment,3,2,94,"Al Nadwa District, East Riyadh, Riyadh"
850000,Floor,3,2,149,"Al Nadwa District, East Riyadh, Riyadh"
650000,Floor,3,2,142,"Al Nadwa District, East Riyadh, Riyadh"
1050000,Floor,3,2,150,"Al Nadwa District, East Riyadh, Riyadh"
1100000,Floor,3,2,205,"Al Rimal, East Riyadh, Riyadh"
1300000,Villa,6,5,319,"Al Sawari, Al Khobar"
950000,Villa,7,5,465,"Ash Shamiya Al Jadid, Makkah"
580000,Apartment,4,3,140,"Al Safa, North Jeddah, Jeddah"
1350000,Floor,5,4,185,"Al Munsiyah, East Riyadh, Riyadh"
750000,Apartment,4,4,167,"Al Marwah, North Jeddah, Jeddah"
600000,Apartment,3,3,154,"Al Hamra, Al Khobar"
8000000,Villa,6,4,600,"Hittin, North Riyadh, Riyadh"
949000,Apartment,3,3,165,"Al Qadisiyah, East Riyadh, Riyadh"
2600000,Villa,5,4,750,"King Faisal, East Riyadh, Riyadh"
950000,Apartment,3,3,126,"Al Munsiyah, East Riyadh, Riyadh"
949000,Apartment,3,3,165,"Al Qadisiyah, East Riyadh, Riyadh"
1200000,Apartment,4,3,180,"Al Munsiyah, East Riyadh, Riyadh"
1200000,Apartment,4,4,180,"Al Munsiyah, East Riyadh, Riyadh"
950000,Apartment,4,4,126,"Al Munsiyah, East Riyadh, Riyadh"
3000000,Villa,6,5,260,"Al Arid, North Riyadh, Riyadh"
3200000,Villa,5,5,300,"Al Arid, North Riyadh, Riyadh"
3000000,Villa,7,5,312,"Al Arid, North Riyadh, Riyadh"
320000,Apartment,3,3,659,"Al Mraikh, North Jeddah, Jeddah"
700000,Apartment,3,3,162,"Al Janadriyah, East Riyadh, Riyadh"
1100000,Villa,4,3,353,"Ar Rehab, Taif"
680000,Apartment,2,2,128,"Al Rimal, East Riyadh, Riyadh"
350000,Apartment,2,3,112,"Al Nur, Dammam"
1400000,Floor,3,3,155,"Al Narjis, North Riyadh, Riyadh"
280000,Apartment,3,2,98,"Batha Quraysh, Makkah"
475000,Apartment,2,2,1049,"Al Rawdah, North Jeddah, Jeddah"
1550000,Villa,10,7,304,"Al Zumorrud, North Jeddah, Jeddah"
1200000,Villa,10,9,300,"Taybay, Dammam"
550000,Apartment,3,3,103,"Al Salamah, North Jeddah, Jeddah"
770000,Villa,6,4,265,"Ar Rehab, Taif"
1900000,Villa,7,7,438,"Al Sheraa, Al Khobar"
2500000,Villa,6,5,344,"Al Rimal, East Riyadh, Riyadh"
1490000,Villa,5,4,308,"Okaz, South Riyadh, Riyadh"
3500000,Villa,4,4,352,"Al Arid, North Riyadh, Riyadh"
450000,Apartment,3,2,102,"Al Marwah, North Jeddah, Jeddah"
4400000,Villa,6,5,300,"Al Narjis, North Riyadh, Riyadh"
650000,Apartment,4,3,123,"Al Salamah, North Jeddah, Jeddah"
5350000,Villa,11,7,704,"Al Mahdiyah, West Riyadh, Riyadh"
600000,Apartment,4,3,117,"Batha Quraysh, Makkah"
300000,Apartment,3,2,99,"Al Rayaan, North Jeddah, Jeddah"
13500000,Villa,5,4,270,"Badr, South Riyadh, Riyadh"
990000,Apartment,4,4,497,"Al Zahraa, North Jeddah, Jeddah"
690000,Apartment,5,4,211,"Al Buhayrat, Makkah"
705000,Apartment,4,3,224,"Umm Hablain Al Gharbia, Jeddah"
751000,Apartment,4,4,197,"Governmental1, Jeddah"
2650000,Villa,8,9,413,"Al Bayan Neighborhood, East Riyadh, Riyadh"
450000,Apartment,4,5,127,"Ash Shamiya Al Jadid, Makkah"
3600000,Villa,4,6,300,"Al Sahafah, North Riyadh, Riyadh"
590000,Apartment,5,3,202,"An Nuzhah 1, Ahad Rafidah"
800000,Apartment,7,5,630,"Badr, South Riyadh, Riyadh"
650000,Apartment,3,3,116,"Alawali, West Riyadh, Riyadh"
670000,Apartment,3,3,150,"Alawali, West Riyadh, Riyadh"
800000,Floor,3,3,500,"Shubra, West Riyadh, Riyadh"
2450000,Villa,4,5,500,"Al Mahdiyah, West Riyadh, Riyadh"
2500000,Villa,5,5,300,"Al Mahdiyah, West Riyadh, Riyadh"
2200000,Villa,5,5,390,"Al Mahdiyah, West Riyadh, Riyadh"
3000000,Villa,6,3,773,"Al Mahdiyah, West Riyadh, Riyadh"
2500000,Villa,5,4,300,"Al Mahdiyah, West Riyadh, Riyadh"
2200000,Villa,5,5,390,"Al Mahdiyah, West Riyadh, Riyadh"
3300000,Villa,5,5,300,"Al Mahdiyah, West Riyadh, Riyadh"
2500000,Villa,5,8,366,"Al Mahdiyah, West Riyadh, Riyadh"
950000,Floor,5,5,600,"Tuwaiq, West Riyadh, Riyadh"
320000,Apartment,3,2,659,"Al Mraikh, North Jeddah, Jeddah"
750000,Apartment,4,3,120,"Al Rawdah, North Jeddah, Jeddah"
950000,Villa,7,6,311,"Al Mohamdya, Makkah"
685000,Apartment,3,3,180,"Alawali, West Riyadh, Riyadh"
6900000,Villa,7,5,500,"Al Arid, North Riyadh, Riyadh"
4500000,Villa,6,5,308,"Al Narjis, North Riyadh, Riyadh"
4200000,Villa,7,5,300,"Al Arid, North Riyadh, Riyadh"
2900000,Villa,5,5,202,"Al Arid, North Riyadh, Riyadh"
2800000,Apartment,3,3,146,"Al Arid, North Riyadh, Riyadh"
3000000,Villa,6,5,276,"Al Narjis, North Riyadh, Riyadh"
3300000,Villa,6,4,250,"Al Arid, North Riyadh, Riyadh"
3450000,Villa,5,5,270,"Al Narjis, North Riyadh, Riyadh"
2300000,Villa,10,10,500,"Al Aziziyah, South Riyadh, Riyadh"
450000,Apartment,3,2,102,"Al Marwah, North Jeddah, Jeddah"
15000000,Villa,10,7,450,"Al Narjis, North Riyadh, Riyadh"
4850000,Villa,4,4,550,"Ishbiliyah, East Riyadh, Riyadh"
3000000,Villa,4,6,300,"Sidra, Riyadh"
7000000,Villa,3,4,317,"Al Munsiyah, East Riyadh, Riyadh"
1500000,Apartment,4,3,94,"Qurtubah, East Riyadh, Riyadh"
1500000,Floor,4,4,131,"Al Munsiyah, East Riyadh, Riyadh"
995000,Apartment,4,3,158,"Al Rimal, East Riyadh, Riyadh"
650000,Apartment,3,3,750,"Al Zahraa, North Jeddah, Jeddah"
460000,Apartment,3,3,118,"Al Safa, North Jeddah, Jeddah"
449000,Apartment,3,3,525,"Al Naim, North Jeddah, Jeddah"
620000,Apartment,4,3,149,"Al Faisaliyah, Central Jeddah, Jeddah"
620000,Apartment,3,3,111,"Al Naim, North Jeddah, Jeddah"
439000,Apartment,4,4,510,"Al Salamah, North Jeddah, Jeddah"
460000,Apartment,4,3,118,"Al Safa, North Jeddah, Jeddah"
750000,Apartment,5,3,163,"Al Safa, North Jeddah, Jeddah"
620000,Apartment,3,3,111,"Al Naim, North Jeddah, Jeddah"
620000,Apartment,4,3,149,"Al Faisaliyah, Central Jeddah, Jeddah"
540000,Apartment,4,3,127,"Al Safa, North Jeddah, Jeddah"
570000,Apartment,5,3,865,"Al Rabwa, North Jeddah, Jeddah"
610000,Apartment,5,4,185,"Al Safa, North Jeddah, Jeddah"
490000,Apartment,4,4,128,"Al Marwah, North Jeddah, Jeddah"
2200000,Villa,7,5,500,"Al Lulu, Al Khobar"
1450000,Villa,4,6,310,"Al Sheraa, Al Khobar"
830000,Apartment,5,4,177,"Al Marwah, North Jeddah, Jeddah"
490000,Apartment,4,3,128,"Al Marwah, North Jeddah, Jeddah"
490000,Apartment,4,3,129,"Al Marwah, North Jeddah, Jeddah"
620000,Apartment,3,3,111,"Al Naim, North Jeddah, Jeddah"
490000,Apartment,2,2,94,"Al Salamah, North Jeddah, Jeddah"
440000,Apartment,2,2,99,"Al Marwah, North Jeddah, Jeddah"
440000,Apartment,2,2,1092,"Al Hamraa, Central Jeddah, Jeddah"
655000,Apartment,3,3,529,"Al Rawdah, North Jeddah, Jeddah"
490000,Apartment,3,1,94,"Al Salamah, North Jeddah, Jeddah"
740000,Apartment,1,1,50,"Al Qadisiyah, East Riyadh, Riyadh"
490000,Apartment,3,3,94,"Al Salamah, North Jeddah, Jeddah"
1600000,Villa,3,2,264,"Al Janadriyah, East Riyadh, Riyadh"
440000,Apartment,3,3,99,"Al Marwah, North Jeddah, Jeddah"
1500000,Villa,1,1,312,"Al Hazm, West Riyadh, Riyadh"
1750000,Villa,1,1,262,"Al Munsiyah, East Riyadh, Riyadh"
440000,Apartment,2,2,1092,"Al Hamraa, Central Jeddah, Jeddah"
5500000,Villa,2,1,462,"Al Mahdiyah, West Riyadh, Riyadh"
1550000,Floor,1,1,116,"Al Narjis, North Riyadh, Riyadh"
490000,Apartment,3,3,94,"Al Salamah, North Jeddah, Jeddah"
440000,Apartment,3,3,100,"Al Marwah, North Jeddah, Jeddah"
540000,Apartment,4,3,127,"Al Safa, North Jeddah, Jeddah"
550000,Apartment,4,3,130,"Al Safa, North Jeddah, Jeddah"
750000,Apartment,4,3,164,"Al Safa, North Jeddah, Jeddah"
610000,Apartment,5,3,185,"Al Safa, North Jeddah, Jeddah"
690000,Apartment,5,4,174,"Al Safa, North Jeddah, Jeddah"
600000,Apartment,4,3,180,"Al Mraikh, North Jeddah, Jeddah"
600000,Apartment,4,3,180,"Al Mraikh, North Jeddah, Jeddah"
690000,Apartment,3,2,174,"Al Safa, North Jeddah, Jeddah"
490000,Apartment,2,3,94,"Al Salamah, North Jeddah, Jeddah"
570000,Apartment,3,2,865,"Al Rabwa, North Jeddah, Jeddah"
415000,Apartment,3,3,630,"Al Salamah, North Jeddah, Jeddah"
529000,Apartment,2,3,500,"Al Naim, North Jeddah, Jeddah"
830000,Apartment,4,3,177,"Al Marwah, North Jeddah, Jeddah"
920000,Apartment,4,3,173,"Al Naim, North Jeddah, Jeddah"
7000000,Villa,6,7,500,"Al Narjis, North Riyadh, Riyadh"
2800000,Apartment,2,2,152,"Al Sahafah, North Riyadh, Riyadh"
2150000,Villa,3,3,200,"Sidra, Riyadh"
4200000,Villa,6,6,435,"Qurtubah, East Riyadh, Riyadh"
440000,Apartment,2,2,1092,"Al Hamraa, Central Jeddah, Jeddah"
450000,Apartment,3,2,102,"Al Marwah, North Jeddah, Jeddah"
430000,Apartment,5,3,122,"Al Waha, North Jeddah, Jeddah"
950000,Apartment,3,3,126,"Al Munsiyah, East Riyadh, Riyadh"
1800000,Villa,5,5,285,"Al Qadisiyah, East Riyadh, Riyadh"
1150000,Floor,4,3,900,"Tuwaiq, West Riyadh, Riyadh"
950000,Floor,4,3,212,"Tuwaiq, West Riyadh, Riyadh"
1150000,Floor,5,4,296,"Tuwaiq, West Riyadh, Riyadh"
1050000,Floor,4,4,193,"Tuwaiq, West Riyadh, Riyadh"
850000,Floor,3,4,151,"Al Suwaidi, West Riyadh, Riyadh"
1100000,Floor,4,5,255,"Tuwaiq, West Riyadh, Riyadh"
1000000,Floor,3,3,179,"Tuwaiq, West Riyadh, Riyadh"
1400000,Villa,1,1,200,"Tuwaiq, West Riyadh, Riyadh"
850000,Floor,3,3,105,"Al Suwaidi, West Riyadh, Riyadh"
1200000,Floor,1,1,222,"Tuwaiq, West Riyadh, Riyadh"
950000,Floor,3,3,189,"Tuwaiq, West Riyadh, Riyadh"
1100000,Villa,5,5,200,"Tuwaiq, West Riyadh, Riyadh"
880000,Villa,10,7,163,"Okaz, South Riyadh, Riyadh"
850000,Floor,3,3,500,"Shubra, West Riyadh, Riyadh"
850000,Floor,4,3,500,"Shubra, West Riyadh, Riyadh"
880000,Villa,5,5,163,"Okaz, South Riyadh, Riyadh"
1750000,Villa,5,7,450,"Dhahrat Laban, West Riyadh, Riyadh"
950000,Floor,1,1,201,"Tuwaiq, West Riyadh, Riyadh"
700000,Apartment,1,1,220,"Tuwaiq, West Riyadh, Riyadh"
1350000,Villa,6,5,200,"Tuwaiq, West Riyadh, Riyadh"
2850000,Villa,4,8,312,"Al Rimal, East Riyadh, Riyadh"
2850000,Villa,10,5,845,"Al Shati Al Sharqi, Dammam"
1250000,Floor,6,5,278,"Al Rabwa, North Jeddah, Jeddah"
694000,Apartment,5,4,198,"Al Rayaan, North Jeddah, Jeddah"
750000,Villa,5,4,345,"As Sail Al Kabeer, Taif"
680000,Apartment,5,4,175,"Al Safa, North Jeddah, Jeddah"
1100000,Floor,5,6,228,"Al Rimal, East Riyadh, Riyadh"
550000,Apartment,5,4,168,"Al Buhayrat, Makkah"
980000,Villa,2,3,300,"Al Rahmanyah, North Jeddah, Jeddah"
690000,Apartment,3,3,194,"Badr, Dammam"
1250000,Floor,5,3,340,"Asharai, Makkah"
590000,Floor,4,4,297,"Al Aziziyah, South Riyadh, Riyadh"
1050000,Floor,5,3,213,"Al Rimal, East Riyadh, Riyadh"
640000,Apartment,3,3,171,"King Fahd Suburb, Dammam"
1250000,Villa,6,5,376,"Al Sawari, Al Khobar"
950000,Floor,3,4,122,"Al Rimal, East Riyadh, Riyadh"
750000,Apartment,5,3,180,"Al Buhairah, Al Khobar"
420000,Apartment,3,3,139,"Al Nur, Dammam"
540000,Apartment,5,4,171,"King Fahd Suburb, Dammam"
630000,Apartment,5,4,217,"Al Rayaan, North Jeddah, Jeddah"
430000,Apartment,5,4,154,"Al Nur, Dammam"
690000,Apartment,3,3,325,"Badr, South Riyadh, Riyadh"
680000,Apartment,2,3,228,"Badr, Dammam"
1250000,Villa,8,7,464,"Ash Shamiya Al Jadid, Makkah"
950000,Villa,6,3,349,"Al Qashashia Al Jadid, Makkah"
1150000,Villa,3,4,188,"Al Qadisiyah, East Riyadh, Riyadh"
630000,Apartment,4,4,229,"Badr, South Riyadh, Riyadh"
780000,Apartment,3,4,186,"Al Rayaan, North Jeddah, Jeddah"
1900000,Floor,3,3,209,"Qurtubah, East Riyadh, Riyadh"
750000,Apartment,3,3,208,"Okaz, South Riyadh, Riyadh"
550000,Apartment,5,3,190,"Al Buhayrat, Makkah"
500000,Villa,5,3,187,"King Fahd Suburb, Dammam"
680000,Apartment,5,3,203,"Badr, Dammam"
1300000,Villa,5,5,233,"Nubala, Madina"
700000,Apartment,6,4,210,"Badr, South Riyadh, Riyadh"
1150000,Villa,4,7,423,"Harat Al Bab Al Jadid, Makkah"
600000,Apartment,5,3,196,"Ash Shamiya Al Jadid, Makkah"
1000000,Villa,5,4,310,"Al Wafa Scheme, North Jeddah, Jeddah"
620000,Apartment,4,3,218,"Al Nur, Dammam"
1300000,Villa,6,4,380,"Harat Al Bab Al Jadid, Makkah"
670000,Apartment,5,3,194,"Ash Shamiya Al Jadid, Makkah"
560000,Apartment,4,2,159,"Al Shawqiyyah, Makkah"
900000,Villa,6,3,320,"Ash Shamiya Al Jadid, Makkah"
880000,Villa,7,5,408,"As Sail Al Kabeer, Taif"
1450000,Villa,11,10,300,"Al Rahmanyah, North Jeddah, Jeddah"
650000,Apartment,5,3,185,"Al Shawqiyyah, Makkah"
1300000,Villa,9,6,443,"Ash Shamiya Al Jadid, Makkah"
450000,Apartment,5,3,147,"Ash Shamiya Al Jadid, Makkah"
500000,Apartment,5,4,159,"Asharai, Makkah"
725000,Apartment,5,3,178,"Al Aziziyah, North Jeddah, Jeddah"
620000,Apartment,6,5,166,"Badr, South Riyadh, Riyadh"
900000,Apartment,3,4,154,"Al Rimal, East Riyadh, Riyadh"
770000,Floor,3,2,312,"Al Noor District, Khamis Mushait"
520000,Apartment,3,3,179,"Badr, South Riyadh, Riyadh"
460000,Apartment,3,2,159,"Al Shulah, Dammam"
540000,Apartment,5,3,139,"Asharai, Makkah"
900000,Villa,6,3,312,"Ash Shamiya Al Jadid, Makkah"
510000,Apartment,5,3,172,"Al Rayaan, North Jeddah, Jeddah"
3500000,Villa,8,6,315,"Obhur Al Janoubiyah, North Jeddah, Jeddah"
950000,Villa,4,4,364,"Ar Rehab, Taif"
1500000,Villa,6,7,270,"Alawali, West Riyadh, Riyadh"
530000,Apartment,3,2,194,"Shubra, West Riyadh, Riyadh"
480000,Apartment,4,3,128,"Al Waha, North Jeddah, Jeddah"
1200000,Villa,7,5,375,"Harat Al Bab Al Jadid, Makkah"
640000,Apartment,5,4,217,"Al Rayaan, North Jeddah, Jeddah"
800000,Apartment,3,3,169,"Al Rimal, East Riyadh, Riyadh"
580000,Apartment,5,3,172,"Al Rayaan, North Jeddah, Jeddah"
950000,Apartment,6,4,274,"Al Shawqiyyah, Makkah"
1100000,Floor,3,3,343,"Asharai, Makkah"
640000,Apartment,6,5,206,"Al Rayaan, North Jeddah, Jeddah"
700000,Apartment,5,4,217,"Badr, South Riyadh, Riyadh"
1200000,Villa,5,4,307,"Harat Al Bab Al Jadid, Makkah"
620000,Apartment,7,6,218,"Al Rayaan, North Jeddah, Jeddah"
2000000,Villa,6,3,286,"Al Rimal, East Riyadh, Riyadh"
1400000,Floor,5,3,400,"Asharai, Makkah"
1450000,Villa,6,5,437,"Al Buhairah, Al Khobar"
2700000,Villa,4,4,375,"Al Rimal, East Riyadh, Riyadh"
720000,Villa,4,5,325,"As Sail Al Kabeer, Taif"
1450000,Villa,6,4,480,"Al Lulu, Al Khobar"
900000,Villa,5,4,310,"Al Wafa Scheme, North Jeddah, Jeddah"
750000,Apartment,3,3,171,"Al Hazm, West Riyadh, Riyadh"
650000,Apartment,4,3,228,"Al Hamra, Al Khobar"
650000,Apartment,4,3,228,"Al Hamra, Al Khobar"
620000,Apartment,4,5,218,"Al Nur, Dammam"
750000,Apartment,4,3,353,"Ar Rehab, Taif"
1000000,Villa,4,3,215,"Al Janadriyah, East Riyadh, Riyadh"
1100000,Villa,5,3,325,"Al Sawari, Al Khobar"
540000,Apartment,4,3,161,"Al Hamra, Al Khobar"
1150000,Villa,6,5,305,"Al Amwaj, Al Khobar"
650000,Apartment,3,4,171,"Al Hamra, Al Khobar"
2200000,Villa,4,4,250,"Al Shifa, South Riyadh, Riyadh"
600000,Apartment,3,3,199,"Al Hamra, Al Khobar"
835000,Villa,5,3,266,"Badr, South Riyadh, Riyadh"
670000,Apartment,4,4,180,"Al Waha, North Jeddah, Jeddah"
500000,Apartment,6,3,209,"Al Muhammadiyah 1, Jazan"
1150000,Villa,10,5,367,"Al Lulu, Al Khobar"
930000,Apartment,4,4,164,"Dhahrat Laban, West Riyadh, Riyadh"
900000,Apartment,6,4,188,"Al Naim, North Jeddah, Jeddah"
7500000,Building,10,10,114,"Dhahrat Laban, West Riyadh, Riyadh"
1100000,Apartment,4,4,181,"Dhahrat Laban, West Riyadh, Riyadh"
850000,Floor,3,3,150,"Al Rimal, East Riyadh, Riyadh"
979000,Apartment,3,3,120,"Al Rawdah, East Riyadh, Riyadh"
839000,Apartment,2,2,97,"Al Rawdah, East Riyadh, Riyadh"
860000,Floor,3,3,500,"Shubra, West Riyadh, Riyadh"
2500000,Villa,5,3,370,"Al Munsiyah, East Riyadh, Riyadh"
890000,Apartment,3,3,158,"Al Rimal, East Riyadh, Riyadh"
890000,Apartment,4,3,159,"Al Rimal, East Riyadh, Riyadh"
890000,Apartment,4,4,158,"Al Rimal, East Riyadh, Riyadh"
1350000,Floor,3,4,206,"Al Munsiyah, East Riyadh, Riyadh"
1350000,Floor,5,4,1056,"Al Yarmuk, East Riyadh, Riyadh"
890000,Apartment,4,3,158,"Al Rimal, East Riyadh, Riyadh"
2500000,Villa,5,6,370,"Al Munsiyah, East Riyadh, Riyadh"
1350000,Floor,5,4,1056,"Al Yarmuk, East Riyadh, Riyadh"
890000,Apartment,4,3,158,"Al Rimal, East Riyadh, Riyadh"
2500000,Villa,5,3,370,"Al Munsiyah, East Riyadh, Riyadh"
1550000,Floor,5,5,183,"Al Munsiyah, East Riyadh, Riyadh"
1350000,Floor,4,4,206,"Al Munsiyah, East Riyadh, Riyadh"
1550000,Floor,4,4,183,"Al Munsiyah, East Riyadh, Riyadh"
430000,Apartment,5,3,174,"Badr, South Riyadh, Riyadh"
860000,Floor,2,3,500,"Shubra, West Riyadh, Riyadh"
1400000,Floor,4,6,305,"Al Qadisiyah, East Riyadh, Riyadh"
3000000,Villa,6,5,773,"Al Mahdiyah, West Riyadh, Riyadh"
2500000,Villa,5,5,300,"Al Mahdiyah, West Riyadh, Riyadh"
2000000,Villa,3,4,250,"Sidra, Riyadh"
11500000,Villa,9,10,792,"Al Sahafah, North Riyadh, Riyadh"
635000,Apartment,2,3,176,"Tuwaiq, West Riyadh, Riyadh"
570000,Apartment,4,3,195,"Shuran, Madina"
1109000,Apartment,3,3,151,"Al Narjis, North Riyadh, Riyadh"
989000,Apartment,3,3,130,"Al Rawdah, East Riyadh, Riyadh"
1280000,Villa,7,5,200,"Alawali, West Riyadh, Riyadh"
1500000,Villa,5,6,360,"Al Hamdaniyah, North Jeddah, Jeddah"
1700000,Villa,5,5,200,"Al Sheraa, North Jeddah, Jeddah"
1200000,Villa,4,4,310,"Al Wafa Scheme, North Jeddah, Jeddah"
980000,Villa,5,4,300,"Al Rahmanyah, North Jeddah, Jeddah"
1130000,Villa,5,4,300,"Al Rahmanyah, North Jeddah, Jeddah"
900000,Villa,3,3,312,"Al Riyadh, North Jeddah, Jeddah"
1200000,Villa,3,3,300,"Al Rahmanyah, North Jeddah, Jeddah"
1650000,Villa,3,2,275,"Al Rahmanyah, North Jeddah, Jeddah"
950000,Villa,6,5,312,"Al Riyadh, North Jeddah, Jeddah"
1250000,Villa,5,5,240,"Taiba District, North Jeddah, Jeddah"
850000,Apartment,3,4,467,"Al Zahraa, North Jeddah, Jeddah"
540000,Apartment,4,3,131,"Al Marwah, North Jeddah, Jeddah"
750000,Apartment,5,3,136,"Al Naim, North Jeddah, Jeddah"
1750000,Villa,6,8,450,"Tuwaiq, West Riyadh, Riyadh"
2500000,Villa,5,5,300,"Al Mahdiyah, West Riyadh, Riyadh"
680000,Apartment,5,3,161,"Al Marwah, North Jeddah, Jeddah"
1600000,Villa,7,5,600,"Al Janadriyah, East Riyadh, Riyadh"
900000,Apartment,4,4,450,"Al Mahdiyah, West Riyadh, Riyadh"
930000,Apartment,4,4,450,"Al Mahdiyah, West Riyadh, Riyadh"
930000,Apartment,4,3,450,"Al Mahdiyah, West Riyadh, Riyadh"
850000,Apartment,4,4,450,"Al Mahdiyah, West Riyadh, Riyadh"
750000,Apartment,4,4,450,"Al Mahdiyah, West Riyadh, Riyadh"
900000,Apartment,4,4,450,"Al Mahdiyah, West Riyadh, Riyadh"
750000,Apartment,4,4,450,"Al Mahdiyah, West Riyadh, Riyadh"
800000,Apartment,4,4,450,"Al Mahdiyah, West Riyadh, Riyadh"
770000,Apartment,3,3,450,"Al Mahdiyah, West Riyadh, Riyadh"
850000,Floor,5,1,166,"Al Janadriyah, East Riyadh, Riyadh"
3300000,Villa,6,5,300,"Sidra, Riyadh"
1080000,Floor,4,3,229,"Tuwaiq, West Riyadh, Riyadh"
1100000,Villa,5,4,225,"Alawali, West Riyadh, Riyadh"
1150000,Floor,4,3,183,"Alawali, West Riyadh, Riyadh"
1070000,Villa,5,5,272,"Tuwaiq, West Riyadh, Riyadh"
1100000,Floor,4,4,209,"Al Uraija Al Gharbiyah, West Riyadh, Riyadh"
1200000,Floor,5,5,259,"Al Uraija Al Gharbiyah, West Riyadh, Riyadh"
950000,Floor,3,3,164,"Tuwaiq, West Riyadh, Riyadh"
950000,Floor,5,3,180,"Tuwaiq, West Riyadh, Riyadh"
1150000,Floor,5,5,180,"Tuwaiq, West Riyadh, Riyadh"
1350000,Floor,3,3,240,"Alawali, West Riyadh, Riyadh"
700000,Apartment,3,3,94,"Tuwaiq, West Riyadh, Riyadh"
850000,Floor,3,1,137,"Tuwaiq, West Riyadh, Riyadh"
1000000,Floor,3,3,212,"Tuwaiq, West Riyadh, Riyadh"
1300000,Villa,5,5,304,"Tuwaiq, West Riyadh, Riyadh"
1100000,Floor,3,3,188,"Tuwaiq, West Riyadh, Riyadh"
1600000,Villa,5,5,365,"Al Buhairah, Al Khobar"
1650000,Floor,4,3,198,"Qurtubah, East Riyadh, Riyadh"
3100000,Villa,5,5,300,"Al Mahdiyah, West Riyadh, Riyadh"
3300000,Villa,5,4,300,"Al Mahdiyah, West Riyadh, Riyadh"
450000,Apartment,3,2,102,"Al Marwah, North Jeddah, Jeddah"
3300000,Villa,5,5,300,"Al Mahdiyah, West Riyadh, Riyadh"
3100000,Villa,5,5,300,"Al Mahdiyah, West Riyadh, Riyadh"
800000,Apartment,4,4,630,"Badr, South Riyadh, Riyadh"
530000,Apartment,3,3,163,"Okaz, South Riyadh, Riyadh"
1650000,Floor,3,4,195,"Qurtubah, East Riyadh, Riyadh"
1600000,Floor,3,4,690,"Al Yarmuk, East Riyadh, Riyadh"
3199999,Villa,4,4,330,"Obhur Al Shamaliyah, North Jeddah, Jeddah"
1200000,Villa,6,5,300,"Al Falah, North Jeddah, Jeddah"
899000,Apartment,3,4,170,"Al Nuzhah, North Jeddah, Jeddah"
1039000,Apartment,3,4,231,"Al Nuzhah, North Jeddah, Jeddah"
770000,Floor,4,4,630,"Badr, South Riyadh, Riyadh"
2500000,Villa,5,5,300,"Al Mahdiyah, West Riyadh, Riyadh"
860000,Floor,4,3,500,"Shubra, West Riyadh, Riyadh"
450000,Apartment,3,3,177,"Badr, South Riyadh, Riyadh"
820000,Apartment,5,3,165,"Al Salamah, North Jeddah, Jeddah"
1300000,Apartment,3,3,123,"Al Narjis, North Riyadh, Riyadh"
6000000,Villa,5,5,567,"Al Rabi, North Riyadh, Riyadh"
3900000,Apartment,5,5,430,"Al Shati, North Jeddah, Jeddah"
790000,Apartment,4,3,136,"Al Qadisiyah, East Riyadh, Riyadh"
1500000,Apartment,4,3,153,"Al Malqa, North Riyadh, Riyadh"
3400000,Villa,6,6,200,"Al Malqa, North Riyadh, Riyadh"
5600000,Villa,6,5,400,"Al Malqa, North Riyadh, Riyadh"
1800000,Villa,8,7,625,"Shubra, West Riyadh, Riyadh"
780000,Apartment,2,2,171,"Dhahrat Al Badiah, West Riyadh, Riyadh"
1000000,Villa,5,6,250,"King Fahd Suburb, Dammam"
2500000,Villa,5,5,300,"Al Mahdiyah, West Riyadh, Riyadh"
3300000,Villa,5,5,300,"Al Mahdiyah, West Riyadh, Riyadh"
2200000,Villa,5,5,390,"Al Mahdiyah, West Riyadh, Riyadh"
580000,Apartment,3,3,100,"Al Naim, North Jeddah, Jeddah"
680000,Apartment,5,3,137,"Al Salamah, North Jeddah, Jeddah"
1300000,Floor,4,4,132,"Al Munsiyah, East Riyadh, Riyadh"
1200000,Floor,4,4,242,"Al Qadisiyah, East Riyadh, Riyadh"
730000,Apartment,4,3,141,"Al Maizilah, East Riyadh, Riyadh"
750000,Apartment,4,4,167,"Al Marwah, North Jeddah, Jeddah"
650000,Villa,4,3,152,"Al Marwah, North Jeddah, Jeddah"
1850000,Apartment,3,3,181,"Qurtubah, East Riyadh, Riyadh"
550000,Apartment,3,2,94,"Al Rimal, East Riyadh, Riyadh"
520000,Floor,3,3,222,"Badr, South Riyadh, Riyadh"
1400000,Floor,7,5,900,"Alawali, West Riyadh, Riyadh"
1050000,Villa,6,5,269,"Tuwaiq, West Riyadh, Riyadh"
1000000,Floor,3,2,124,"Al Khaleej, East Riyadh, Riyadh"
1550000,Floor,3,3,234,"Al Khaleej, East Riyadh, Riyadh"
1250000,Apartment,3,2,126,"Al Nada, North Riyadh, Riyadh"
900000,Apartment,4,4,130,"Al Mahdiyah, West Riyadh, Riyadh"
3000000,Villa,5,5,810,"Al Nahdah, East Riyadh, Riyadh"
3500000,Villa,7,8,297,"Al Nafal, North Riyadh, Riyadh"
2350000,Villa,6,5,250,"Al Yarmuk, East Riyadh, Riyadh"
1200000,Floor,5,4,505,"Al Qadisiyah, East Riyadh, Riyadh"
1450000,Floor,5,4,505,"Al Qadisiyah, East Riyadh, Riyadh"
1200000,Floor,5,5,505,"Al Qadisiyah, East Riyadh, Riyadh"
1000000,Floor,4,3,131,"Al Munsiyah, East Riyadh, Riyadh"
1450000,Floor,5,4,505,"Al Qadisiyah, East Riyadh, Riyadh"
1000000,Floor,4,3,131,"Al Munsiyah, East Riyadh, Riyadh"
1200000,Floor,3,3,505,"Al Qadisiyah, East Riyadh, Riyadh"
1000000,Floor,2,3,131,"Al Munsiyah, East Riyadh, Riyadh"
995000,Apartment,4,3,158,"Al Rimal, East Riyadh, Riyadh"
995000,Apartment,4,4,158,"Al Rimal, East Riyadh, Riyadh"
995000,Apartment,4,3,158,"Al Rimal, East Riyadh, Riyadh"
995000,Apartment,4,3,158,"Al Rimal, East Riyadh, Riyadh"
995000,Apartment,4,4,158,"Al Rimal, East Riyadh, Riyadh"
995000,Apartment,4,4,158,"Al Rimal, East Riyadh, Riyadh"
995000,Apartment,4,3,158,"Al Rimal, East Riyadh, Riyadh"
999000,Apartment,3,3,203,"Al Qadisiyah, East Riyadh, Riyadh"
995000,Apartment,4,4,158,"Al Rimal, East Riyadh, Riyadh"
995000,Apartment,4,4,158,"Al Rimal, East Riyadh, Riyadh"
995000,Apartment,4,3,158,"Al Rimal, East Riyadh, Riyadh"
995000,Apartment,4,3,158,"Al Rimal, East Riyadh, Riyadh"
995000,Apartment,4,3,158,"Al Rimal, East Riyadh, Riyadh"
995000,Apartment,4,4,158,"Al Rimal, East Riyadh, Riyadh"
1200000,Floor,4,4,222,"Al Rimal, East Riyadh, Riyadh"
550000,Apartment,5,3,166,"Al Mohamdya, Makkah"
450000,Apartment,3,3,98,"Batha Quraysh, Makkah"
480000,Apartment,3,2,103,"Batha Quraysh, Makkah"
750000,Apartment,5,3,182,"Batha Quraysh, Makkah"
325000,Apartment,2,2,85,"Batha Quraysh, Makkah"
470000,Apartment,3,3,107,"Batha Quraysh, Makkah"
690000,Apartment,5,3,161,"Batha Quraysh, Makkah"
9000000,Villa,6,9,735,"Al Sahafah, North Riyadh, Riyadh"
940000,Floor,5,4,193,"Al Janadriyah, East Riyadh, Riyadh"
1500000,Villa,4,4,367,"King Fahd Suburb, Dammam"
490000,Apartment,4,3,128,"Al Marwah, North Jeddah, Jeddah"
720000,Apartment,6,3,143,"Tuwaiq, West Riyadh, Riyadh"
980000,Apartment,5,3,143,"Al Suwaidi, West Riyadh, Riyadh"
590000,Apartment,3,2,133,"Al Hazm, West Riyadh, Riyadh"
739000,Floor,7,6,186,"Okaz, South Riyadh, Riyadh"
1900000,Villa,9,7,321,"Mudhainib, Madina"
790000,Apartment,4,3,175,"Dhahrat Laban, West Riyadh, Riyadh"
400000,Apartment,4,3,113,"Al Ranuna, Madina"
1250000,Villa,1,1,299,"Shadhah, Madina"
735000,Apartment,1,1,186,"Al Difa, Madina"
750000,Apartment,4,3,141,"Al Salamah, North Jeddah, Jeddah"
1190000,Apartment,6,5,640,"Al Zahraa, North Jeddah, Jeddah"
1190000,Apartment,6,5,640,"Al Zahraa, North Jeddah, Jeddah"
850000,Apartment,3,4,207,"Al Marwah, North Jeddah, Jeddah"
550000,Apartment,3,3,122,"Al Waha, North Jeddah, Jeddah"
1050000,Apartment,7,6,339,"Al Sawari, North Jeddah, Jeddah"
720000,Apartment,5,4,175,"Al Aziziyah, North Jeddah, Jeddah"
1050000,Apartment,7,6,339,"Al Sawari, North Jeddah, Jeddah"
740000,Apartment,4,3,141,"Al Salamah, North Jeddah, Jeddah"
520000,Apartment,3,4,102,"Al Salamah, North Jeddah, Jeddah"
850000,Apartment,4,5,150,"Al Nahdah, North Jeddah, Jeddah"
850000,Apartment,6,5,207,"Al Marwah, North Jeddah, Jeddah"
850000,Apartment,4,3,150,"Al Nahdah, North Jeddah, Jeddah"
850000,Apartment,6,5,207,"Al Marwah, North Jeddah, Jeddah"
950000,Apartment,5,4,166,"Al Salamah, North Jeddah, Jeddah"
520000,Apartment,3,1,102,"Al Salamah, North Jeddah, Jeddah"
740000,Apartment,1,1,141,"Al Salamah, North Jeddah, Jeddah"
780000,Apartment,1,1,133,"Al Rawdah, North Jeddah, Jeddah"
720000,Apartment,1,1,175,"Al Aziziyah, North Jeddah, Jeddah"
520000,Apartment,1,1,102,"Al Salamah, North Jeddah, Jeddah"
730000,Apartment,1,1,166,"Shadhah, Madina"
770000,Apartment,1,1,177,"Shadhah, Madina"
735000,Apartment,1,1,186,"Al Difa, Madina"
600000,Apartment,2,4,215,"Mishrifah, North Jeddah, Jeddah"
545000,Apartment,4,3,137,"Mishrifah, North Jeddah, Jeddah"
670000,Apartment,1,1,176,"Shadhah, Madina"
750000,Apartment,4,3,152,"Al Zahraa, North Jeddah, Jeddah"
750000,Apartment,4,3,152,"Al Zahraa, North Jeddah, Jeddah"
735000,Apartment,1,1,186,"Al Difa, Madina"
735000,Apartment,1,1,172,"Al Difa, Madina"
650000,Apartment,1,1,159,"Mudhainib, Madina"
730000,Apartment,1,1,166,"Shadhah, Madina"
670000,Apartment,1,1,176,"Shadhah, Madina"
3950000,Villa,1,1,620,"Mudhainib, Madina"
770000,Apartment,1,1,177,"Shadhah, Madina"
735000,Apartment,1,1,172,"Al Difa, Madina"
450000,Apartment,4,3,137,"Al Mraikh, North Jeddah, Jeddah"
450000,Apartment,4,3,137,"Al Mraikh, North Jeddah, Jeddah"
450000,Apartment,4,3,137,"Al Mraikh, North Jeddah, Jeddah"
750000,Apartment,4,5,152,"Al Zahraa, North Jeddah, Jeddah"
545000,Apartment,4,5,137,"Mishrifah, North Jeddah, Jeddah"
545000,Apartment,4,3,137,"Mishrifah, North Jeddah, Jeddah"
810000,Villa,10,7,250,"King Fahd Suburb, Dammam"
750000,Floor,5,4,600,"Badr, South Riyadh, Riyadh"
750000,Floor,5,4,600,"Badr, South Riyadh, Riyadh"
1500000,Villa,5,5,149,"Shubra, West Riyadh, Riyadh"
690000,Floor,3,3,181,"Okaz, South Riyadh, Riyadh"
2000000,Villa,5,2,437,"Al Nasim Al Gharbi, East Riyadh, Riyadh"
1150000,Apartment,5,4,178,"Al Rimal, East Riyadh, Riyadh"
1250000,Apartment,3,3,147,"Al Yasmin, North Riyadh, Riyadh"
850000,Apartment,6,3,205,"Ishbiliyah, East Riyadh, Riyadh"
3650000,Villa,6,6,324,"Al Munsiyah, East Riyadh, Riyadh"
1400000,Floor,5,4,600,"Al Khaleej, East Riyadh, Riyadh"
5300000,Villa,9,7,400,"Al Qirawan, North Riyadh, Riyadh"
650000,Apartment,3,3,140,"Al Suwaidi, West Riyadh, Riyadh"
1350000,Apartment,5,4,165,"Al Munsiyah, East Riyadh, Riyadh"
750000,Apartment,4,3,167,"Al Marwah, North Jeddah, Jeddah"
780000,Apartment,5,4,196,"King Fahd, Makkah"
680000,Apartment,4,4,157,"Batha Quraysh, Makkah"
1450000,Villa,5,5,200,"Laban, West Riyadh, Riyadh"
3300000,Villa,4,5,330,"Al Arid, North Riyadh, Riyadh"
5500000,Villa,4,5,457,"Al Narjis, North Riyadh, Riyadh"
2250000,Floor,3,4,397,"Al Narjis, North Riyadh, Riyadh"
1750000,Villa,4,3,412,"Al Rahmanyah, North Jeddah, Jeddah"
900000,Villa,5,3,312,"Al Riyadh, North Jeddah, Jeddah"
1350000,Villa,7,6,322,"Al Rahmanyah, North Jeddah, Jeddah"
1050000,Villa,3,3,312,"Al Falah, North Jeddah, Jeddah"
750000,Apartment,4,6,167,"Al Marwah, North Jeddah, Jeddah"
950000,Apartment,4,3,120,"Al Nahdah, East Riyadh, Riyadh"
2000000,Floor,4,5,420,"Tuwaiq, West Riyadh, Riyadh"
3000000,Villa,5,5,375,"Al Rimal, East Riyadh, Riyadh"
1400000,Villa,6,5,200,"Tuwaiq, West Riyadh, Riyadh"
1070000,Villa,5,5,265,"Tuwaiq, West Riyadh, Riyadh"
780000,Apartment,3,3,116,"Tuwaiq, West Riyadh, Riyadh"
1150000,Floor,3,3,183,"Alawali, West Riyadh, Riyadh"
700000,Apartment,2,2,105,"Tuwaiq, West Riyadh, Riyadh"
850000,Floor,5,5,166,"Tuwaiq, West Riyadh, Riyadh"
1070000,Villa,5,5,269,"Tuwaiq, West Riyadh, Riyadh"
1350000,Villa,6,5,311,"Tuwaiq, West Riyadh, Riyadh"
1100000,Villa,5,4,259,"Tuwaiq, West Riyadh, Riyadh"
900000,Floor,3,3,220,"Tuwaiq, West Riyadh, Riyadh"
1000000,Floor,3,3,212,"Tuwaiq, West Riyadh, Riyadh"
5800000,Apartment,5,2,163,"Al Mraikh, North Jeddah, Jeddah"
450000,Apartment,3,3,106,"Al Ranuna, Madina"
450000,Apartment,5,3,146,"Ash Shamiya Al Jadid, Makkah"
650000,Apartment,5,3,151,"Batha Quraysh, Makkah"
750000,Apartment,6,3,175,"Al Shawqiyyah, Makkah"
700000,Apartment,5,4,182,"Batha Quraysh, Makkah"
780000,Apartment,6,4,210,"Batha Quraysh, Makkah"
670000,Apartment,5,3,192,"Batha Quraysh, Makkah"
800000,Apartment,6,4,210,"Batha Quraysh, Makkah"
550000,Apartment,5,3,191,"Okaz, South Riyadh, Riyadh"
9990000,Apartment,3,2,125,"King Faisal, East Riyadh, Riyadh"
2500000,Villa,5,5,370,"Al Munsiyah, East Riyadh, Riyadh"
560000,Apartment,5,5,141,"Al Hamra, Al Khobar"
1250000,Villa,6,7,427,"King Fahd Suburb, Dammam"
1050000,Apartment,3,3,119,"Al Rimal, East Riyadh, Riyadh"
650000,Apartment,3,3,538,"Al Bayan Neighborhood, East Riyadh, Riyadh"
1250000,Floor,5,1,206,"Al Qadisiyah, East Riyadh, Riyadh"
1550000,Villa,4,4,217,"Al Janadriyah, East Riyadh, Riyadh"
2400000,Villa,7,5,420,"Al Bayan Neighborhood, East Riyadh, Riyadh"
1000000,Floor,5,1,193,"Al Qadisiyah, East Riyadh, Riyadh"
1850000,Villa,6,4,276,"Al Maizilah, East Riyadh, Riyadh"
2600000,Villa,5,5,378,"Al Yarmuk, East Riyadh, Riyadh"
1500000,Floor,3,3,234,"Al Khaleej, East Riyadh, Riyadh"
1400000,Floor,5,5,292,"Al Janadriyah, East Riyadh, Riyadh"
850000,Floor,4,3,182,"Al Bayan Neighborhood, East Riyadh, Riyadh"
1000000,Apartment,3,3,124,"Al Rimal, East Riyadh, Riyadh"
1720000,Villa,6,6,220,"Al Rimal, East Riyadh, Riyadh"
2100000,Villa,5,4,328,"Al Rimal, East Riyadh, Riyadh"
600000,Apartment,3,3,538,"Al Bayan Neighborhood, East Riyadh, Riyadh"
1500000,Villa,5,4,301,"Al Rimal, East Riyadh, Riyadh"
1900000,Villa,6,4,270,"Al Murjan, East Riyadh, Riyadh"
1244000,Apartment,3,3,82,"Al Munsiyah, East Riyadh, Riyadh"
1250000,Floor,3,3,190,"Al Khaleej, East Riyadh, Riyadh"
1400000,Floor,4,4,312,"Al Rimal, East Riyadh, Riyadh"
600000,Apartment,3,3,538,"Al Bayan Neighborhood, East Riyadh, Riyadh"
1000000,Floor,3,4,251,"Al Janadriyah, East Riyadh, Riyadh"
1400000,Floor,3,3,292,"Al Janadriyah, East Riyadh, Riyadh"
1115000,Apartment,3,3,146,"Al Munsiyah, East Riyadh, Riyadh"
1145000,Apartment,3,3,151,"Al Munsiyah, East Riyadh, Riyadh"
1000000,Floor,3,3,138,"Al Rimal, East Riyadh, Riyadh"
2250000,Villa,7,5,276,"Al Rimal, East Riyadh, Riyadh"
1000000,Floor,5,4,271,"Al Janadriyah, East Riyadh, Riyadh"
1200000,Floor,3,3,213,"Al Janadriyah, East Riyadh, Riyadh"
1350000,Floor,6,5,621,"Al Munsiyah, East Riyadh, Riyadh"
1200000,Floor,5,5,213,"Al Janadriyah, East Riyadh, Riyadh"
2350000,Villa,6,5,250,"Al Yarmuk, East Riyadh, Riyadh"
600000,Apartment,3,3,538,"Al Bayan Neighborhood, East Riyadh, Riyadh"
1650000,Villa,4,3,356,"Al Bayan Neighborhood, East Riyadh, Riyadh"
930000,Apartment,5,4,175,"Dhahrat Laban, West Riyadh, Riyadh"
2000000,Villa,5,4,420,"Al Rimal, East Riyadh, Riyadh"
450000,Apartment,3,2,112,"Al Waha, North Jeddah, Jeddah"
770000,Apartment,4,3,133,"Al Rawdah, North Jeddah, Jeddah"
590000,Apartment,5,4,525,"Al Salamah, North Jeddah, Jeddah"
600000,Apartment,5,4,169,"Al Waha, North Jeddah, Jeddah"
900000,Villa,8,5,171,"Al Marwah, North Jeddah, Jeddah"
1200000,Floor,5,4,257,"Al Murjan, East Riyadh, Riyadh"
2300000,Villa,8,4,483,"Al Ajwad, North Jeddah, Jeddah"
1100000,Apartment,4,3,126,"Al Malqa, North Riyadh, Riyadh"
3000000,Villa,6,4,487,"Al Narjis, North Riyadh, Riyadh"
1250000,Floor,5,4,224,"Al Rimal, East Riyadh, Riyadh"
880000,Villa,7,6,258,"Al Janadriyah, East Riyadh, Riyadh"
1300000,Villa,4,4,225,"Al Sawari, North Jeddah, Jeddah"
3000000,Villa,6,5,525,"Al Muhammadiyah, North Jeddah, Jeddah"
1100000,Villa,4,3,330,"Al Sawari, Al Khobar"
5500000,Villa,4,7,450,"Hittin, North Riyadh, Riyadh"
1300000,Apartment,2,2,124,"Al Malqa, North Riyadh, Riyadh"
460000,Apartment,4,3,134,"Badr, South Riyadh, Riyadh"
800000,Villa,7,6,287,"King Fahd Suburb, Dammam"
550000,Apartment,3,4,181,"Al Mraikh, North Jeddah, Jeddah"
600000,Apartment,4,3,116,"Alawali, West Riyadh, Riyadh"
650000,Floor,5,4,149,"Badr, South Riyadh, Riyadh"
1350000,Villa,5,4,200,"Tuwaiq, West Riyadh, Riyadh"
610000,Apartment,5,3,145,"Alawali, West Riyadh, Riyadh"
1200000,Villa,5,5,200,"Tuwaiq, West Riyadh, Riyadh"
850000,Floor,5,3,190,"Tuwaiq, West Riyadh, Riyadh"
610000,Apartment,5,3,145,"Alawali, West Riyadh, Riyadh"
610000,Apartment,3,3,145,"Alawali, West Riyadh, Riyadh"
1100000,Floor,3,3,900,"Alawali, West Riyadh, Riyadh"
610000,Apartment,3,3,145,"Alawali, West Riyadh, Riyadh"
1500000,Villa,4,5,343,"Al Bayan Neighborhood, East Riyadh, Riyadh"
650000,Floor,3,3,270,"Badr, South Riyadh, Riyadh"
850000,Floor,3,3,189,"Tuwaiq, West Riyadh, Riyadh"
610000,Apartment,3,3,145,"Alawali, West Riyadh, Riyadh"
500000,Apartment,3,3,229,"Al Hazm, West Riyadh, Riyadh"
540000,Apartment,3,3,116,"Al Hazm, West Riyadh, Riyadh"
600000,Apartment,3,3,116,"Alawali, West Riyadh, Riyadh"
610000,Apartment,3,3,145,"Alawali, West Riyadh, Riyadh"
600000,Apartment,4,3,117,"Alawali, West Riyadh, Riyadh"
900000,Floor,4,5,190,"Tuwaiq, West Riyadh, Riyadh"
1350000,Villa,5,5,200,"Tuwaiq, West Riyadh, Riyadh"
490000,Apartment,5,4,172,"Badr, Dammam"
5173250,Villa,5,6,412,"Al Qirawan, North Riyadh, Riyadh"
400000,Apartment,2,2,98,"Uhud, South Riyadh, Riyadh"
690000,Floor,5,3,169,"Okaz, South Riyadh, Riyadh"
1380000,Villa,5,5,230,"Dahiat Namar, West Riyadh, Riyadh"
550000,Apartment,3,2,98,"Tuwaiq, West Riyadh, Riyadh"
1400000,Villa,7,5,200,"Tuwaiq, West Riyadh, Riyadh"
1400000,Villa,7,5,200,"Tuwaiq, West Riyadh, Riyadh"
850000,Floor,5,3,187,"Al Saadah, East Riyadh, Riyadh"
800000,Apartment,3,3,141,"Al Malaz, Central Riyadh, Riyadh"
1150000,Villa,4,5,500,"King Fahd Suburb, Dammam"
850000,Apartment,3,3,153,"Al Mahdiyah, West Riyadh, Riyadh"
555000,Apartment,3,3,153,"Okaz, South Riyadh, Riyadh"
1100000,Floor,3,4,198,"Tuwaiq, West Riyadh, Riyadh"
800000,Apartment,3,2,130,"Al Mahdiyah, West Riyadh, Riyadh"
750000,Apartment,3,2,142,"Al Mahdiyah, West Riyadh, Riyadh"
900000,Apartment,3,3,150,"Al Mahdiyah, West Riyadh, Riyadh"
750000,Apartment,3,2,150,"Al Mahdiyah, West Riyadh, Riyadh"
900000,Apartment,4,4,141,"Al Mahdiyah, West Riyadh, Riyadh"
2000000,Villa,7,5,266,"Al Rimal, East Riyadh, Riyadh"
750000,Apartment,4,4,229,"Al Safa, North Jeddah, Jeddah"
380000,Apartment,3,3,82,"Al Rayaan, North Jeddah, Jeddah"
2500000,Villa,11,7,936,"Dahiat Namar, West Riyadh, Riyadh"
1750000,Villa,5,5,405,"Al Yarmuk, East Riyadh, Riyadh"
1200000,Floor,3,3,209,"Al Qadisiyah, East Riyadh, Riyadh"
2350000,Villa,6,5,250,"Al Yarmuk, East Riyadh, Riyadh"
1450000,Apartment,3,3,4980,"Qurtubah, East Riyadh, Riyadh"
1200000,Apartment,3,3,167,"Al Munsiyah, East Riyadh, Riyadh"
750000,Apartment,3,3,130,"Al Nahdah, East Riyadh, Riyadh"
1450000,Villa,4,3,660,"Al Rimal, East Riyadh, Riyadh"
1200000,Apartment,3,3,167,"Al Munsiyah, East Riyadh, Riyadh"
670000,Apartment,3,3,113,"Al Rimal, East Riyadh, Riyadh"
1250000,Floor,3,3,189,"Al Qadisiyah, East Riyadh, Riyadh"
1450000,Apartment,3,3,4980,"Qurtubah, East Riyadh, Riyadh"
1250000,Floor,4,3,190,"Al Khaleej, East Riyadh, Riyadh"
1450000,Apartment,3,5,4980,"Qurtubah, East Riyadh, Riyadh"
1300000,Floor,4,3,600,"Al Khaleej, East Riyadh, Riyadh"
1450000,Apartment,3,3,4980,"Qurtubah, East Riyadh, Riyadh"
2800000,Villa,5,5,312,"Al Rimal, East Riyadh, Riyadh"
1250000,Floor,3,3,205,"Al Qadisiyah, East Riyadh, Riyadh"
1600000,Floor,4,4,690,"Al Yarmuk, East Riyadh, Riyadh"
900000,Apartment,3,3,121,"Al Khaleej, East Riyadh, Riyadh"
1650000,Floor,4,4,4980,"Qurtubah, East Riyadh, Riyadh"
1300000,Floor,4,4,189,"Al Khaleej, East Riyadh, Riyadh"
1450000,Apartment,3,3,4980,"Qurtubah, East Riyadh, Riyadh"
1300000,Apartment,3,3,135,"Al Rimal, East Riyadh, Riyadh"
750000,Apartment,3,3,130,"Al Nahdah, East Riyadh, Riyadh"
800000,Apartment,4,3,393,"Al Nahdah, East Riyadh, Riyadh"
1250000,Villa,4,4,224,"Al Rimal, East Riyadh, Riyadh"
750000,Apartment,3,3,130,"Al Nahdah, East Riyadh, Riyadh"
900000,Apartment,3,3,121,"Al Khaleej, East Riyadh, Riyadh"
1350000,Floor,3,3,141,"Al Munsiyah, East Riyadh, Riyadh"
1400000,Floor,4,3,600,"Al Khaleej, East Riyadh, Riyadh"
1350000,Apartment,4,4,437,"Al Munsiyah, East Riyadh, Riyadh"
1450000,Apartment,3,3,4980,"Qurtubah, East Riyadh, Riyadh"
1450000,Apartment,3,3,4980,"Qurtubah, East Riyadh, Riyadh"
800000,Apartment,3,3,393,"Al Nahdah, East Riyadh, Riyadh"
1100000,Floor,3,3,131,"Al Munsiyah, East Riyadh, Riyadh"
3800000,Villa,6,5,450,"Al Yarmuk, East Riyadh, Riyadh"
1350000,Apartment,4,4,437,"Al Munsiyah, East Riyadh, Riyadh"
800000,Apartment,3,3,393,"Al Nahdah, East Riyadh, Riyadh"
1350000,Apartment,4,3,437,"Al Munsiyah, East Riyadh, Riyadh"
1400000,Floor,4,3,185,"Al Munsiyah, East Riyadh, Riyadh"
800000,Apartment,3,4,393,"Al Nahdah, East Riyadh, Riyadh"
1850000,Floor,4,4,4980,"Qurtubah, East Riyadh, Riyadh"
1400000,Floor,4,5,393,"Al Nahdah, East Riyadh, Riyadh"
2500000,Villa,5,5,370,"Al Munsiyah, East Riyadh, Riyadh"
1500000,Villa,4,4,206,"Al Rimal, East Riyadh, Riyadh"
800000,Apartment,3,3,393,"Al Nahdah, East Riyadh, Riyadh"
2500000,Villa,3,4,355,"Ishbiliyah, East Riyadh, Riyadh"
1350000,Apartment,4,3,437,"Al Munsiyah, East Riyadh, Riyadh"
1450000,Floor,4,4,360,"Qurtubah, East Riyadh, Riyadh"
1350000,Apartment,4,3,437,"Al Munsiyah, East Riyadh, Riyadh"
1800000,Villa,6,5,240,"Al Rimal, East Riyadh, Riyadh"
1000000,Apartment,3,3,124,"Al Khaleej, East Riyadh, Riyadh"
650000,Apartment,4,3,178,"King Fahd, Makkah"
750000,Apartment,6,3,178,"King Fahd, Makkah"
580000,Apartment,4,4,178,"King Fahd, Makkah"
380000,Apartment,3,3,126,"Batha Quraysh, Makkah"
975000,Apartment,3,3,129,"Al Munsiyah, East Riyadh, Riyadh"
2000000,Villa,6,9,200,"Al Mahdiyah, West Riyadh, Riyadh"
1100000,Apartment,3,3,130,"Al Mahdiyah, West Riyadh, Riyadh"
680000,Apartment,3,3,193,"Al Hamra, Al Khobar"
770000,Apartment,4,4,630,"Badr, South Riyadh, Riyadh"
2200000,Villa,6,5,225,"Al Mahdiyah, West Riyadh, Riyadh"
2200000,Villa,6,5,225,"Al Mahdiyah, West Riyadh, Riyadh"
2200000,Villa,6,5,225,"Al Mahdiyah, West Riyadh, Riyadh"
2200000,Villa,6,5,225,"Al Mahdiyah, West Riyadh, Riyadh"
2200000,Villa,6,5,225,"Al Mahdiyah, West Riyadh, Riyadh"
2200000,Villa,6,5,225,"Al Mahdiyah, West Riyadh, Riyadh"
2200000,Villa,6,5,225,"Al Mahdiyah, West Riyadh, Riyadh"
2200000,Villa,6,6,225,"Al Mahdiyah, West Riyadh, Riyadh"
1800000,Villa,5,5,400,"Al Mahdiyah, West Riyadh, Riyadh"
600000,Apartment,4,4,163,"Alawali, West Riyadh, Riyadh"
830000,Floor,3,4,200,"Al Janadriyah, East Riyadh, Riyadh"
800000,Floor,5,4,169,"Al Uraija Al Wusta, West Riyadh, Riyadh"
3000000,Villa,3,3,500,"Agruba, Al Jubaylah"
1500000,Apartment,2,3,124,"Al Narjis, North Riyadh, Riyadh"
1280000,Villa,5,4,313,"Al Riyadh, North Jeddah, Jeddah"
850000,Apartment,4,4,295,"Ar Rehab 1, Jazan"
450000,Apartment,3,3,101,"Al Waha, North Jeddah, Jeddah"
670000,Apartment,5,4,210,"Al Safa, North Jeddah, Jeddah"
1300000,Apartment,5,4,113,"Al Narjis, North Riyadh, Riyadh"
1380000,Villa,4,3,300,"Al Rahmanyah, North Jeddah, Jeddah"
850000,Floor,4,3,246,"Tuwaiq, West Riyadh, Riyadh"
750000,Apartment,6,5,239,"Al Safa, North Jeddah, Jeddah"
1200000,Villa,5,5,463,"Ar Rehab 1, Jazan"
1300000,Apartment,3,3,119,"Al Narjis, North Riyadh, Riyadh"
580000,Apartment,4,3,134,"Al Waha, North Jeddah, Jeddah"
920000,Floor,5,4,310,"Al Wafa Scheme, North Jeddah, Jeddah"
750000,Apartment,5,4,218,"Mudhainib, Madina"
620000,Apartment,5,4,155,"Al Manar, North Jeddah, Jeddah"
1200000,Villa,6,4,450,"Al Frosyah, South Jeddah, Jeddah"
1250000,Villa,4,4,420,"Al Danah, Al Hofuf Eastern Region"
400000,Apartment,5,3,145,"King Fahd, Makkah"
630000,Floor,3,3,229,"Badr, South Riyadh, Riyadh"
1400000,Villa,5,5,390,"Dhahrat Laban, West Riyadh, Riyadh"
480000,Apartment,3,2,109,"Tuwaiq, West Riyadh, Riyadh"
485000,Apartment,4,3,131,"Al Waha, North Jeddah, Jeddah"
985000,Villa,5,4,290,"King Fahd Suburb, Dammam"
845000,Villa,4,4,250,"King Fahd Suburb, Dammam"
500000,Floor,2,3,126,"Al Dar Al Baida, South Riyadh, Riyadh"
1000000,Villa,5,4,301,"Al Suways 1, Jazan"
700000,Apartment,5,3,148,"Dhahrat Laban, West Riyadh, Riyadh"
2800000,Villa,7,5,438,"Al Saif, Dammam"
1330000,Apartment,4,4,280,"Al Waha, North Jeddah, Jeddah"
480000,Apartment,3,3,128,"Al Waha, North Jeddah, Jeddah"
550000,Apartment,4,3,154,"Shubra, West Riyadh, Riyadh"
1200000,Villa,5,5,215,"Al Rimal, East Riyadh, Riyadh"
620000,Apartment,3,3,128,"Tuwaiq, West Riyadh, Riyadh"
1250000,Villa,5,4,258,"Al Shulah, Dammam"
700000,Floor,6,3,165,"Al Suwaidi, West Riyadh, Riyadh"
1750000,Villa,4,5,288,"Al Buhairah, Al Khobar"
720000,Apartment,1,1,186,"Mudhainib, Madina"
790000,Apartment,1,1,229,"Shuran, Madina"
1290000,Villa,1,1,299,"Shadhah, Madina"
1600000,Villa,1,1,272,"Shuran, Madina"
1150000,Villa,1,1,390,"Nubala, Madina"
1250000,Villa,1,1,394,"Shuran, Madina"
720000,Apartment,1,1,186,"Mudhainib, Madina"
1250000,Villa,1,1,299,"Shadhah, Madina"
725000,Apartment,1,1,226,"Al Ranuna, Madina"
750000,Apartment,1,1,175,"Al Mabuth, Madina"
1680000,Villa,1,1,272,"Shuran, Madina"
1750000,Villa,1,1,344,"Ayn Al Khif, Madina"
1300000,Villa,1,1,212,"Shuran, Madina"
1200000,Villa,1,1,343,"Shuran, Madina"
595000,Apartment,1,1,137,"Al Mabuth, Madina"
720000,Apartment,1,1,186,"Mudhainib, Madina"
735000,Apartment,1,1,186,"Al Difa, Madina"
1150000,Villa,1,1,388,"Nubala, Madina"
730000,Apartment,1,1,151,"Al Mabuth, Madina"
1750000,Villa,1,1,350,"Ayn Al Khif, Madina"
720000,Apartment,1,1,137,"Al Mabuth, Madina"
2700000,Villa,1,1,400,"Shuran, Madina"
1550000,Villa,1,1,435,"Shuran, Madina"
750000,Apartment,1,1,167,"Al Mabuth, Madina"
1250000,Apartment,5,4,700,"Al Zahraa, North Jeddah, Jeddah"
550000,Apartment,3,2,700,"Al Zahraa, North Jeddah, Jeddah"
1260000,Apartment,5,4,520,"Al Salamah, North Jeddah, Jeddah"
2700000,Villa,7,6,167,"Al Shati Al Sharqi, Dammam"
665000,Apartment,4,3,520,"Al Salamah, North Jeddah, Jeddah"
665000,Apartment,4,3,520,"Al Salamah, North Jeddah, Jeddah"
1050000,Apartment,3,3,153,"Al Salamah, North Jeddah, Jeddah"
1400000,Apartment,4,3,223,"Al Nahdah, North Jeddah, Jeddah"
1260000,Apartment,3,4,520,"Al Salamah, North Jeddah, Jeddah"
1350000,Apartment,1,1,520,"Al Nahdah, North Jeddah, Jeddah"
1350000,Apartment,3,3,520,"Al Nahdah, North Jeddah, Jeddah"
1250000,Apartment,6,5,700,"Al Zahraa, North Jeddah, Jeddah"
1050000,Apartment,4,4,153,"Al Salamah, North Jeddah, Jeddah"
1460000,Apartment,6,5,199,"Al Nahdah, North Jeddah, Jeddah"
1250000,Apartment,6,5,700,"Al Zahraa, North Jeddah, Jeddah"
1250000,Apartment,6,4,700,"Al Zahraa, North Jeddah, Jeddah"
1250000,Apartment,6,5,700,"Al Zahraa, North Jeddah, Jeddah"
730000,Apartment,1,1,166,"Al Mabuth, Madina"
1460000,Apartment,1,1,199,"Al Nahdah, North Jeddah, Jeddah"
730000,Apartment,1,1,177,"Al Mabuth, Madina"
1100000,Floor,1,1,343,"Al Salam, Madina"
790000,Apartment,1,1,229,"Shuran, Madina"
780000,Apartment,1,1,357,"Al Difa, Madina"
790000,Apartment,1,1,229,"Shuran, Madina"
600000,Apartment,3,3,73,"Al Rimal, East Riyadh, Riyadh"
1300000,Floor,1,1,286,"Al Ranuna, Madina"
1100000,Floor,1,1,340,"Al Sakb, Madina"
1435000,Villa,1,1,445,"Mudhainib, Madina"
580000,Apartment,1,1,176,"Bani Bayadah, Madina"
730000,Apartment,1,1,189,"Mudhainib, Madina"
1750000,Villa,1,1,485,"Al Ranuna, Madina"
1700000,Villa,1,1,439,"Al Ranuna, Madina"
1140000,Villa,1,1,200,"Nubala, Madina"
1450000,Villa,1,1,341,"Ayn Al Khif, Madina"
1750000,Villa,1,1,439,"Shuran, Madina"
760000,Apartment,1,1,205,"Bani Bayadah, Madina"
2200000,Villa,1,1,303,"Mudhainib, Madina"
1390000,Villa,1,1,248,"Nubala, Madina"
2700000,Villa,1,1,308,"Shuran, Madina"
600000,Apartment,1,1,149,"Ayn Al Khif, Madina"
1050000,Floor,1,1,300,"Al Salam, Madina"
1200000,Floor,1,1,312,"Al Difa, Madina"
1400000,Floor,1,1,350,"Al Difa, Madina"
730000,Apartment,1,1,175,"Mudhainib, Madina"
1450000,Villa,1,1,340,"Ayn Al Khif, Madina"
1100000,Floor,1,1,343,"Al Salam, Madina"
1400000,Floor,1,1,350,"Al Difa, Madina"
1240000,Villa,1,1,228,"Nubala, Madina"
1450000,Villa,1,1,366,"Mudhainib, Madina"
650000,Apartment,4,4,112,"Al Rimal, East Riyadh, Riyadh"
1200000,Floor,7,6,341,"Al Nahdah, East Riyadh, Riyadh"
950000,Villa,1,1,220,"Nubala, Madina"
2700000,Villa,5,5,341,"Al Bayan Neighborhood, East Riyadh, Riyadh"
1250000,Villa,1,1,327,"Mudhainib, Madina"
1450000,Villa,1,1,490,"Bani Bayadah, Madina"
780000,Apartment,1,1,357,"Al Difa, Madina"
1540000,Villa,1,1,382,"Shuran, Madina"
650000,Apartment,4,3,112,"Al Rimal, East Riyadh, Riyadh"
735000,Apartment,1,1,175,"Ayn Al Khif, Madina"
1050000,Floor,5,4,341,"Al Rimal, East Riyadh, Riyadh"
1190000,Villa,1,1,335,"Al Salam, Madina"
600000,Apartment,3,3,234,"Al Rimal, East Riyadh, Riyadh"
700000,Apartment,3,2,341,"Al Rimal, East Riyadh, Riyadh"
600000,Apartment,3,2,73,"Al Rimal, East Riyadh, Riyadh"
700000,Apartment,5,4,150,"Batha Quraysh, Makkah"
820000,Apartment,1,1,169,"Al Difa, Madina"
700000,Apartment,5,4,151,"Batha Quraysh, Makkah"
1350000,Villa,6,5,400,"Asharai, Makkah"
1250000,Villa,1,1,381,"Al Difa, Madina"
1250000,Apartment,1,1,357,"Al Difa, Madina"
1100000,Villa,1,1,376,"Al Difa, Madina"
1190000,Villa,1,1,335,"Al Salam, Madina"
1050000,Floor,1,1,300,"Al Salam, Madina"
1200000,Floor,1,1,312,"Al Difa, Madina"
1300000,Villa,4,6,228,"Al Khaleej, East Riyadh, Riyadh"
1500000,Rest House,5,4,12987,"Amal District, Al Bukayriyah"
650000,Apartment,5,4,161,"Batha Quraysh, Makkah"
655000,Apartment,3,3,400,"Al Rawdah, North Jeddah, Jeddah"
790000,Apartment,1,1,230,"Shuran, Madina"
725000,Apartment,1,1,211,"Al Ranuna, Madina"
965000,Villa,1,1,244,"Shuran, Madina"
1350000,Villa,1,1,345,"Al Mabuth, Madina"
1250000,Villa,1,1,334,"Mudhainib, Madina"
3500000,Villa,1,1,599,"Mudhainib, Madina"
685000,Apartment,1,1,150,"Al Difa, Madina"
785000,Apartment,1,1,175,"Shuran, Madina"
1800000,Villa,1,1,522,"Al Ranuna, Madina"
695000,Apartment,1,1,170,"Al Mabuth, Madina"
1300000,Villa,1,1,212,"Shuran, Madina"
600000,Apartment,1,1,144,"Mudhainib, Madina"
1390000,Floor,1,1,351,"Nubala, Madina"
730000,Apartment,1,1,187,"Mudhainib, Madina"
1390000,Villa,1,1,334,"Mudhainib, Madina"
715000,Apartment,1,1,190,"Ayn Al Khif, Madina"
1500000,Villa,1,1,423,"Al Mabuth, Madina"
685000,Apartment,1,1,222,"Al Ranuna, Madina"
1450000,Villa,1,1,448,"Shuran, Madina"
1300000,Villa,7,7,875,"Al Lulu, Al Khobar"
730000,Apartment,1,1,189,"Mudhainib, Madina"
550000,Apartment,4,3,157,"Al Muntazah, Dammam"
3600000,Villa,1,1,570,"Mudhainib, Madina"
700000,Apartment,3,3,145,"Al Qusor, Dammam"
500000,Apartment,4,3,120,"Al Muntazah, Dammam"
765000,Apartment,1,1,175,"Shuran, Madina"
499000,Apartment,4,3,141,"Al Hamra, Al Khobar"
1200000,Villa,1,1,277,"Nubala, Madina"
2200000,Villa,4,5,375,"Al Qusor, Dammam"
950000,Apartment,3,4,107,"Al Muntazah, Dammam"
720000,Apartment,1,1,186,"Mudhainib, Madina"
1550000,Villa,1,1,366,"Mudhainib, Madina"
1800000,Villa,1,1,522,"Al Ranuna, Madina"
520000,Apartment,3,3,102,"Al Salamah, North Jeddah, Jeddah"
730000,Apartment,5,4,167,"Al Marwah, North Jeddah, Jeddah"
560000,Apartment,5,3,147,"Al Rabwa, North Jeddah, Jeddah"
490000,Apartment,3,3,115,"Al Nuzhah, North Jeddah, Jeddah"
720000,Apartment,1,1,186,"Mudhainib, Madina"
600000,Apartment,1,1,144,"Mudhainib, Madina"
610000,Apartment,5,3,160,"Al Safa, North Jeddah, Jeddah"
1490000,Villa,1,1,438,"Al Mabuth, Madina"
700000,Apartment,1,1,214,"Al Ranuna, Madina"
1450000,Villa,1,1,490,"Bani Bayadah, Madina"
690000,Apartment,1,1,211,"Shuran, Madina"
1390000,Villa,1,1,334,"Mudhainib, Madina"
660000,Apartment,1,1,151,"Al Mabuth, Madina"
660000,Apartment,1,1,266,"Shuran, Madina"
720000,Apartment,1,1,186,"Mudhainib, Madina"
1080000,Villa,1,1,210,"Nubala, Madina"
669000,Apartment,2,2,630,"Al Nahdah, North Jeddah, Jeddah"
1250000,Apartment,1,1,357,"Al Difa, Madina"
530000,Apartment,4,3,127,"Al Safa, North Jeddah, Jeddah"
610000,Apartment,2,2,160,"Al Safa, North Jeddah, Jeddah"
950000,Apartment,4,3,186,"Al Muntazah, Dammam"
530000,Apartment,4,3,130,"Al Safa, North Jeddah, Jeddah"
1575000,Villa,1,1,366,"Mudhainib, Madina"
635000,Apartment,2,2,127,"Al Salamah, North Jeddah, Jeddah"
390000,Apartment,2,2,500,"Al Safa, North Jeddah, Jeddah"
660000,Apartment,5,4,175,"Al Safa, North Jeddah, Jeddah"
520000,Apartment,3,3,102,"Al Salamah, North Jeddah, Jeddah"
520000,Apartment,3,3,103,"Al Salamah, North Jeddah, Jeddah"
730000,Apartment,5,4,166,"Al Marwah, North Jeddah, Jeddah"
560000,Apartment,4,3,135,"Al Marwah, North Jeddah, Jeddah"
930000,Apartment,1,1,133,"Al Munsiyah, East Riyadh, Riyadh"
560000,Apartment,4,3,135,"Al Marwah, North Jeddah, Jeddah"
730000,Apartment,5,4,167,"Al Marwah, North Jeddah, Jeddah"
1020000,Apartment,1,1,120,"Al Munsiyah, East Riyadh, Riyadh"
530000,Apartment,4,3,128,"Al Safa, North Jeddah, Jeddah"
530000,Apartment,4,3,130,"Al Safa, North Jeddah, Jeddah"
530000,Apartment,4,3,127,"Al Safa, North Jeddah, Jeddah"
530000,Apartment,4,3,130,"Al Safa, North Jeddah, Jeddah"
550000,Apartment,5,3,147,"Al Rabwa, North Jeddah, Jeddah"
625000,Apartment,3,3,129,"Batha Quraysh, Makkah"
55000,Apartment,5,3,147,"Al Rabwa, North Jeddah, Jeddah"
490000,Apartment,3,3,115,"Al Nuzhah, North Jeddah, Jeddah"
490000,Apartment,3,3,115,"Al Nuzhah, North Jeddah, Jeddah"
570000,Apartment,4,3,134,"Al Nuzhah, North Jeddah, Jeddah"
560000,Apartment,5,3,147,"Al Rabwa, North Jeddah, Jeddah"
971000,Apartment,1,1,110,"Al Munsiyah, East Riyadh, Riyadh"
1000000,Floor,1,1,156,"Al Khaleej, East Riyadh, Riyadh"
660000,Apartment,5,4,175,"Al Safa, North Jeddah, Jeddah"
440000,Apartment,3,3,99,"Al Marwah, North Jeddah, Jeddah"
1500000,Floor,1,1,141,"Al Munsiyah, East Riyadh, Riyadh"
660000,Apartment,5,4,175,"Al Safa, North Jeddah, Jeddah"
389000,Apartment,2,2,598,"Al Faisaliyah, Central Jeddah, Jeddah"
415000,Apartment,1,2,580,"Al Salamah, North Jeddah, Jeddah"
285000,Apartment,2,2,1251,"Al Jameah District, South Jeddah, Jeddah"
655000,Apartment,3,3,529,"Al Rawdah, North Jeddah, Jeddah"
429000,Apartment,2,2,524,"Al Rawdah, North Jeddah, Jeddah"
399000,Apartment,3,3,400,"Al Marwah, North Jeddah, Jeddah"
610000,Apartment,5,4,160,"Al Safa, North Jeddah, Jeddah"
530000,Apartment,4,3,130,"Al Safa, North Jeddah, Jeddah"
635000,Apartment,4,3,127,"Al Salamah, North Jeddah, Jeddah"
490000,Apartment,3,2,115,"Al Nuzhah, North Jeddah, Jeddah"
560000,Apartment,3,2,147,"Al Rabwa, North Jeddah, Jeddah"
530000,Apartment,4,3,130,"Al Safa, North Jeddah, Jeddah"
360000,Apartment,2,2,875,"Al Salamah, North Jeddah, Jeddah"
530000,Apartment,4,3,127,"Al Safa, North Jeddah, Jeddah"
520000,Apartment,3,3,102,"Al Salamah, North Jeddah, Jeddah"
299000,Apartment,2,2,875,"Al Salamah, North Jeddah, Jeddah"
650000,Apartment,5,3,149,"Al Waha, North Jeddah, Jeddah"
530000,Apartment,4,3,128,"Al Safa, North Jeddah, Jeddah"
530000,Apartment,4,3,130,"Al Safa, North Jeddah, Jeddah"
660000,Apartment,5,4,175,"Al Safa, North Jeddah, Jeddah"
490000,Apartment,3,3,115,"Al Nuzhah, North Jeddah, Jeddah"
299000,Apartment,2,2,875,"Al Salamah, North Jeddah, Jeddah"
429000,Apartment,2,2,501,"Al Rawdah, North Jeddah, Jeddah"
440000,Apartment,3,3,99,"Al Marwah, North Jeddah, Jeddah"
390000,Apartment,2,2,500,"Al Safa, North Jeddah, Jeddah"
660000,Apartment,3,4,175,"Al Safa, North Jeddah, Jeddah"
389000,Apartment,2,2,598,"Al Faisaliyah, Central Jeddah, Jeddah"
655000,Apartment,3,3,529,"Al Rawdah, North Jeddah, Jeddah"
365000,Apartment,2,2,625,"Al Faisaliyah, Central Jeddah, Jeddah"
415000,Apartment,3,3,580,"Al Salamah, North Jeddah, Jeddah"
380000,Apartment,2,3,750,"Al Safa, North Jeddah, Jeddah"
299000,Apartment,2,2,750,"Al Safa, North Jeddah, Jeddah"
350000,Apartment,2,3,900,"Al Safa, North Jeddah, Jeddah"
560000,Apartment,3,2,865,"Al Rabwa, North Jeddah, Jeddah"
399000,Apartment,3,3,1920,"Al Jameah District, South Jeddah, Jeddah"
750000,Apartment,4,3,137,"Al Salamah, North Jeddah, Jeddah"
1560000,Apartment,3,3,230,"Al Salamah, North Jeddah, Jeddah"
285000,Apartment,2,2,726,"Al Safa, North Jeddah, Jeddah"
284000,Apartment,2,2,726,"Al Safa, North Jeddah, Jeddah"
520000,Apartment,3,3,102,"Al Salamah, North Jeddah, Jeddah"
580000,Apartment,3,3,100,"Al Naim, North Jeddah, Jeddah"
730000,Apartment,1,1,130,"Al Naim, North Jeddah, Jeddah"
730000,Apartment,5,3,130,"Al Naim, North Jeddah, Jeddah"
750000,Apartment,4,3,121,"Al Rawdah, North Jeddah, Jeddah"
900000,Apartment,4,3,158,"Al Naim, North Jeddah, Jeddah"
580000,Apartment,3,2,214,"Al Dhurfah, Khamis Mushait"
730000,Apartment,5,3,130,"Al Naim, North Jeddah, Jeddah"
580000,Apartment,3,3,100,"Al Naim, North Jeddah, Jeddah"
750000,Apartment,4,3,121,"Al Rawdah, North Jeddah, Jeddah"
730000,Apartment,5,3,130,"Al Naim, North Jeddah, Jeddah"
750000,Apartment,4,3,120,"Al Rawdah, North Jeddah, Jeddah"
1350000,Floor,7,6,252,"Al Rimal, East Riyadh, Riyadh"
740000,Apartment,5,3,130,"Al Naim, North Jeddah, Jeddah"
730000,Apartment,4,3,112,"Al Rawdah, North Jeddah, Jeddah"
580000,Apartment,3,3,100,"Al Naim, North Jeddah, Jeddah"
730000,Apartment,4,3,112,"Al Rawdah, North Jeddah, Jeddah"
730000,Apartment,4,3,112,"Al Rawdah, North Jeddah, Jeddah"
740000,Apartment,4,3,118,"Al Rawdah, North Jeddah, Jeddah"
580000,Apartment,3,3,100,"Al Naim, North Jeddah, Jeddah"
900000,Apartment,1,1,188,"Al Naim, North Jeddah, Jeddah"
1300000,Villa,8,7,225,"Al Nasim Al Gharbi, East Riyadh, Riyadh"
685000,Apartment,1,1,186,"Al Ranuna, Madina"
1445000,Apartment,4,5,129,"Qurtubah, East Riyadh, Riyadh"
520000,Apartment,4,3,174,"Al Safa, North Jeddah, Jeddah"
520000,Apartment,4,3,174,"Al Safa, North Jeddah, Jeddah"
520000,Apartment,4,3,174,"Al Safa, North Jeddah, Jeddah"
380000,Apartment,2,2,750,"Al Safa, North Jeddah, Jeddah"
3200000,Villa,1,1,256,"Al Munsiyah, East Riyadh, Riyadh"
740000,Apartment,1,1,117,"Al Rawdah, North Jeddah, Jeddah"
1250000,Villa,5,5,200,"Tuwaiq, West Riyadh, Riyadh"
429000,Apartment,2,2,524,"Al Rawdah, North Jeddah, Jeddah"
730000,Apartment,1,1,112,"Al Rawdah, North Jeddah, Jeddah"
1500000,Villa,6,5,256,"Dhahrat Laban, West Riyadh, Riyadh"
2850000,Villa,5,5,448,"Al Bayan Neighborhood, East Riyadh, Riyadh"
740000,Apartment,5,3,130,"Al Naim, North Jeddah, Jeddah"
2600000,Villa,5,4,406,"Al Rimal, East Riyadh, Riyadh"
600000,Apartment,3,1,103,"Al Rimal, East Riyadh, Riyadh"
2700000,Villa,1,1,345,"Qurtubah, East Riyadh, Riyadh"
620000,Apartment,3,3,250,"Al Uraija Al Gharbiyah, West Riyadh, Riyadh"
650000,Apartment,5,3,160,"Al Fayhaa, North Jeddah, Jeddah"
1000000,Villa,4,5,474,"Al Suways 1, Jazan"
1150000,Floor,4,3,467,"Al Danah, Al Hofuf Eastern Region"
720000,Floor,6,4,248,"Al Suways 1, Jazan"
580000,Apartment,3,3,130,"Batha Quraysh, Makkah"
770000,Floor,4,3,198,"Tuwaiq, West Riyadh, Riyadh"
957000,Apartment,5,3,185,"Al Sawari, North Jeddah, Jeddah"
1300000,Floor,5,4,391,"Nubala, Madina"
500000,Apartment,4,3,128,"Al Waha, North Jeddah, Jeddah"
1850000,Villa,6,2,337,"Al Sawari, North Jeddah, Jeddah"
1750000,Villa,7,6,312,"Al Zumorrud, North Jeddah, Jeddah"
1850000,Villa,5,5,322,"Al Sawari, North Jeddah, Jeddah"
900000,Apartment,4,3,246,"Dhahrat Laban, West Riyadh, Riyadh"
679000,Apartment,4,3,282,"King Fahd Suburb, Dammam"
3200000,Villa,6,5,450,"Al Shati, Jazan"
9500000,Residential Building,10,10,840,"Ishbiliyah, East Riyadh, Riyadh"
850000,Apartment,2,1,80,"Al Dar Al Baida, South Riyadh, Riyadh"
1150000,Villa,7,6,540,"Al Qashashia Al Jadid, Makkah"
480000,Apartment,3,2,105,"Al Difa, Madina"
5750000,Villa,11,11,833,"Al Qadisiyah, East Riyadh, Riyadh"
900000,Floor,4,3,179,"Al Zuhur, Abha"
690000,Apartment,3,3,187,"Al Shulah, Dammam"
1100000,Villa,5,5,362,"Al Shifa, South Riyadh, Riyadh"
570000,Floor,7,5,177,"Badr, South Riyadh, Riyadh"
1000000,Apartment,1,1,158,"Al Sawari, North Jeddah, Jeddah"
5000000,Villa,4,5,600,"Al Rimal, East Riyadh, Riyadh"
3500000,Villa,5,5,400,"Al Rimal, East Riyadh, Riyadh"
8000000,Villa,7,5,690,"Al Nafal, North Riyadh, Riyadh"
10500000,Villa,10,6,540,"Al Narjis, North Riyadh, Riyadh"
3500000,Villa,5,4,362,"Al Yasmin, North Riyadh, Riyadh"
3500000,Villa,5,4,325,"Al Narjis, North Riyadh, Riyadh"
850000,Apartment,4,3,134,"Dhahrat Laban, West Riyadh, Riyadh"
850000,Apartment,4,3,146,"Dhahrat Laban, West Riyadh, Riyadh"
885000,Apartment,4,3,134,"Dhahrat Laban, West Riyadh, Riyadh"
560000,Apartment,4,3,138,"Al Hamra, Al Khobar"
739000,Villa,7,7,186,"Okaz, South Riyadh, Riyadh"
1400000,Villa,4,4,319,"Tuwaiq, West Riyadh, Riyadh"
600000,Apartment,4,3,106,"Tuwaiq, West Riyadh, Riyadh"
1300000,Villa,6,5,208,"Al Uraija Al Wusta, West Riyadh, Riyadh"
700000,Floor,4,3,152,"Al Suwaidi, West Riyadh, Riyadh"
950000,Floor,4,3,189,"Al Uraija Al Gharbiyah, West Riyadh, Riyadh"
650000,Apartment,3,2,93,"Tuwaiq, West Riyadh, Riyadh"
950000,Floor,5,4,181,"Tuwaiq, West Riyadh, Riyadh"
1100000,Villa,6,4,270,"Tuwaiq, West Riyadh, Riyadh"
1300000,Villa,6,5,208,"Al Uraija Al Wusta, West Riyadh, Riyadh"
1350000,Villa,7,5,200,"Tuwaiq, West Riyadh, Riyadh"
1400000,Villa,7,6,200,"Tuwaiq, West Riyadh, Riyadh"
1300000,Villa,6,5,207,"Al Uraija Al Wusta, West Riyadh, Riyadh"
850000,Floor,5,4,151,"Al Suwaidi, West Riyadh, Riyadh"
1400000,Villa,7,5,407,"Tuwaiq, West Riyadh, Riyadh"
2500000,Villa,5,5,384,"Al Mahdiyah, West Riyadh, Riyadh"
2150000,Villa,5,5,356,"Al Mahdiyah, West Riyadh, Riyadh"
2250000,Villa,6,6,370,"Al Mahdiyah, West Riyadh, Riyadh"
2100000,Villa,5,5,356,"Al Mahdiyah, West Riyadh, Riyadh"
850000,Floor,3,3,151,"Al Suwaidi, West Riyadh, Riyadh"
850000,Villa,5,5,209,"Okaz, South Riyadh, Riyadh"
950000,Floor,3,3,220,"Tuwaiq, West Riyadh, Riyadh"
850000,Villa,5,5,242,"Okaz, South Riyadh, Riyadh"
1150000,Villa,4,5,255,"Tuwaiq, West Riyadh, Riyadh"
1650000,Villa,5,5,328,"Dhahrat Laban, West Riyadh, Riyadh"
1500000,Villa,4,4,175,"Tuwaiq, West Riyadh, Riyadh"
850000,Villa,5,5,242,"Okaz, South Riyadh, Riyadh"
850000,Floor,5,4,151,"Al Suwaidi, West Riyadh, Riyadh"
2100000,Villa,5,7,370,"Dhahrat Laban, West Riyadh, Riyadh"
1200000,Apartment,2,1,120,"Al Yasmin, North Riyadh, Riyadh"
550000,Apartment,4,3,174,"Al Nakhil, Buraydah Al Qassim Region"
580000,Apartment,2,2,233,"Al Nakhil, Buraydah Al Qassim Region"
1600000,Villa,5,1,264,"Al Janadriyah, East Riyadh, Riyadh"
1600000,Apartment,4,3,129,"Qurtubah, East Riyadh, Riyadh"
1550000,Villa,5,3,274,"Al Rimal, East Riyadh, Riyadh"
3500000,Villa,5,1,720,"Al Mahdiyah, West Riyadh, Riyadh"
1850000,Apartment,3,3,181,"Qurtubah, East Riyadh, Riyadh"
950000,Apartment,6,4,200,"Dhahrat Laban, West Riyadh, Riyadh"
750000,Apartment,2,2,124,"Al Nasim Al Sharqi, East Riyadh, Riyadh"
610000,Apartment,3,3,240,"Al Nakhil, Buraydah Al Qassim Region"
1200000,Villa,6,6,250,"Okaz, South Riyadh, Riyadh"
1450000,Villa,3,4,256,"Dhahrat Laban, West Riyadh, Riyadh"
2250000,Villa,5,5,399,"Al Mahdiyah, West Riyadh, Riyadh"
1350000,Villa,5,6,465,"Al Nakhil, Buraydah Al Qassim Region"
560000,Apartment,5,5,337,"Al Nakhil, Buraydah Al Qassim Region"
545000,Apartment,3,3,182,"Al Nakhil, Buraydah Al Qassim Region"
870000,Villa,5,7,428,"Al Nakhil, Buraydah Al Qassim Region"
635000,Apartment,3,3,337,"Al Nakhil, Buraydah Al Qassim Region"
770000,Villa,5,6,225,"Al Nakhil, Buraydah Al Qassim Region"
750000,Villa,5,4,250,"Al Nakhil, Buraydah Al Qassim Region"
595000,Apartment,5,4,240,"Al Nakhil, Buraydah Al Qassim Region"
885000,Apartment,4,4,130,"Dhahrat Laban, West Riyadh, Riyadh"
580000,Apartment,3,3,178,"Al Rayaan, North Jeddah, Jeddah"
615000,Apartment,5,4,204,"Governmental1, Jeddah"
770000,Apartment,2,3,125,"Al Salamah, North Jeddah, Jeddah"
680000,Apartment,3,3,189,"Al Rabwa, North Jeddah, Jeddah"
620000,Apartment,3,3,215,"Al Rayaan, North Jeddah, Jeddah"
1100000,Apartment,3,3,167,"Al Salamah, North Jeddah, Jeddah"
520000,Apartment,2,3,164,"Al Rayaan, North Jeddah, Jeddah"
800000,Apartment,4,5,264,"Al Manar, North Jeddah, Jeddah"
520000,Apartment,2,2,146,"Al Rayaan, North Jeddah, Jeddah"
1350000,Villa,5,4,200,"Tuwaiq, West Riyadh, Riyadh"
1350000,Villa,5,5,200,"Tuwaiq, West Riyadh, Riyadh"
1350000,Villa,5,4,200,"Tuwaiq, West Riyadh, Riyadh"
1350000,Villa,5,4,200,"Tuwaiq, West Riyadh, Riyadh"
330000,Apartment,2,2,105,"Al Nur, Dammam"
580000,Apartment,3,3,154,"Al Zuhur, Dammam"
830000,Floor,5,4,154,"Al Rimal, East Riyadh, Riyadh"
7000000,Villa,3,4,317,"Al Munsiyah, East Riyadh, Riyadh"
6000000,Villa,9,7,420,"Al Qirawan, North Riyadh, Riyadh"
4450000,Villa,4,5,441,"Al Narjis, North Riyadh, Riyadh"
4450000,Villa,4,5,441,"Al Narjis, North Riyadh, Riyadh"
1550000,Floor,3,3,233,"Al Rimal, East Riyadh, Riyadh"
890000,Apartment,5,3,5087,"Al Munsiyah, East Riyadh, Riyadh"
2200000,Villa,6,6,225,"Al Mahdiyah, West Riyadh, Riyadh"
2650000,Villa,6,4,321,"Obhur Al Shamaliyah, North Jeddah, Jeddah"
420000,Apartment,4,3,122,"Al Marwah, North Jeddah, Jeddah"
1100000,Apartment,4,5,306,"Dhahrat Al Badiah, West Riyadh, Riyadh"
1100000,Floor,7,5,348,"Al Marwah, North Jeddah, Jeddah"
380000,Apartment,4,3,101,"Al Waha, North Jeddah, Jeddah"
375000,Apartment,3,2,101,"Al Waha, North Jeddah, Jeddah"
600000,Apartment,4,3,111,"Al Salamah, North Jeddah, Jeddah"
580000,Apartment,5,3,158,"Batha Quraysh, Makkah"
580000,Apartment,3,3,100,"Al Naim, North Jeddah, Jeddah"
859000,Apartment,3,3,134,"Al Rimal, East Riyadh, Riyadh"
600000,Apartment,4,3,112,"Al Salamah, North Jeddah, Jeddah"
2200000,Villa,7,6,366,"Al Mahdiyah, West Riyadh, Riyadh"
1800000,Villa,6,5,366,"Al Mahdiyah, West Riyadh, Riyadh"
2200000,Villa,6,5,225,"Al Mahdiyah, West Riyadh, Riyadh"
2200000,Villa,6,5,225,"Al Mahdiyah, West Riyadh, Riyadh"
1850000,Villa,6,5,574,"Al Sheraa, Al Khobar"
590000,Apartment,4,3,159,"King Fahd, Makkah"
750000,Floor,5,5,233,"Okaz, South Riyadh, Riyadh"
730,Floor,3,3,149,"Al Hazm, West Riyadh, Riyadh"
950000,Floor,5,5,350,"Al Dar Al Baida, South Riyadh, Riyadh"
1300000,Villa,7,5,304,"Tuwaiq, West Riyadh, Riyadh"
720000,Apartment,4,3,129,"Alawali, West Riyadh, Riyadh"
1350000,Villa,6,4,400,"Al Uraija Al Gharbiyah, West Riyadh, Riyadh"
1170000,Villa,4,5,200,"Tuwaiq, West Riyadh, Riyadh"
1300000,Villa,5,5,290,"Tuwaiq, West Riyadh, Riyadh"
850000,Apartment,4,6,221,"Dhahrat Laban, West Riyadh, Riyadh"
1170000,Villa,6,5,210,"Al Suwaidi, West Riyadh, Riyadh"
880000,Floor,3,2,155,"Tuwaiq, West Riyadh, Riyadh"
800000,Floor,3,3,137,"Tuwaiq, West Riyadh, Riyadh"
670000,Apartment,4,3,94,"Tuwaiq, West Riyadh, Riyadh"
1070000,Villa,5,4,265,"Tuwaiq, West Riyadh, Riyadh"
1650000,Villa,5,4,306,"Dhahrat Laban, West Riyadh, Riyadh"
1750000,Villa,6,6,375,"Tuwaiq, West Riyadh, Riyadh"
750000,Floor,4,4,312,"Al Shifa, South Riyadh, Riyadh"
1070,Villa,5,4,265,"Tuwaiq, West Riyadh, Riyadh"
900000,Floor,6,4,212,"Dahiat Namar, West Riyadh, Riyadh"
950000,Floor,5,4,189,"Tuwaiq, West Riyadh, Riyadh"
750000,Floor,6,5,245,"Tuwaiq, West Riyadh, Riyadh"
850000,Floor,6,3,166,"Tuwaiq, West Riyadh, Riyadh"
780000,Floor,4,2,116,"Dahiat Namar, West Riyadh, Riyadh"
800000,Floor,4,3,500,"Al Zahrah, West Riyadh, Riyadh"
7000000,Villa,11,7,650,"Al Arid, North Riyadh, Riyadh"
4800000,Villa,6,5,300,"Al Arid, North Riyadh, Riyadh"
1090000,Apartment,4,3,129,"Al Munsiyah, East Riyadh, Riyadh"
2300000,Villa,3,4,250,"Sidra, Riyadh"
750000,Apartment,2,2,129,"Al Qadisiyah, East Riyadh, Riyadh"
1090000,Apartment,4,3,129,"Al Munsiyah, East Riyadh, Riyadh"
987600,Apartment,4,3,155,"Al Munsiyah, East Riyadh, Riyadh"
1090000,Apartment,4,3,129,"Al Munsiyah, East Riyadh, Riyadh"
3500000,Villa,7,5,390,"Al Narjis, North Riyadh, Riyadh"
800000,Apartment,4,3,178,"Tuwaiq, West Riyadh, Riyadh"
3500000,Villa,5,6,315,"Al Nafal, North Riyadh, Riyadh"
3000000,Villa,5,4,336,"Al Malqa, North Riyadh, Riyadh"
492000,Apartment,5,3,168,Jeddah
1350000,Villa,6,6,275,"Al Rahmanyah, North Jeddah, Jeddah"
730000,Apartment,4,3,114,"Al Rawdah, North Jeddah, Jeddah"
740000,Apartment,4,3,117,"Al Rawdah, North Jeddah, Jeddah"
950000,Apartment,5,4,155,"Al Rimal, East Riyadh, Riyadh"
1800000,Villa,5,5,400,"Al Mahdiyah, West Riyadh, Riyadh"
1800000,Villa,5,5,400,"Al Mahdiyah, West Riyadh, Riyadh"
1800000,Villa,5,5,400,"Al Mahdiyah, West Riyadh, Riyadh"
2000000,Villa,5,5,400,"Al Mahdiyah, West Riyadh, Riyadh"
1800000,Villa,5,5,400,"Al Mahdiyah, West Riyadh, Riyadh"
1800000,Villa,5,5,400,"Al Mahdiyah, West Riyadh, Riyadh"
1250000,Apartment,4,3,11412,"Al Malqa, North Riyadh, Riyadh"
1250000,Apartment,4,3,11412,"Al Malqa, North Riyadh, Riyadh"
1050000,Apartment,3,2,124,"Al Mahdiyah, West Riyadh, Riyadh"
1050000,Apartment,4,3,130,"Al Mahdiyah, West Riyadh, Riyadh"
1900000,Villa,8,7,250,"Al Mahdiyah, West Riyadh, Riyadh"
1950000,Villa,5,5,200,"Al Mahdiyah, West Riyadh, Riyadh"
891000,Apartment,3,3,478,"Al Mahdiyah, West Riyadh, Riyadh"
900000,Apartment,3,2,478,"Al Mahdiyah, West Riyadh, Riyadh"
750000,Apartment,3,3,478,"Al Mahdiyah, West Riyadh, Riyadh"
2000000,Villa,7,6,366,"Al Mahdiyah, West Riyadh, Riyadh"
2200000,Villa,7,6,366,"Al Mahdiyah, West Riyadh, Riyadh"
2750000,Villa,7,5,366,"Al Mahdiyah, West Riyadh, Riyadh"
1800000,Villa,7,5,366,"Al Mahdiyah, West Riyadh, Riyadh"
2000000,Villa,7,7,366,"Al Mahdiyah, West Riyadh, Riyadh"
2100000,Villa,7,5,366,"Al Mahdiyah, West Riyadh, Riyadh"
3000000,Villa,7,5,300,"Al Mahdiyah, West Riyadh, Riyadh"
1800000,Villa,6,5,200,"Al Mahdiyah, West Riyadh, Riyadh"
3200000,Villa,7,5,366,"Al Mahdiyah, West Riyadh, Riyadh"
1950000,Villa,7,3,366,"Al Mahdiyah, West Riyadh, Riyadh"
2750000,Villa,7,5,366,"Al Mahdiyah, West Riyadh, Riyadh"
2150000,Villa,5,5,400,"Al Mahdiyah, West Riyadh, Riyadh"
2000000,Villa,7,5,366,"Al Mahdiyah, West Riyadh, Riyadh"
2000000,Villa,5,5,200,"Al Mahdiyah, West Riyadh, Riyadh"
800000,Apartment,3,3,140,"Al Mahdiyah, West Riyadh, Riyadh"
9200000,Apartment,3,4,478,"Al Mahdiyah, West Riyadh, Riyadh"
2000000,Villa,7,4,366,"Al Mahdiyah, West Riyadh, Riyadh"
4000000,Villa,6,7,450,"Al Mahdiyah, West Riyadh, Riyadh"
4000000,Villa,6,5,450,"Al Mahdiyah, West Riyadh, Riyadh"
3200000,Villa,6,7,300,"Al Mahdiyah, West Riyadh, Riyadh"
2100000,Villa,7,6,366,"Al Mahdiyah, West Riyadh, Riyadh"
1980000,Villa,7,4,366,"Al Mahdiyah, West Riyadh, Riyadh"
1800000,Villa,5,4,400,"Al Mahdiyah, West Riyadh, Riyadh"
2000000,Villa,4,4,366,"Al Mahdiyah, West Riyadh, Riyadh"
2300000,Villa,6,5,400,"Al Mahdiyah, West Riyadh, Riyadh"
4600000,Villa,6,5,805,"Agruba, Al Jubaylah"
800000,Apartment,7,5,212,"Al Marwah, North Jeddah, Jeddah"
3850000,Villa,5,4,415,"Al Mahdiyah, West Riyadh, Riyadh"
2000000,Villa,6,6,200,"Al Mahdiyah, West Riyadh, Riyadh"
850000,Apartment,4,6,900,"Dhahrat Laban, West Riyadh, Riyadh"
650000,Apartment,5,4,161,"Tuwaiq, West Riyadh, Riyadh"
1800000,Villa,6,6,400,"Tuwaiq, West Riyadh, Riyadh"
1500000,Apartment,3,3,550,"Al Arid, North Riyadh, Riyadh"
950000,Floor,3,3,268,"Tuwaiq, West Riyadh, Riyadh"
750000,Floor,3,4,131,"Al Zahrah, West Riyadh, Riyadh"
1400000,Apartment,5,3,246,"Al Hamra, Al Khobar"
1020000,Floor,5,5,173,"Al Janadriyah, East Riyadh, Riyadh"
2200000,Villa,6,5,225,"Al Mahdiyah, West Riyadh, Riyadh"
1800000,Villa,5,4,400,"Al Mahdiyah, West Riyadh, Riyadh"
2200000,Villa,6,5,225,"Al Mahdiyah, West Riyadh, Riyadh"
4000000,Villa,5,5,400,"Al Mahdiyah, West Riyadh, Riyadh"
1500000,Villa,6,4,381,"Al Sawari, North Jeddah, Jeddah"
1950000,Villa,5,4,200,"Al Sheraa, North Jeddah, Jeddah"
620000,Apartment,5,2,218,"Al Marwah, North Jeddah, Jeddah"
2000000,Villa,4,3,312,"Al Zumorrud, North Jeddah, Jeddah"
520000,Apartment,3,3,145,"Al Waha, North Jeddah, Jeddah"
580000,Apartment,4,4,355,"Al Noor District, Khamis Mushait"
800000,Apartment,5,4,199,"King Fahd, Makkah"
470000,Apartment,3,3,128,"Al Waha, North Jeddah, Jeddah"
1000000,Villa,6,5,378,"Al Sheraa, Al Khobar"
650000,Villa,5,3,185,"Badr, South Riyadh, Riyadh"
590000,Apartment,5,5,159,"Al Waha, North Jeddah, Jeddah"
850000,Apartment,5,4,207,"Asharai, Makkah"
569000,Apartment,2,3,145,"Okaz, South Riyadh, Riyadh"
3200000,Villa,9,10,383,"Qurtubah, East Riyadh, Riyadh"
749000,Apartment,3,3,134,"Al Rimal, East Riyadh, Riyadh"
800000,Apartment,7,5,630,"Badr, South Riyadh, Riyadh"
800000,Apartment,5,4,179,"Dhahrat Laban, West Riyadh, Riyadh"
670000,Apartment,4,3,900,"Dhahrat Laban, West Riyadh, Riyadh"
800000,Apartment,3,3,180,"Dhahrat Laban, West Riyadh, Riyadh"
4500000,Villa,7,7,450,"King Faisal, East Riyadh, Riyadh"
750000,Floor,5,4,208,"Al Janadriyah, East Riyadh, Riyadh"
6000000,Villa,11,7,690,"Ishbiliyah, East Riyadh, Riyadh"
740000,Apartment,4,3,117,"Al Rawdah, North Jeddah, Jeddah"
4000000,Villa,6,5,460,"Al Jisr, Al Khobar"
869000,Apartment,3,3,135,"Al Rimal, East Riyadh, Riyadh"
839000,Apartment,2,2,97,"Al Rawdah, East Riyadh, Riyadh"
989000,Apartment,3,3,130,"Al Rawdah, East Riyadh, Riyadh"
2200000,Villa,6,5,225,"Al Mahdiyah, West Riyadh, Riyadh"
7800000,Villa,5,5,780,"Al Sahafah, North Riyadh, Riyadh"
420000,Apartment,3,3,131,"Al Dar Al Baida, South Riyadh, Riyadh"
385000,Apartment,1,2,151,"Badr, South Riyadh, Riyadh"
850000,Apartment,3,2,171,"Al Rimal, East Riyadh, Riyadh"
2200000,Villa,5,5,540,"Al Rimal, East Riyadh, Riyadh"
1350000,Floor,4,3,214,"Al Rimal, East Riyadh, Riyadh"
1150000,Floor,3,3,196,"Al Rimal, East Riyadh, Riyadh"
2000000,Villa,5,4,264,"Al Rimal, East Riyadh, Riyadh"
700000,Apartment,2,2,118,"Al Rimal, East Riyadh, Riyadh"
750000,Apartment,2,3,157,"Al Rimal, East Riyadh, Riyadh"
850000,Floor,3,3,158,"Al Rimal, East Riyadh, Riyadh"
900000,Floor,5,4,260,"Al Rimal, East Riyadh, Riyadh"
1700000,Villa,6,6,225,"Al Rimal, East Riyadh, Riyadh"
1300000,Floor,5,4,135,"Al Rimal, East Riyadh, Riyadh"
1150000,Floor,5,5,375,"Al Rimal, East Riyadh, Riyadh"
1250000,Floor,3,3,215,"Al Rimal, East Riyadh, Riyadh"
2200000,Floor,5,5,287,"Al Maizilah, East Riyadh, Riyadh"
2200000,Villa,6,5,275,"Al Rimal, East Riyadh, Riyadh"
850000,Floor,5,3,165,"Al Rimal, East Riyadh, Riyadh"
750000,Apartment,3,3,157,"Al Rimal, East Riyadh, Riyadh"
1800000,Villa,6,4,240,"Al Rimal, East Riyadh, Riyadh"
1600000,Floor,3,3,448,"Al Arid, North Riyadh, Riyadh"
700000,Apartment,5,4,191,"Al Safa, North Jeddah, Jeddah"
1200000,Villa,10,7,300,"Taiba District, North Jeddah, Jeddah"
1350000,Villa,7,5,400,"Al Uraija Al Gharbiyah, West Riyadh, Riyadh"
1100000,Floor,5,4,245,"Tuwaiq, West Riyadh, Riyadh"
1350000,Villa,7,5,400,"Al Uraija Al Gharbiyah, West Riyadh, Riyadh"
560000,Apartment,3,3,141,"Tuwaiq, West Riyadh, Riyadh"
800000,Floor,5,4,257,"Alawali, West Riyadh, Riyadh"
560000,Apartment,3,3,141,"Tuwaiq, West Riyadh, Riyadh"
1350000,Villa,5,5,400,"Al Uraija Al Gharbiyah, West Riyadh, Riyadh"
560000,Apartment,3,4,141,"Tuwaiq, West Riyadh, Riyadh"
850000,Apartment,6,5,242,"Al Mohamdya, Makkah"
850000,Apartment,5,4,242,"Al Mohamdya, Makkah"
500000,Villa,6,5,484,"Amal District, Al Bukayriyah"
1380000,Floor,6,4,322,"Al Sawari, North Jeddah, Jeddah"
850000,Floor,3,4,538,"Al Murjan, East Riyadh, Riyadh"
740000,Apartment,3,3,129,"Al Rimal, East Riyadh, Riyadh"
750000,Apartment,3,2,157,"Al Rimal, East Riyadh, Riyadh"
850000,Apartment,4,3,825,"Al Qadisiyah, East Riyadh, Riyadh"
770000,Apartment,3,3,150,"Al Rimal, East Riyadh, Riyadh"
900000,Apartment,4,3,137,"Al Rimal, East Riyadh, Riyadh"
2400000,Villa,5,4,420,"Al Bayan Neighborhood, East Riyadh, Riyadh"
770000,Apartment,3,3,150,"Al Rimal, East Riyadh, Riyadh"
1200000,Floor,4,4,241,"Al Rimal, East Riyadh, Riyadh"
860000,Apartment,4,3,184,"Al Rimal, East Riyadh, Riyadh"
540000,Apartment,5,3,182,"Ash Shamiya Al Jadid, Makkah"
1900000,Villa,7,4,366,"Al Mahdiyah, West Riyadh, Riyadh"
490000,Apartment,3,3,134,"Okaz, South Riyadh, Riyadh"
480000,Apartment,3,3,156,"Badr, South Riyadh, Riyadh"
750000,Floor,5,3,187,"Dahiat Namar, West Riyadh, Riyadh"
600000,Floor,3,2,173,"Badr, South Riyadh, Riyadh"
730000,Apartment,1,1,162,"Shuran, Madina"
680000,Apartment,1,1,166,"Mudhainib, Madina"
660000,Apartment,1,1,158,"Mudhainib, Madina"
730000,Apartment,1,1,162,"Shuran, Madina"
730000,Apartment,1,1,152,"Shuran, Madina"
1250000,Villa,6,5,307,"Ash Shamiya Al Jadid, Makkah"
600000,Apartment,3,3,94,"Al Rimal, East Riyadh, Riyadh"
1100000,Floor,5,4,229,"Al Rimal, East Riyadh, Riyadh"
1100000,Villa,6,6,311,"Ash Shamiya Al Jadid, Makkah"
1100000,Floor,5,3,229,"Al Rimal, East Riyadh, Riyadh"
1950000,Villa,4,5,241,"Al Sheraa, North Jeddah, Jeddah"
430000,Apartment,4,3,133,"As Salamah, Makkah"
830000,Villa,6,5,300,"Ash Shamiya Al Jadid, Makkah"
580000,Apartment,1,1,176,"Bani Bayadah, Madina"
850000,Villa,5,4,312,"Al Riyadh, North Jeddah, Jeddah"
1350000,Villa,4,3,300,"Al Rahmanyah, North Jeddah, Jeddah"
1400000,Villa,9,5,275,"Al Rimal, East Riyadh, Riyadh"
950000,Villa,1,1,287,"Nubala, Madina"
950000,Apartment,6,5,251,"Al Nuzhah, North Jeddah, Jeddah"
1100000,Floor,5,4,229,"Al Rimal, East Riyadh, Riyadh"
1100000,Villa,6,6,343,"Asharai, Makkah"
1100000,Floor,3,3,186,"Al Rimal, East Riyadh, Riyadh"
1150000,Villa,1,1,262,"Nubala, Madina"
800000,Villa,8,7,275,"Ar Rehab, Taif"
1100000,Floor,5,4,229,"Al Rimal, East Riyadh, Riyadh"
1200000,Villa,10,7,300,"Al Rahmanyah, North Jeddah, Jeddah"
1500000,Villa,10,7,312,"Al Falah, North Jeddah, Jeddah"
1100000,Villa,9,7,348,"Rahba District, Taif"
970000,Villa,5,4,312,"Al Riyadh, North Jeddah, Jeddah"
600000,Apartment,3,2,94,"Al Rimal, East Riyadh, Riyadh"
700000,Apartment,5,4,205,"Ash Shamiya Al Jadid, Makkah"
430000,Apartment,4,4,158,"As Salamah, Makkah"
800000,Apartment,5,4,229,"Ash Shamiya Al Jadid, Makkah"
1285000,Villa,6,7,312,"Al Riyadh, North Jeddah, Jeddah"
650000,Apartment,3,3,150,"As Salamah, Makkah"
1270000,Villa,4,7,377,"Al Nwwariyah, Makkah"
850000,Villa,8,7,500,"Ar Rehab, Taif"
1350000,Villa,8,7,300,"Al Salehiyah, North Jeddah, Jeddah"
1020000,Villa,5,4,312,"Al Riyadh, North Jeddah, Jeddah"
550000,Apartment,2,3,170,"Al Nwwariyah, Makkah"
720000,Floor,4,3,132,"Al Rahmanyah, North Jeddah, Jeddah"
650000,Villa,4,4,750,"Amal District, Al Bukayriyah"
660000,Apartment,5,4,198,"Al Rayaan, North Jeddah, Jeddah"
1150000,Villa,4,7,479,"Ash Shamiya Al Jadid, Makkah"
450000,Rest House,5,3,702,"Amal District, Al Bukayriyah"
460000,Apartment,3,3,168,"Ash Shamiya Al Jadid, Makkah"
2500000,Villa,5,4,492,"King Fahd, Makkah"
680000,Apartment,1,1,166,"Mudhainib, Madina"
1000000,Villa,7,5,268,"Al Riyadh, North Jeddah, Jeddah"
1400000,Villa,7,5,300,"Al Rahmanyah, North Jeddah, Jeddah"
580000,Apartment,6,5,226,"Al Dhurfah, Khamis Mushait"
730000,Apartment,1,1,162,"Shuran, Madina"
915000,Villa,1,1,400,"Nubala, Madina"
1050000,Villa,7,6,261,"Al Riyadh, North Jeddah, Jeddah"
500000,Apartment,5,4,189,"Al Nwwariyah, Makkah"
1100000,Villa,1,1,236,"Nubala, Madina"
680000,Apartment,1,1,166,"Mudhainib, Madina"
730000,Apartment,1,1,152,"Shuran, Madina"
2550000,Villa,1,1,350,"Shuran, Madina"
1100000,Villa,7,5,451,"Al Noor District, Khamis Mushait"
650000,Apartment,3,3,128,"Ash Shamiya Al Jadid, Makkah"
900000,Floor,1,1,197,"Al Rimal, East Riyadh, Riyadh"
1350000,Floor,1,1,257,"Al Rimal, East Riyadh, Riyadh"
780000,Apartment,6,5,219,"Batha Quraysh, Makkah"
1000000,Floor,1,1,165,"Al Janadriyah, East Riyadh, Riyadh"
550000,Apartment,6,4,201,"Al Muhammadiyah 2, Jazan"
690000,Villa,4,5,199,"An Nuzhah 1, Ahad Rafidah"
900000,Villa,7,6,300,"Al Noor District, Khamis Mushait"
630000,Apartment,6,5,244,"Al Zuhur, Abha"
490000,Apartment,5,4,225,"Al Zuhur, Abha"
1280000,Villa,6,5,375,"Al Dhurfah, Khamis Mushait"
650000,Apartment,1,1,111,"Al Salamah, North Jeddah, Jeddah"
1150000,Villa,5,4,439,"Al Maealaa, Ahad Rafidah"
830000,Apartment,1,1,140,"Al Salamah, North Jeddah, Jeddah"
730000,Apartment,1,1,130,"Al Naim, North Jeddah, Jeddah"
650000,Apartment,6,5,366,"Al Zuhur, Abha"
550000,Apartment,6,5,211,"Al Dhurfah, Khamis Mushait"
1050000,Villa,7,6,481,"Al Noor District, Khamis Mushait"
1400000,Villa,9,5,275,"Al Rimal, East Riyadh, Riyadh"
830000,Apartment,1,1,140,"Al Salamah, North Jeddah, Jeddah"
1400000,Villa,4,4,240,"Dhahrat Laban, West Riyadh, Riyadh"
800000,Villa,8,7,437,"Al Maealaa, Ahad Rafidah"
750000,Apartment,4,3,169,"Batha Quraysh, Makkah"
770000,Apartment,5,4,257,"Al Nwwariyah, Makkah"
2500000,Villa,4,5,350,"Al Rimal, East Riyadh, Riyadh"
600000,Apartment,3,3,93,"Al Rimal, East Riyadh, Riyadh"
600000,Apartment,2,3,88,"Al Rimal, East Riyadh, Riyadh"
1300000,Villa,4,5,262,"Al Yaqout, North Jeddah, Jeddah"
1250000,Floor,6,4,236,"Al Sawari, North Jeddah, Jeddah"
650000,Apartment,3,2,104,"Tuwaiq, West Riyadh, Riyadh"
680000,Apartment,3,3,181,"Tuwaiq, West Riyadh, Riyadh"
650000,Apartment,3,3,104,"Tuwaiq, West Riyadh, Riyadh"
6000000,Villa,7,6,635,"Al Rimal, East Riyadh, Riyadh"
3600000,Villa,4,4,250,"Al Narjis, North Riyadh, Riyadh"
5500000,Villa,5,5,704,"Al Mahdiyah, West Riyadh, Riyadh"
1200000,Villa,6,6,220,"Al Salehiyah, North Jeddah, Jeddah"
650000,Apartment,3,4,176,"Governmental1, Jeddah"
875000,Floor,5,4,199,"Al Marwah, North Jeddah, Jeddah"
460000,Apartment,4,3,122,"Al Rayaan, North Jeddah, Jeddah"
970000,Apartment,5,4,177,"Al Zahraa, North Jeddah, Jeddah"
5300000,Villa,5,5,400,"Al Aqiq, North Riyadh, Riyadh"
2200000,Apartment,3,5,242,"Al Malqa, North Riyadh, Riyadh"
1050000,Villa,5,6,237,"Badr, South Riyadh, Riyadh"
565000,Apartment,4,3,134,"Tuwaiq, West Riyadh, Riyadh"
650000,Apartment,2,4,1050,"Dhahrat Laban, West Riyadh, Riyadh"
690000,Apartment,5,3,1110,"Laban, West Riyadh, Riyadh"
550000,Apartment,5,2,898,"Dhahrat Laban, West Riyadh, Riyadh"
930000,Villa,5,6,307,"Al Shifa, South Riyadh, Riyadh"
760000,Floor,3,3,168,"Badr, South Riyadh, Riyadh"
900000,Floor,3,3,189,"Tuwaiq, West Riyadh, Riyadh"
600000,Floor,3,4,249,"Badr, South Riyadh, Riyadh"
900000,Apartment,6,5,238,"Al Suwaidi Al Gharabi, West Riyadh, Riyadh"
1100000,Floor,5,4,240,"Dahiat Namar, West Riyadh, Riyadh"
750000,Apartment,4,3,238,"Al Suwaidi Al Gharabi, West Riyadh, Riyadh"
1200000,Villa,6,5,400,"Al Uraija Al Wusta, West Riyadh, Riyadh"
565000,Apartment,4,3,134,"Tuwaiq, West Riyadh, Riyadh"
650000,Apartment,2,2,901,"Dhahrat Laban, West Riyadh, Riyadh"
1000000,Villa,5,5,200,"Al Suwaidi, West Riyadh, Riyadh"
750000,Apartment,3,3,238,"Al Suwaidi Al Gharabi, West Riyadh, Riyadh"
1349000,Apartment,3,3,803,"Al Arid, North Riyadh, Riyadh"
1300000,Apartment,3,3,113,"Al Narjis, North Riyadh, Riyadh"
2187500,Villa,9,7,875,"Al Nasim Al Gharbi, East Riyadh, Riyadh"
2200000,Villa,7,5,250,"Al Rimal, East Riyadh, Riyadh"
3450000,Villa,3,2,250,"Al Narjis, North Riyadh, Riyadh"
1750000,Floor,5,4,397,"Al Narjis, North Riyadh, Riyadh"
1100000,Apartment,4,2,102,"Al Sahafah, North Riyadh, Riyadh"
1600000,Apartment,5,4,226,"Al Yasmin, North Riyadh, Riyadh"
1250000,Villa,5,7,300,"Tuwaiq, West Riyadh, Riyadh"
650000,Apartment,5,3,184,"Tuwaiq, West Riyadh, Riyadh"
2900000,Villa,3,3,300,"Al Munsiyah, East Riyadh, Riyadh"
1300000,Apartment,3,3,113,"Al Narjis, North Riyadh, Riyadh"
1150000,Floor,3,3,198,"Tuwaiq, West Riyadh, Riyadh"
5800000,Villa,8,7,625,"Al Nafal, North Riyadh, Riyadh"
2500000,Villa,4,3,420,"Al Rimal, East Riyadh, Riyadh"
475000,Apartment,4,3,137,"Badr, South Riyadh, Riyadh"
750000,Floor,3,3,227,"Al Janadriyah, East Riyadh, Riyadh"
2100000,Villa,7,5,328,"Al Rimal, East Riyadh, Riyadh"
1150000,Floor,3,3,198,"Tuwaiq, West Riyadh, Riyadh"
1350000,Villa,6,6,300,"Al Rahmanyah, North Jeddah, Jeddah"
950000,Apartment,5,3,194,"Al Salamah, North Jeddah, Jeddah"
2000000,Villa,4,4,250,"King Khalid International Airport, North Riyadh, Riyadh"
3600000,Villa,4,5,250,"Al Narjis, North Riyadh, Riyadh"
1750000,Floor,3,4,221,"Al Narjis, North Riyadh, Riyadh"
4000000,Villa,5,3,313,"Al Malqa, North Riyadh, Riyadh"
4000000,Villa,5,5,313,"Al Malqa, North Riyadh, Riyadh"
4000000,Villa,5,5,313,"Al Malqa, North Riyadh, Riyadh"
800000,Apartment,3,3,155,"Al Mahdiyah, West Riyadh, Riyadh"
800000,Apartment,4,2,135,"Laban, West Riyadh, Riyadh"
560000,Apartment,3,3,172,"Dirab, West Riyadh, Riyadh"
700000,Apartment,4,3,1050,"Dhahrat Laban, West Riyadh, Riyadh"
2300000,Villa,5,4,390,"Dhahrat Laban, West Riyadh, Riyadh"
1900000,Villa,6,4,600,"Al Janadriyah, East Riyadh, Riyadh"
1550000,Villa,6,4,584,"Dhahrat Laban, West Riyadh, Riyadh"
1300000,Apartment,3,3,124,"Al Narjis, North Riyadh, Riyadh"
2000000,Villa,4,7,300,"Al Mahdiyah, West Riyadh, Riyadh"
3000000,Villa,4,5,300,"Sidra, Riyadh"
1450000,Villa,7,4,240,"Dahiat Namar, West Riyadh, Riyadh"
800000,Apartment,3,3,186,"Dhahrat Laban, West Riyadh, Riyadh"
7000000,Villa,8,6,561,Jeddah
1030000,Floor,3,3,150,"Al Rimal, East Riyadh, Riyadh"
1030000,Floor,4,3,150,"Al Rimal, East Riyadh, Riyadh"
1390000,Floor,3,3,155,"Al Narjis, North Riyadh, Riyadh"
1900000,Villa,6,5,350,"Al Janadriyah, East Riyadh, Riyadh"
670000,Apartment,5,3,162,"Al Nuzhah, North Jeddah, Jeddah"
1200000,Floor,4,4,242,"Al Qadisiyah, East Riyadh, Riyadh"
3000000,Villa,5,6,300,"Al Arid, North Riyadh, Riyadh"
560000,Apartment,3,3,199,"Badr, South Riyadh, Riyadh"
690000,Apartment,3,4,153,"Al Jameah District, South Jeddah, Jeddah"
1190000,Villa,9,7,300,"Al Rahmanyah, North Jeddah, Jeddah"
550000,Villa,6,5,588,"Amal District, Al Bukayriyah"
800000,Villa,7,6,579,"Amal District, Al Bukayriyah"
550000,Villa,7,3,588,"Amal District, Al Bukayriyah"
800000,Villa,7,3,579,"Amal District, Al Bukayriyah"
1100000,Floor,5,4,627,"Tuwaiq, West Riyadh, Riyadh"
850000,Floor,3,4,221,"Al Janadriyah, East Riyadh, Riyadh"
690000,Floor,3,4,176,"Okaz, South Riyadh, Riyadh"
1000000,Villa,7,1,368,"Al Suways 1, Jazan"
650000,Apartment,7,6,160,"Al Hamra, Al Khobar"
1350000,Villa,5,4,339,"Al Salehiyah, North Jeddah, Jeddah"
1050000,Villa,6,5,367,"Ar Rehab 3, Jazan"
850000,Apartment,6,5,208,"Al Fayhaa, North Jeddah, Jeddah"
700000,Floor,7,6,196,"Tuwaiq, West Riyadh, Riyadh"
530000,Apartment,3,3,202,"Al Muhammadiyah 1, Jazan"
750000,Apartment,7,5,226,"King Fahd Suburb, Dammam"
1550000,Villa,7,6,450,"Al Muhammadiyah 2, Jazan"
1300000,Floor,7,3,247,"Dahiat Namar, West Riyadh, Riyadh"
1160000,Floor,7,6,145,"Al Munsiyah, East Riyadh, Riyadh"
700000,Floor,7,6,258,"Al Shati, Jazan"
750000,Apartment,4,3,140,"Al Waha, North Jeddah, Jeddah"
1300000,Villa,7,5,409,"Al Rahmanyah, North Jeddah, Jeddah"
1250000,Villa,8,7,240,"Taiba District, North Jeddah, Jeddah"
1450000,Villa,8,7,330,"Al Wafa Scheme, North Jeddah, Jeddah"
1050000,Villa,7,6,200,"Al Salehiyah, North Jeddah, Jeddah"
1050000,Villa,7,6,200,"Al Salehiyah, North Jeddah, Jeddah"
900000,Villa,6,5,360,"Amal District, Al Bukayriyah"
850000,Villa,5,4,310,"Al Wafa Scheme, North Jeddah, Jeddah"
1250000,Villa,6,5,443,"Ash Shamiya Al Jadid, Makkah"
850000,Villa,6,5,506,"Amal District, Al Bukayriyah"
970000,Villa,5,4,312,"Al Riyadh, North Jeddah, Jeddah"
620000,Apartment,5,4,174,Jeddah
950000,Villa,3,3,323,"Ash Shamiya Al Jadid, Makkah"
1200000,Villa,7,6,312,"Al Riyadh, North Jeddah, Jeddah"
1270000,Villa,4,4,297,"Al Riyadh, North Jeddah, Jeddah"
650000,Apartment,6,5,170,"Al Rayaan, North Jeddah, Jeddah"
725000,Apartment,5,4,171,"Al Rayaan, North Jeddah, Jeddah"
900000,Villa,6,5,357,"Al Zuhur, Abha"
950000,Villa,5,4,349,"Ash Shamiya Al Jadid, Makkah"
620000,Apartment,1,1,111,"Al Naim, North Jeddah, Jeddah"
780000,Apartment,4,3,136,"Al Rawdah, North Jeddah, Jeddah"
660000,Apartment,6,5,306,"Al Noor District, Khamis Mushait"
870000,Apartment,5,4,224,"Al Marwah, North Jeddah, Jeddah"
600000,Apartment,7,6,209,"Al Shati, Jazan"
520000,Apartment,3,3,190,"Al Muhammadiyah 1, Jazan"
650000,Floor,5,4,221,"Al Suways 2, Jazan"
800000,Floor,5,4,276,"Al Rimal, East Riyadh, Riyadh"
800000,Floor,5,3,236,"Al Rimal, East Riyadh, Riyadh"
700000,Floor,5,4,170,"Al Janadriyah, East Riyadh, Riyadh"
850000,Floor,5,4,210,"Al Janadriyah, East Riyadh, Riyadh"
2250000,Villa,7,6,300,"Al Rimal, East Riyadh, Riyadh"
2400000,Villa,7,6,450,"Al Rimal, East Riyadh, Riyadh"
600000,Apartment,4,4,233,"Al Rimal, East Riyadh, Riyadh"
980000,Floor,5,4,236,"Al Rimal, East Riyadh, Riyadh"
750000,Apartment,4,3,130,"Al Maizilah, East Riyadh, Riyadh"
1700000,Villa,7,6,225,"Al Rimal, East Riyadh, Riyadh"
1500000,Floor,6,4,202,"Al Rimal, East Riyadh, Riyadh"
750000,Floor,5,4,147,"Al Bayan Neighborhood, East Riyadh, Riyadh"
900000,Floor,5,4,210,"Al Rimal, East Riyadh, Riyadh"
980000,Floor,5,4,227,"Al Janadriyah, East Riyadh, Riyadh"
820000,Apartment,4,3,1800,"Al Mahdiyah, West Riyadh, Riyadh"
820000,Apartment,4,3,1800,"Al Mahdiyah, West Riyadh, Riyadh"
1050000,Apartment,5,3,174,"Al Mahdiyah, West Riyadh, Riyadh"
785000,Apartment,4,3,130,"Al Mahdiyah, West Riyadh, Riyadh"
650000,Villa,3,3,241,"Badr, South Riyadh, Riyadh"
1350000,Villa,5,5,200,"Tuwaiq, West Riyadh, Riyadh"
1400000,Villa,6,5,320,"Tuwaiq, West Riyadh, Riyadh"
650000,Villa,5,3,242,"Badr, South Riyadh, Riyadh"
850000,Apartment,5,1,186,"Tuwaiq, West Riyadh, Riyadh"
800000,Floor,3,3,217,"Dahiat Namar, West Riyadh, Riyadh"
1400000,Villa,3,2,198,"Okaz, South Riyadh, Riyadh"
780000,Floor,5,4,209,"Badr, South Riyadh, Riyadh"
1100000,Floor,5,3,627,"Tuwaiq, West Riyadh, Riyadh"
700000,Floor,5,4,209,"Badr, South Riyadh, Riyadh"
800000,Floor,5,4,217,"Dahiat Namar, West Riyadh, Riyadh"
650000,Floor,5,4,209,"Badr, South Riyadh, Riyadh"
1100000,Floor,5,4,627,"Tuwaiq, West Riyadh, Riyadh"
740000,Floor,5,4,200,"Badr, South Riyadh, Riyadh"
740000,Floor,5,4,200,"Badr, South Riyadh, Riyadh"
1200000,Villa,5,3,301,"Badr, South Riyadh, Riyadh"
800000,Floor,3,4,217,"Dahiat Namar, West Riyadh, Riyadh"
850000,Floor,5,4,160,"Okaz, South Riyadh, Riyadh"
700000,Floor,5,4,159,"Okaz, South Riyadh, Riyadh"
650000,Floor,3,4,209,"Badr, South Riyadh, Riyadh"
1100000,Floor,5,4,627,"Tuwaiq, West Riyadh, Riyadh"
1550000,Villa,4,3,200,"Tuwaiq, West Riyadh, Riyadh"
3400000,Villa,4,4,270,"Al Narjis, North Riyadh, Riyadh"
1400000,Villa,5,4,200,"Al Lulu, North Jeddah, Jeddah"
2500000,Villa,6,5,400,"Al Lulu, North Jeddah, Jeddah"
1500000,Villa,5,5,262,"Al Yaqout, North Jeddah, Jeddah"
1750000,Villa,5,5,312,"Al Zumorrud, North Jeddah, Jeddah"
1850000,Villa,3,3,312,"Al Sawari, North Jeddah, Jeddah"
300000,Apartment,3,2,67,"Al Rayaan, North Jeddah, Jeddah"
1550000,Villa,5,5,262,"Al Yaqout, North Jeddah, Jeddah"
1070000,Villa,6,4,200,"Al Salehiyah, North Jeddah, Jeddah"
4000000,Villa,5,4,400,"Al Mahdiyah, West Riyadh, Riyadh"
750000,Apartment,5,3,136,"Al Naim, North Jeddah, Jeddah"
670000,Apartment,5,3,210,"Ash Shamiya Al Jadid, Makkah"
1600000,Villa,6,6,200,"Al Mahdiyah, West Riyadh, Riyadh"
850000,Apartment,5,4,900,"Dhahrat Laban, West Riyadh, Riyadh"
1700000,Villa,5,6,328,"Dhahrat Laban, West Riyadh, Riyadh"
1700000,Villa,5,5,407,"Dhahrat Laban, West Riyadh, Riyadh"
900000,Floor,4,5,110,"Tuwaiq, West Riyadh, Riyadh"
1300000,Villa,4,3,322,"Tuwaiq, West Riyadh, Riyadh"
810000,Villa,5,4,153,"Tuwaiq, West Riyadh, Riyadh"
1300000,Villa,3,4,232,"Nubala, Madina"
2100000,Villa,6,5,613,"Al Salam, Madina"
1350000,Villa,6,5,337,"Al Ranuna, Madina"
830000,Apartment,5,5,175,"Ayn Al Khif, Madina"
500000,Apartment,4,3,172,"Mudhainib, Madina"
750000,Apartment,4,3,137,"Al Mahdiyah, West Riyadh, Riyadh"
2400000,Villa,6,5,592,"Al Mahdiyah, West Riyadh, Riyadh"
3300000,Villa,7,5,360,"Al Mahdiyah, West Riyadh, Riyadh"
2400000,Villa,6,5,592,"Al Mahdiyah, West Riyadh, Riyadh"
2400000,Villa,6,5,200,"Al Mahdiyah, West Riyadh, Riyadh"
3000000,Villa,7,5,309,"Al Mahdiyah, West Riyadh, Riyadh"
1800000,Villa,7,7,450,"Dhahrat Laban, West Riyadh, Riyadh"
900000,Apartment,3,3,127,"Al Mahdiyah, West Riyadh, Riyadh"
2900000,Villa,6,5,494,"Al Mahdiyah, West Riyadh, Riyadh"
850000,Apartment,3,3,100,"Al Mahdiyah, West Riyadh, Riyadh"
3300000,Villa,7,5,360,"Al Mahdiyah, West Riyadh, Riyadh"
3300000,Villa,7,6,360,"Al Mahdiyah, West Riyadh, Riyadh"
850000,Apartment,3,3,125,"Al Mahdiyah, West Riyadh, Riyadh"
2400000,Villa,6,5,592,"Al Mahdiyah, West Riyadh, Riyadh"
2400000,Villa,6,5,200,"Al Mahdiyah, West Riyadh, Riyadh"
3300000,Villa,7,5,360,"Al Mahdiyah, West Riyadh, Riyadh"
2400000,Villa,5,5,200,"Al Mahdiyah, West Riyadh, Riyadh"
2400000,Villa,6,5,200,"Al Mahdiyah, West Riyadh, Riyadh"
850000,Apartment,3,2,125,"Al Mahdiyah, West Riyadh, Riyadh"
4200000,Villa,7,6,457,"Al Mahdiyah, West Riyadh, Riyadh"
2600000,Villa,7,6,550,"Al Mahdiyah, West Riyadh, Riyadh"
850000,Apartment,3,3,125,"Al Mahdiyah, West Riyadh, Riyadh"
2400000,Villa,6,5,592,"Al Mahdiyah, West Riyadh, Riyadh"
3150000,Villa,7,6,300,"Al Mahdiyah, West Riyadh, Riyadh"
4200000,Villa,7,6,457,"Al Mahdiyah, West Riyadh, Riyadh"
2400000,Villa,6,5,592,"Al Mahdiyah, West Riyadh, Riyadh"
850000,Apartment,3,2,125,"Al Mahdiyah, West Riyadh, Riyadh"
3000000,Villa,7,6,308,"Al Mahdiyah, West Riyadh, Riyadh"
1800000,Villa,5,4,423,"Al Mahdiyah, West Riyadh, Riyadh"
3150000,Villa,7,6,300,"Al Mahdiyah, West Riyadh, Riyadh"
4200000,Villa,6,5,457,"Al Mahdiyah, West Riyadh, Riyadh"
850000,Apartment,3,2,125,"Al Mahdiyah, West Riyadh, Riyadh"
3000000,Villa,7,6,308,"Al Mahdiyah, West Riyadh, Riyadh"
2400000,Villa,6,5,592,"Al Mahdiyah, West Riyadh, Riyadh"
1750000,Villa,6,5,220,"Al Mahdiyah, West Riyadh, Riyadh"
3900000,Villa,8,5,470,"Al Mahdiyah, West Riyadh, Riyadh"
3150000,Villa,7,5,300,"Al Mahdiyah, West Riyadh, Riyadh"
3150000,Villa,7,5,300,"Al Mahdiyah, West Riyadh, Riyadh"
4200000,Villa,7,5,457,"Al Mahdiyah, West Riyadh, Riyadh"
2400000,Villa,6,5,592,"Al Mahdiyah, West Riyadh, Riyadh"
2000000,Villa,5,5,400,"Al Mahdiyah, West Riyadh, Riyadh"
1950000,Villa,5,5,400,"Al Mahdiyah, West Riyadh, Riyadh"
2000000,Villa,4,5,400,"Al Mahdiyah, West Riyadh, Riyadh"
2000000,Villa,4,3,400,"Al Mahdiyah, West Riyadh, Riyadh"
1950000,Villa,5,7,260,"Al Mahdiyah, West Riyadh, Riyadh"
2700000,Villa,6,5,250,"Al Mahdiyah, West Riyadh, Riyadh"
3000000,Villa,5,4,400,"Al Mahdiyah, West Riyadh, Riyadh"
2150000,Villa,5,4,400,"Al Mahdiyah, West Riyadh, Riyadh"
1850000,Villa,5,5,400,"Al Mahdiyah, West Riyadh, Riyadh"
3200000,Villa,5,5,400,"Al Mahdiyah, West Riyadh, Riyadh"
3000000,Villa,5,5,400,"Al Mahdiyah, West Riyadh, Riyadh"
7500000,Villa,5,5,400,"Al Mahdiyah, West Riyadh, Riyadh"
1950000,Villa,3,3,260,"Al Mahdiyah, West Riyadh, Riyadh"
1850000,Villa,3,3,138,"Al Mahdiyah, West Riyadh, Riyadh"
1250000,Villa,7,3,275,"Tuwaiq, West Riyadh, Riyadh"
700000,Apartment,3,2,134,"Dhahrat Laban, West Riyadh, Riyadh"
550000,Apartment,4,3,176,"Badr, South Riyadh, Riyadh"
3500000,Villa,4,3,300,"Al Mahdiyah, West Riyadh, Riyadh"
520000,Apartment,7,6,142,"Al Hamra, Al Khobar"
750000,Apartment,4,3,115,"Dhahrat Laban, West Riyadh, Riyadh"
1600000,Apartment,1,2,88,"Al Sahafah, North Riyadh, Riyadh"
750000,Apartment,2,2,129,"Dhahrat Laban, West Riyadh, Riyadh"
1250000,Villa,7,6,300,"Badr, South Riyadh, Riyadh"
2000000,Villa,10,7,625,"Al Uraija Al Wusta, West Riyadh, Riyadh"
2600000,Villa,11,5,420,"Okaz, South Riyadh, Riyadh"
3900000,Villa,9,6,375,"Al Narjis, North Riyadh, Riyadh"
560000,Apartment,3,3,2300,"Al Rehab, North Jeddah, Jeddah"
550000,Apartment,4,3,128,"Al Zahrah, West Riyadh, Riyadh"
400000,Apartment,2,2,146,"Batha Quraysh, Makkah"
520000,Apartment,4,3,194,"Okaz, South Riyadh, Riyadh"
5000000,Villa,2,2,690,"Al Rawabi, East Riyadh, Riyadh"
520000,Apartment,6,5,195,"King Fahd Suburb, Dammam"
5000000,Villa,5,6,620,"King Fahd, North Riyadh, Riyadh"
2500000,Villa,5,5,504,"Al Munsiyah, East Riyadh, Riyadh"
620000,Apartment,3,3,111,"Al Naim, North Jeddah, Jeddah"
750000,Apartment,5,3,136,"Al Naim, North Jeddah, Jeddah"
450000,Apartment,4,3,129,"As Salamah, Makkah"
720000,Floor,5,4,176,"Tuwaiq, West Riyadh, Riyadh"
450000,Apartment,3,3,177,"Badr, South Riyadh, Riyadh"
780000,Apartment,5,3,176,"Al Salamah, North Jeddah, Jeddah"
820000,Apartment,5,3,165,"Al Salamah, North Jeddah, Jeddah"
680000,Apartment,5,3,136,"Al Salamah, North Jeddah, Jeddah"
590000,Apartment,3,3,111,"Al Salamah, North Jeddah, Jeddah"
690000,Apartment,4,3,177,"Badr, South Riyadh, Riyadh"
550000,Apartment,5,4,128,"Al Zahrah, West Riyadh, Riyadh"
550000,Apartment,3,2,127,"Dhahrat Laban, West Riyadh, Riyadh"
1100000,Villa,5,4,312,"Al Sawari, Al Khobar"
430000,Apartment,4,3,99,"Al Faisaliyah, Central Jeddah, Jeddah"
680000,Apartment,5,3,136,"Al Salamah, North Jeddah, Jeddah"
1500000,Villa,4,4,367,"King Fahd Suburb, Dammam"
7000000,Villa,10,10,750,"Irqah, West Riyadh, Riyadh"
270000,Apartment,3,3,125,"Al Nur, Dammam"
1300000,Floor,5,3,127,"Al Arid, North Riyadh, Riyadh"
6200000,Villa,1,1,750,"Al Nahdah, North Jeddah, Jeddah"
560000,Apartment,4,4,141,"Al Hamra, Al Khobar"
930000,Apartment,5,4,680,"Al Zahraa, North Jeddah, Jeddah"
1400000,Floor,3,3,155,"Al Narjis, North Riyadh, Riyadh"
1700000,Villa,8,7,375,"Al Salehiyah, North Jeddah, Jeddah"
950000,Floor,3,4,312,"Al Rimal, East Riyadh, Riyadh"
7000000,Villa,11,7,586,"Al Narjis, North Riyadh, Riyadh"
1800000,Apartment,4,3,181,"Al Narjis, North Riyadh, Riyadh"
3700000,Villa,6,6,324,"Al Munsiyah, East Riyadh, Riyadh"
2500000,Villa,9,6,535,"Al Nahdah, East Riyadh, Riyadh"
2000000,Villa,8,10,462,"Al Sawari, North Jeddah, Jeddah"
500000,Apartment,3,2,185,"King Fahd Suburb, Dammam"
540000,Apartment,4,3,131,"Al Marwah, North Jeddah, Jeddah"
700000,Apartment,5,4,165,"Al Nuzhah, North Jeddah, Jeddah"
1900000,Villa,10,6,276,"Al Maizilah, East Riyadh, Riyadh"
900000,Villa,3,3,500,"Dhahrat Laban, West Riyadh, Riyadh"
770000,Apartment,4,3,127,"Al Rawdah, North Jeddah, Jeddah"
250000,Apartment,2,2,706,"Al Mraikh, North Jeddah, Jeddah"
690000,Apartment,3,4,182,"Dhahrat Laban, West Riyadh, Riyadh"
1500000,Floor,3,4,141,"Al Munsiyah, East Riyadh, Riyadh"
1600000,Floor,4,5,292,"Al Rimal, East Riyadh, Riyadh"
1450000,Floor,4,4,141,"Al Munsiyah, East Riyadh, Riyadh"
2500000,Villa,5,6,250,"King Faisal, East Riyadh, Riyadh"
780000,Apartment,4,3,124,"Al Rawdah, North Jeddah, Jeddah"
3400,Rest House,1,1,525,"Al Bayan Neighborhood, East Riyadh, Riyadh"
1540000,Apartment,3,3,157,"Al Malqa, North Riyadh, Riyadh"
750000,Apartment,4,3,114,"Al Rawdah, North Jeddah, Jeddah"
660000,Floor,6,4,282,"Asharai, Makkah"
3829000,Villa,4,8,480,"King Fahd, North Riyadh, Riyadh"
2300000,Villa,4,3,276,"Al Maizilah, East Riyadh, Riyadh"
600000,Apartment,3,3,124,"Al Nadwa District, East Riyadh, Riyadh"
700000,Floor,3,3,147,"Al Nadwa District, East Riyadh, Riyadh"
1200000,Floor,3,3,205,"Al Rimal, East Riyadh, Riyadh"
880000,Floor,3,4,145,"Al Saadah, East Riyadh, Riyadh"
1300000,Apartment,2,2,141,"King Faisal, East Riyadh, Riyadh"
1500000,Apartment,3,4,131,"Al Malqa, North Riyadh, Riyadh"
600000,Apartment,5,3,163,"Al Buhayrat, Makkah"
4100000,Villa,7,8,360,"Al Yasmin, North Riyadh, Riyadh"
580000,Apartment,5,3,163,"Al Mraikh, North Jeddah, Jeddah"
1450000,Villa,7,5,276,"Al Bayan Neighborhood, East Riyadh, Riyadh"
750000,Apartment,5,4,191,"Al Difa, Madina"
4200000,Villa,5,5,300,"Al Narjis, North Riyadh, Riyadh"
1400000,Villa,6,3,300,"Tuwaiq, West Riyadh, Riyadh"
950000,Apartment,4,3,157,"Al Rawdah, North Jeddah, Jeddah"
850000,Villa,9,6,404,"Ar Rehab, Taif"
930000,Apartment,5,4,680,"Al Zahraa, North Jeddah, Jeddah"
780000,Villa,8,6,334,"Rahba District, Taif"
11000000,Villa,6,4,900,"Al Malqa, North Riyadh, Riyadh"
2500000,Apartment,3,3,1050,"Hittin, North Riyadh, Riyadh"
450000,Apartment,5,4,136,"Al Mraikh, North Jeddah, Jeddah"
830000,Apartment,4,3,140,"Al Salamah, North Jeddah, Jeddah"
650000,Apartment,6,4,201,"Ash Shamiya Al Jadid, Makkah"
700000,Floor,4,3,177,"Badr, South Riyadh, Riyadh"
800000,Apartment,4,3,139,"Al Rawdah, North Jeddah, Jeddah"
2000000,Villa,10,8,600,"Al Hamdaniyah, North Jeddah, Jeddah"
1500000,Apartment,5,4,230,"Al Rawdah, North Jeddah, Jeddah"
971000,Apartment,2,3,134,"Al Munsiyah, East Riyadh, Riyadh"
439000,Apartment,3,3,510,"Al Salamah, North Jeddah, Jeddah"
690000,Apartment,5,4,174,"Al Safa, North Jeddah, Jeddah"
449000,Apartment,2,2,698,"Al Sawari, North Jeddah, Jeddah"
1650000,Floor,3,4,190,"Qurtubah, East Riyadh, Riyadh"
450000,Apartment,3,2,102,"Al Marwah, North Jeddah, Jeddah"
850000,Apartment,3,3,93,"Tuwaiq, West Riyadh, Riyadh"
550000,Apartment,1,1,105,"Al Suwaidi, West Riyadh, Riyadh"
620000,Villa,4,3,163,"Okaz, South Riyadh, Riyadh"
868000,Apartment,3,6,132,"Al Munsiyah, East Riyadh, Riyadh"
750000,Apartment,4,3,175,"Tuwaiq, West Riyadh, Riyadh"
1300000,Villa,7,4,375,"Al Dar Al Baida, South Riyadh, Riyadh"
1750000,Villa,8,5,433,"Al Mahdiyah, West Riyadh, Riyadh"
600000,Floor,6,5,164,"Badr, South Riyadh, Riyadh"
550000,Apartment,4,3,136,"Al Manar, North Jeddah, Jeddah"
900000,Apartment,5,3,158,"Al Naim, North Jeddah, Jeddah"
650000,Apartment,4,3,123,"Al Salamah, North Jeddah, Jeddah"
650000,Apartment,5,3,164,"Al Rehab, North Jeddah, Jeddah"
1000000,Floor,6,4,600,"Al Janadriyah, East Riyadh, Riyadh"
859000,Apartment,3,3,134,"Al Rimal, East Riyadh, Riyadh"
750000,Apartment,4,4,450,"Al Mahdiyah, West Riyadh, Riyadh"
750000,Apartment,4,4,450,"Al Mahdiyah, West Riyadh, Riyadh"
750000,Apartment,4,4,450,"Al Mahdiyah, West Riyadh, Riyadh"
800000,Floor,3,3,500,"Shubra, West Riyadh, Riyadh"
2100000,Villa,6,5,328,"Al Rimal, East Riyadh, Riyadh"
650000,Apartment,4,3,123,"Al Salamah, North Jeddah, Jeddah"
1109000,Apartment,3,3,141,"Al Rawdah, East Riyadh, Riyadh"
790000,Apartment,5,1,175,"Al Salamah, North Jeddah, Jeddah"
1100000,Villa,3,3,300,"Al Rahmanyah, North Jeddah, Jeddah"
1350000,Villa,4,7,287,"Obhur Al Shamaliyah, North Jeddah, Jeddah"
1700000,Floor,5,4,206,"Al Munsiyah, East Riyadh, Riyadh"
640000,Apartment,5,3,184,"Al Jisr, Al Khobar"
750000,Apartment,2,2,129,"Al Qadisiyah, East Riyadh, Riyadh"
1350000,Floor,4,3,165,"Al Munsiyah, East Riyadh, Riyadh"
450000,Apartment,3,2,102,"Al Marwah, North Jeddah, Jeddah"
650000,Apartment,5,4,164,"Al Rehab, North Jeddah, Jeddah"
1600000,Floor,4,3,223,"Al Munsiyah, East Riyadh, Riyadh"
540000,Apartment,4,3,131,"Al Marwah, North Jeddah, Jeddah"
880000,Apartment,4,4,450,"Al Mahdiyah, West Riyadh, Riyadh"
750000,Apartment,4,3,450,"Al Mahdiyah, West Riyadh, Riyadh"
750000,Apartment,4,4,450,"Al Mahdiyah, West Riyadh, Riyadh"
800000,Apartment,4,3,450,"Al Mahdiyah, West Riyadh, Riyadh"
1350000,Villa,5,5,311,"Tuwaiq, West Riyadh, Riyadh"
1150000,Floor,5,5,283,"Tuwaiq, West Riyadh, Riyadh"
1100000,Villa,5,4,259,"Tuwaiq, West Riyadh, Riyadh"
730000,Apartment,4,3,112,"Al Rawdah, North Jeddah, Jeddah"
540000,Apartment,4,3,131,"Al Marwah, North Jeddah, Jeddah"
1300000,Floor,3,3,412,"Al Nahdah, East Riyadh, Riyadh"
8000000,Villa,5,5,560,"Al Narjis, North Riyadh, Riyadh"
540000,Apartment,4,3,131,"Al Marwah, North Jeddah, Jeddah"
670000,Apartment,5,3,162,"Al Nuzhah, North Jeddah, Jeddah"
2050000,Villa,5,6,275,"Al Rimal, East Riyadh, Riyadh"
450000,Apartment,3,2,102,"Al Marwah, North Jeddah, Jeddah"
2450000,Villa,5,5,500,"Al Mahdiyah, West Riyadh, Riyadh"
960000,Villa,5,4,312,"Al Riyadh, North Jeddah, Jeddah"
4500000,Villa,5,4,500,"King Fahd, North Riyadh, Riyadh"
740000,Apartment,4,3,117,"Al Rawdah, North Jeddah, Jeddah"
1300000,Villa,8,6,250,"Tuwaiq, West Riyadh, Riyadh"
3800000,Villa,6,6,450,"Al Yarmuk, East Riyadh, Riyadh"
739000,Apartment,3,3,132,"Al Rimal, East Riyadh, Riyadh"
797000,Apartment,3,3,88,"Al Qadisiyah, East Riyadh, Riyadh"
430000,Apartment,3,3,100,"Al Faisaliyah, Central Jeddah, Jeddah"
1300000,Villa,8,4,300,"Al Shulah, Dammam"
3300000,Villa,11,5,520,"Al Rawdah, East Riyadh, Riyadh"
2500000,Villa,4,6,446,"Al Mahdiyah, West Riyadh, Riyadh"
1050000,Floor,4,4,215,"Al Janadriyah, East Riyadh, Riyadh"
4000000,Villa,5,7,308,"Al Mahdiyah, West Riyadh, Riyadh"
300000,Apartment,2,2,85,"Batha Quraysh, Makkah"
300000,Apartment,3,2,85,"Batha Quraysh, Makkah"
3700000,Villa,6,5,408,"Qurtubah, East Riyadh, Riyadh"
1150000,Apartment,5,4,155,"Al Rawdah, North Jeddah, Jeddah"
850000,Apartment,4,3,150,"Al Nahdah, North Jeddah, Jeddah"
485000,Apartment,4,3,625,"Al Faisaliyah, Central Jeddah, Jeddah"
420000,Apartment,3,3,131,"Al Dar Al Baida, South Riyadh, Riyadh"
1350000,Apartment,6,4,165,"Al Munsiyah, East Riyadh, Riyadh"
620000,Apartment,6,4,183,"Al Jisr, Al Khobar"
1350000,Floor,5,3,186,"Al Munsiyah, East Riyadh, Riyadh"
1100000,Villa,5,5,259,"Tuwaiq, West Riyadh, Riyadh"
1100000,Villa,5,5,269,"Tuwaiq, West Riyadh, Riyadh"
1050000,Floor,4,3,168,"Al Qadisiyah, East Riyadh, Riyadh"
770000,Apartment,4,3,140,"Al Qadisiyah, East Riyadh, Riyadh"
2070600,Villa,5,3,375,"King Faisal, East Riyadh, Riyadh"
1010000,Villa,10,8,637,"Badr, Dammam"
3600000,Building,5,5,495,"Al Aziziyah, North Jeddah, Jeddah"
560000,Apartment,4,4,141,"Al Hamra, Al Khobar"
560000,Apartment,4,4,141,"Al Hamra, Al Khobar"
560000,Apartment,5,5,141,"Al Hamra, Al Khobar"
560000,Apartment,4,4,141,"Al Hamra, Al Khobar"
560000,Apartment,5,5,141,"Al Hamra, Al Khobar"
2500000,Villa,8,7,600,"Al Aziziyah, South Riyadh, Riyadh"
4200000,Villa,10,5,400,"King Fahd, North Riyadh, Riyadh"
1000000,Villa,5,3,250,"King Fahd Suburb, Dammam"
450000,Apartment,2,2,106,"Al Mraikh, North Jeddah, Jeddah"
600000,Apartment,6,5,220,"Al Shulah, Dammam"
490000,Apartment,1,1,172,"Badr, Dammam"
1750000,Villa,6,8,465,"Al Shati Al Sharqi, Dammam"
570000,Floor,3,3,203,"Al Dar Al Baida, South Riyadh, Riyadh"
400000,Apartment,2,3,203,"Al Dar Al Baida, South Riyadh, Riyadh"
3700000,Villa,10,7,389,"Agruba, Al Jubaylah"
880000,Villa,3,4,262,"Okaz, South Riyadh, Riyadh"
740000,Apartment,4,3,117,"Al Rawdah, North Jeddah, Jeddah"
2100000,Villa,4,5,328,"Al Rimal, East Riyadh, Riyadh"
5300000,Villa,4,4,375,"Al Malqa, North Riyadh, Riyadh"
800000,Apartment,4,3,119,"Dhahrat Laban, West Riyadh, Riyadh"
3800000,Villa,4,5,413,"King Abduallah, North Riyadh, Riyadh"
1500000,Rest House,5,4,266,"Al Sawari, North Jeddah, Jeddah"
900000,Villa,5,4,204,"Al Sawari, Al Khobar"
950000,Villa,6,6,251,"King Fahd Suburb, Dammam"
1350000,Apartment,5,4,520,"Al Nahdah, North Jeddah, Jeddah"
650000,Apartment,4,3,112,"Al Rimal, East Riyadh, Riyadh"
1900000,Floor,4,5,257,"Qurtubah, East Riyadh, Riyadh"
350000,Apartment,3,3,900,"Al Safa, North Jeddah, Jeddah"
389000,Apartment,2,2,598,"Al Faisaliyah, Central Jeddah, Jeddah"
415000,Apartment,2,2,580,"Al Salamah, North Jeddah, Jeddah"
285000,Apartment,2,2,1251,"Al Jameah District, South Jeddah, Jeddah"
299000,Apartment,2,2,750,"Al Safa, North Jeddah, Jeddah"
580000,Apartment,3,3,100,"Al Naim, North Jeddah, Jeddah"
365000,Apartment,2,2,625,"Al Faisaliyah, Central Jeddah, Jeddah"
650000,Apartment,4,3,123,"Al Salamah, North Jeddah, Jeddah"
850000,Apartment,4,3,146,"Dhahrat Laban, West Riyadh, Riyadh"
850000,Floor,3,3,212,"Tuwaiq, West Riyadh, Riyadh"
850000,Villa,2,2,105,"Al Suwaidi, West Riyadh, Riyadh"
900000,Apartment,6,4,188,"Al Naim, North Jeddah, Jeddah"
555000,Apartment,6,6,149,"Al Hamra, Al Khobar"
730000,Apartment,5,3,130,"Al Naim, North Jeddah, Jeddah"
330000,Apartment,3,2,88,"Al Shawqiyyah, Makkah"
570000,Apartment,3,3,111,"Al Salamah, North Jeddah, Jeddah"
2200000,Villa,5,4,262,"Al Mahdiyah, West Riyadh, Riyadh"
580000,Apartment,3,4,124,"Al Suwaidi, West Riyadh, Riyadh"
630000,Apartment,4,3,112,"Al Salamah, North Jeddah, Jeddah"
2400000,Villa,7,7,500,"Al Mahdiyah, West Riyadh, Riyadh"
2200000,Villa,5,4,330,"Al Rimal, East Riyadh, Riyadh"
890500,Villa,6,5,250,"King Fahd Suburb, Dammam"
403949,Apartment,3,2,175,"Al Nur, Dammam"
1250000,Floor,4,4,230,"Al Khaleej, East Riyadh, Riyadh"
5100945,Building,10,10,810,"Al Nuzhah, North Jeddah, Jeddah"
900000,Apartment,3,2,135,"Al Mahdiyah, West Riyadh, Riyadh"
750000,Apartment,3,3,478,"Al Mahdiyah, West Riyadh, Riyadh"
1800000,Villa,5,5,366,"Al Mahdiyah, West Riyadh, Riyadh"
4100000,Villa,6,5,366,"Al Mahdiyah, West Riyadh, Riyadh"
2800000,Villa,7,5,366,"Al Mahdiyah, West Riyadh, Riyadh"
869000,Apartment,3,3,138,"Al Mahdiyah, West Riyadh, Riyadh"
858000,Apartment,3,3,130,"Al Mahdiyah, West Riyadh, Riyadh"
759000,Apartment,3,3,128,"Al Mahdiyah, West Riyadh, Riyadh"
1800000,Villa,7,5,366,"Al Mahdiyah, West Riyadh, Riyadh"
3200000,Villa,7,5,300,"Al Mahdiyah, West Riyadh, Riyadh"
1200000,Apartment,4,4,200,"Al Mahdiyah, West Riyadh, Riyadh"
750000,Apartment,3,3,132,"Al Mahdiyah, West Riyadh, Riyadh"
1800000,Villa,6,5,366,"Al Mahdiyah, West Riyadh, Riyadh"
1800000,Villa,6,5,366,"Al Mahdiyah, West Riyadh, Riyadh"
3100000,Villa,7,4,366,"Al Mahdiyah, West Riyadh, Riyadh"
3500000,Apartment,4,4,212,"Al Marwah, North Jeddah, Jeddah"
963000,Villa,11,7,270,"Badr, South Riyadh, Riyadh"
800000,Apartment,3,3,128,"Laban, West Riyadh, Riyadh"
460000,Apartment,4,3,126,"Al Waha, North Jeddah, Jeddah"
550000,Apartment,2,3,87,"Al Saadah, East Riyadh, Riyadh"
1700000,Villa,4,4,420,"Tuwaiq, West Riyadh, Riyadh"
989000,Apartment,3,3,130,"Al Rawdah, East Riyadh, Riyadh"
859000,Apartment,3,3,134,"Al Rimal, East Riyadh, Riyadh"
1500000,Villa,8,6,300,"Tuwaiq, West Riyadh, Riyadh"
3270000,Villa,4,2,263,"Al Narjis, North Riyadh, Riyadh"
1200000,Floor,3,3,156,"Al Bayan Neighborhood, East Riyadh, Riyadh"
950000,Villa,6,6,392,"Al Sheraa, Al Khobar"
1200000,Villa,3,3,215,"Al Rimal, East Riyadh, Riyadh"
3000000,Villa,5,5,338,"Al Rimal, East Riyadh, Riyadh"
400000,Apartment,2,2,51,"Al Rimal, East Riyadh, Riyadh"
1100000,Villa,5,4,311,"Ash Shamiya Al Jadid, Makkah"
1350000,Villa,5,4,300,"Al Rahmanyah, North Jeddah, Jeddah"
1000000,Villa,7,5,261,"Al Riyadh, North Jeddah, Jeddah"
1100000,Villa,1,1,215,"Nubala, Madina"
750000,Apartment,6,5,357,"Al Dhurfah, Khamis Mushait"
1350000,Apartment,4,5,235,"Al Rimal, East Riyadh, Riyadh"
650000,Apartment,4,3,123,"Al Salamah, North Jeddah, Jeddah"
675000,Apartment,3,2,145,"Alawali, West Riyadh, Riyadh"
1450000,Villa,7,3,200,"Al Suwaidi, West Riyadh, Riyadh"
1300000,Villa,5,1,200,"Tuwaiq, West Riyadh, Riyadh"
2100000,Villa,6,4,328,"Al Rimal, East Riyadh, Riyadh"
1350000,Floor,4,4,196,"Al Munsiyah, East Riyadh, Riyadh"
3200000,Villa,4,5,210,"Al Narjis, North Riyadh, Riyadh"
530000,Apartment,5,4,182,"Ash Shamiya Al Jadid, Makkah"
1100000,Villa,6,8,423,"Al Qashashia Al Jadid, Makkah"
570000,Apartment,2,1,115,"Badr, South Riyadh, Riyadh"
670000,Apartment,5,3,162,"Al Nuzhah, North Jeddah, Jeddah"
1900000,Apartment,1,2,101,"Al Shati, North Jeddah, Jeddah"
820000,Apartment,4,3,165,"Al Salamah, North Jeddah, Jeddah"
1450000,Apartment,6,4,216,"Al Zahraa, North Jeddah, Jeddah"
2350000,Villa,5,5,250,"Al Yarmuk, East Riyadh, Riyadh"
4900000,Villa,6,8,390,"Al Qirawan, North Riyadh, Riyadh"
670000,Apartment,3,3,150,"Alawali, West Riyadh, Riyadh"
950000,Villa,8,4,331,"Dirab, West Riyadh, Riyadh"
2000000,Villa,5,6,400,"Al Mahdiyah, West Riyadh, Riyadh"
1300000,Villa,5,6,200,"Tuwaiq, West Riyadh, Riyadh"
2000000,Villa,5,5,400,"Al Mahdiyah, West Riyadh, Riyadh"
600,Apartment,6,3,173,"Asharai, Makkah"
515000,Apartment,5,3,157,"Governmental1, Jeddah"
530000,Apartment,4,4,154,"Al Rayaan, North Jeddah, Jeddah"
430000,Apartment,5,3,173,"Badr, South Riyadh, Riyadh"
900000,Apartment,3,3,196,"Dhahrat Laban, West Riyadh, Riyadh"
750000,Apartment,5,3,136,"Al Naim, North Jeddah, Jeddah"
750000,Apartment,5,3,136,"Al Naim, North Jeddah, Jeddah"
750000,Apartment,5,3,136,"Al Naim, North Jeddah, Jeddah"
2400000,Villa,6,5,200,"Al Mahdiyah, West Riyadh, Riyadh"
2100000,Villa,5,5,400,"Al Mahdiyah, West Riyadh, Riyadh"
1950000,Villa,5,5,400,"Al Mahdiyah, West Riyadh, Riyadh"
2000000,Villa,4,5,400,"Al Mahdiyah, West Riyadh, Riyadh"
1800000,Villa,5,4,400,"Al Mahdiyah, West Riyadh, Riyadh"
860000,Apartment,3,3,138,"Al Mahdiyah, West Riyadh, Riyadh"
860000,Apartment,3,3,157,"Al Mahdiyah, West Riyadh, Riyadh"
2500000,Villa,6,5,245,"Al Mahdiyah, West Riyadh, Riyadh"
2050000,Villa,5,4,400,"Al Mahdiyah, West Riyadh, Riyadh"
1800000,Villa,5,3,200,"Al Mahdiyah, West Riyadh, Riyadh"
2200000,Villa,6,4,210,"Al Mahdiyah, West Riyadh, Riyadh"
8000000,Villa,6,5,500,"Irqah, West Riyadh, Riyadh"
395000,Apartment,3,2,104,"Al Jameah District, South Jeddah, Jeddah"
1800000,Villa,5,3,360,"Al Nahdah, East Riyadh, Riyadh"
550000,Apartment,3,3,128,"Al Zahrah, West Riyadh, Riyadh"
8500000,Building,3,4,525,"Al Salamah, North Jeddah, Jeddah"
820000,Apartment,4,3,165,"Al Salamah, North Jeddah, Jeddah"
1300000,Villa,5,4,375,"Al Dar Al Baida, South Riyadh, Riyadh"
1000000,Villa,11,11,367,"Al Dar Al Baida, South Riyadh, Riyadh"
430000,Apartment,3,3,170,"Badr, South Riyadh, Riyadh"
550000,Apartment,3,3,130,"Al Zahrah, West Riyadh, Riyadh"
690000,Apartment,6,5,219,"Al Dar Al Baida, South Riyadh, Riyadh"
820000,Apartment,5,4,165,"Al Salamah, North Jeddah, Jeddah"
1150000,Floor,2,4,232,"Al Rimal, East Riyadh, Riyadh"
650000,Apartment,3,2,112,"Al Bayan Neighborhood, East Riyadh, Riyadh"
800000,Apartment,3,3,161,"Al Rimal, East Riyadh, Riyadh"
620000,Apartment,3,3,111,"Al Naim, North Jeddah, Jeddah"
650000,Apartment,5,4,163,"As Salamah, Makkah"
680000,Apartment,5,3,137,"Al Salamah, North Jeddah, Jeddah"
680000,Apartment,5,3,136,"Al Salamah, North Jeddah, Jeddah"
650000,Apartment,4,3,124,"Al Salamah, North Jeddah, Jeddah"
780000,Apartment,5,3,176,"Al Salamah, North Jeddah, Jeddah"
780000,Apartment,5,3,176,"Al Salamah, North Jeddah, Jeddah"
1450000,Villa,5,7,300,"Ash Shamiya Al Jadid, Makkah"
2990000,Villa,4,5,624,"Al Fayha, East Riyadh, Riyadh"
590000,Apartment,4,3,111,"Al Salamah, North Jeddah, Jeddah"
350000,Apartment,3,2,105,"Al Aziziyah, South Riyadh, Riyadh"
1129000,Apartment,3,3,184,"Al Nuzhah, North Jeddah, Jeddah"
450000,Apartment,6,3,177,"Badr, South Riyadh, Riyadh"
690000,Apartment,4,4,177,"Badr, South Riyadh, Riyadh"
1100000,Villa,5,4,313,"Al Sawari, Al Khobar"
1100000,Villa,3,3,188,"Al Qadisiyah, East Riyadh, Riyadh"
650000,Floor,5,3,139,"Al Aziziyah, South Riyadh, Riyadh"
1380000,Floor,5,3,168,"Al Munsiyah, East Riyadh, Riyadh"
770000,Apartment,3,3,140,"Al Qadisiyah, East Riyadh, Riyadh"
800000,Apartment,4,3,125,"Al Qadisiyah, East Riyadh, Riyadh"
950000,Villa,6,7,300,"Al Lulu, Al Khobar"
390000,Apartment,4,3,133,"Al Nur, Dammam"
1100000,Villa,6,5,289,"Al Janadriyah, East Riyadh, Riyadh"
1300000,Apartment,4,3,87,"Al Arid, North Riyadh, Riyadh"
1050000,Villa,8,5,250,"King Fahd Suburb, Dammam"
15000000,Villa,6,5,828,"Ash Shamiya Al Jadid, Makkah"
4000000,Villa,5,11,435,"King Fahd, North Riyadh, Riyadh"
800000,Floor,7,5,226,"Al Janadriyah, East Riyadh, Riyadh"
600000,Apartment,6,1,132,"Dhahrat Laban, West Riyadh, Riyadh"
680000,Apartment,2,3,145,Dhahran
1000000,Villa,3,2,201,"Al Maizilah, East Riyadh, Riyadh"
1400000,Villa,3,3,287,"Al Maizilah, East Riyadh, Riyadh"
2400000,Villa,9,7,482,"King Fahd Suburb, Dammam"
549000,Apartment,4,3,524,"Al Rawdah, North Jeddah, Jeddah"
2000000,Residential Building,11,11,930,"Badr, Dammam"
800000,Floor,4,3,500,"Al Zahrah, West Riyadh, Riyadh"
1200000,Villa,6,7,373,"King Fahd Suburb, Dammam"
3000000,Villa,9,6,409,"Al Rimal, East Riyadh, Riyadh"
6000000,Villa,9,7,450,"Al Malqa, North Riyadh, Riyadh"
2100000,Villa,7,6,360,"Al Rimal, East Riyadh, Riyadh"
830000,Villa,4,5,253,"Okaz, South Riyadh, Riyadh"
1400000,Apartment,4,5,181,"Al Malqa, North Riyadh, Riyadh"
1200000,Villa,8,4,400,"Al Uraija Al Gharbiyah, West Riyadh, Riyadh"
1100000,Villa,7,5,400,"Al Uraija Al Wusta, West Riyadh, Riyadh"
580000,Apartment,3,3,218,"Al Nur, Dammam"
1400000,Villa,6,4,375,"Al Dar Al Baida, South Riyadh, Riyadh"
1900000,Villa,6,5,400,"Al Safa, North Jeddah, Jeddah"
3200000,Villa,6,8,375,"Al Mahdiyah, West Riyadh, Riyadh"
820000,Floor,3,3,178,"Al Murjan, East Riyadh, Riyadh"
1300000,Apartment,3,3,146,"Al Arid, North Riyadh, Riyadh"
970000,Villa,6,5,250,"King Fahd Suburb, Dammam"
1100000,Floor,5,4,312,"Al Riyadh, North Jeddah, Jeddah"
3800000,Villa,7,7,300,"Al Narjis, North Riyadh, Riyadh"
460000,Apartment,3,2,96,"Al Safa, North Jeddah, Jeddah"
2900000,Villa,7,5,600,"Al Hazm, West Riyadh, Riyadh"
1140000,Apartment,3,3,135,"Al Arid, North Riyadh, Riyadh"
660000,Apartment,3,4,2000,"Al Nahdah, North Jeddah, Jeddah"
6700000,Rest House,6,8,916,"Al Arid, North Riyadh, Riyadh"
450000,Apartment,3,2,102,"Al Marwah, North Jeddah, Jeddah"
750000,Apartment,4,3,167,"Al Marwah, North Jeddah, Jeddah"
680000,Apartment,5,3,161,"Al Marwah, North Jeddah, Jeddah"
670000,Apartment,5,3,162,"Al Nuzhah, North Jeddah, Jeddah"
530000,Apartment,4,3,168,"Al Zahrah, West Riyadh, Riyadh"
650000,Apartment,4,3,111,"Al Salamah, North Jeddah, Jeddah"
620000,Apartment,4,4,132,"Al Salamah, North Jeddah, Jeddah"
740000,Apartment,4,4,130,"Al Salamah, North Jeddah, Jeddah"
590000,Apartment,4,4,135,"Al Salamah, North Jeddah, Jeddah"
830000,Apartment,5,4,165,"Al Rehab, North Jeddah, Jeddah"
3000000,Villa,8,4,405,"Al Fayha, East Riyadh, Riyadh"
970000,Villa,4,3,200,"Taybay, Dammam"
1200000,Floor,4,3,164,"Al Rimal, East Riyadh, Riyadh"
650000,Apartment,4,3,123,"Al Salamah, North Jeddah, Jeddah"
1550000,Floor,3,3,175,"Al Munsiyah, East Riyadh, Riyadh"
3000000,Villa,5,6,338,"Al Rimal, East Riyadh, Riyadh"
1050000,Floor,3,4,165,"Al Janadriyah, East Riyadh, Riyadh"
740000,Apartment,4,3,117,"Al Rawdah, North Jeddah, Jeddah"
1050000,Floor,5,3,350,"Badr, South Riyadh, Riyadh"
730000,Apartment,6,4,718,"Al Rabwa, North Jeddah, Jeddah"
735000,Apartment,4,4,143,"Al Naim, North Jeddah, Jeddah"
640000,Apartment,5,4,1730,"Al Fayhaa, North Jeddah, Jeddah"
2450000,Villa,5,6,500,"Al Mahdiyah, West Riyadh, Riyadh"
630000,Apartment,4,3,143,"Al Naim, North Jeddah, Jeddah"
5000000,Villa,10,10,1066,"Tuwaiq, West Riyadh, Riyadh"
750000,Floor,5,3,191,"Al Janadriyah, East Riyadh, Riyadh"
700000,Floor,5,3,196,"Al Janadriyah, East Riyadh, Riyadh"
640000,Floor,5,4,155,"Al Janadriyah, East Riyadh, Riyadh"
800000,Floor,4,5,500,"Shubra, West Riyadh, Riyadh"
620000,Apartment,5,4,166,"Al Rayaan, North Jeddah, Jeddah"
800000,Apartment,4,3,139,"Al Rawdah, North Jeddah, Jeddah"
13000000,Villa,11,7,879,"Al Narjis, North Riyadh, Riyadh"
1500000,Villa,6,4,270,"Al Janadriyah, East Riyadh, Riyadh"
2600000,Villa,8,8,411,"Al Yarmuk, East Riyadh, Riyadh"
1150000,Floor,4,3,198,"Tuwaiq, West Riyadh, Riyadh"
1150000,Villa,5,3,276,"Al Nadwa District, East Riyadh, Riyadh"
1200000,Villa,8,7,350,"Ash Shamiya Al Jadid, Makkah"
750000,Apartment,4,3,120,"Al Rawdah, North Jeddah, Jeddah"
540000,Apartment,4,3,131,"Al Marwah, North Jeddah, Jeddah"
650000,Apartment,4,3,111,"Al Salamah, North Jeddah, Jeddah"
1650000,Floor,4,5,203,"Al Munsiyah, East Riyadh, Riyadh"
650000,Apartment,4,3,123,"Al Salamah, North Jeddah, Jeddah"
2700000,Villa,4,5,354,"Al Saadah, East Riyadh, Riyadh"
900000,Apartment,4,3,158,"Al Naim, North Jeddah, Jeddah"
850000,Floor,3,4,138,"Al Rimal, East Riyadh, Riyadh"
450000,Apartment,3,2,102,"Al Marwah, North Jeddah, Jeddah"
770000,Apartment,4,4,630,"Badr, South Riyadh, Riyadh"
1650000,Floor,3,4,198,"Qurtubah, East Riyadh, Riyadh"
1200000,Villa,5,5,900,"Dhahrat Laban, West Riyadh, Riyadh"
2450000,Villa,5,5,250,"Al Yarmuk, East Riyadh, Riyadh"
1350000,Floor,3,3,185,"Al Munsiyah, East Riyadh, Riyadh"
1500000,Villa,11,7,250,"Al Aziziyah, South Riyadh, Riyadh"
780000,Apartment,4,3,136,"Al Rawdah, North Jeddah, Jeddah"
1950000,Villa,7,5,275,"Mudhainib, Madina"
650000,Apartment,4,3,111,"Al Salamah, North Jeddah, Jeddah"
1100000,Villa,5,5,300,"Al Rahmanyah, North Jeddah, Jeddah"
1080000,Villa,6,6,312,"Al Riyadh, North Jeddah, Jeddah"
600000,Floor,5,3,350,"Badr, South Riyadh, Riyadh"
530000,Apartment,2,2,1049,"Al Rawdah, North Jeddah, Jeddah"
980000,Apartment,5,4,1049,"Al Rawdah, North Jeddah, Jeddah"
990000,Apartment,4,4,497,"Al Zahraa, North Jeddah, Jeddah"
800000,Floor,6,4,220,"Tuwaiq, West Riyadh, Riyadh"
900000,Floor,6,4,206,"Tuwaiq, West Riyadh, Riyadh"
296000,Apartment,4,3,887,"Al Rayaan, North Jeddah, Jeddah"
3000000,Villa,5,4,250,"Al Arid, North Riyadh, Riyadh"
820000,Apartment,5,3,185,"Al Faisaliyah, Central Jeddah, Jeddah"
790000,Apartment,5,3,175,"Al Salamah, North Jeddah, Jeddah"
1800000,Villa,6,6,750,"Dhahrat Al Badiah, West Riyadh, Riyadh"
1060000,Apartment,5,4,497,"Al Zahraa, North Jeddah, Jeddah"
550000,Apartment,5,3,1327,"Al Shawqiyyah, Makkah"
7000000,Villa,5,5,630,"Al Yasmin, North Riyadh, Riyadh"
800000,Apartment,4,3,139,"Al Rawdah, North Jeddah, Jeddah"
610000,Apartment,6,3,173,"Asharai, Makkah"
900000,Apartment,4,4,258,"Tuwaiq, West Riyadh, Riyadh"
890000,Apartment,4,4,151,"Al Zahraa, North Jeddah, Jeddah"
4500000,Villa,5,3,343,"Al Narjis, North Riyadh, Riyadh"
470000,Apartment,3,2,120,"Al Dar Al Baida, South Riyadh, Riyadh"
600000,Apartment,3,3,136,"Al Hamra, Al Khobar"
1900000,Villa,5,4,296,"Al Shulah, Dammam"
870000,Floor,5,4,180,"Al Bayan Neighborhood, East Riyadh, Riyadh"
520000,Floor,4,4,203,"Badr, South Riyadh, Riyadh"
1750000,Apartment,3,4,211,"Al Zahraa, North Jeddah, Jeddah"
1750000,Apartment,3,4,211,"Al Zahraa, North Jeddah, Jeddah"
570000,Apartment,5,3,198,"Ar Rehab 3, Jazan"
3300000,Villa,10,10,385,"Qurtubah, East Riyadh, Riyadh"
550000,Apartment,3,2,128,"Al Zahrah, West Riyadh, Riyadh"
860000,Floor,3,3,500,"Al Zahrah, West Riyadh, Riyadh"
580000,Apartment,4,3,143,"Batha Quraysh, Makkah"
950000,Floor,3,4,500,"Shubra, West Riyadh, Riyadh"
1750000,Villa,10,8,303,"Al Janadriyah, East Riyadh, Riyadh"
510000,Apartment,5,4,187,"Ash Shamiya Al Jadid, Makkah"
1600000,Floor,5,5,206,"Al Munsiyah, East Riyadh, Riyadh"
900000,Apartment,3,3,137,"Al Rimal, East Riyadh, Riyadh"
1300000,Floor,5,4,315,"Al Rimal, East Riyadh, Riyadh"
850000,Floor,5,5,138,"Al Rimal, East Riyadh, Riyadh"
750000,Apartment,4,3,120,"Al Rawdah, North Jeddah, Jeddah"
1250000,Villa,4,5,260,"Al Janadriyah, East Riyadh, Riyadh"
650000,Apartment,4,3,123,"Al Salamah, North Jeddah, Jeddah"
1300000,Villa,10,7,400,"Shubra, West Riyadh, Riyadh"
700000,Apartment,2,3,104,"Al Saadah, East Riyadh, Riyadh"
3500000,Villa,8,7,276,"Al Arid, North Riyadh, Riyadh"
1500000,Villa,6,5,483,"Al Shifa, South Riyadh, Riyadh"
980000,Apartment,5,4,1049,"Al Rawdah, North Jeddah, Jeddah"
720000,Apartment,5,3,149,"Al Salamah, North Jeddah, Jeddah"
630000,Apartment,4,4,146,"Al Nuzhah, North Jeddah, Jeddah"
650000,Apartment,4,1,111,"Al Salamah, North Jeddah, Jeddah"
720000,Floor,3,3,180,"Dirab, West Riyadh, Riyadh"
7000000,Residential Building,11,11,910,"Al Fayha, East Riyadh, Riyadh"
950000,Apartment,4,3,160,"Al Rawdah, North Jeddah, Jeddah"
600000,Apartment,3,2,341,"Al Rimal, East Riyadh, Riyadh"
850000,Apartment,3,3,750,"Al Zahraa, North Jeddah, Jeddah"
439000,Apartment,3,3,510,"Al Salamah, North Jeddah, Jeddah"
530000,Apartment,3,2,460,"Al Rawdah, North Jeddah, Jeddah"
570000,Apartment,3,3,865,"Al Rabwa, North Jeddah, Jeddah"
529000,Apartment,4,3,500,"Al Naim, North Jeddah, Jeddah"
519000,Apartment,3,3,582,"Al Hamraa, Central Jeddah, Jeddah"
519000,Apartment,3,3,582,"Al Hamraa, Central Jeddah, Jeddah"
519000,Apartment,3,3,582,"Al Hamraa, Central Jeddah, Jeddah"
415000,Apartment,3,3,630,"Al Salamah, North Jeddah, Jeddah"
415000,Apartment,3,1,630,"Al Salamah, North Jeddah, Jeddah"
415000,Apartment,3,3,630,"Al Salamah, North Jeddah, Jeddah"
440000,Apartment,3,2,1092,"Al Hamraa, Central Jeddah, Jeddah"
369000,Apartment,3,3,800,"Al Safa, North Jeddah, Jeddah"
570000,Apartment,3,3,865,"Al Rabwa, North Jeddah, Jeddah"
650000,Apartment,4,3,750,"Al Zahraa, North Jeddah, Jeddah"
415000,Apartment,3,3,630,"Al Salamah, North Jeddah, Jeddah"
415000,Apartment,3,3,630,"Al Salamah, North Jeddah, Jeddah"
620000,Apartment,3,3,111,"Al Naim, North Jeddah, Jeddah"
650000,Apartment,3,3,750,"Al Zahraa, North Jeddah, Jeddah"
655000,Apartment,3,3,529,"Al Rawdah, North Jeddah, Jeddah"
439000,Apartment,3,3,510,"Al Salamah, North Jeddah, Jeddah"
360000,Apartment,3,3,726,"Al Safa, North Jeddah, Jeddah"
439000,Apartment,3,3,510,"Al Salamah, North Jeddah, Jeddah"
369000,Apartment,2,3,800,"Al Safa, North Jeddah, Jeddah"
530000,Apartment,3,3,461,"Al Rawdah, North Jeddah, Jeddah"
570000,Apartment,5,3,866,"Al Rabwa, North Jeddah, Jeddah"
480000,Apartment,4,3,525,"Al Faisaliyah, Central Jeddah, Jeddah"
439000,Apartment,3,3,510,"Al Salamah, North Jeddah, Jeddah"
449000,Apartment,3,3,525,"Al Naim, North Jeddah, Jeddah"
439000,Apartment,3,3,510,"Al Salamah, North Jeddah, Jeddah"
1700000,Floor,3,5,242,"Al Munsiyah, East Riyadh, Riyadh"
975000,Apartment,4,3,129,"Al Munsiyah, East Riyadh, Riyadh"
850000,Floor,3,4,166,"Al Rimal, East Riyadh, Riyadh"
950000,Apartment,4,3,157,"Al Rawdah, North Jeddah, Jeddah"
450000,Apartment,3,2,102,"Al Marwah, North Jeddah, Jeddah"
2850000,Villa,5,4,312,"Al Rimal, East Riyadh, Riyadh"
1150000,Apartment,2,4,134,"Al Munsiyah, East Riyadh, Riyadh"
700000,Apartment,2,2,104,"Al Saadah, East Riyadh, Riyadh"
13500000,Villa,4,4,501,"Al Narjis, North Riyadh, Riyadh"
580000,Apartment,3,3,100,"Al Naim, North Jeddah, Jeddah"
540000,Apartment,4,3,131,"Al Marwah, North Jeddah, Jeddah"
730000,Apartment,5,3,130,"Al Naim, North Jeddah, Jeddah"
900000,Apartment,5,3,158,"Al Naim, North Jeddah, Jeddah"
2100000,Villa,6,6,328,"Al Rimal, East Riyadh, Riyadh"
1650000,Floor,3,3,198,"Qurtubah, East Riyadh, Riyadh"
650000,Apartment,5,3,164,"Al Rehab, North Jeddah, Jeddah"
650000,Apartment,5,3,164,"Al Rehab, North Jeddah, Jeddah"
989000,Apartment,3,3,130,"Al Rawdah, East Riyadh, Riyadh"
819000,Apartment,3,3,134,"Al Rimal, East Riyadh, Riyadh"
1180000,Apartment,4,3,1500,"Al Munsiyah, East Riyadh, Riyadh"
740000,Apartment,4,3,117,"Al Rawdah, North Jeddah, Jeddah"
1600000,Apartment,2,3,156,"Hittin, North Riyadh, Riyadh"
1200000,Villa,6,6,520,"Al Amwaj, Al Khobar"
450000,Apartment,3,2,78,"Al Nuzhah, North Jeddah, Jeddah"
4350000,Villa,4,5,528,"Al Yasmin, North Riyadh, Riyadh"
860000,Floor,3,3,250,"Shubra, West Riyadh, Riyadh"
1100000,Villa,7,6,302,"Taybah, South Riyadh, Riyadh"
750000,Floor,3,3,185,"Al Janadriyah, East Riyadh, Riyadh"
450000,Apartment,3,3,174,"Badr, South Riyadh, Riyadh"
5000000,Villa,4,3,136,"Al Munsiyah, East Riyadh, Riyadh"
650000,Apartment,4,3,111,"Al Salamah, North Jeddah, Jeddah"
839000,Apartment,2,2,97,"Al Rawdah, East Riyadh, Riyadh"
989000,Apartment,3,3,130,"Al Rawdah, East Riyadh, Riyadh"
540000,Apartment,4,3,131,"Al Marwah, North Jeddah, Jeddah"
800000,Villa,3,3,312,"Al Riyadh, North Jeddah, Jeddah"
700000,Apartment,5,4,182,"Al Fayhaa, North Jeddah, Jeddah"
1300000,Villa,7,7,236,"Nubala, Madina"
3500000,Villa,7,5,383,"Qurtubah, East Riyadh, Riyadh"
1650000,Floor,5,4,172,"Qurtubah, East Riyadh, Riyadh"
3500000,Villa,8,7,383,"Qurtubah, East Riyadh, Riyadh"
670000,Apartment,5,3,162,"Al Nuzhah, North Jeddah, Jeddah"
2700000,Villa,5,3,280,"Al Basateen, North Jeddah, Jeddah"
675000,Apartment,3,2,900,"Dhahrat Laban, West Riyadh, Riyadh"
750000,Apartment,5,3,136,"Al Naim, North Jeddah, Jeddah"
3200000,Villa,7,8,4980,"Qurtubah, East Riyadh, Riyadh"
2400000,Villa,5,6,420,"Al Bayan Neighborhood, East Riyadh, Riyadh"
750000,Apartment,5,3,136,"Al Naim, North Jeddah, Jeddah"
1750000,Villa,4,3,222,"Al Munsiyah, East Riyadh, Riyadh"
540000,Apartment,4,3,131,"Al Marwah, North Jeddah, Jeddah"
730000,Apartment,5,3,130,"Al Naim, North Jeddah, Jeddah"
1150000,Apartment,3,3,134,"Al Munsiyah, East Riyadh, Riyadh"
740000,Apartment,4,3,117,"Al Rawdah, North Jeddah, Jeddah"
680000,Apartment,5,3,161,"Al Marwah, North Jeddah, Jeddah"
680000,Apartment,5,3,161,"Al Marwah, North Jeddah, Jeddah"
750000,Apartment,4,3,167,"Al Marwah, North Jeddah, Jeddah"
3200000,Villa,4,5,383,"Qurtubah, East Riyadh, Riyadh"
750000,Apartment,4,4,450,"Al Mahdiyah, West Riyadh, Riyadh"
870000,Apartment,4,4,450,"Al Mahdiyah, West Riyadh, Riyadh"
550000,Apartment,3,2,125,"Dhahrat Laban, West Riyadh, Riyadh"
2500000,Villa,5,5,500,"Al Mahdiyah, West Riyadh, Riyadh"
1350000,Villa,5,4,319,"Tuwaiq, West Riyadh, Riyadh"
670000,Apartment,5,3,162,"Al Nuzhah, North Jeddah, Jeddah"
4050000,Villa,6,7,450,"Al Mahdiyah, West Riyadh, Riyadh"
6500000,Villa,10,10,750,"Al Sahafah, North Riyadh, Riyadh"
450000,Apartment,3,3,177,"Badr, South Riyadh, Riyadh"
690000,Apartment,3,3,219,"Al Aziziyah, South Riyadh, Riyadh"
470000,Apartment,5,3,176,"Al Shati, Jazan"
950000,Floor,4,4,186,"Tuwaiq, West Riyadh, Riyadh"
650000,Apartment,5,3,164,"Al Rehab, North Jeddah, Jeddah"
670000,Apartment,5,3,162,"Al Nuzhah, North Jeddah, Jeddah"
450000,Apartment,3,2,102,"Al Marwah, North Jeddah, Jeddah"
800000,Apartment,3,6,630,"Badr, South Riyadh, Riyadh"
950000,Apartment,6,3,197,"Al Fayhaa, North Jeddah, Jeddah"
750000,Apartment,5,3,136,"Al Naim, North Jeddah, Jeddah"
430000,Apartment,3,3,132,"Badr, South Riyadh, Riyadh"
680000,Apartment,5,3,136,"Al Salamah, North Jeddah, Jeddah"
680000,Apartment,5,3,136,"Al Salamah, North Jeddah, Jeddah"
680000,Apartment,5,3,136,"Al Salamah, North Jeddah, Jeddah"
2350000,Villa,6,6,250,"Al Yarmuk, East Riyadh, Riyadh"
740000,Apartment,4,3,117,"Al Rawdah, North Jeddah, Jeddah"
495000,Apartment,4,3,124,"Al Manar, North Jeddah, Jeddah"
680000,Apartment,5,3,136,"Al Salamah, North Jeddah, Jeddah"
1300000,Floor,3,4,131,"Al Munsiyah, East Riyadh, Riyadh"
860000,Floor,3,3,500,"Shubra, West Riyadh, Riyadh"
2400000,Villa,4,4,450,"Alawali, West Riyadh, Riyadh"
580000,Apartment,3,3,111,"Al Salamah, North Jeddah, Jeddah"
540000,Apartment,3,3,163,"Okaz, South Riyadh, Riyadh"
630000,Apartment,4,3,111,"Al Salamah, North Jeddah, Jeddah"
860000,Floor,3,3,500,"Shubra, West Riyadh, Riyadh"
580000,Apartment,3,3,111,"Al Salamah, North Jeddah, Jeddah"
1800000,Villa,8,6,310,"Al Rimal, East Riyadh, Riyadh"
3500000,Villa,6,2,500,"King Faisal, East Riyadh, Riyadh"
1300000,Villa,2,4,375,"Al Dar Al Baida, South Riyadh, Riyadh"
1090000,Floor,4,6,200,"Al Janadriyah, East Riyadh, Riyadh"
680000,Apartment,4,6,69,"Al Janadriyah, East Riyadh, Riyadh"
3500000,Villa,6,5,375,"Dhahrat Laban, West Riyadh, Riyadh"
1500000,Villa,6,4,450,"Tuwaiq, West Riyadh, Riyadh"
3800000,Building,10,10,400,"Laban, West Riyadh, Riyadh"
4500000,Villa,6,6,420,"Al Yasmin, North Riyadh, Riyadh"
3000000,Villa,4,3,520,"Al Khaleej, East Riyadh, Riyadh"
3240000,Rest House,8,4,405,"Al Arid, North Riyadh, Riyadh"
860000,Floor,5,6,500,"Shubra, West Riyadh, Riyadh"
860000,Floor,3,4,500,"Shubra, West Riyadh, Riyadh"
750000,Apartment,4,4,167,"Al Marwah, North Jeddah, Jeddah"
2500000,Villa,8,6,250,"King Faisal, East Riyadh, Riyadh"
750000,Apartment,4,3,167,"Al Marwah, North Jeddah, Jeddah"
1700000,Villa,7,4,375,"Al Hazm, West Riyadh, Riyadh"
1000000,Apartment,5,4,186,"Al Salamah, North Jeddah, Jeddah"
1400000,Villa,5,6,220,"Al Salehiyah, North Jeddah, Jeddah"
3600000,Villa,4,6,400,"Al Munsiyah, East Riyadh, Riyadh"
1300000,Villa,7,5,619,"Al Difa, Madina"
4200000,Villa,4,4,360,"Al Narjis, North Riyadh, Riyadh"
1400000,Floor,5,3,374,"Tuwaiq, West Riyadh, Riyadh"
1250000,Villa,8,9,247,"Tuwaiq, West Riyadh, Riyadh"
690000,Floor,3,4,181,"Okaz, South Riyadh, Riyadh"
4850000,Villa,5,1,500,"Agruba, Al Jubaylah"
1170000,Floor,4,4,233,"Al Rimal, East Riyadh, Riyadh"
1190000,Apartment,1,1,640,"Al Zahraa, North Jeddah, Jeddah"
520000,Apartment,4,3,718,"Al Naim, North Jeddah, Jeddah"
360000,Apartment,3,3,690,"Al Nuzhah, North Jeddah, Jeddah"
360000,Apartment,3,3,690,"Al Nuzhah, North Jeddah, Jeddah"
650000,Apartment,1,1,162,"Mudhainib, Madina"
520000,Apartment,4,3,718,"Al Naim, North Jeddah, Jeddah"
285000,Apartment,2,2,726,"Al Safa, North Jeddah, Jeddah"
285000,Apartment,2,3,726,"Al Safa, North Jeddah, Jeddah"
750000,Apartment,4,3,152,"Al Zahraa, North Jeddah, Jeddah"
520000,Apartment,4,3,718,"Al Naim, North Jeddah, Jeddah"
520000,Apartment,4,3,718,"Al Naim, North Jeddah, Jeddah"
355000,Apartment,3,3,630,"Al Safa, North Jeddah, Jeddah"
285000,Apartment,2,2,726,"Al Safa, North Jeddah, Jeddah"
520000,Apartment,4,3,719,"Al Naim, North Jeddah, Jeddah"
1400000,Floor,5,4,900,"Alawali, West Riyadh, Riyadh"
4200000,Villa,6,6,371,"Al Munsiyah, East Riyadh, Riyadh"
4200000,Villa,5,4,800,"Al Yarmuk, East Riyadh, Riyadh"
11000000,Villa,5,4,550,"Al Narjis, North Riyadh, Riyadh"
590000,Apartment,3,3,111,"Al Salamah, North Jeddah, Jeddah"
3300000,Villa,5,6,273,"Al Narjis, North Riyadh, Riyadh"
3500000,Villa,5,5,360,"Al Narjis, North Riyadh, Riyadh"
620000,Apartment,6,4,183,"Al Jisr, Al Khobar"
1550000,Floor,4,5,206,"Al Munsiyah, East Riyadh, Riyadh"
900000,Floor,3,3,189,"Tuwaiq, West Riyadh, Riyadh"
320000,Apartment,2,2,85,"Batha Quraysh, Makkah"
740000,Apartment,4,3,118,"Al Rawdah, North Jeddah, Jeddah"
790000,Apartment,3,3,137,"Al Mahdiyah, West Riyadh, Riyadh"
5300000,Villa,7,5,375,"Irqah, West Riyadh, Riyadh"
1850000,Floor,3,4,195,"Qurtubah, East Riyadh, Riyadh"
1700000,Floor,4,3,195,"Qurtubah, East Riyadh, Riyadh"
2900000,Villa,7,7,875,"Al Sheraa, Al Khobar"
2200000,Villa,7,5,500,"Agruba, Al Jubaylah"
1800000,Villa,5,1,244,"Al Bayan Neighborhood, East Riyadh, Riyadh"
6000000,Rest House,9,7,999,"Al Rimal, East Riyadh, Riyadh"
2000000,Villa,3,1,256,"Dhahrat Laban, West Riyadh, Riyadh"
1300000,Villa,5,4,184,"Al Nasim Al Gharbi, East Riyadh, Riyadh"
770000,Villa,4,4,168,"Badr, South Riyadh, Riyadh"
4400000,Villa,8,7,840,"Al Khaleej, East Riyadh, Riyadh"
750000,Floor,4,5,162,"Al Janadriyah, East Riyadh, Riyadh"
7000000,Villa,8,5,733,"Ishbiliyah, East Riyadh, Riyadh"
1982000,Villa,9,7,381,"Al Rimal, East Riyadh, Riyadh"
1500000,Floor,3,3,160,"Al Rimal, East Riyadh, Riyadh"
350000,Apartment,4,2,95,"Badr, South Riyadh, Riyadh"
1060000,Villa,7,7,244,"King Fahd Suburb, Dammam"
1600000,Villa,9,7,375,"Tuwaiq, West Riyadh, Riyadh"
2300000,Villa,8,7,341,"Al Rimal, East Riyadh, Riyadh"
2200000,Villa,10,7,300,"Dhahrat Laban, West Riyadh, Riyadh"
800000,Apartment,3,2,143,"Al Zahraa, North Jeddah, Jeddah"
1400000,Floor,5,4,311,"Al Janadriyah, East Riyadh, Riyadh"
900000,Floor,5,3,182,"Al Janadriyah, East Riyadh, Riyadh"
830000,Floor,6,4,147,"Al Murjan, East Riyadh, Riyadh"
1320000,Villa,10,5,284,"Al Janadriyah, East Riyadh, Riyadh"
900000,Floor,5,4,251,"Al Janadriyah, East Riyadh, Riyadh"
880000,Floor,5,4,258,"Al Janadriyah, East Riyadh, Riyadh"
830000,Floor,5,4,175,"Al Janadriyah, East Riyadh, Riyadh"
850000,Floor,5,4,175,"Al Janadriyah, East Riyadh, Riyadh"
700000,Villa,5,5,250,"Al Dar Al Baida, South Riyadh, Riyadh"
1600000,Villa,5,3,400,"Al Sheraa, Al Khobar"
900000,Floor,5,4,251,"Al Janadriyah, East Riyadh, Riyadh"
2000000,Building,10,10,613,"Harat Al Bab Al Jadid, Makkah"
500000,Apartment,3,3,186,"Badr, Dammam"
450000,Apartment,3,3,153,"Badr, Dammam"
5000000,Building,10,10,504,"Al Aziziyah, North Jeddah, Jeddah"
700000,Apartment,4,4,431,"Taybay, Dammam"
1067000,Villa,10,6,250,"Al Suwaidi, West Riyadh, Riyadh"
1300000,Villa,5,5,379,"Taybay, Dammam"
700000,Villa,6,4,250,"King Fahd Suburb, Dammam"
1523000,Floor,4,4,450,"Dhahrat Laban, West Riyadh, Riyadh"
580000,Apartment,6,5,3225,"Al Shulah, Dammam"
600000,Apartment,7,5,220,"Al Shulah, Dammam"
2300000,Villa,5,5,158,"Al Arid, North Riyadh, Riyadh"
1200000,Villa,6,7,379,"Taybay, Dammam"
1100000,Villa,4,3,360,"Al Amwaj, Al Khobar"
650000,Apartment,6,4,219,"Al Dar Al Baida, South Riyadh, Riyadh"
2000000,Villa,5,5,329,"Al Malaz, Central Riyadh, Riyadh"
2700000,Villa,10,6,410,"Al Rimal, East Riyadh, Riyadh"
1040000,Apartment,3,3,115,"Al Arid, North Riyadh, Riyadh"
1100000,Apartment,5,3,186,"Al Rawdah, North Jeddah, Jeddah"
2000000,Villa,5,5,329,"Al Malaz, Central Riyadh, Riyadh"
4000000,Villa,7,4,200,"King Khalid International Airport, North Riyadh, Riyadh"
950000,Apartment,4,4,157,"Al Rawdah, North Jeddah, Jeddah"
950000,Apartment,4,3,120,"Al Mahdiyah, West Riyadh, Riyadh"
2450000,Villa,5,6,235,"Al Mahdiyah, West Riyadh, Riyadh"
900000,Apartment,3,3,130,"Al Mahdiyah, West Riyadh, Riyadh"
790000,Apartment,5,3,175,"Al Salamah, North Jeddah, Jeddah"
1500000,Villa,7,6,286,"Mudhainib, Madina"
750000,Apartment,4,3,120,"Al Rawdah, North Jeddah, Jeddah"
950000,Apartment,4,4,157,"Al Rawdah, North Jeddah, Jeddah"
320000,Apartment,3,3,659,"Al Mraikh, North Jeddah, Jeddah"
605000,Apartment,5,3,160,"Al Safa, North Jeddah, Jeddah"
1100000,Villa,3,3,156,"Al Bayan Neighborhood, East Riyadh, Riyadh"
2450000,Villa,7,6,437,"Al Nasim Al Gharbi, East Riyadh, Riyadh"
1800000,Villa,11,7,375,"Al Aziziyah, South Riyadh, Riyadh"
1200000,Apartment,5,4,268,"Al Rimal, East Riyadh, Riyadh"
1450000,Apartment,4,4,174,"Qurtubah, East Riyadh, Riyadh"
750000,Apartment,4,3,114,"Al Rawdah, North Jeddah, Jeddah"
730000,Apartment,4,3,112,"Al Rawdah, North Jeddah, Jeddah"
740000,Apartment,4,3,117,"Al Rawdah, North Jeddah, Jeddah"
4000000,Villa,6,5,481,"Al Qadisiyah, East Riyadh, Riyadh"
550000,Apartment,4,4,550,"Al Naim, North Jeddah, Jeddah"
1200000,Villa,3,4,215,"Al Rimal, East Riyadh, Riyadh"
4600000,Villa,4,4,300,"Al Narjis, North Riyadh, Riyadh"
449000,Apartment,2,3,120,"Okaz, South Riyadh, Riyadh"
550000,Apartment,3,4,135,"Al Hamra, Al Khobar"
950000,Floor,3,4,220,"Tuwaiq, West Riyadh, Riyadh"
4000000,Building,3,2,360,"Al Aziziyah, South Riyadh, Riyadh"
500000,Apartment,3,3,140,"Al Muntazah, Dammam"
6100000,Villa,10,9,495,"Al Narjis, North Riyadh, Riyadh"
4200000,Building,9,8,780,"Al Nahdah, East Riyadh, Riyadh"
900000,Floor,8,7,145,"Al Dar Al Baida, South Riyadh, Riyadh"
3000000,Villa,7,6,500,"Agruba, Al Jubaylah"
5700000,Villa,4,4,300,"Al Malqa, North Riyadh, Riyadh"
4000000,Villa,4,4,500,"Al Yasmin, North Riyadh, Riyadh"
740000,Apartment,4,3,112,"Al Rawdah, North Jeddah, Jeddah"
540000,Apartment,4,3,163,"Okaz, South Riyadh, Riyadh"
770000,Apartment,5,3,630,"Badr, South Riyadh, Riyadh"
770000,Apartment,4,3,630,"Badr, South Riyadh, Riyadh"
530000,Apartment,3,3,163,"Okaz, South Riyadh, Riyadh"
550000,Apartment,3,3,146,"Badr, South Riyadh, Riyadh"
980000,Apartment,3,3,143,"Al Suwaidi, West Riyadh, Riyadh"
800000,Apartment,3,3,630,"Badr, South Riyadh, Riyadh"
1600000,Villa,7,6,400,"Al Sawari, Al Khobar"
3500000,Villa,6,7,357,"Qurtubah, East Riyadh, Riyadh"
770,Floor,5,4,206,"Al Hazm, West Riyadh, Riyadh"
820000,Villa,7,6,318,"Al Sawari, Al Khobar"
710000,Villa,6,5,273,"Al Danah, Al Hofuf Eastern Region"
1500000,Villa,5,3,300,"Al Rahmanyah, North Jeddah, Jeddah"
750000,Apartment,4,3,120,"Al Rawdah, North Jeddah, Jeddah"
2950000,Villa,6,6,500,"Al Buhairah, Al Khobar"
1350000,Floor,3,4,165,"Al Munsiyah, East Riyadh, Riyadh"
1350000,Apartment,4,3,155,"Al Mahdiyah, West Riyadh, Riyadh"
1550000,Villa,1,1,435,"Shuran, Madina"
4000000,Villa,5,5,427,"Agruba, Al Jubaylah"
850000,Apartment,5,4,421,"Al Faisaliyah, Central Jeddah, Jeddah"
525000,Apartment,1,1,520,"Al Salamah, North Jeddah, Jeddah"
1250000,Apartment,6,3,700,"Al Zahraa, North Jeddah, Jeddah"
850000,Apartment,5,3,421,"Al Faisaliyah, Central Jeddah, Jeddah"
1550000,Villa,1,1,371,"Al Ranuna, Madina"
1850000,Villa,1,1,576,"Al Ranuna, Madina"
650000,Apartment,4,4,112,"Al Rimal, East Riyadh, Riyadh"
1450000,Apartment,3,3,4980,"Qurtubah, East Riyadh, Riyadh"
330000,Apartment,3,3,1920,"Al Jameah District, South Jeddah, Jeddah"
330000,Apartment,3,2,1920,"Al Jameah District, South Jeddah, Jeddah"
560000,Apartment,3,3,865,"Al Rabwa, North Jeddah, Jeddah"
550000,Apartment,1,1,151,"Ayn Al Khif, Madina"
360000,Apartment,3,3,726,"Al Safa, North Jeddah, Jeddah"
330000,Apartment,3,3,1920,"Al Jameah District, South Jeddah, Jeddah"
529000,Apartment,4,3,500,"Al Naim, North Jeddah, Jeddah"
499000,Apartment,4,3,660,"Al Salamah, North Jeddah, Jeddah"
360000,Apartment,3,3,726,"Al Safa, North Jeddah, Jeddah"
420000,Apartment,4,3,750,"Al Nuzhah, North Jeddah, Jeddah"
380000,Apartment,3,3,726,"Al Safa, North Jeddah, Jeddah"
599000,Apartment,1,1,144,"Mudhainib, Madina"
475000,Apartment,4,3,726,"Al Safa, North Jeddah, Jeddah"
519000,Apartment,3,3,582,"Al Hamraa, Central Jeddah, Jeddah"
519000,Apartment,3,3,582,"Al Hamraa, Central Jeddah, Jeddah"
519000,Apartment,3,3,582,"Al Hamraa, Central Jeddah, Jeddah"
669000,Apartment,4,3,630,"Al Nahdah, North Jeddah, Jeddah"
519000,Apartment,3,3,582,"Al Hamraa, Central Jeddah, Jeddah"
399000,Apartment,3,3,421,"Al Faisaliyah, Central Jeddah, Jeddah"
279000,Apartment,2,2,1784,"Al Bawadi, North Jeddah, Jeddah"
2200000,Villa,4,4,346,"Al Muntazah, Dammam"
500000,Apartment,3,3,511,"Al Rawdah, North Jeddah, Jeddah"
475000,Apartment,4,3,726,"Al Safa, North Jeddah, Jeddah"
449000,Apartment,3,3,500,"Al Naim, North Jeddah, Jeddah"
519000,Apartment,3,3,582,"Al Hamraa, Central Jeddah, Jeddah"
519000,Apartment,3,3,582,"Al Hamraa, Central Jeddah, Jeddah"
299000,Apartment,2,2,875,"Al Salamah, North Jeddah, Jeddah"
275000,Apartment,2,2,900,"Al Safa, North Jeddah, Jeddah"
350000,Apartment,3,3,900,"Al Safa, North Jeddah, Jeddah"
799000,Apartment,2,2,630,"Al Nahdah, North Jeddah, Jeddah"
519000,Apartment,3,3,582,"Al Hamraa, Central Jeddah, Jeddah"
429000,Apartment,2,2,501,"Al Rawdah, North Jeddah, Jeddah"
2980000,Villa,4,5,427,"Al Saif, Dammam"
349000,Apartment,2,2,698,"Al Sawari, North Jeddah, Jeddah"
399000,Apartment,3,3,421,"Al Faisaliyah, Central Jeddah, Jeddah"
399000,Apartment,3,1,421,"Al Faisaliyah, Central Jeddah, Jeddah"
399000,Apartment,3,3,421,"Al Faisaliyah, Central Jeddah, Jeddah"
2450000,Villa,6,5,300,"Al Rimal, East Riyadh, Riyadh"
279000,Apartment,2,3,1785,"Al Bawadi, North Jeddah, Jeddah"
279000,Apartment,2,2,1784,"Al Bawadi, North Jeddah, Jeddah"
279000,Apartment,2,2,1784,"Al Bawadi, North Jeddah, Jeddah"
449000,Apartment,3,3,500,"Al Naim, North Jeddah, Jeddah"
449000,Apartment,3,3,500,"Al Naim, North Jeddah, Jeddah"
500000,Apartment,3,2,511,"Al Rawdah, North Jeddah, Jeddah"
449000,Apartment,3,3,500,"Al Naim, North Jeddah, Jeddah"
299000,Apartment,2,2,875,"Al Salamah, North Jeddah, Jeddah"
429000,Apartment,2,2,501,"Al Rawdah, North Jeddah, Jeddah"
500000,Apartment,3,3,511,"Al Rawdah, North Jeddah, Jeddah"
390000,Apartment,4,3,500,"Al Safa, North Jeddah, Jeddah"
390000,Apartment,3,3,500,"Al Safa, North Jeddah, Jeddah"
655000,Apartment,3,3,529,"Al Rawdah, North Jeddah, Jeddah"
429000,Apartment,2,2,525,"Al Rawdah, North Jeddah, Jeddah"
415000,Apartment,3,1,580,"Al Salamah, North Jeddah, Jeddah"
299000,Apartment,2,2,750,"Al Safa, North Jeddah, Jeddah"
380000,Apartment,3,3,750,"Al Safa, North Jeddah, Jeddah"
435000,Apartment,3,3,575,"Al Naim, North Jeddah, Jeddah"
380000,Apartment,3,3,750,"Al Safa, North Jeddah, Jeddah"
519000,Apartment,3,3,582,"Al Hamraa, Central Jeddah, Jeddah"
669000,Apartment,3,3,630,"Al Nahdah, North Jeddah, Jeddah"
279000,Apartment,3,3,1784,"Al Bawadi, North Jeddah, Jeddah"
275000,Apartment,2,2,900,"Al Safa, North Jeddah, Jeddah"
669000,Apartment,3,3,630,"Al Nahdah, North Jeddah, Jeddah"
500000,Apartment,3,3,511,"Al Rawdah, North Jeddah, Jeddah"
449000,Apartment,3,3,500,"Al Naim, North Jeddah, Jeddah"
399000,Apartment,3,3,421,"Al Faisaliyah, Central Jeddah, Jeddah"
429000,Apartment,2,2,502,"Al Rawdah, North Jeddah, Jeddah"
535000,Apartment,3,3,450,"Al Rawdah, North Jeddah, Jeddah"
390000,Apartment,4,3,500,"Al Safa, North Jeddah, Jeddah"
389000,Apartment,3,3,598,"Al Faisaliyah, Central Jeddah, Jeddah"
429000,Apartment,2,2,524,"Al Rawdah, North Jeddah, Jeddah"
365000,Apartment,3,3,625,"Al Faisaliyah, Central Jeddah, Jeddah"
279000,Apartment,2,2,1785,"Al Bawadi, North Jeddah, Jeddah"
449000,Apartment,3,3,500,"Al Naim, North Jeddah, Jeddah"
415000,Apartment,3,2,580,"Al Salamah, North Jeddah, Jeddah"
299000,Apartment,2,2,750,"Al Safa, North Jeddah, Jeddah"
529000,Apartment,3,3,500,"Al Naim, North Jeddah, Jeddah"
330000,Apartment,3,2,1920,"Al Jameah District, South Jeddah, Jeddah"
284000,Apartment,3,2,726,"Al Safa, North Jeddah, Jeddah"
519000,Apartment,3,3,582,"Al Hamraa, Central Jeddah, Jeddah"
284000,Apartment,2,2,726,"Al Safa, North Jeddah, Jeddah"
799000,Apartment,4,3,630,"Al Nahdah, North Jeddah, Jeddah"
360000,Apartment,2,2,726,"Al Safa, North Jeddah, Jeddah"
284000,Apartment,2,2,726,"Al Safa, North Jeddah, Jeddah"
449000,Apartment,3,3,500,"Al Naim, North Jeddah, Jeddah"
275000,Apartment,2,2,900,"Al Safa, North Jeddah, Jeddah"
420000,Apartment,4,3,750,"Al Nuzhah, North Jeddah, Jeddah"
519000,Apartment,3,3,582,"Al Hamraa, Central Jeddah, Jeddah"
799000,Apartment,4,3,630,"Al Nahdah, North Jeddah, Jeddah"
730000,Apartment,5,3,130,"Al Naim, North Jeddah, Jeddah"
730000,Apartment,1,1,112,"Al Rawdah, North Jeddah, Jeddah"
900000,Apartment,1,1,158,"Al Naim, North Jeddah, Jeddah"
950000,Apartment,4,3,157,"Al Rawdah, North Jeddah, Jeddah"
1350000,Villa,7,6,200,"Tuwaiq, West Riyadh, Riyadh"
435000,Apartment,3,3,575,"Al Naim, North Jeddah, Jeddah"
365000,Apartment,3,3,625,"Al Faisaliyah, Central Jeddah, Jeddah"
5700000,Villa,4,4,300,"Al Malqa, North Riyadh, Riyadh"
580000,Apartment,3,3,100,"Al Naim, North Jeddah, Jeddah"
535000,Apartment,5,3,142,"Al Waha, North Jeddah, Jeddah"
1850000,Villa,4,4,500,"Al Ranuna, Madina"
600000,Apartment,4,3,167,"Al Suwaidi, West Riyadh, Riyadh"
3500000,Villa,4,5,336,"Al Yasmin, North Riyadh, Riyadh"
4700000,Villa,6,5,480,"Al Sahafah, North Riyadh, Riyadh"
680000,Apartment,6,4,203,"Governmental1, Jeddah"
730000,Apartment,5,3,130,"Al Naim, North Jeddah, Jeddah"
3200000,Villa,4,5,625,"Qurtubah, East Riyadh, Riyadh"
3450000,Villa,4,4,250,"Al Narjis, North Riyadh, Riyadh"
730000,Apartment,4,3,112,"Al Rawdah, North Jeddah, Jeddah"
1750000,Villa,6,5,420,"Tuwaiq, West Riyadh, Riyadh"
7000000,Rest House,6,1,1475,"Al Rimal, East Riyadh, Riyadh"
9000000,Villa,4,4,650,"Al Malqa, North Riyadh, Riyadh"
740000,Apartment,4,3,114,"Al Rawdah, North Jeddah, Jeddah"
580000,Apartment,3,3,100,"Al Naim, North Jeddah, Jeddah"
570000,Apartment,3,3,111,"Al Salamah, North Jeddah, Jeddah"
730000,Apartment,4,3,112,"Al Rawdah, North Jeddah, Jeddah"
829000,Apartment,3,3,145,"Al Rimal, East Riyadh, Riyadh"
680,Apartment,5,3,136,"Al Salamah, North Jeddah, Jeddah"
680000,Apartment,5,3,136,"Al Salamah, North Jeddah, Jeddah"
1100000,Villa,3,3,219,"Al Rimal, East Riyadh, Riyadh"
680000,Apartment,5,3,136,"Al Salamah, North Jeddah, Jeddah"
950000,Floor,3,3,500,"Shubra, West Riyadh, Riyadh"
800000,Floor,3,3,500,"Shubra, West Riyadh, Riyadh"
1300000,Villa,7,5,375,"Shubra, West Riyadh, Riyadh"
1109000,Apartment,3,3,151,"Al Narjis, North Riyadh, Riyadh"
5000000,Villa,11,7,480,"Al Sahafah, North Riyadh, Riyadh"
1500000,Villa,6,5,328,"Tuwaiq, West Riyadh, Riyadh"
1350000,Villa,6,5,200,"Tuwaiq, West Riyadh, Riyadh"
950000,Floor,6,4,360,"Al Bayan Neighborhood, East Riyadh, Riyadh"
3800000,Building,3,3,900,"Al Shati Al Sharqi, Dammam"
461951,Apartment,3,3,164,"Al Nur, Dammam"
876800,Villa,4,3,250,"King Fahd Suburb, Dammam"
475000,Apartment,3,2,183,"Al Nur, Dammam"
440000,Apartment,3,2,177,"Al Nur, Dammam"
404503,Apartment,3,2,178,"Al Nur, Dammam"
550000,Apartment,5,3,216,"Al Muhammadiyah 2, Jazan"
1200000,Floor,5,3,277,"Al Rimal, East Riyadh, Riyadh"
2500000,Villa,6,5,360,"Al Bayan Neighborhood, East Riyadh, Riyadh"
891000,Apartment,3,2,142,"Al Mahdiyah, West Riyadh, Riyadh"
891000,Apartment,3,2,142,"Al Mahdiyah, West Riyadh, Riyadh"
750000,Apartment,3,5,478,"Al Mahdiyah, West Riyadh, Riyadh"
750000,Apartment,3,3,478,"Al Mahdiyah, West Riyadh, Riyadh"
3100000,Villa,5,5,366,"Al Mahdiyah, West Riyadh, Riyadh"
1800000,Villa,5,5,366,"Al Mahdiyah, West Riyadh, Riyadh"
850000,Apartment,3,3,150,"Al Mahdiyah, West Riyadh, Riyadh"
1980000,Villa,6,5,200,"Al Mahdiyah, West Riyadh, Riyadh"
1800000,Villa,6,5,366,"Al Mahdiyah, West Riyadh, Riyadh"
1800000,Villa,6,5,366,"Al Mahdiyah, West Riyadh, Riyadh"
1800000,Villa,5,5,200,"Al Mahdiyah, West Riyadh, Riyadh"
1200000,Villa,3,3,270,"Badr, South Riyadh, Riyadh"
7000000,Villa,5,5,1200,"Dhahrat Laban, West Riyadh, Riyadh"
650000,Apartment,3,2,131,"Dhahrat Laban, West Riyadh, Riyadh"
2300000,Villa,9,7,300,"Al Rimal, East Riyadh, Riyadh"
1450000,Villa,6,3,302,"Tuwaiq, West Riyadh, Riyadh"
1500000,Villa,5,5,215,"Dhahrat Laban, West Riyadh, Riyadh"
750000,Apartment,4,3,130,"Laban, West Riyadh, Riyadh"
7000000,Villa,7,7,800,"Laban, West Riyadh, Riyadh"
890000,Villa,7,5,353,"Ar Rehab 3, Jazan"
680000,Apartment,5,3,137,"Al Salamah, North Jeddah, Jeddah"
985000,Apartment,3,3,151,"Al Nahdah, East Riyadh, Riyadh"
680000,Apartment,2,3,600,"Al Salam, Madina"
3200000,Villa,7,8,4980,"Qurtubah, East Riyadh, Riyadh"
980000,Floor,3,4,158,"Al Saadah, East Riyadh, Riyadh"
2850000,Villa,6,9,300,"Al Munsiyah, East Riyadh, Riyadh"
3000000,Villa,6,5,500,"King Faisal, East Riyadh, Riyadh"
580000,Floor,3,2,170,"Al Rimal, East Riyadh, Riyadh"
1109000,Apartment,3,3,151,"Al Narjis, North Riyadh, Riyadh"
4500000,Residential Building,11,11,550,"Al Safa, North Jeddah, Jeddah"
630000,Apartment,4,3,112,"Al Salamah, North Jeddah, Jeddah"
900000,Apartment,6,4,188,"Al Naim, North Jeddah, Jeddah"
730000,Apartment,4,3,112,"Al Rawdah, North Jeddah, Jeddah"
979000,Apartment,3,2,120,"Al Rawdah, East Riyadh, Riyadh"
950000,Floor,3,4,244,"Al Janadriyah, East Riyadh, Riyadh"
829000,Apartment,3,3,145,"Al Rimal, East Riyadh, Riyadh"
999000,Apartment,3,3,184,"Al Nuzhah, North Jeddah, Jeddah"
550000,Apartment,5,3,128,"Al Zahrah, West Riyadh, Riyadh"
797000,Apartment,3,3,88,"Al Qadisiyah, East Riyadh, Riyadh"
730000,Apartment,3,3,141,"Al Maizilah, East Riyadh, Riyadh"
800000,Floor,3,3,194,"Tuwaiq, West Riyadh, Riyadh"
1200000,Apartment,2,2,187,"Al Rimal, East Riyadh, Riyadh"
1200000,Floor,4,4,432,"Al Murjan, East Riyadh, Riyadh"
1100000,Villa,4,6,268,"Al Janadriyah, East Riyadh, Riyadh"
1222735,Villa,6,7,333,"Al Dar Al Baida, South Riyadh, Riyadh"
1350000,Villa,6,6,400,"Al Uraija Al Gharbiyah, West Riyadh, Riyadh"
1350000,Villa,6,7,281,"King Fahd Suburb, Dammam"
1300000,Apartment,3,4,167,"Al Rimal, East Riyadh, Riyadh"
3000000,Villa,5,6,270,"Al Narjis, North Riyadh, Riyadh"
1550000,Floor,5,6,206,"Al Munsiyah, East Riyadh, Riyadh"
1000000,Floor,3,3,163,"Al Bayan Neighborhood, East Riyadh, Riyadh"
860000,Apartment,4,4,184,"Al Rimal, East Riyadh, Riyadh"
2000000,Villa,4,3,250,"Dhahrat Laban, West Riyadh, Riyadh"
2800000,Villa,5,3,448,"Al Bayan Neighborhood, East Riyadh, Riyadh"
1110000,Floor,4,3,185,"Al Rimal, East Riyadh, Riyadh"
4200000,Villa,5,4,300,"Al Narjis, North Riyadh, Riyadh"
480000,Apartment,3,3,180,"Badr, South Riyadh, Riyadh"
2100000,Villa,4,6,328,"Al Rimal, East Riyadh, Riyadh"
1500000,Villa,4,4,375,"Okaz, South Riyadh, Riyadh"
3400000,Villa,5,9,250,"Al Narjis, North Riyadh, Riyadh"
900000,Rest House,4,3,5250,"Amal District, Al Bukayriyah"
1000000,Floor,3,4,165,"Al Janadriyah, East Riyadh, Riyadh"
1100000,Floor,4,4,170,"Al Rimal, East Riyadh, Riyadh"
650000,Apartment,1,1,123,"Al Salamah, North Jeddah, Jeddah"
650000,Apartment,1,1,123,"Al Salamah, North Jeddah, Jeddah"
1130000,Apartment,4,3,125,"Al Arid, North Riyadh, Riyadh"
650000,Apartment,3,3,171,"Dhahrat Laban, West Riyadh, Riyadh"
450000,Apartment,4,3,122,"Al Waha, North Jeddah, Jeddah"
1750000,Floor,4,5,621,"Al Munsiyah, East Riyadh, Riyadh"
680000,Apartment,3,4,133,"Al Janadriyah, East Riyadh, Riyadh"
500000,Apartment,4,3,146,"Al Hazm, West Riyadh, Riyadh"
455000,Residential Land,3,2,1250,"Al Salamah, North Jeddah, Jeddah"
6000,Residential Land,3,3,1250,"Al Salamah, North Jeddah, Jeddah"
1250000,Floor,3,4,203,"Al Qadisiyah, East Riyadh, Riyadh"
1250000,Floor,3,4,203,"Al Qadisiyah, East Riyadh, Riyadh"
1080000,Villa,6,5,240,"Al Uraija Al Wusta, West Riyadh, Riyadh"
950000,Floor,3,4,169,"Al Janadriyah, East Riyadh, Riyadh"
3500000,Villa,11,6,500,"Agruba, Al Jubaylah"
1500000,Apartment,3,3,143,"Al Malqa, North Riyadh, Riyadh"
4850000,Villa,10,7,550,"Ishbiliyah, East Riyadh, Riyadh"
1100000,Apartment,5,3,196,"Al Rawdah, North Jeddah, Jeddah"
800000,Apartment,6,5,170,"Al Bawadi, North Jeddah, Jeddah"
680000,Apartment,5,3,180,"Al Mraikh, North Jeddah, Jeddah"
3800000,Villa,4,4,400,"King Fahd, Makkah"
1550000,Villa,8,5,300,"Al Salehiyah, North Jeddah, Jeddah"
1200000,Villa,6,6,300,"Al Dar Al Baida, South Riyadh, Riyadh"
750000,Apartment,3,2,166,"Dhahrat Laban, West Riyadh, Riyadh"
1300000,Villa,7,5,280,"Tuwaiq, West Riyadh, Riyadh"
2400000,Villa,6,5,639,"Al Mahdiyah, West Riyadh, Riyadh"
660000,Apartment,4,3,134,"Dhahrat Laban, West Riyadh, Riyadh"
3800000,Villa,11,7,475,"Al Mahdiyah, West Riyadh, Riyadh"
1200000,Floor,4,3,232,"Al Rimal, East Riyadh, Riyadh"
1350000,Villa,6,6,452,"Al Sawari, Al Khobar"
3000000,Villa,6,10,437,"Al Sheraa, Al Khobar"
2350000,Villa,6,6,250,"Al Yarmuk, East Riyadh, Riyadh"
1350000,Villa,6,9,452,"Al Sawari, Al Khobar"
1030000,Villa,6,5,250,"King Fahd Suburb, Dammam"
1000000,Villa,7,6,205,"Al Janadriyah, East Riyadh, Riyadh"
2100000,Villa,5,5,400,"Al Mahdiyah, West Riyadh, Riyadh"
950000,Rest House,5,5,617,"Al Salam, Madina"
2750000,Villa,5,5,309,"Al Munsiyah, East Riyadh, Riyadh"
600000,Apartment,3,3,166,"Tuwaiq, West Riyadh, Riyadh"
1250000,Floor,4,4,410,"Al Danah, Al Hofuf Eastern Region"
820000,Villa,7,6,200,"Al Danah, Al Hofuf Eastern Region"
550000,Apartment,3,4,207,"Al Muhammadiyah 1, Jazan"
700000,Apartment,3,3,199,"Al Muhammadiyah 2, Jazan"
750000,Apartment,5,3,136,"Al Naim, North Jeddah, Jeddah"
750000,Apartment,5,3,136,"Al Naim, North Jeddah, Jeddah"
620000,Apartment,3,3,111,"Al Naim, North Jeddah, Jeddah"
750000,Apartment,5,3,136,"Al Naim, North Jeddah, Jeddah"
700000,Villa,5,4,310,"Al Wafa Scheme, North Jeddah, Jeddah"
1150000,Floor,1,2,400,"Al Danah, Al Hofuf Eastern Region"
550000,Apartment,7,6,240,"Al Danah, Al Hofuf Eastern Region"
720000,Floor,3,7,578,"King Fahd Suburb, Dammam"
1700000,Villa,7,6,225,"Al Rimal, East Riyadh, Riyadh"
1000000,Floor,6,5,202,"Al Rimal, East Riyadh, Riyadh"
1170000,Villa,5,4,241,"Al Rimal, East Riyadh, Riyadh"
500000,Apartment,4,3,130,"Al Maizilah, East Riyadh, Riyadh"
550000,Apartment,1,1,233,"Al Rimal, East Riyadh, Riyadh"
1300000,Floor,5,4,162,"Al Rimal, East Riyadh, Riyadh"
780000,Apartment,4,3,136,"Al Rawdah, North Jeddah, Jeddah"
4700000,Villa,4,4,405,"Al Sahafah, North Riyadh, Riyadh"
750000,Floor,3,3,179,"Okaz, South Riyadh, Riyadh"
900000,Apartment,6,5,219,"Al Sawari, North Jeddah, Jeddah"
900000,Apartment,6,5,219,"Al Sawari, North Jeddah, Jeddah"
750000,Apartment,5,3,136,"Al Naim, North Jeddah, Jeddah"
750000,Apartment,5,3,136,"Al Naim, North Jeddah, Jeddah"
750000,Apartment,5,3,136,"Al Naim, North Jeddah, Jeddah"
750000,Apartment,5,3,136,"Al Naim, North Jeddah, Jeddah"
2100000,Villa,4,4,433,"Al Ranuna, Madina"
1500000,Villa,7,5,437,"Bani Bayadah, Madina"
1500000,Villa,8,5,315,"Ayn Al Khif, Madina"
2400000,Villa,6,5,200,"Al Mahdiyah, West Riyadh, Riyadh"
3150000,Villa,7,6,300,"Al Mahdiyah, West Riyadh, Riyadh"
2100000,Villa,5,5,400,"Al Mahdiyah, West Riyadh, Riyadh"
2150000,Villa,5,5,400,"Al Mahdiyah, West Riyadh, Riyadh"
1900000,Villa,5,5,400,"Al Mahdiyah, West Riyadh, Riyadh"
1800000,Villa,5,3,400,"Al Mahdiyah, West Riyadh, Riyadh"
2000000,Villa,4,4,400,"Al Mahdiyah, West Riyadh, Riyadh"
1850000,Villa,6,5,200,"Al Mahdiyah, West Riyadh, Riyadh"
750000,Floor,7,6,211,"King Fahd Suburb, Dammam"
395000,Apartment,3,3,106,"Al Jameah District, South Jeddah, Jeddah"
2000000,Villa,5,5,264,"Al Rimal, East Riyadh, Riyadh"
1700000,Villa,6,5,625,"Al Suwaidi, West Riyadh, Riyadh"
1150000,Villa,7,5,300,"Al Dar Al Baida, South Riyadh, Riyadh"
450000,Apartment,5,3,149,"Badr, South Riyadh, Riyadh"
685000,Apartment,3,3,180,"Alawali, West Riyadh, Riyadh"
4000000,Villa,6,5,525,"Ishbiliyah, East Riyadh, Riyadh"
658000,Apartment,4,2,346,"Taybay, Dammam"
1700000,Villa,6,2,379,"Taybay, Dammam"
700000,Villa,8,5,250,"King Fahd Suburb, Dammam"
580000,Apartment,3,4,124,"Al Suwaidi, West Riyadh, Riyadh"
1050000,Apartment,3,3,153,"Al Nahdah, North Jeddah, Jeddah"
7500000,Residential Building,10,10,310,"Al Olaya, North Riyadh, Riyadh"
420000,Apartment,3,3,170,"Badr, South Riyadh, Riyadh"
450000,Apartment,3,3,169,"Badr, South Riyadh, Riyadh"
1200000,Floor,4,4,200,"Al Qadisiyah, East Riyadh, Riyadh"
620000,Apartment,3,3,111,"Al Naim, North Jeddah, Jeddah"
2700000,Villa,5,5,450,"Dhahrat Laban, West Riyadh, Riyadh"
590000,Apartment,3,3,111,"Al Salamah, North Jeddah, Jeddah"
680000,Apartment,5,4,170,"Al Faisaliyah, Central Jeddah, Jeddah"
927000,Apartment,3,4,192,"Al Munsiyah, East Riyadh, Riyadh"
590000,Apartment,3,3,111,"Al Salamah, North Jeddah, Jeddah"
670000,Apartment,5,4,170,"Al Faisaliyah, Central Jeddah, Jeddah"
430000,Apartment,3,3,99,"Al Faisaliyah, Central Jeddah, Jeddah"
600000,Apartment,4,3,149,"Al Marwah, North Jeddah, Jeddah"
550000,Apartment,3,3,128,"Al Zahrah, West Riyadh, Riyadh"
950000,Apartment,5,4,180,"Al Rawdah, North Jeddah, Jeddah"
2100000,Villa,5,3,300,"Al Nahdah, East Riyadh, Riyadh"
2200000,Villa,5,4,312,"Ishbiliyah, East Riyadh, Riyadh"
1400000,Apartment,4,4,188,"Al Munsiyah, East Riyadh, Riyadh"
530000,Residential Building,11,7,1964,"Badr, South Riyadh, Riyadh"
900000,Villa,6,6,200,"Al Frosyah, South Jeddah, Jeddah"
680000,Apartment,5,3,136,"Al Salamah, North Jeddah, Jeddah"
840000,Floor,4,3,335,"Dahiat Namar, West Riyadh, Riyadh"
6100000,Residential Building,11,7,810,"Al Yarmuk, East Riyadh, Riyadh"
3800000,Villa,8,7,400,"Al Aqiq, North Riyadh, Riyadh"
4000000,Villa,7,3,200,"King Khalid International Airport, North Riyadh, Riyadh"
680000,Apartment,5,3,136,"Al Salamah, North Jeddah, Jeddah"
3000000,Villa,11,5,405,"Al Fayha, East Riyadh, Riyadh"
650000,Apartment,5,3,124,"Al Salamah, North Jeddah, Jeddah"
2950000,Villa,5,5,319,"Al Munsiyah, East Riyadh, Riyadh"
1500000,Floor,5,2,360,"Al Munsiyah, East Riyadh, Riyadh"
550000,Floor,4,4,212,"Badr, South Riyadh, Riyadh"
600000,Apartment,3,3,86,"Al Rawdah, North Jeddah, Jeddah"
820000,Apartment,5,3,165,"Al Salamah, North Jeddah, Jeddah"
680000,Apartment,5,3,137,"Al Salamah, North Jeddah, Jeddah"
680000,Apartment,5,3,136,"Al Salamah, North Jeddah, Jeddah"
650000,Apartment,4,3,124,"Al Salamah, North Jeddah, Jeddah"
570000,Apartment,3,3,111,"Al Salamah, North Jeddah, Jeddah"
630000,Apartment,4,3,111,"Al Salamah, North Jeddah, Jeddah"
590000,Apartment,3,3,111,"Al Salamah, North Jeddah, Jeddah"
1039000,Apartment,3,4,231,"Al Nuzhah, North Jeddah, Jeddah"
1039000,Apartment,3,4,231,"Al Nuzhah, North Jeddah, Jeddah"
1079000,Apartment,3,3,184,"Al Nuzhah, North Jeddah, Jeddah"
899000,Apartment,3,3,170,"Al Nuzhah, North Jeddah, Jeddah"
2000000,Villa,5,4,450,"Dhahrat Laban, West Riyadh, Riyadh"
1380000,Floor,5,3,168,"Al Munsiyah, East Riyadh, Riyadh"
680000,Apartment,5,3,136,"Al Salamah, North Jeddah, Jeddah"
770000,Apartment,4,3,140,"Al Qadisiyah, East Riyadh, Riyadh"
750000,Apartment,5,4,164,"Al Fayhaa, North Jeddah, Jeddah"
830000,Apartment,5,4,165,"Al Rehab, North Jeddah, Jeddah"
750000,Apartment,5,4,163,"Al Fayhaa, North Jeddah, Jeddah"
1000000,Apartment,3,3,192,"Al Munsiyah, East Riyadh, Riyadh"
800000,Apartment,4,3,125,"Al Qadisiyah, East Riyadh, Riyadh"
927000,Apartment,3,3,193,"Al Munsiyah, East Riyadh, Riyadh"
1100000,Apartment,4,3,140,"Al Yarmuk, East Riyadh, Riyadh"
730000,Apartment,3,3,141,"Al Maizilah, East Riyadh, Riyadh"
700000,Apartment,5,3,150,"Al Rehab, North Jeddah, Jeddah"
390000,Apartment,4,3,133,"Al Nur, Dammam"
465000,Apartment,2,2,1049,"Al Rawdah, North Jeddah, Jeddah"
480000,Apartment,3,3,130,"Badr, South Riyadh, Riyadh"
320000,Apartment,3,2,659,"Al Mraikh, North Jeddah, Jeddah"
10000000,Villa,11,11,652,"Al Yasmin, North Riyadh, Riyadh"
2035000,Villa,4,7,407,"Al Saif, Dammam"
620000,Apartment,3,3,167,"Tuwaiq, West Riyadh, Riyadh"
1880000,Floor,6,4,194,"Al Arid, North Riyadh, Riyadh"
7500000,Villa,6,7,500,"Irqah, West Riyadh, Riyadh"
1400000,Apartment,4,3,115,"Al Hamraa, Central Jeddah, Jeddah"
4850000,Villa,7,7,500,"Agruba, Al Jubaylah"
1300000,Apartment,2,4,119,"Al Arid, North Riyadh, Riyadh"
1900000,Floor,3,4,221,"Al Arid, North Riyadh, Riyadh"
2850000,Villa,11,8,420,"Al Bayan Neighborhood, East Riyadh, Riyadh"
650000,Apartment,4,3,204,"Mishrifah, North Jeddah, Jeddah"
1003000,Apartment,4,3,135,"Al Munsiyah, East Riyadh, Riyadh"
989000,Apartment,4,3,131,"Al Munsiyah, East Riyadh, Riyadh"
860000,Floor,3,3,250,"Shubra, West Riyadh, Riyadh"
860000,Floor,3,3,500,"Shubra, West Riyadh, Riyadh"
320000,Apartment,3,3,659,"Al Mraikh, North Jeddah, Jeddah"
1300000,Villa,4,3,300,"Okaz, South Riyadh, Riyadh"
450000,Apartment,3,2,102,"Al Marwah, North Jeddah, Jeddah"
3800000,Villa,7,9,300,"Al Narjis, North Riyadh, Riyadh"
540000,Apartment,4,3,131,"Al Marwah, North Jeddah, Jeddah"
3800000,Villa,6,6,300,"Al Narjis, North Riyadh, Riyadh"
540000,Apartment,4,3,131,"Al Marwah, North Jeddah, Jeddah"
950000,Floor,2,4,156,"Al Qadisiyah, East Riyadh, Riyadh"
860000,Floor,3,3,500,"Shubra, West Riyadh, Riyadh"
860000,Floor,3,4,500,"Shubra, West Riyadh, Riyadh"
650000,Apartment,5,3,164,"Al Rehab, North Jeddah, Jeddah"
670000,Apartment,5,3,162,"Al Nuzhah, North Jeddah, Jeddah"
750000,Apartment,4,3,167,"Al Marwah, North Jeddah, Jeddah"
670000,Apartment,5,3,162,"Al Nuzhah, North Jeddah, Jeddah"
670000,Apartment,5,3,162,"Al Nuzhah, North Jeddah, Jeddah"
650000,Apartment,5,3,164,"Al Rehab, North Jeddah, Jeddah"
670000,Apartment,5,3,162,"Al Nuzhah, North Jeddah, Jeddah"
750000,Apartment,4,3,167,"Al Marwah, North Jeddah, Jeddah"
600000,Apartment,2,2,82,"Al Nahdah, North Jeddah, Jeddah"
750000,Apartment,5,3,136,"Al Naim, North Jeddah, Jeddah"
540000,Apartment,3,3,143,"Al Safa, North Jeddah, Jeddah"
480000,Apartment,4,3,172,"Al Shulah, Dammam"
6000000,Villa,8,7,684,"Irqah, West Riyadh, Riyadh"
730000,Apartment,5,3,130,"Al Naim, North Jeddah, Jeddah"
740000,Apartment,4,3,112,"Al Rawdah, North Jeddah, Jeddah"
900000,Apartment,4,3,158,"Al Naim, North Jeddah, Jeddah"
320000,Apartment,3,2,659,"Al Mraikh, North Jeddah, Jeddah"
650000,Apartment,4,3,111,"Al Salamah, North Jeddah, Jeddah"
650000,Apartment,4,3,123,"Al Salamah, North Jeddah, Jeddah"
550000,Apartment,3,4,226,"Al Dhurfah, Khamis Mushait"
800000,Apartment,4,3,139,"Al Rawdah, North Jeddah, Jeddah"
1225000,Floor,3,3,145,"Al Arid, North Riyadh, Riyadh"
730000,Apartment,4,3,112,"Al Rawdah, North Jeddah, Jeddah"
2300000,Apartment,3,3,190,"Al Arid, North Riyadh, Riyadh"
1300000,Floor,4,5,307,"Al Janadriyah, East Riyadh, Riyadh"
830000,Apartment,4,3,140,"Al Salamah, North Jeddah, Jeddah"
1000000,Floor,3,4,141,"Al Munsiyah, East Riyadh, Riyadh"
430000,Apartment,5,4,103,"Badr, South Riyadh, Riyadh"
740000,Apartment,4,3,112,"Al Rawdah, North Jeddah, Jeddah"
1000000,Villa,6,5,313,"Al Qashashia Al Jadid, Makkah"
1500000,Apartment,3,3,131,"Al Malqa, North Riyadh, Riyadh"
1650000,Villa,4,4,249,"Al Janadriyah, East Riyadh, Riyadh"
2450000,Villa,5,6,500,"Al Mahdiyah, West Riyadh, Riyadh"
1250000,Floor,4,5,260,"Al Janadriyah, East Riyadh, Riyadh"
1100000,Floor,4,5,167,"Al Rimal, East Riyadh, Riyadh"
1550000,Floor,3,4,198,"Qurtubah, East Riyadh, Riyadh"
1550000,Floor,3,3,198,"Qurtubah, East Riyadh, Riyadh"
770000,Apartment,4,3,127,"Al Rawdah, North Jeddah, Jeddah"
1000000,Apartment,3,4,155,"Al Arid, North Riyadh, Riyadh"
2450000,Villa,5,6,500,"Al Mahdiyah, West Riyadh, Riyadh"
720000,Apartment,4,3,117,"Al Rawdah, North Jeddah, Jeddah"
640000,Apartment,3,3,149,"Tuwaiq, West Riyadh, Riyadh"
660000,Apartment,3,3,159,"Tuwaiq, West Riyadh, Riyadh"
620000,Apartment,3,3,137,"Tuwaiq, West Riyadh, Riyadh"
700000,Apartment,3,3,123,"Al Maizilah, East Riyadh, Riyadh"
5250000,Villa,5,6,656,"Al Shati, North Jeddah, Jeddah"
760000,Apartment,5,4,210,"Batha Quraysh, Makkah"
3000000,Villa,5,4,250,"Al Nafal, North Riyadh, Riyadh"
1550000,Apartment,5,4,213,"Al Salamah, North Jeddah, Jeddah"
1550000,Apartment,5,4,213,"Al Salamah, North Jeddah, Jeddah"
1050000,Apartment,2,2,61,"Al Arid, North Riyadh, Riyadh"
1650000,Villa,7,8,318,"Al Salehiyah, North Jeddah, Jeddah"
1195000,Apartment,6,4,640,"Al Zahraa, North Jeddah, Jeddah"
950000,Floor,6,4,193,"Al Janadriyah, East Riyadh, Riyadh"
600000,Apartment,4,3,750,"Al Rehab, North Jeddah, Jeddah"
296000,Apartment,3,3,887,"Al Rayaan, North Jeddah, Jeddah"
450000,Apartment,3,2,102,"Al Marwah, North Jeddah, Jeddah"
1350000,Villa,3,2,234,"Al Janadriyah, East Riyadh, Riyadh"
650000,Apartment,4,3,111,"Al Salamah, North Jeddah, Jeddah"
1000000,Floor,4,3,344,"Al Qadisiyah, East Riyadh, Riyadh"
1200000,Floor,4,4,492,"Al Rimal, East Riyadh, Riyadh"
1550000,Floor,4,4,206,"Al Munsiyah, East Riyadh, Riyadh"
740000,Apartment,4,3,117,"Al Rawdah, North Jeddah, Jeddah"
830000,Apartment,4,3,140,"Al Salamah, North Jeddah, Jeddah"
1500000,Floor,3,3,141,"Al Munsiyah, East Riyadh, Riyadh"
2150000,Villa,5,7,328,"Al Rimal, East Riyadh, Riyadh"
650000,Apartment,4,3,111,"Al Salamah, North Jeddah, Jeddah"
3750000,Villa,6,8,343,"Qurtubah, East Riyadh, Riyadh"
740000,Apartment,4,3,112,"Al Rawdah, North Jeddah, Jeddah"
830000,Apartment,4,3,140,"Al Salamah, North Jeddah, Jeddah"
650000,Apartment,4,3,123,"Al Salamah, North Jeddah, Jeddah"
750000,Apartment,4,3,114,"Al Rawdah, North Jeddah, Jeddah"
790000,Apartment,5,3,175,"Al Salamah, North Jeddah, Jeddah"
2450000,Villa,5,6,500,"Al Mahdiyah, West Riyadh, Riyadh"
1650000,Floor,3,4,195,"Qurtubah, East Riyadh, Riyadh"
1300000,Floor,5,4,175,"Al Rimal, East Riyadh, Riyadh"
740000,Apartment,4,3,117,"Al Rawdah, North Jeddah, Jeddah"
730000,Apartment,5,3,130,"Al Naim, North Jeddah, Jeddah"
2450000,Villa,5,6,500,"Al Mahdiyah, West Riyadh, Riyadh"
830000,Apartment,4,3,140,"Al Salamah, North Jeddah, Jeddah"
1000000,Floor,3,4,193,"Al Qadisiyah, East Riyadh, Riyadh"
949000,Apartment,3,3,165,"Al Qadisiyah, East Riyadh, Riyadh"
560000,Apartment,5,3,186,"Al Rayaan, North Jeddah, Jeddah"
900000,Apartment,4,3,158,"Al Naim, North Jeddah, Jeddah"
730000,Apartment,5,3,130,"Al Naim, North Jeddah, Jeddah"
720000,Apartment,5,3,130,"Al Naim, North Jeddah, Jeddah"
850000,Villa,5,5,345,"Ar Rehab, Taif"
740000,Apartment,4,3,117,"Al Rawdah, North Jeddah, Jeddah"
1800000,Villa,5,5,230,"Tuwaiq, West Riyadh, Riyadh"
1130000,Villa,6,6,312,"Al Riyadh, North Jeddah, Jeddah"
5200000,Villa,5,7,675,"Al Shati, North Jeddah, Jeddah"
7000000,Villa,5,4,450,"Al Narjis, North Riyadh, Riyadh"
1100000,Apartment,5,4,220,"Al Salamah, North Jeddah, Jeddah"
1100000,Apartment,5,4,220,"Al Salamah, North Jeddah, Jeddah"
1100000,Apartment,5,4,220,"Al Salamah, North Jeddah, Jeddah"
1100000,Apartment,5,4,220,"Al Salamah, North Jeddah, Jeddah"
1100000,Apartment,5,4,220,"Al Salamah, North Jeddah, Jeddah"
1100000,Apartment,5,4,220,"Al Salamah, North Jeddah, Jeddah"
2400000,Villa,6,7,200,"Al Mahdiyah, West Riyadh, Riyadh"
620000,Apartment,5,4,175,"Al Safa, North Jeddah, Jeddah"
790000,Apartment,6,5,252,"Al Manar, North Jeddah, Jeddah"
720000,Apartment,5,3,130,"Al Naim, North Jeddah, Jeddah"
580000,Apartment,4,3,129,"Al Faisaliyah, Central Jeddah, Jeddah"
1400000,Villa,6,6,300,"Al Rahmanyah, North Jeddah, Jeddah"
1750000,Villa,6,6,525,"Al Yaqout, North Jeddah, Jeddah"
700000,Floor,6,6,150,"Al Zahrah, West Riyadh, Riyadh"
1550000,Apartment,3,4,213,"Al Salamah, North Jeddah, Jeddah"
1550000,Apartment,3,4,213,"Al Salamah, North Jeddah, Jeddah"
1550000,Apartment,5,4,213,"Al Salamah, North Jeddah, Jeddah"
950000,Floor,4,2,152,"Al Qadisiyah, East Riyadh, Riyadh"
1200000,Floor,3,3,209,"Al Qadisiyah, East Riyadh, Riyadh"
3200000,Villa,7,8,390,"Obhur Al Shamaliyah, North Jeddah, Jeddah"
550000,Apartment,5,4,187,"Al Maealaa, Ahad Rafidah"
1250000,Villa,6,6,375,"Al Riyadh, North Jeddah, Jeddah"
550000,Apartment,4,3,129,"Al Faisaliyah, Central Jeddah, Jeddah"
1150000,Apartment,4,3,215,"Al Rimal, East Riyadh, Riyadh"
740000,Apartment,4,3,117,"Al Rawdah, North Jeddah, Jeddah"
1400000,Villa,10,10,300,"Al Rahmanyah, North Jeddah, Jeddah"
715000,Villa,5,6,204,"Al Shifa, South Riyadh, Riyadh"
715000,Villa,5,5,204,"Al Shifa, South Riyadh, Riyadh"
965000,Apartment,4,4,2640,"Al Narjis, North Riyadh, Riyadh"
1750000,Apartment,3,4,211,"Al Zahraa, North Jeddah, Jeddah"
1750000,Apartment,3,4,211,"Al Zahraa, North Jeddah, Jeddah"
1950000,Apartment,3,4,192,"Al Zahraa, North Jeddah, Jeddah"
1950000,Apartment,3,4,192,"Al Zahraa, North Jeddah, Jeddah"
1950000,Apartment,3,4,192,"Al Zahraa, North Jeddah, Jeddah"
1950000,Apartment,3,4,192,"Al Zahraa, North Jeddah, Jeddah"
1950000,Apartment,3,4,192,"Al Zahraa, North Jeddah, Jeddah"
1950000,Apartment,3,4,192,"Al Zahraa, North Jeddah, Jeddah"
1800000,Villa,11,7,203,"Al Naim, North Jeddah, Jeddah"
599000,Apartment,4,3,112,"Al Salamah, North Jeddah, Jeddah"
1350000,Floor,5,4,196,"Al Munsiyah, East Riyadh, Riyadh"
3500000,Villa,5,6,264,"Qurtubah, East Riyadh, Riyadh"
770000,Apartment,3,6,630,"Badr, South Riyadh, Riyadh"
770000,Apartment,5,4,630,"Badr, South Riyadh, Riyadh"
450000,Apartment,3,3,173,"Badr, South Riyadh, Riyadh"
860000,Floor,3,4,500,"Shubra, West Riyadh, Riyadh"
860000,Floor,3,3,500,"Al Zahrah, West Riyadh, Riyadh"
450000,Apartment,3,3,177,"Badr, South Riyadh, Riyadh"
450000,Apartment,3,3,169,"Badr, South Riyadh, Riyadh"
700000,Floor,4,4,177,"Badr, South Riyadh, Riyadh"
500000,Apartment,3,4,199,"Badr, South Riyadh, Riyadh"
830000,Floor,3,3,246,"Tuwaiq, West Riyadh, Riyadh"
770000,Apartment,4,4,630,"Badr, South Riyadh, Riyadh"
770000,Apartment,3,5,630,"Badr, South Riyadh, Riyadh"
760000,Floor,3,3,214,"Badr, South Riyadh, Riyadh"
420000,Apartment,3,3,132,"Al Dar Al Baida, South Riyadh, Riyadh"
430000,Apartment,3,3,131,"Badr, South Riyadh, Riyadh"
450000,Apartment,3,3,177,"Badr, South Riyadh, Riyadh"
450000,Apartment,3,3,173,"Badr, South Riyadh, Riyadh"
450000,Apartment,3,3,175,"Badr, South Riyadh, Riyadh"
1350000,Floor,4,3,165,"Al Munsiyah, East Riyadh, Riyadh"
850000,Floor,3,4,156,"Al Rimal, East Riyadh, Riyadh"
1000000,Floor,5,4,251,"Al Janadriyah, East Riyadh, Riyadh"
800000,Apartment,4,3,139,"Al Rawdah, North Jeddah, Jeddah"
1070000,Villa,4,4,263,"Tuwaiq, West Riyadh, Riyadh"
600000,Apartment,4,3,148,"Ash Shamiya Al Jadid, Makkah"
770000,Apartment,4,4,630,"Badr, South Riyadh, Riyadh"
770000,Apartment,4,4,630,"Badr, South Riyadh, Riyadh"
950000,Floor,3,3,500,"Shubra, West Riyadh, Riyadh"
860000,Floor,4,3,500,"Shubra, West Riyadh, Riyadh"
580000,Apartment,3,4,124,"Al Suwaidi, West Riyadh, Riyadh"
685000,Apartment,3,3,180,"Alawali, West Riyadh, Riyadh"
450000,Apartment,3,3,177,"Badr, South Riyadh, Riyadh"
1500000,Apartment,3,4,185,"Al Munsiyah, East Riyadh, Riyadh"
2600000,Villa,5,7,411,"Al Yarmuk, East Riyadh, Riyadh"
750000,Apartment,4,3,120,"Al Rawdah, North Jeddah, Jeddah"
650000,Apartment,4,3,123,"Al Salamah, North Jeddah, Jeddah"
830000,Floor,4,4,245,"Tuwaiq, West Riyadh, Riyadh"
2000000,Villa,5,3,400,"Al Mahdiyah, West Riyadh, Riyadh"
3000000,Villa,5,3,300,"Al Mahdiyah, West Riyadh, Riyadh"
2000000,Villa,5,3,400,"Al Mahdiyah, West Riyadh, Riyadh"
1300000,Villa,6,5,415,"Al Sawari, Al Khobar"
1000000,Floor,3,3,570,"Al Qadisiyah, East Riyadh, Riyadh"
750000,Apartment,4,3,120,"Al Rawdah, North Jeddah, Jeddah"
500000,Apartment,5,4,189,"Al Nwwariyah, Makkah"
3500000,Villa,9,6,357,"Qurtubah, East Riyadh, Riyadh"
790000,Apartment,5,3,175,"Al Salamah, North Jeddah, Jeddah"
650000,Apartment,4,3,111,"Al Salamah, North Jeddah, Jeddah"
1000000,Floor,5,5,168,"Al Rimal, East Riyadh, Riyadh"
650000,Apartment,4,3,111,"Al Salamah, North Jeddah, Jeddah"
830000,Apartment,4,3,140,"Al Salamah, North Jeddah, Jeddah"
750000,Apartment,4,3,120,"Al Rawdah, North Jeddah, Jeddah"
730000,Apartment,5,3,130,"Al Naim, North Jeddah, Jeddah"
740000,Apartment,4,3,112,"Al Rawdah, North Jeddah, Jeddah"
1055000,Apartment,3,4,106,"Al Munsiyah, East Riyadh, Riyadh"
1150000,Floor,3,4,222,"Al Qadisiyah, East Riyadh, Riyadh"
750000,Apartment,4,3,114,"Al Rawdah, North Jeddah, Jeddah"
540000,Apartment,5,3,217,"Ar Rehab 3, Jazan"
2350000,Villa,5,7,250,"Al Yarmuk, East Riyadh, Riyadh"
750000,Apartment,4,3,114,"Al Rawdah, North Jeddah, Jeddah"
740000,Apartment,4,3,112,"Al Rawdah, North Jeddah, Jeddah"
650000,Apartment,4,3,123,"Al Salamah, North Jeddah, Jeddah"
1000000,Floor,3,4,171,"Al Janadriyah, East Riyadh, Riyadh"
950000,Apartment,2,3,126,"Al Munsiyah, East Riyadh, Riyadh"
2750000,Villa,5,7,376,"Al Yarmuk, East Riyadh, Riyadh"
1000000,Floor,4,4,192,"Al Qadisiyah, East Riyadh, Riyadh"
989000,Apartment,3,3,131,"Al Munsiyah, East Riyadh, Riyadh"
995000,Apartment,4,3,158,"Al Rimal, East Riyadh, Riyadh"
570000,Apartment,5,3,865,"Al Rabwa, North Jeddah, Jeddah"
669000,Apartment,2,2,630,"Al Nahdah, North Jeddah, Jeddah"
490000,Apartment,3,1,94,"Al Salamah, North Jeddah, Jeddah"
1250000,Floor,4,4,260,"Al Janadriyah, East Riyadh, Riyadh"
570000,Apartment,3,3,865,"Al Rabwa, North Jeddah, Jeddah"
529000,Apartment,2,3,500,"Al Naim, North Jeddah, Jeddah"
490000,Apartment,3,3,128,"Al Marwah, North Jeddah, Jeddah"
730000,Apartment,4,3,112,"Al Rawdah, North Jeddah, Jeddah"
1400000,Villa,4,4,205,"Al Khaleej, East Riyadh, Riyadh"
2100000,Villa,6,6,328,"Al Rimal, East Riyadh, Riyadh"
2600000,Villa,6,6,376,"Al Yarmuk, East Riyadh, Riyadh"
740000,Apartment,5,3,130,"Al Naim, North Jeddah, Jeddah"
730000,Apartment,5,3,130,"Al Naim, North Jeddah, Jeddah"
750000,Apartment,4,3,114,"Al Rawdah, North Jeddah, Jeddah"
730000,Apartment,5,3,112,"Al Rawdah, North Jeddah, Jeddah"
750000,Apartment,4,3,120,"Al Rawdah, North Jeddah, Jeddah"
740000,Apartment,4,3,117,"Al Rawdah, North Jeddah, Jeddah"
750000,Apartment,4,3,120,"Al Rawdah, North Jeddah, Jeddah"
730000,Apartment,4,3,112,"Al Rawdah, North Jeddah, Jeddah"
650000,Apartment,4,3,111,"Al Salamah, North Jeddah, Jeddah"
650000,Apartment,4,3,111,"Al Salamah, North Jeddah, Jeddah"
900000,Floor,4,5,116,"Tuwaiq, West Riyadh, Riyadh"
700000,Floor,3,4,151,"Al Suwaidi, West Riyadh, Riyadh"
900000,Apartment,6,4,188,"Al Naim, North Jeddah, Jeddah"
730000,Apartment,3,3,112,"Al Rawdah, North Jeddah, Jeddah"
740000,Apartment,4,3,117,"Al Rawdah, North Jeddah, Jeddah"
820000,Apartment,5,4,177,"Al Rawdah, North Jeddah, Jeddah"
868000,Apartment,3,3,132,"Al Munsiyah, East Riyadh, Riyadh"
640000,Apartment,6,5,206,"Al Rayaan, North Jeddah, Jeddah"
1800000,Floor,3,3,383,"Qurtubah, East Riyadh, Riyadh"
900000,Floor,5,4,189,"Tuwaiq, West Riyadh, Riyadh"
1350000,Floor,5,3,196,"Al Munsiyah, East Riyadh, Riyadh"
2600000,Villa,6,7,411,"Al Yarmuk, East Riyadh, Riyadh"
650000,Floor,5,4,164,"Tuwaiq, West Riyadh, Riyadh"
1100000,Apartment,2,2,94,"Al Malqa, North Riyadh, Riyadh"
900000,Apartment,6,4,188,"Al Naim, North Jeddah, Jeddah"
720000,Apartment,5,3,130,"Al Naim, North Jeddah, Jeddah"
720000,Apartment,5,3,150,"Al Naim, North Jeddah, Jeddah"
800000,Apartment,4,3,120,"Al Rawdah, North Jeddah, Jeddah"
740000,Apartment,4,4,117,"Al Rawdah, North Jeddah, Jeddah"
750000,Apartment,4,3,114,"Al Rawdah, North Jeddah, Jeddah"
900000,Apartment,6,3,188,"Al Naim, North Jeddah, Jeddah"
900000,Apartment,6,4,158,"Al Naim, North Jeddah, Jeddah"
900000,Apartment,6,3,158,"Al Naim, North Jeddah, Jeddah"
580000,Apartment,3,3,100,"Al Naim, North Jeddah, Jeddah"
1700000,Villa,5,5,225,"Al Rimal, East Riyadh, Riyadh"
900000,Apartment,6,4,188,"Al Naim, North Jeddah, Jeddah"
1600000,Apartment,3,3,186,"Qurtubah, East Riyadh, Riyadh"
580000,Apartment,3,3,100,"Al Naim, North Jeddah, Jeddah"
730000,Apartment,4,3,112,"Al Rawdah, North Jeddah, Jeddah"
730000,Apartment,5,3,130,"Al Naim, North Jeddah, Jeddah"
4200000,Villa,6,6,371,"Al Munsiyah, East Riyadh, Riyadh"
829000,Apartment,3,3,145,"Al Rimal, East Riyadh, Riyadh"
3400000,Villa,5,8,250,"Al Arid, North Riyadh, Riyadh"
730000,Apartment,5,3,130,"Al Naim, North Jeddah, Jeddah"
750000,Apartment,4,3,114,"Al Rawdah, North Jeddah, Jeddah"
2300000,Floor,4,4,149,"Al Olaya, North Riyadh, Riyadh"
1000000,Floor,4,5,162,"Al Rimal, East Riyadh, Riyadh"
750000,Apartment,4,3,114,"Al Rawdah, North Jeddah, Jeddah"
1170000,Apartment,6,4,181,"Al Salamah, North Jeddah, Jeddah"
430000,Apartment,4,3,132,"Badr, South Riyadh, Riyadh"
420000,Apartment,3,3,170,"Badr, South Riyadh, Riyadh"
1400000,Floor,3,4,560,"Al Munsiyah, East Riyadh, Riyadh"
680000,Villa,3,3,177,"Badr, South Riyadh, Riyadh"
440000,Apartment,4,3,103,"Al Faisaliyah, Central Jeddah, Jeddah"
720000,Apartment,5,3,130,"Al Naim, North Jeddah, Jeddah"
750000,Apartment,4,4,450,"Al Mahdiyah, West Riyadh, Riyadh"
860000,Floor,3,3,500,"Shubra, West Riyadh, Riyadh"
900000,Apartment,6,4,188,"Al Naim, North Jeddah, Jeddah"
900000,Apartment,6,4,188,"Al Naim, North Jeddah, Jeddah"
470000,Apartment,4,4,114,"Tuwaiq, West Riyadh, Riyadh"
1400000,Floor,4,4,305,"Al Qadisiyah, East Riyadh, Riyadh"
580000,Apartment,3,3,111,"Al Salamah, North Jeddah, Jeddah"
820000,Apartment,5,3,165,"Al Salamah, North Jeddah, Jeddah"
650000,Apartment,4,3,123,"Al Salamah, North Jeddah, Jeddah"
900000,Apartment,4,3,158,"Al Naim, North Jeddah, Jeddah"
650000,Apartment,4,3,111,"Al Salamah, North Jeddah, Jeddah"
979000,Apartment,3,3,120,"Al Rawdah, East Riyadh, Riyadh"
979000,Apartment,3,3,120,"Al Rawdah, East Riyadh, Riyadh"
839000,Apartment,3,3,97,"Al Rawdah, East Riyadh, Riyadh"
1650000,Floor,4,3,198,"Qurtubah, East Riyadh, Riyadh"
600000,Apartment,5,4,163,"As Salamah, Makkah"
670000,Apartment,5,3,162,"Al Nuzhah, North Jeddah, Jeddah"
450000,Apartment,3,2,102,"Al Marwah, North Jeddah, Jeddah"
1100000,Villa,4,4,188,"Al Qadisiyah, East Riyadh, Riyadh"
2230000,Floor,7,5,257,"Qurtubah, East Riyadh, Riyadh"
2400000,Villa,4,5,250,"Al Yarmuk, East Riyadh, Riyadh"
640000,Apartment,4,3,183,"Al Jisr, Al Khobar"
3500000,Villa,9,8,383,"Qurtubah, East Riyadh, Riyadh"
730000,Apartment,5,3,130,"Al Naim, North Jeddah, Jeddah"
730000,Apartment,4,3,112,"Al Rawdah, North Jeddah, Jeddah"
730000,Apartment,5,3,130,"Al Naim, North Jeddah, Jeddah"
750000,Apartment,4,3,120,"Al Rawdah, North Jeddah, Jeddah"
730000,Apartment,5,3,130,"Al Naim, North Jeddah, Jeddah"
740000,Apartment,4,3,112,"Al Rawdah, North Jeddah, Jeddah"
900000,Apartment,4,3,158,"Al Naim, North Jeddah, Jeddah"
730000,Apartment,4,3,112,"Al Rawdah, North Jeddah, Jeddah"
3700000,Villa,6,6,343,"Qurtubah, East Riyadh, Riyadh"
2100000,Villa,5,5,328,"Al Rimal, East Riyadh, Riyadh"
2800000,Villa,5,7,312,"Al Rimal, East Riyadh, Riyadh"
1450000,Apartment,3,4,4980,"Qurtubah, East Riyadh, Riyadh"
740000,Apartment,4,3,117,"Al Rawdah, North Jeddah, Jeddah"
2100000,Villa,5,7,328,"Al Rimal, East Riyadh, Riyadh"
860000,Apartment,3,3,184,"Al Rimal, East Riyadh, Riyadh"
730000,Apartment,4,3,112,"Al Rawdah, North Jeddah, Jeddah"
540000,Apartment,4,3,131,"Al Marwah, North Jeddah, Jeddah"
600000,Apartment,5,4,163,"As Salamah, Makkah"
730000,Apartment,4,3,112,"Al Rawdah, North Jeddah, Jeddah"
1350000,Floor,4,3,196,"Al Munsiyah, East Riyadh, Riyadh"
580000,Apartment,3,3,100,"Al Naim, North Jeddah, Jeddah"
1600000,Floor,5,4,223,"Al Munsiyah, East Riyadh, Riyadh"
780000,Apartment,4,3,136,"Al Rawdah, North Jeddah, Jeddah"
900000,Apartment,6,3,188,"Al Naim, North Jeddah, Jeddah"
730000,Apartment,5,3,130,"Al Naim, North Jeddah, Jeddah"
740000,Apartment,5,3,130,"Al Naim, North Jeddah, Jeddah"
900000,Apartment,4,3,158,"Al Naim, North Jeddah, Jeddah"
590000,Apartment,4,4,111,"Al Salamah, North Jeddah, Jeddah"
730000,Apartment,5,3,130,"Al Naim, North Jeddah, Jeddah"
720000,Apartment,5,3,130,"Al Naim, North Jeddah, Jeddah"
670000,Apartment,5,3,162,"Al Nuzhah, North Jeddah, Jeddah"
540000,Apartment,4,3,131,"Al Marwah, North Jeddah, Jeddah"
900000,Apartment,4,3,158,"Al Naim, North Jeddah, Jeddah"
750000,Apartment,4,4,167,"Al Marwah, North Jeddah, Jeddah"
920000,Apartment,4,3,172,"Al Rawdah, North Jeddah, Jeddah"
680000,Apartment,5,3,161,"Al Marwah, North Jeddah, Jeddah"
740000,Apartment,4,3,117,"Al Rawdah, North Jeddah, Jeddah"
2000000,Villa,4,5,275,"Al Rimal, East Riyadh, Riyadh"
1350000,Floor,3,4,185,"Al Munsiyah, East Riyadh, Riyadh"
900000,Apartment,4,3,450,"Al Mahdiyah, West Riyadh, Riyadh"
750000,Apartment,4,3,450,"Al Mahdiyah, West Riyadh, Riyadh"
850000,Apartment,4,3,450,"Al Mahdiyah, West Riyadh, Riyadh"
750000,Apartment,4,3,450,"Al Mahdiyah, West Riyadh, Riyadh"
760000,Apartment,4,3,450,"Al Mahdiyah, West Riyadh, Riyadh"
760000,Apartment,4,3,450,"Al Mahdiyah, West Riyadh, Riyadh"
750000,Apartment,4,4,450,"Al Mahdiyah, West Riyadh, Riyadh"
770000,Apartment,4,3,450,"Al Mahdiyah, West Riyadh, Riyadh"
780000,Apartment,4,2,450,"Al Mahdiyah, West Riyadh, Riyadh"
770000,Apartment,4,3,450,"Al Mahdiyah, West Riyadh, Riyadh"
880000,Apartment,4,3,450,"Al Mahdiyah, West Riyadh, Riyadh"
750000,Apartment,4,5,450,"Al Mahdiyah, West Riyadh, Riyadh"
900000,Apartment,4,3,450,"Al Mahdiyah, West Riyadh, Riyadh"
750000,Apartment,4,3,450,"Al Mahdiyah, West Riyadh, Riyadh"
800000,Apartment,4,3,450,"Al Mahdiyah, West Riyadh, Riyadh"
920000,Apartment,4,3,450,"Al Mahdiyah, West Riyadh, Riyadh"
905000,Apartment,4,3,450,"Al Mahdiyah, West Riyadh, Riyadh"
960000,Apartment,4,5,450,"Al Mahdiyah, West Riyadh, Riyadh"
749999,Apartment,4,4,450,"Al Mahdiyah, West Riyadh, Riyadh"
750000,Apartment,4,4,450,"Al Mahdiyah, West Riyadh, Riyadh"
749999,Apartment,4,4,450,"Al Mahdiyah, West Riyadh, Riyadh"
850000,Apartment,4,3,450,"Al Mahdiyah, West Riyadh, Riyadh"
750000,Apartment,4,3,450,"Al Mahdiyah, West Riyadh, Riyadh"
750000,Apartment,4,3,450,"Al Mahdiyah, West Riyadh, Riyadh"
750000,Apartment,4,3,450,"Al Mahdiyah, West Riyadh, Riyadh"
750000,Apartment,4,3,450,"Al Mahdiyah, West Riyadh, Riyadh"
850000,Apartment,4,4,450,"Al Mahdiyah, West Riyadh, Riyadh"
790000,Apartment,4,4,450,"Al Mahdiyah, West Riyadh, Riyadh"
790000,Apartment,4,4,450,"Al Mahdiyah, West Riyadh, Riyadh"
800000,Apartment,4,3,450,"Al Mahdiyah, West Riyadh, Riyadh"
750000,Apartment,4,3,450,"Al Mahdiyah, West Riyadh, Riyadh"
750000,Apartment,4,3,450,"Al Mahdiyah, West Riyadh, Riyadh"
750000,Apartment,4,3,450,"Al Mahdiyah, West Riyadh, Riyadh"
869000,Apartment,4,3,450,"Al Mahdiyah, West Riyadh, Riyadh"
820000,Apartment,4,3,450,"Al Mahdiyah, West Riyadh, Riyadh"
820000,Apartment,3,3,450,"Al Mahdiyah, West Riyadh, Riyadh"
750000,Apartment,4,4,450,"Al Mahdiyah, West Riyadh, Riyadh"
750000,Apartment,4,3,450,"Al Mahdiyah, West Riyadh, Riyadh"
759000,Apartment,4,3,450,"Al Mahdiyah, West Riyadh, Riyadh"
750000,Apartment,4,4,450,"Al Mahdiyah, West Riyadh, Riyadh"
750000,Apartment,4,4,450,"Al Mahdiyah, West Riyadh, Riyadh"
880000,Apartment,4,4,450,"Al Mahdiyah, West Riyadh, Riyadh"
800000,Apartment,4,4,450,"Al Mahdiyah, West Riyadh, Riyadh"
780000,Apartment,4,3,450,"Al Mahdiyah, West Riyadh, Riyadh"
820000,Apartment,3,3,450,"Al Mahdiyah, West Riyadh, Riyadh"
950000,Apartment,4,4,450,"Al Mahdiyah, West Riyadh, Riyadh"
900000,Apartment,4,3,450,"Al Mahdiyah, West Riyadh, Riyadh"
850000,Apartment,4,3,450,"Al Mahdiyah, West Riyadh, Riyadh"
780000,Apartment,4,3,450,"Al Mahdiyah, West Riyadh, Riyadh"
800000,Apartment,4,4,450,"Al Mahdiyah, West Riyadh, Riyadh"
730000,Apartment,5,3,130,"Al Naim, North Jeddah, Jeddah"
1350000,Floor,5,5,229,"Alawali, West Riyadh, Riyadh"
950000,Floor,4,3,180,"Tuwaiq, West Riyadh, Riyadh"
950000,Floor,3,3,155,"Tuwaiq, West Riyadh, Riyadh"
450000,Apartment,3,2,102,"Al Marwah, North Jeddah, Jeddah"
580000,Apartment,3,3,100,"Al Naim, North Jeddah, Jeddah"
730000,Apartment,4,3,112,"Al Rawdah, North Jeddah, Jeddah"
580000,Apartment,3,3,100,"Al Naim, North Jeddah, Jeddah"
900000,Apartment,6,4,188,"Al Naim, North Jeddah, Jeddah"
730000,Apartment,4,3,112,"Al Rawdah, North Jeddah, Jeddah"
730000,Apartment,4,3,112,"Al Rawdah, North Jeddah, Jeddah"
730000,Apartment,5,3,130,"Al Naim, North Jeddah, Jeddah"
750000,Apartment,4,3,114,"Al Rawdah, North Jeddah, Jeddah"
670000,Apartment,5,3,162,"Al Nuzhah, North Jeddah, Jeddah"
450000,Apartment,3,2,102,"Al Marwah, North Jeddah, Jeddah"
680000,Apartment,5,3,136,"Al Salamah, North Jeddah, Jeddah"
900000,Apartment,4,3,158,"Al Naim, North Jeddah, Jeddah"
590000,Apartment,4,3,112,"Al Salamah, North Jeddah, Jeddah"
730000,Apartment,5,3,130,"Al Naim, North Jeddah, Jeddah"
860000,Floor,4,3,500,"Shubra, West Riyadh, Riyadh"
690000,Apartment,3,3,177,"Badr, South Riyadh, Riyadh"
860000,Floor,3,3,500,"Al Zahrah, West Riyadh, Riyadh"
670000,Apartment,3,3,150,"Alawali, West Riyadh, Riyadh"
780000,Apartment,4,3,136,"Al Rawdah, North Jeddah, Jeddah"
580000,Apartment,3,3,111,"Al Salamah, North Jeddah, Jeddah"
730000,Apartment,5,3,130,"Al Naim, North Jeddah, Jeddah"
740000,Apartment,4,3,117,"Al Rawdah, North Jeddah, Jeddah"
2100000,Villa,7,5,328,"Al Rimal, East Riyadh, Riyadh"
920000,Apartment,4,3,172,"Al Rawdah, North Jeddah, Jeddah"
900000,Apartment,6,3,188,"Al Naim, North Jeddah, Jeddah"
580000,Apartment,3,3,111,"Al Salamah, North Jeddah, Jeddah"
430000,Apartment,4,3,149,"Badr, South Riyadh, Riyadh"
430000,Apartment,4,3,149,"Badr, South Riyadh, Riyadh"
780000,Apartment,4,3,136,"Al Rawdah, North Jeddah, Jeddah"
2100000,Villa,5,6,328,"Al Rimal, East Riyadh, Riyadh"
2000000,Villa,4,5,276,"Al Maizilah, East Riyadh, Riyadh"
580000,Apartment,3,3,100,"Al Naim, North Jeddah, Jeddah"
630000,Apartment,4,3,111,"Al Salamah, North Jeddah, Jeddah"
680000,Apartment,5,3,136,"Al Salamah, North Jeddah, Jeddah"
730000,Apartment,4,3,112,"Al Rawdah, North Jeddah, Jeddah"
680000,Apartment,5,3,136,"Al Salamah, North Jeddah, Jeddah"
780000,Apartment,4,3,136,"Al Rawdah, North Jeddah, Jeddah"
599000,Apartment,4,3,111,"Al Salamah, North Jeddah, Jeddah"
1550000,Floor,5,6,206,"Al Munsiyah, East Riyadh, Riyadh"
670000,Apartment,5,3,162,"Al Nuzhah, North Jeddah, Jeddah"
680000,Apartment,5,3,136,"Al Salamah, North Jeddah, Jeddah"
1000000,Floor,3,3,344,"Al Qadisiyah, East Riyadh, Riyadh"
900000,Apartment,4,3,158,"Al Naim, North Jeddah, Jeddah"
680000,Apartment,5,3,136,"Al Salamah, North Jeddah, Jeddah"
740000,Apartment,4,3,117,"Al Rawdah, North Jeddah, Jeddah"
730000,Apartment,5,3,130,"Al Naim, North Jeddah, Jeddah"
599000,Apartment,4,3,112,"Al Salamah, North Jeddah, Jeddah"
740000,Apartment,3,3,117,"Al Rawdah, North Jeddah, Jeddah"
580000,Apartment,3,3,111,"Al Salamah, North Jeddah, Jeddah"
730000,Apartment,5,3,130,"Al Naim, North Jeddah, Jeddah"
750000,Apartment,4,4,167,"Al Marwah, North Jeddah, Jeddah"
540000,Apartment,4,3,131,"Al Marwah, North Jeddah, Jeddah"
599000,Apartment,4,3,111,"Al Salamah, North Jeddah, Jeddah"
580000,Apartment,3,3,111,"Al Salamah, North Jeddah, Jeddah"
1129000,Apartment,3,3,157,"Al Narjis, North Riyadh, Riyadh"
1300000,Villa,5,7,527,"Al Amwaj, Al Khobar"
730000,Apartment,4,3,112,"Al Rawdah, North Jeddah, Jeddah"
430000,Apartment,3,4,131,"Badr, South Riyadh, Riyadh"
860000,Floor,3,3,500,"Al Zahrah, West Riyadh, Riyadh"
450000,Apartment,3,3,177,"Badr, South Riyadh, Riyadh"
730000,Apartment,4,3,112,"Al Rawdah, North Jeddah, Jeddah"
720000,Apartment,5,3,130,"Al Naim, North Jeddah, Jeddah"
860000,Floor,3,3,500,"Shubra, West Riyadh, Riyadh"
860000,Floor,3,4,500,"Al Zahrah, West Riyadh, Riyadh"
550000,Apartment,3,3,128,"Al Zahrah, West Riyadh, Riyadh"
450000,Apartment,3,3,177,"Badr, South Riyadh, Riyadh"
860000,Floor,3,3,500,"Shubra, West Riyadh, Riyadh"
860000,Floor,3,4,500,"Shubra, West Riyadh, Riyadh"
860000,Floor,3,3,500,"Shubra, West Riyadh, Riyadh"
550000,Apartment,3,1,128,"Al Zahrah, West Riyadh, Riyadh"
590000,Apartment,3,3,111,"Al Salamah, North Jeddah, Jeddah"
750000,Apartment,5,3,136,"Al Naim, North Jeddah, Jeddah"
580000,Apartment,3,3,111,"Al Salamah, North Jeddah, Jeddah"
630000,Apartment,4,3,111,"Al Salamah, North Jeddah, Jeddah"
580000,Apartment,3,3,111,"Al Salamah, North Jeddah, Jeddah"
590000,Apartment,3,3,111,"Al Salamah, North Jeddah, Jeddah"
680000,Apartment,5,3,136,"Al Salamah, North Jeddah, Jeddah"
780000,Apartment,5,3,176,"Al Salamah, North Jeddah, Jeddah"
680000,Apartment,5,3,137,"Al Salamah, North Jeddah, Jeddah"
680000,Apartment,5,3,136,"Al Salamah, North Jeddah, Jeddah"
630000,Apartment,4,3,111,"Al Salamah, North Jeddah, Jeddah"
630000,Apartment,4,3,111,"Al Salamah, North Jeddah, Jeddah"
630000,Apartment,4,3,111,"Al Salamah, North Jeddah, Jeddah"
710000,Apartment,3,4,180,"Alawali, West Riyadh, Riyadh"
820000,Apartment,5,3,165,"Al Salamah, North Jeddah, Jeddah"
680000,Apartment,5,3,136,"Al Salamah, North Jeddah, Jeddah"
680000,Apartment,5,3,136,"Al Salamah, North Jeddah, Jeddah"
680000,Apartment,5,3,136,"Al Salamah, North Jeddah, Jeddah"
1159000,Apartment,3,4,184,"Al Nuzhah, North Jeddah, Jeddah"
630000,Apartment,4,3,115,"Al Salamah, North Jeddah, Jeddah"
1500000,Floor,5,4,213,"Al Yarmuk, East Riyadh, Riyadh"
580000,Apartment,3,3,100,"Al Naim, North Jeddah, Jeddah"
750000,Apartment,4,3,114,"Al Rawdah, North Jeddah, Jeddah"
730000,Apartment,5,3,130,"Al Naim, North Jeddah, Jeddah"
730000,Apartment,4,3,112,"Al Rawdah, North Jeddah, Jeddah"
663400,Apartment,3,2,175,"Tuwaiq, West Riyadh, Riyadh"
662000,Apartment,3,2,177,"Tuwaiq, West Riyadh, Riyadh"
670000,Apartment,5,3,162,"Al Nuzhah, North Jeddah, Jeddah"
2350000,Villa,5,7,250,"Al Yarmuk, East Riyadh, Riyadh"
900000,Apartment,6,3,188,"Al Naim, North Jeddah, Jeddah"
930000,Floor,3,3,158,"Al Saadah, East Riyadh, Riyadh"
790000,Apartment,3,3,136,"Al Mahdiyah, West Riyadh, Riyadh"
580000,Apartment,3,3,100,"Al Naim, North Jeddah, Jeddah"
730000,Apartment,4,3,112,"Al Rawdah, North Jeddah, Jeddah"
730000,Apartment,5,3,130,"Al Naim, North Jeddah, Jeddah"
900000,Apartment,4,3,158,"Al Naim, North Jeddah, Jeddah"
680000,Apartment,5,3,136,"Al Salamah, North Jeddah, Jeddah"
900000,Apartment,6,3,188,"Al Naim, North Jeddah, Jeddah"
680000,Apartment,5,3,136,"Al Salamah, North Jeddah, Jeddah"
680000,Apartment,5,3,136,"Al Salamah, North Jeddah, Jeddah"
730000,Apartment,5,3,130,"Al Naim, North Jeddah, Jeddah"
580000,Apartment,3,3,111,"Al Salamah, North Jeddah, Jeddah"
900000,Apartment,4,3,158,"Al Naim, North Jeddah, Jeddah"
920000,Apartment,4,3,172,"Al Rawdah, North Jeddah, Jeddah"
3800000,Villa,6,8,450,"Al Yarmuk, East Riyadh, Riyadh"
590000,Apartment,3,3,111,"Al Salamah, North Jeddah, Jeddah"
670000,Apartment,3,3,150,"Alawali, West Riyadh, Riyadh"
1000000,Floor,5,3,193,"Al Qadisiyah, East Riyadh, Riyadh"
580000,Apartment,3,3,100,"Al Naim, North Jeddah, Jeddah"
680000,Apartment,5,3,136,"Al Salamah, North Jeddah, Jeddah"
680000,Apartment,5,3,136,"Al Salamah, North Jeddah, Jeddah"
680000,Apartment,5,3,136,"Al Salamah, North Jeddah, Jeddah"
999000,Apartment,3,3,170,"Al Nuzhah, North Jeddah, Jeddah"
580000,Apartment,3,3,111,"Al Salamah, North Jeddah, Jeddah"
580000,Apartment,3,3,111,"Al Salamah, North Jeddah, Jeddah"
580000,Apartment,3,3,111,"Al Salamah, North Jeddah, Jeddah"
680000,Apartment,5,3,136,"Al Salamah, North Jeddah, Jeddah"
1850000,Floor,3,3,200,"Qurtubah, East Riyadh, Riyadh"
1039000,Apartment,3,4,231,"Al Nuzhah, North Jeddah, Jeddah"
549000,Apartment,3,3,16975,"Umm Hablain Al Gharbia, Jeddah"
899000,Apartment,3,4,170,"Al Nuzhah, North Jeddah, Jeddah"
1039000,Apartment,3,4,231,"Al Nuzhah, North Jeddah, Jeddah"
580000,Apartment,3,3,111,"Al Salamah, North Jeddah, Jeddah"
860000,Floor,3,3,500,"Shubra, West Riyadh, Riyadh"
900000,Apartment,4,3,159,"Al Naim, North Jeddah, Jeddah"
730000,Apartment,5,3,130,"Al Naim, North Jeddah, Jeddah"
860000,Floor,4,3,500,"Shubra, West Riyadh, Riyadh"
580000,Apartment,3,3,111,"Al Salamah, North Jeddah, Jeddah"
630000,Apartment,4,3,112,"Al Salamah, North Jeddah, Jeddah"
680000,Apartment,5,3,136,"Al Salamah, North Jeddah, Jeddah"
860000,Floor,4,3,500,"Shubra, West Riyadh, Riyadh"
550000,Apartment,3,3,128,"Al Zahrah, West Riyadh, Riyadh"
730000,Apartment,5,3,130,"Al Naim, North Jeddah, Jeddah"
620000,Apartment,3,3,111,"Al Naim, North Jeddah, Jeddah"
750000,Apartment,5,3,136,"Al Naim, North Jeddah, Jeddah"
860000,Floor,3,3,500,"Shubra, West Riyadh, Riyadh"
860000,Floor,4,3,500,"Shubra, West Riyadh, Riyadh"
860000,Floor,4,3,500,"Shubra, West Riyadh, Riyadh"
420000,Apartment,3,3,132,"Al Dar Al Baida, South Riyadh, Riyadh"
730000,Apartment,4,3,112,"Al Rawdah, North Jeddah, Jeddah"
860000,Floor,4,3,500,"Shubra, West Riyadh, Riyadh"
420000,Apartment,3,3,131,"Al Dar Al Baida, South Riyadh, Riyadh"
860000,Floor,3,3,500,"Shubra, West Riyadh, Riyadh"
860000,Floor,3,3,500,"Shubra, West Riyadh, Riyadh"
685000,Apartment,3,3,181,"Alawali, West Riyadh, Riyadh"
580000,Apartment,3,3,111,"Al Salamah, North Jeddah, Jeddah"
3500000,Villa,5,5,720,"Al Shulah, Dammam"
700000,Apartment,5,3,193,"Al Shawqiyyah, Makkah"
680000,Apartment,5,1,188,"Al Mohamdya, Makkah"
700000,Apartment,5,3,195,"Al Shawqiyyah, Makkah"
750000,Apartment,5,3,193,"Al Shawqiyyah, Makkah"
590000,Apartment,3,3,111,"Al Salamah, North Jeddah, Jeddah"
520000,Apartment,5,3,152,"Al Mraikh, North Jeddah, Jeddah"
580000,Apartment,3,3,138,"Al Jawhara, Dammam"
740000,Apartment,6,3,141,"Al Salamah, North Jeddah, Jeddah"
740000,Apartment,4,4,141,"Al Salamah, North Jeddah, Jeddah"
740000,Apartment,4,4,141,"Al Salamah, North Jeddah, Jeddah"
860000,Floor,3,4,500,"Shubra, West Riyadh, Riyadh"
860000,Floor,3,4,500,"Shubra, West Riyadh, Riyadh"
860000,Floor,3,4,250,"Shubra, West Riyadh, Riyadh"
860000,Floor,4,3,500,"Shubra, West Riyadh, Riyadh"
860000,Floor,3,4,500,"Shubra, West Riyadh, Riyadh"
860000,Floor,3,3,250,"Shubra, West Riyadh, Riyadh"
860000,Floor,3,3,500,"Shubra, West Riyadh, Riyadh"
860000,Floor,3,4,500,"Shubra, West Riyadh, Riyadh"
670000,Apartment,5,3,162,"Al Nuzhah, North Jeddah, Jeddah"
250000,Apartment,2,2,706,"Al Mraikh, North Jeddah, Jeddah"
2500000,Villa,6,8,446,"Al Mahdiyah, West Riyadh, Riyadh"
1400000,Floor,5,4,600,"Al Khaleej, East Riyadh, Riyadh"
1450000,Apartment,5,4,174,"Qurtubah, East Riyadh, Riyadh"
1650000,Floor,5,4,190,"Qurtubah, East Riyadh, Riyadh"
1650000,Floor,5,4,190,"Qurtubah, East Riyadh, Riyadh"
1350000,Floor,6,4,442,"Al Nahdah, East Riyadh, Riyadh"
250000,Apartment,2,2,706,"Al Mraikh, North Jeddah, Jeddah"
1150000,Apartment,4,3,134,"Al Munsiyah, East Riyadh, Riyadh"
1070000,Villa,5,5,263,"Tuwaiq, West Riyadh, Riyadh"
1650000,Floor,5,5,183,"Al Munsiyah, East Riyadh, Riyadh"
1050000,Apartment,7,6,339,"Al Sawari, North Jeddah, Jeddah"
1050000,Apartment,7,6,339,"Al Sawari, North Jeddah, Jeddah"
720000,Apartment,4,3,175,"Al Aziziyah, North Jeddah, Jeddah"
850000,Apartment,6,5,207,"Al Marwah, North Jeddah, Jeddah"
1050000,Apartment,1,1,339,"Al Sawari, North Jeddah, Jeddah"
995000,Apartment,3,3,158,"Al Rimal, East Riyadh, Riyadh"
995000,Apartment,3,4,158,"Al Rimal, East Riyadh, Riyadh"
1150000,Apartment,3,3,134,"Al Munsiyah, East Riyadh, Riyadh"
1400000,Apartment,5,4,167,"Al Rimal, East Riyadh, Riyadh"
1500000,Floor,4,3,141,"Al Munsiyah, East Riyadh, Riyadh"
1600000,Floor,5,4,206,"Al Munsiyah, East Riyadh, Riyadh"
950000,Apartment,3,3,120,"Al Nahdah, East Riyadh, Riyadh"
1400000,Apartment,5,4,167,"Al Rimal, East Riyadh, Riyadh"
2600000,Villa,7,5,411,"Al Yarmuk, East Riyadh, Riyadh"
2350000,Villa,6,5,250,"Al Yarmuk, East Riyadh, Riyadh"
860000,Floor,4,5,500,"Shubra, West Riyadh, Riyadh"
420000,Apartment,3,3,131,"Al Dar Al Baida, South Riyadh, Riyadh"
860000,Floor,3,4,500,"Shubra, West Riyadh, Riyadh"
420000,Apartment,3,3,131,"Al Dar Al Baida, South Riyadh, Riyadh"
420000,Apartment,3,3,131,"Al Dar Al Baida, South Riyadh, Riyadh"
860000,Floor,3,4,500,"Shubra, West Riyadh, Riyadh"
640000,Apartment,4,3,183,"Al Jisr, Al Khobar"
640000,Apartment,5,3,184,"Al Jisr, Al Khobar"
730000,Apartment,4,3,112,"Al Rawdah, North Jeddah, Jeddah"
730000,Apartment,4,3,112,"Al Rawdah, North Jeddah, Jeddah"
730000,Apartment,4,3,112,"Al Rawdah, North Jeddah, Jeddah"
700000,Apartment,3,4,151,"Batha Quraysh, Makkah"
1150000,Apartment,3,3,134,"Al Munsiyah, East Riyadh, Riyadh"
1100000,Apartment,4,3,66,"King Faisal, East Riyadh, Riyadh"
1400000,Floor,6,3,166,"King Faisal, East Riyadh, Riyadh"
3700000,Villa,9,8,408,"Qurtubah, East Riyadh, Riyadh"
370000,Apartment,3,3,145,"Al Suways 1, Jazan"
650000,Apartment,2,2,110,"Tuwaiq, West Riyadh, Riyadh"
1050000,Villa,5,5,250,"Tuwaiq, West Riyadh, Riyadh"
710000,Apartment,3,3,132,"Al Rimal, East Riyadh, Riyadh"
650000,Floor,4,3,162,"Al Dar Al Baida, South Riyadh, Riyadh"
1100000,Villa,4,4,188,"Al Qadisiyah, East Riyadh, Riyadh"
1400000,Floor,6,5,185,"Al Munsiyah, East Riyadh, Riyadh"
1005000,Apartment,3,4,142,"Al Yarmuk, East Riyadh, Riyadh"
1005000,Apartment,4,4,142,"Al Yarmuk, East Riyadh, Riyadh"
860000,Floor,3,3,500,"Shubra, West Riyadh, Riyadh"
720000,Apartment,3,3,101,"Al Maizilah, East Riyadh, Riyadh"
850000,Floor,3,3,500,"Shubra, West Riyadh, Riyadh"
1380000,Floor,3,3,168,"Al Munsiyah, East Riyadh, Riyadh"
18750000,Rest House,1,5,7500,"Al Rimal, East Riyadh, Riyadh"
575000,Apartment,4,3,161,"Al Buhayrat, Makkah"
700000,Apartment,5,3,195,"Al Shawqiyyah, Makkah"
800000,Apartment,6,4,215,"King Fahd, Makkah"
730000,Apartment,6,1,205,"Al Shawqiyyah, Makkah"
510000,Apartment,6,3,210,"Al Suways 2, Jazan"
580000,Apartment,3,4,142,"Al Hamra, Al Khobar"
580000,Apartment,3,4,157,"Al Hamra, Al Khobar"
550000,Apartment,3,4,149,"Al Hamra, Al Khobar"
810000,Apartment,3,4,189,"Al Shati Al Sharqi, Dammam"
810000,Apartment,3,4,189,"Al Shati Al Sharqi, Dammam"
800000,Apartment,3,4,189,"Al Shati Al Sharqi, Dammam"
550000,Apartment,3,4,135,"Al Hamra, Al Khobar"
950000,Villa,6,5,312,"Al Hazm, West Riyadh, Riyadh"
490000,Apartment,4,3,172,"Badr, Dammam"
610000,Apartment,6,5,220,"Al Shulah, Dammam"
580000,Apartment,6,5,3225,"Al Shulah, Dammam"
1030000,Apartment,3,3,188,"Al Mahdiyah, West Riyadh, Riyadh"
550000,Apartment,3,3,130,"Alawali, West Riyadh, Riyadh"
920000,Apartment,3,4,140,"Al Mahdiyah, West Riyadh, Riyadh"
880000,Apartment,4,4,140,"Al Mahdiyah, West Riyadh, Riyadh"
1000000,Apartment,3,4,170,"Al Mahdiyah, West Riyadh, Riyadh"
860000,Apartment,3,3,130,"Al Mahdiyah, West Riyadh, Riyadh"
780000,Apartment,2,2,130,"Al Mahdiyah, West Riyadh, Riyadh"
680000,Apartment,3,2,111,"Al Mahdiyah, West Riyadh, Riyadh"
800000,Apartment,4,3,130,"Al Mahdiyah, West Riyadh, Riyadh"
1350000,Apartment,2,2,153,"Al Mahdiyah, West Riyadh, Riyadh"
1200000,Apartment,4,3,165,"Al Mahdiyah, West Riyadh, Riyadh"
750000,Apartment,3,3,478,"Al Mahdiyah, West Riyadh, Riyadh"
850000,Apartment,3,2,130,"Al Mahdiyah, West Riyadh, Riyadh"
750000,Apartment,3,3,478,"Al Mahdiyah, West Riyadh, Riyadh"
740000,Apartment,3,3,125,"Al Mahdiyah, West Riyadh, Riyadh"
750000,Apartment,3,3,125,"Al Mahdiyah, West Riyadh, Riyadh"
1005000,Floor,3,2,193,"Tuwaiq, West Riyadh, Riyadh"
250000,Apartment,2,2,706,"Al Mraikh, North Jeddah, Jeddah"
320000,Apartment,3,3,659,"Al Mraikh, North Jeddah, Jeddah"
740000,Apartment,4,3,112,"Al Rawdah, North Jeddah, Jeddah"
2000000,Villa,5,4,270,"Al Rimal, East Riyadh, Riyadh"
1150000,Floor,4,3,134,"Al Rimal, East Riyadh, Riyadh"
730000,Apartment,4,3,117,"Al Rawdah, North Jeddah, Jeddah"
800000,Apartment,3,3,120,"Al Mahdiyah, West Riyadh, Riyadh"
990000,Apartment,3,3,478,"Al Mahdiyah, West Riyadh, Riyadh"
970000,Floor,3,3,128,"Al Rimal, East Riyadh, Riyadh"
830000,Apartment,4,4,140,"Al Salamah, North Jeddah, Jeddah"
1055000,Apartment,3,3,106,"Al Munsiyah, East Riyadh, Riyadh"
2450000,Villa,5,6,235,"Al Mahdiyah, West Riyadh, Riyadh"
730000,Apartment,4,3,112,"Al Rawdah, North Jeddah, Jeddah"
740000,Apartment,4,3,112,"Al Rawdah, North Jeddah, Jeddah"
750000,Apartment,4,3,114,"Al Rawdah, North Jeddah, Jeddah"
740000,Apartment,4,3,117,"Al Rawdah, North Jeddah, Jeddah"
830000,Apartment,4,3,140,"Al Salamah, North Jeddah, Jeddah"
740000,Apartment,4,3,117,"Al Rawdah, North Jeddah, Jeddah"
740000,Apartment,4,3,117,"Al Rawdah, North Jeddah, Jeddah"
730000,Apartment,4,3,112,"Al Rawdah, North Jeddah, Jeddah"
900000,Apartment,4,4,158,"Al Naim, North Jeddah, Jeddah"
650000,Apartment,4,3,111,"Al Salamah, North Jeddah, Jeddah"
900000,Apartment,4,4,158,"Al Naim, North Jeddah, Jeddah"
740000,Apartment,4,3,117,"Al Rawdah, North Jeddah, Jeddah"
750000,Apartment,4,3,114,"Al Rawdah, North Jeddah, Jeddah"
650000,Apartment,4,3,111,"Al Salamah, North Jeddah, Jeddah"
650000,Apartment,3,3,111,"Al Salamah, North Jeddah, Jeddah"
650000,Apartment,4,3,111,"Al Salamah, North Jeddah, Jeddah"
950000,Apartment,4,4,160,"Al Rawdah, North Jeddah, Jeddah"
1550000,Floor,5,4,198,"Qurtubah, East Riyadh, Riyadh"
480000,Apartment,4,3,156,"Badr, South Riyadh, Riyadh"
3600000,Villa,5,2,728,"Al Fayha, East Riyadh, Riyadh"
740000,Apartment,4,3,112,"Al Rawdah, North Jeddah, Jeddah"
650000,Apartment,4,3,123,"Al Salamah, North Jeddah, Jeddah"
1650000,Floor,4,4,183,"Al Munsiyah, East Riyadh, Riyadh"
800000,Apartment,4,5,630,"Badr, South Riyadh, Riyadh"
800000,Apartment,4,4,630,"Badr, South Riyadh, Riyadh"
650000,Apartment,4,3,111,"Al Salamah, North Jeddah, Jeddah"
830000,Floor,3,3,245,"Tuwaiq, West Riyadh, Riyadh"
740000,Apartment,4,3,112,"Al Rawdah, North Jeddah, Jeddah"
2500000,Villa,5,3,355,"Ishbiliyah, East Riyadh, Riyadh"
1800000,Apartment,4,2,148,"Hittin, North Riyadh, Riyadh"
580000,Apartment,3,4,142,"Al Hamra, Al Khobar"
580000,Apartment,3,4,157,"Al Hamra, Al Khobar"
550000,Apartment,3,4,149,"Al Hamra, Al Khobar"
810000,Apartment,3,4,189,"Al Shati Al Sharqi, Dammam"
810000,Apartment,3,4,189,"Al Shati Al Sharqi, Dammam"
2360000,Apartment,3,3,118,"Al Olaya, North Riyadh, Riyadh"
3350000,Apartment,3,3,168,"Al Olaya, North Riyadh, Riyadh"
800000,Apartment,3,4,189,"Al Shati Al Sharqi, Dammam"
509000,Apartment,2,3,138,"Okaz, South Riyadh, Riyadh"
779000,Apartment,2,4,206,"Okaz, South Riyadh, Riyadh"
550000,Apartment,3,4,135,"Al Hamra, Al Khobar"
850000,Apartment,4,3,146,"Dhahrat Laban, West Riyadh, Riyadh"
950000,Floor,3,4,152,"Al Qadisiyah, East Riyadh, Riyadh"
499000,Apartment,2,3,127,"Okaz, South Riyadh, Riyadh"
1350000,Apartment,4,3,155,"Al Mahdiyah, West Riyadh, Riyadh"
2200000,Apartment,3,4,178,"Al Fayhaa, North Jeddah, Jeddah"
850000,Apartment,4,3,146,"Dhahrat Laban, West Riyadh, Riyadh"
1500000,Apartment,3,4,201,"Al Fayhaa, North Jeddah, Jeddah"
760000,Apartment,5,3,166,"Al Nuzhah, North Jeddah, Jeddah"
730000,Apartment,4,3,112,"Al Rawdah, North Jeddah, Jeddah"
650000,Apartment,4,3,123,"Al Salamah, North Jeddah, Jeddah"
570000,Apartment,3,3,142,"Tuwaiq, West Riyadh, Riyadh"
740000,Apartment,4,3,117,"Al Rawdah, North Jeddah, Jeddah"
650000,Apartment,4,3,111,"Al Salamah, North Jeddah, Jeddah"
770000,Apartment,4,5,630,"Badr, South Riyadh, Riyadh"
770000,Apartment,6,5,630,"Badr, South Riyadh, Riyadh"
800000,Apartment,4,4,630,"Badr, South Riyadh, Riyadh"
770000,Apartment,3,3,630,"Badr, South Riyadh, Riyadh"
770000,Apartment,4,4,630,"Badr, South Riyadh, Riyadh"
800000,Apartment,4,4,630,"Badr, South Riyadh, Riyadh"
770000,Apartment,3,3,630,"Badr, South Riyadh, Riyadh"
650000,Apartment,4,3,123,"Al Salamah, North Jeddah, Jeddah"
770000,Apartment,3,3,630,"Badr, South Riyadh, Riyadh"
530000,Apartment,3,3,163,"Okaz, South Riyadh, Riyadh"
770000,Apartment,4,4,630,"Badr, South Riyadh, Riyadh"
569000,Apartment,2,3,145,"Okaz, South Riyadh, Riyadh"
539000,Apartment,2,3,134,"Okaz, South Riyadh, Riyadh"
519000,Apartment,2,3,130,"Okaz, South Riyadh, Riyadh"
509000,Apartment,2,3,131,"Okaz, South Riyadh, Riyadh"
499000,Apartment,2,3,127,"Okaz, South Riyadh, Riyadh"
499000,Apartment,2,3,127,"Okaz, South Riyadh, Riyadh"
1500000,Apartment,3,3,185,"Al Munsiyah, East Riyadh, Riyadh"
1500000,Floor,4,3,141,"Al Munsiyah, East Riyadh, Riyadh"
730000,Apartment,4,3,112,"Al Rawdah, North Jeddah, Jeddah"
730000,Apartment,4,3,117,"Al Rawdah, North Jeddah, Jeddah"
440000,Apartment,4,3,182,"Ar Rehab 3, Jazan"
2300000,Villa,5,6,420,"Al Bayan Neighborhood, East Riyadh, Riyadh"
740000,Apartment,4,3,117,"Al Rawdah, North Jeddah, Jeddah"
2100000,Villa,3,4,267,"Al Rimal, East Riyadh, Riyadh"
790000,Apartment,1,1,171,"Shuran, Madina"
695000,Apartment,1,1,190,"Ayn Al Khif, Madina"
750000,Apartment,1,1,216,"Bani Bayadah, Madina"
790000,Apartment,1,1,205,"Bani Bayadah, Madina"
750000,Apartment,1,1,246,"Bani Bayadah, Madina"
1650000,Villa,1,1,397,"Al Ranuna, Madina"
1290000,Villa,1,1,226,"Nubala, Madina"
1450000,Villa,1,1,366,"Mudhainib, Madina"
730000,Apartment,1,1,177,"Al Mabuth, Madina"
1200000,Apartment,2,2,167,"Al Munsiyah, East Riyadh, Riyadh"
1200000,Apartment,2,3,167,"Al Munsiyah, East Riyadh, Riyadh"
850000,Floor,3,3,138,"Al Rimal, East Riyadh, Riyadh"
670000,Apartment,2,3,113,"Al Rimal, East Riyadh, Riyadh"
1244000,Apartment,3,3,82,"Al Munsiyah, East Riyadh, Riyadh"
1003000,Apartment,3,2,132,"Al Munsiyah, East Riyadh, Riyadh"
700000,Apartment,5,4,150,"Batha Quraysh, Makkah"
1100000,Villa,1,1,368,"Al Difa, Madina"
560000,Apartment,5,3,865,"Al Rabwa, North Jeddah, Jeddah"
449000,Apartment,3,3,500,"Al Naim, North Jeddah, Jeddah"
700000,Apartment,1,1,214,"Al Ranuna, Madina"
529000,Apartment,3,3,500,"Al Naim, North Jeddah, Jeddah"
449000,Apartment,3,3,500,"Al Naim, North Jeddah, Jeddah"
725000,Apartment,1,1,175,"Ayn Al Khif, Madina"
840000,Apartment,1,1,188,"Shuran, Madina"
840000,Apartment,1,1,188,"Shuran, Madina"
700000,Apartment,1,1,214,"Al Ranuna, Madina"
275000,Apartment,2,3,900,"Al Safa, North Jeddah, Jeddah"
275000,Apartment,3,3,900,"Al Safa, North Jeddah, Jeddah"
1300000,Floor,1,1,286,"Al Ranuna, Madina"
350000,Apartment,3,3,900,"Al Safa, North Jeddah, Jeddah"
635000,Apartment,2,2,127,"Al Salamah, North Jeddah, Jeddah"
350000,Apartment,3,3,900,"Al Safa, North Jeddah, Jeddah"
520000,Apartment,3,3,102,"Al Salamah, North Jeddah, Jeddah"
520000,Apartment,3,3,102,"Al Salamah, North Jeddah, Jeddah"
520000,Apartment,3,3,103,"Al Salamah, North Jeddah, Jeddah"
1100000,Floor,3,5,201,"Al Maizilah, East Riyadh, Riyadh"
1100000,Floor,3,5,201,"Al Maizilah, East Riyadh, Riyadh"
1650000,Floor,3,2,172,"Qurtubah, East Riyadh, Riyadh"
1200000,Floor,1,1,165,"Al Khaleej, East Riyadh, Riyadh"
1400000,Floor,4,6,287,"Al Maizilah, East Riyadh, Riyadh"
520000,Apartment,4,3,174,"Al Safa, North Jeddah, Jeddah"
365000,Apartment,2,2,625,"Al Faisaliyah, Central Jeddah, Jeddah"
635000,Apartment,4,3,127,"Al Salamah, North Jeddah, Jeddah"
330000,Apartment,3,2,1920,"Al Jameah District, South Jeddah, Jeddah"
750000,Apartment,4,3,137,"Al Salamah, North Jeddah, Jeddah"
520000,Apartment,3,3,102,"Al Salamah, North Jeddah, Jeddah"
580000,Apartment,1,1,100,"Al Naim, North Jeddah, Jeddah"
730000,Apartment,5,3,130,"Al Naim, North Jeddah, Jeddah"
750000,Apartment,4,3,114,"Al Rawdah, North Jeddah, Jeddah"
730000,Apartment,4,3,112,"Al Rawdah, North Jeddah, Jeddah"
750000,Apartment,4,3,114,"Al Rawdah, North Jeddah, Jeddah"
730000,Apartment,4,3,130,"Al Naim, North Jeddah, Jeddah"
580000,Apartment,1,1,100,"Al Naim, North Jeddah, Jeddah"
740000,Apartment,4,3,117,"Al Rawdah, North Jeddah, Jeddah"
730000,Apartment,1,1,112,"Al Rawdah, North Jeddah, Jeddah"
740000,Apartment,1,1,130,"Al Naim, North Jeddah, Jeddah"
730000,Apartment,5,3,112,"Al Rawdah, North Jeddah, Jeddah"
730000,Apartment,1,1,130,"Al Naim, North Jeddah, Jeddah"
730000,Apartment,1,1,130,"Al Naim, North Jeddah, Jeddah"
730000,Apartment,1,1,130,"Al Naim, North Jeddah, Jeddah"
750000,Apartment,1,1,120,"Al Rawdah, North Jeddah, Jeddah"
730000,Apartment,1,1,112,"Al Rawdah, North Jeddah, Jeddah"
730000,Apartment,5,3,130,"Al Naim, North Jeddah, Jeddah"
750000,Apartment,1,1,114,"Al Rawdah, North Jeddah, Jeddah"
730000,Apartment,1,1,112,"Al Rawdah, North Jeddah, Jeddah"
740000,Apartment,1,1,117,"Al Rawdah, North Jeddah, Jeddah"
730000,Apartment,1,1,112,"Al Rawdah, North Jeddah, Jeddah"
2200000,Villa,6,6,276,"Al Maizilah, East Riyadh, Riyadh"
569000,Apartment,2,3,145,"Okaz, South Riyadh, Riyadh"
539000,Apartment,2,3,134,"Okaz, South Riyadh, Riyadh"
519000,Apartment,2,3,130,"Okaz, South Riyadh, Riyadh"
509000,Apartment,2,3,131,"Okaz, South Riyadh, Riyadh"
499000,Apartment,2,3,127,"Okaz, South Riyadh, Riyadh"
499000,Apartment,2,3,127,"Okaz, South Riyadh, Riyadh"
650000,Apartment,5,3,175,"Al Salamah, North Jeddah, Jeddah"
800000,Apartment,4,3,139,"Al Rawdah, North Jeddah, Jeddah"
580000,Apartment,3,3,100,"Al Naim, North Jeddah, Jeddah"
650000,Apartment,4,3,111,"Al Salamah, North Jeddah, Jeddah"
730000,Apartment,4,3,117,"Al Rawdah, North Jeddah, Jeddah"
650000,Apartment,4,3,111,"Al Salamah, North Jeddah, Jeddah"
950000,Apartment,3,3,150,"Al Mahdiyah, West Riyadh, Riyadh"
850000,Apartment,3,3,125,"Al Mahdiyah, West Riyadh, Riyadh"
730000,Apartment,4,3,112,"Al Rawdah, North Jeddah, Jeddah"
730000,Apartment,5,3,130,"Al Naim, North Jeddah, Jeddah"
750000,Apartment,4,3,120,"Al Rawdah, North Jeddah, Jeddah"
750000,Apartment,4,3,120,"Al Rawdah, North Jeddah, Jeddah"
800000,Apartment,4,3,146,"Dhahrat Laban, West Riyadh, Riyadh"
800000,Apartment,4,3,130,"Dhahrat Laban, West Riyadh, Riyadh"
850000,Apartment,4,3,130,"Dhahrat Laban, West Riyadh, Riyadh"
850000,Apartment,4,3,146,"Dhahrat Laban, West Riyadh, Riyadh"
700000,Floor,3,3,151,"Al Suwaidi, West Riyadh, Riyadh"
850000,Villa,5,5,242,"Okaz, South Riyadh, Riyadh"
750000,Apartment,4,3,114,"Al Rawdah, North Jeddah, Jeddah"
730000,Apartment,4,3,117,"Al Rawdah, North Jeddah, Jeddah"
580000,Apartment,3,3,100,"Al Naim, North Jeddah, Jeddah"
7800000,Villa,5,3,400,"Al Narjis, North Riyadh, Riyadh"
5500000,Apartment,2,2,217,"Al Shati, North Jeddah, Jeddah"
900000,Apartment,5,3,188,"Al Naim, North Jeddah, Jeddah"
900000,Floor,5,5,134,"Al Rimal, East Riyadh, Riyadh"
900000,Floor,4,3,171,"Al Rimal, East Riyadh, Riyadh"
730000,Apartment,5,3,100,"Al Naim, North Jeddah, Jeddah"
730000,Apartment,5,3,130,"Al Naim, North Jeddah, Jeddah"
1200000,Floor,4,4,230,"Al Khaleej, East Riyadh, Riyadh"
555000,Apartment,6,6,149,"Al Hamra, Al Khobar"
680000,Apartment,5,3,136,"Al Salamah, North Jeddah, Jeddah"
1800000,Villa,6,5,366,"Al Mahdiyah, West Riyadh, Riyadh"
2400000,Villa,6,5,262,"Al Mahdiyah, West Riyadh, Riyadh"
2800000,Villa,6,5,360,"Al Mahdiyah, West Riyadh, Riyadh"
2000000,Villa,5,5,200,"Al Mahdiyah, West Riyadh, Riyadh"
800000,Apartment,3,3,150,"Al Mahdiyah, West Riyadh, Riyadh"
1500000,Villa,5,7,756,"Al Zahrah, West Riyadh, Riyadh"
800000,Floor,3,3,500,"Shubra, West Riyadh, Riyadh"
430000,Apartment,3,3,131,"Badr, South Riyadh, Riyadh"
595000,Apartment,4,3,112,"Al Salamah, North Jeddah, Jeddah"
430000,Apartment,3,3,100,"Al Faisaliyah, Central Jeddah, Jeddah"
580000,Apartment,3,4,124,"Al Suwaidi, West Riyadh, Riyadh"
420000,Apartment,3,3,170,"Badr, South Riyadh, Riyadh"
420000,Apartment,3,3,170,"Badr, South Riyadh, Riyadh"
800000,Floor,3,3,500,"Shubra, West Riyadh, Riyadh"
800000,Floor,3,3,500,"Shubra, West Riyadh, Riyadh"
580000,Apartment,3,4,124,"Al Suwaidi, West Riyadh, Riyadh"
800000,Floor,3,3,500,"Shubra, West Riyadh, Riyadh"
580000,Apartment,3,3,124,"Al Suwaidi, West Riyadh, Riyadh"
430000,Apartment,3,3,131,"Badr, South Riyadh, Riyadh"
430000,Apartment,3,3,131,"Badr, South Riyadh, Riyadh"
430000,Apartment,3,3,131,"Badr, South Riyadh, Riyadh"
620000,Apartment,3,3,120,"Al Naim, North Jeddah, Jeddah"
680000,Apartment,5,3,136,"Al Salamah, North Jeddah, Jeddah"
1109000,Apartment,3,3,141,"Al Rawdah, East Riyadh, Riyadh"
730000,Apartment,4,3,112,"Al Rawdah, North Jeddah, Jeddah"
730000,Apartment,4,3,130,"Al Naim, North Jeddah, Jeddah"
780000,Apartment,3,3,150,"Al Rimal, East Riyadh, Riyadh"
7000000,Rest House,4,4,2520,"Al Rimal, East Riyadh, Riyadh"
730000,Apartment,4,3,114,"Al Rawdah, North Jeddah, Jeddah"
730000,Apartment,4,3,114,"Al Rawdah, North Jeddah, Jeddah"
859000,Apartment,3,3,145,"Al Rimal, East Riyadh, Riyadh"
930000,Apartment,3,2,130,"Al Mahdiyah, West Riyadh, Riyadh"
750000,Apartment,3,3,478,"Al Mahdiyah, West Riyadh, Riyadh"
750000,Apartment,3,3,478,"Al Mahdiyah, West Riyadh, Riyadh"
750000,Apartment,3,2,478,"Al Mahdiyah, West Riyadh, Riyadh"
2100000,Villa,7,5,366,"Al Mahdiyah, West Riyadh, Riyadh"
3000000,Villa,7,5,366,"Al Mahdiyah, West Riyadh, Riyadh"
2050000,Villa,7,5,200,"Al Mahdiyah, West Riyadh, Riyadh"
2000000,Villa,6,5,200,"Al Mahdiyah, West Riyadh, Riyadh"
2200000,Villa,5,4,235,"Al Mahdiyah, West Riyadh, Riyadh"
2100000,Villa,6,4,200,"Al Mahdiyah, West Riyadh, Riyadh"
920000,Apartment,3,3,160,"Al Mahdiyah, West Riyadh, Riyadh"
2350000,Villa,7,6,366,"Al Mahdiyah, West Riyadh, Riyadh"
1800000,Villa,7,6,366,"Al Mahdiyah, West Riyadh, Riyadh"
3000000,Villa,6,5,300,"Al Mahdiyah, West Riyadh, Riyadh"
1800000,Villa,7,5,366,"Al Mahdiyah, West Riyadh, Riyadh"
3000000,Villa,7,5,366,"Al Mahdiyah, West Riyadh, Riyadh"
2800000,Villa,7,6,366,"Al Mahdiyah, West Riyadh, Riyadh"
2800000,Villa,5,5,385,"Al Mahdiyah, West Riyadh, Riyadh"
2400000,Villa,6,4,240,"Al Mahdiyah, West Riyadh, Riyadh"
2900000,Villa,6,5,312,"Al Mahdiyah, West Riyadh, Riyadh"
2450000,Villa,5,4,240,"Al Mahdiyah, West Riyadh, Riyadh"
2000000,Villa,5,4,200,"Al Mahdiyah, West Riyadh, Riyadh"
1950000,Villa,6,4,225,"Al Mahdiyah, West Riyadh, Riyadh"
2400000,Villa,6,5,250,"Al Mahdiyah, West Riyadh, Riyadh"
2000000,Villa,6,5,250,"Al Mahdiyah, West Riyadh, Riyadh"
1800000,Villa,6,5,366,"Al Mahdiyah, West Riyadh, Riyadh"
1800000,Villa,6,5,366,"Al Mahdiyah, West Riyadh, Riyadh"
3000000,Villa,7,5,300,"Al Mahdiyah, West Riyadh, Riyadh"
3200000,Villa,7,5,366,"Al Mahdiyah, West Riyadh, Riyadh"
3500000,Villa,8,5,450,"Al Mahdiyah, West Riyadh, Riyadh"
2400000,Villa,7,5,300,"Al Mahdiyah, West Riyadh, Riyadh"
2000000,Villa,7,5,200,"Al Mahdiyah, West Riyadh, Riyadh"
1800000,Villa,7,5,366,"Al Mahdiyah, West Riyadh, Riyadh"
1800000,Villa,7,5,366,"Al Mahdiyah, West Riyadh, Riyadh"
1800000,Villa,7,5,366,"Al Mahdiyah, West Riyadh, Riyadh"
2150000,Villa,7,5,366,"Al Mahdiyah, West Riyadh, Riyadh"
975000,Apartment,3,2,162,"Al Mahdiyah, West Riyadh, Riyadh"
1800000,Villa,6,5,200,"Al Mahdiyah, West Riyadh, Riyadh"
1800000,Villa,6,5,200,"Al Mahdiyah, West Riyadh, Riyadh"
2900000,Villa,6,5,366,"Al Mahdiyah, West Riyadh, Riyadh"
2100000,Villa,7,5,200,"Al Mahdiyah, West Riyadh, Riyadh"
2200000,Villa,7,5,250,"Al Mahdiyah, West Riyadh, Riyadh"
2800000,Villa,7,5,366,"Al Mahdiyah, West Riyadh, Riyadh"
2400000,Villa,7,5,366,"Al Mahdiyah, West Riyadh, Riyadh"
1850000,Villa,7,5,366,"Al Mahdiyah, West Riyadh, Riyadh"
1799999,Villa,6,5,366,"Al Mahdiyah, West Riyadh, Riyadh"
1800000,Villa,6,5,366,"Al Mahdiyah, West Riyadh, Riyadh"
1800000,Villa,6,5,366,"Al Mahdiyah, West Riyadh, Riyadh"
1800000,Villa,6,5,366,"Al Mahdiyah, West Riyadh, Riyadh"
1800000,Villa,5,5,400,"Al Mahdiyah, West Riyadh, Riyadh"
1800000,Villa,6,5,366,"Al Mahdiyah, West Riyadh, Riyadh"
1800000,Villa,6,5,366,"Al Mahdiyah, West Riyadh, Riyadh"
1800000,Villa,6,5,366,"Al Mahdiyah, West Riyadh, Riyadh"
1800000,Villa,6,5,366,"Al Mahdiyah, West Riyadh, Riyadh"
1950000,Villa,4,5,200,"Al Mahdiyah, West Riyadh, Riyadh"
1950000,Villa,7,5,366,"Al Mahdiyah, West Riyadh, Riyadh"
1850000,Villa,7,5,366,"Al Mahdiyah, West Riyadh, Riyadh"
2100000,Villa,7,5,366,"Al Mahdiyah, West Riyadh, Riyadh"
3000000,Villa,7,5,366,"Al Mahdiyah, West Riyadh, Riyadh"
2900000,Villa,7,5,366,"Al Mahdiyah, West Riyadh, Riyadh"
1800000,Villa,7,5,366,"Al Mahdiyah, West Riyadh, Riyadh"
2600000,Villa,7,5,366,"Al Mahdiyah, West Riyadh, Riyadh"
2000000,Villa,7,5,366,"Al Mahdiyah, West Riyadh, Riyadh"
1850000,Villa,7,5,366,"Al Mahdiyah, West Riyadh, Riyadh"
1990000,Villa,7,5,366,"Al Mahdiyah, West Riyadh, Riyadh"
3000000,Villa,7,5,366,"Al Mahdiyah, West Riyadh, Riyadh"
2000000,Villa,7,5,366,"Al Mahdiyah, West Riyadh, Riyadh"
3200000,Villa,7,5,366,"Al Mahdiyah, West Riyadh, Riyadh"
3150000,Villa,7,5,366,"Al Mahdiyah, West Riyadh, Riyadh"
3000000,Villa,7,5,366,"Al Mahdiyah, West Riyadh, Riyadh"
2750000,Villa,7,5,360,"Al Mahdiyah, West Riyadh, Riyadh"
2300000,Villa,7,5,366,"Al Mahdiyah, West Riyadh, Riyadh"
4000000,Villa,5,5,400,"Al Mahdiyah, West Riyadh, Riyadh"
1800000,Villa,4,4,200,"Al Mahdiyah, West Riyadh, Riyadh"
2450000,Villa,6,6,300,"Al Mahdiyah, West Riyadh, Riyadh"
2000000,Villa,6,5,260,"Al Mahdiyah, West Riyadh, Riyadh"
2000000,Villa,6,3,260,"Al Mahdiyah, West Riyadh, Riyadh"
900000,Apartment,4,3,150,"Al Mahdiyah, West Riyadh, Riyadh"
3950000,Villa,6,5,450,"Al Mahdiyah, West Riyadh, Riyadh"
1900000,Villa,5,5,260,"Al Mahdiyah, West Riyadh, Riyadh"
900000,Apartment,3,3,137,"Al Mahdiyah, West Riyadh, Riyadh"
1730000,Villa,5,5,260,"Al Mahdiyah, West Riyadh, Riyadh"
2000000,Villa,6,4,200,"Al Mahdiyah, West Riyadh, Riyadh"
1800000,Villa,3,5,150,"Al Mahdiyah, West Riyadh, Riyadh"
1850000,Villa,6,5,200,"Al Mahdiyah, West Riyadh, Riyadh"
3200000,Villa,6,4,300,"Al Mahdiyah, West Riyadh, Riyadh"
1850000,Villa,7,4,366,"Al Mahdiyah, West Riyadh, Riyadh"
4700000,Villa,5,5,400,"Al Mahdiyah, West Riyadh, Riyadh"
2400000,Villa,7,5,366,"Al Mahdiyah, West Riyadh, Riyadh"
2350000,Villa,7,4,366,"Al Mahdiyah, West Riyadh, Riyadh"
8500000,Villa,6,5,300,"Al Mahdiyah, West Riyadh, Riyadh"
4000000,Villa,6,4,375,"Al Mahdiyah, West Riyadh, Riyadh"
4000000,Villa,3,3,400,"Al Mahdiyah, West Riyadh, Riyadh"
1800000,Villa,8,6,200,"Al Mahdiyah, West Riyadh, Riyadh"
2400000,Villa,7,6,366,"Al Mahdiyah, West Riyadh, Riyadh"
2000000,Villa,7,6,366,"Al Mahdiyah, West Riyadh, Riyadh"
4000000,Villa,7,5,366,"Al Mahdiyah, West Riyadh, Riyadh"
1800000,Villa,7,4,366,"Al Mahdiyah, West Riyadh, Riyadh"
3000000,Villa,7,5,366,"Al Mahdiyah, West Riyadh, Riyadh"
1850000,Villa,6,5,400,"Al Mahdiyah, West Riyadh, Riyadh"
1980000,Villa,5,4,400,"Al Mahdiyah, West Riyadh, Riyadh"
2000000,Villa,5,4,200,"Al Mahdiyah, West Riyadh, Riyadh"
1750000,Villa,5,4,400,"Al Mahdiyah, West Riyadh, Riyadh"
800000,Apartment,8,5,212,"Al Marwah, North Jeddah, Jeddah"
1440000,Villa,3,4,300,"Al Hazm, West Riyadh, Riyadh"
780000,Apartment,4,3,136,"Al Rawdah, North Jeddah, Jeddah"
670000,Apartment,5,3,162,"Al Nuzhah, North Jeddah, Jeddah"
3200000,Villa,5,5,383,"Qurtubah, East Riyadh, Riyadh"
859000,Apartment,3,3,145,"Al Rimal, East Riyadh, Riyadh"
819000,Apartment,3,3,132,"Al Rimal, East Riyadh, Riyadh"
770000,Apartment,4,5,630,"Badr, South Riyadh, Riyadh"
770000,Apartment,4,4,630,"Badr, South Riyadh, Riyadh"
800000,Apartment,4,4,630,"Badr, South Riyadh, Riyadh"
770000,Apartment,4,4,630,"Badr, South Riyadh, Riyadh"
770000,Apartment,4,4,630,"Badr, South Riyadh, Riyadh"
770000,Apartment,4,4,630,"Badr, South Riyadh, Riyadh"
859000,Apartment,3,2,101,"Al Rawdah, East Riyadh, Riyadh"
1099000,Apartment,3,3,141,"Al Rawdah, East Riyadh, Riyadh"
2350000,Villa,4,5,250,"Al Yarmuk, East Riyadh, Riyadh"
780000,Apartment,4,3,136,"Al Rawdah, North Jeddah, Jeddah"
979000,Apartment,3,3,120,"Al Rawdah, East Riyadh, Riyadh"
770000,Apartment,3,3,630,"Badr, South Riyadh, Riyadh"
770000,Apartment,4,4,630,"Badr, South Riyadh, Riyadh"
630000,Apartment,4,3,112,"Al Salamah, North Jeddah, Jeddah"
400000,Apartment,3,3,131,"Al Dar Al Baida, South Riyadh, Riyadh"
860000,Floor,4,3,500,"Al Zahrah, West Riyadh, Riyadh"
1100000,Villa,4,4,188,"Al Qadisiyah, East Riyadh, Riyadh"
1439000,Apartment,3,3,136,"Al Narjis, North Riyadh, Riyadh"
750000,Apartment,4,3,114,"Al Rawdah, North Jeddah, Jeddah"
580000,Apartment,3,3,100,"Al Naim, North Jeddah, Jeddah"
740000,Apartment,5,3,130,"Al Naim, North Jeddah, Jeddah"
830000,Apartment,3,3,141,"Al Maizilah, East Riyadh, Riyadh"
1200000,Floor,4,4,222,"Al Qadisiyah, East Riyadh, Riyadh"
1000000,Floor,2,3,185,"Al Munsiyah, East Riyadh, Riyadh"
839000,Apartment,2,2,97,"Al Rawdah, East Riyadh, Riyadh"
989000,Apartment,3,3,130,"Al Rawdah, East Riyadh, Riyadh"
829000,Apartment,3,3,145,"Al Rimal, East Riyadh, Riyadh"
2350000,Villa,5,5,250,"Al Yarmuk, East Riyadh, Riyadh"
800000,Apartment,3,3,630,"Badr, South Riyadh, Riyadh"
819000,Apartment,3,3,134,"Al Rimal, East Riyadh, Riyadh"
1300000,Floor,4,3,167,"Al Munsiyah, East Riyadh, Riyadh"
739000,Apartment,3,3,132,"Al Rimal, East Riyadh, Riyadh"
2000000,Villa,5,5,275,"Al Rimal, East Riyadh, Riyadh"
797000,Apartment,4,3,88,"Al Qadisiyah, East Riyadh, Riyadh"
900000,Floor,4,4,212,"Al Qadisiyah, East Riyadh, Riyadh"
900000,Floor,4,4,199,"Al Qadisiyah, East Riyadh, Riyadh"
530000,Apartment,3,5,163,"Okaz, South Riyadh, Riyadh"
430000,Apartment,4,3,149,"Badr, South Riyadh, Riyadh"
400000,Apartment,3,3,131,"Al Dar Al Baida, South Riyadh, Riyadh"
860000,Apartment,4,3,250,"Al Zahrah, West Riyadh, Riyadh"
860000,Floor,3,3,500,"Al Zahrah, West Riyadh, Riyadh"
430000,Apartment,3,3,149,"Badr, South Riyadh, Riyadh"
420000,Apartment,4,4,131,"Al Dar Al Baida, South Riyadh, Riyadh"
400000,Apartment,3,3,131,"Al Dar Al Baida, South Riyadh, Riyadh"
1100000,Villa,4,4,188,"Al Qadisiyah, East Riyadh, Riyadh"
690000,Apartment,4,4,177,"Badr, South Riyadh, Riyadh"
760000,Floor,3,3,214,"Badr, South Riyadh, Riyadh"
450000,Apartment,3,3,178,"Badr, South Riyadh, Riyadh"
640000,Apartment,4,4,165,"King Fahd, Makkah"
520000,Apartment,4,3,120,"Al Waha, North Jeddah, Jeddah"
3800000,Villa,6,5,450,"Al Yarmuk, East Riyadh, Riyadh"
670000,Apartment,5,3,162,"Al Nuzhah, North Jeddah, Jeddah"
670000,Apartment,5,3,162,"Al Nuzhah, North Jeddah, Jeddah"
1250000,Floor,4,3,260,"Al Janadriyah, East Riyadh, Riyadh"
3400000,Villa,5,5,360,"Al Rimal, East Riyadh, Riyadh"
1050000,Floor,3,3,165,"Al Janadriyah, East Riyadh, Riyadh"
1550000,Floor,4,6,206,"Al Munsiyah, East Riyadh, Riyadh"
990000,Floor,3,3,177,"Al Rimal, East Riyadh, Riyadh"
3000000,Villa,5,6,338,"Al Rimal, East Riyadh, Riyadh"
2600000,Villa,4,4,376,"Al Yarmuk, East Riyadh, Riyadh"
850000,Floor,3,3,170,"Al Bayan Neighborhood, East Riyadh, Riyadh"
770000,Apartment,4,4,630,"Badr, South Riyadh, Riyadh"
1120000,Floor,5,5,168,"Al Qadisiyah, East Riyadh, Riyadh"
1950000,Floor,4,4,268,"Al Narjis, North Riyadh, Riyadh"
1000000,Floor,5,4,192,"Al Qadisiyah, East Riyadh, Riyadh"
1200000,Floor,4,4,156,"Al Bayan Neighborhood, East Riyadh, Riyadh"
770000,Apartment,4,4,630,"Badr, South Riyadh, Riyadh"
1600000,Floor,4,6,206,"Al Munsiyah, East Riyadh, Riyadh"
800000,Apartment,3,3,158,"Al Rimal, East Riyadh, Riyadh"
710000,Apartment,2,3,132,"Al Rimal, East Riyadh, Riyadh"
740000,Apartment,2,3,129,"Al Rimal, East Riyadh, Riyadh"
1200000,Villa,10,7,300,"Al Rahmanyah, North Jeddah, Jeddah"
1270000,Villa,6,7,389,"Al Nwwariyah, Makkah"
660000,Apartment,2,2,200,"Al Nwwariyah, Makkah"
630000,Apartment,3,3,195,"Al Nwwariyah, Makkah"
700000,Floor,5,4,132,"Al Rahmanyah, North Jeddah, Jeddah"
700000,Floor,5,4,132,"Al Rahmanyah, North Jeddah, Jeddah"
720000,Floor,4,3,132,"Al Rahmanyah, North Jeddah, Jeddah"
550000,Apartment,3,3,202,"Ash Shamiya Al Jadid, Makkah"
520000,Apartment,3,3,202,"Ash Shamiya Al Jadid, Makkah"
750000,Apartment,3,3,164,"Ash Shamiya Al Jadid, Makkah"
470000,Apartment,3,3,202,"Ash Shamiya Al Jadid, Makkah"
550000,Apartment,3,3,240,"Ash Shamiya Al Jadid, Makkah"
480000,Apartment,4,3,164,"Ash Shamiya Al Jadid, Makkah"
600000,Apartment,6,6,216,"Al Dhurfah, Khamis Mushait"
550000,Apartment,3,4,301,"An Nuzhah 1, Ahad Rafidah"
730000,Apartment,1,1,130,"Al Naim, North Jeddah, Jeddah"
650000,Apartment,1,1,123,"Al Salamah, North Jeddah, Jeddah"
650000,Apartment,1,1,111,"Al Salamah, North Jeddah, Jeddah"
730000,Apartment,5,3,130,"Al Naim, North Jeddah, Jeddah"
790000,Apartment,1,1,175,"Al Salamah, North Jeddah, Jeddah"
2400000,Villa,8,5,796,"Tuwaiq, West Riyadh, Riyadh"
850000,Apartment,4,3,1800,"Al Mahdiyah, West Riyadh, Riyadh"
850000,Apartment,4,3,1800,"Al Mahdiyah, West Riyadh, Riyadh"
1500000,Floor,4,5,230,"Al Khaleej, East Riyadh, Riyadh"
1500000,Floor,4,5,230,"Al Khaleej, East Riyadh, Riyadh"
950000,Floor,3,3,125,"Al Rimal, East Riyadh, Riyadh"
1500000,Floor,4,3,160,"Al Rimal, East Riyadh, Riyadh"
800000,Floor,5,3,300,"Al Janadriyah, East Riyadh, Riyadh"
1250000,Floor,4,4,200,"Al Qadisiyah, East Riyadh, Riyadh"
1100000,Floor,3,4,164,"Al Rimal, East Riyadh, Riyadh"
470000,Apartment,4,4,114,"Tuwaiq, West Riyadh, Riyadh"
750000,Floor,3,4,174,"Al Janadriyah, East Riyadh, Riyadh"
800000,Apartment,3,3,145,"Al Qadisiyah, East Riyadh, Riyadh"
950000,Apartment,4,3,159,"Al Qadisiyah, East Riyadh, Riyadh"
1100000,Apartment,5,3,196,"Al Rawdah, North Jeddah, Jeddah"
1100000,Apartment,5,3,196,"Al Rawdah, North Jeddah, Jeddah"
1100000,Villa,6,8,318,"Ash Shamiya Al Jadid, Makkah"
399000,Apartment,3,3,96,"Al Rayaan, North Jeddah, Jeddah"
1350000,Floor,4,5,185,"Al Munsiyah, East Riyadh, Riyadh"
670000,Apartment,5,3,162,"Al Nuzhah, North Jeddah, Jeddah"
670000,Apartment,5,3,162,"Al Nuzhah, North Jeddah, Jeddah"
930000,Apartment,3,2,400,"Al Mahdiyah, West Riyadh, Riyadh"
900000,Apartment,3,3,138,"Al Mahdiyah, West Riyadh, Riyadh"
900000,Apartment,3,3,160,"Al Mahdiyah, West Riyadh, Riyadh"
800000,Apartment,3,3,130,"Al Mahdiyah, West Riyadh, Riyadh"
1350000,Apartment,3,3,139,"Al Narjis, North Riyadh, Riyadh"
2100000,Villa,5,6,328,"Al Rimal, East Riyadh, Riyadh"
2600000,Villa,5,7,250,"Al Yarmuk, East Riyadh, Riyadh"
780000,Apartment,5,3,176,"Al Salamah, North Jeddah, Jeddah"
670000,Apartment,5,3,162,"Al Nuzhah, North Jeddah, Jeddah"
2000000,Villa,4,5,275,"Al Rimal, East Riyadh, Riyadh"
2900000,Villa,6,10,395,"Al Sheraa, Al Khobar"
3000000,Villa,6,7,436,"Al Sheraa, Al Khobar"
2600000,Villa,6,5,250,"Al Yarmuk, East Riyadh, Riyadh"
1550000,Floor,5,5,207,"Al Munsiyah, East Riyadh, Riyadh"
905000,Apartment,3,4,159,"Al Qadisiyah, East Riyadh, Riyadh"
3000000,Villa,4,4,420,"Al Bayan Neighborhood, East Riyadh, Riyadh"
500000,Apartment,3,3,205,"Badr, South Riyadh, Riyadh"
880000,Apartment,3,3,138,"Al Mahdiyah, West Riyadh, Riyadh"
2100000,Villa,5,5,400,"Al Mahdiyah, West Riyadh, Riyadh"
530000,Apartment,4,3,135,"Al Mraikh, North Jeddah, Jeddah"
1450000,Apartment,6,4,216,"Al Zahraa, North Jeddah, Jeddah"
850000,Floor,3,4,204,"Al Janadriyah, East Riyadh, Riyadh"
620000,Apartment,3,3,111,"Al Naim, North Jeddah, Jeddah"
780000,Apartment,4,3,132,"Al Rawdah, North Jeddah, Jeddah"
620000,Apartment,1,1,111,"Al Naim, North Jeddah, Jeddah"
750000,Apartment,5,3,136,"Al Naim, North Jeddah, Jeddah"
750000,Apartment,1,1,136,"Al Naim, North Jeddah, Jeddah"
750000,Apartment,5,3,136,"Al Naim, North Jeddah, Jeddah"
730000,Apartment,5,3,130,"Al Naim, North Jeddah, Jeddah"
840000,Apartment,4,3,1800,"Al Mahdiyah, West Riyadh, Riyadh"
840000,Apartment,4,3,1800,"Al Mahdiyah, West Riyadh, Riyadh"
840000,Apartment,4,3,1800,"Al Mahdiyah, West Riyadh, Riyadh"
950000,Floor,6,6,257,"Tuwaiq, West Riyadh, Riyadh"
2000000,Villa,4,6,400,"Al Mahdiyah, West Riyadh, Riyadh"
700000,Apartment,3,3,72,"Al Janadriyah, East Riyadh, Riyadh"
3000000,Villa,7,5,300,"Al Mahdiyah, West Riyadh, Riyadh"
750000,Apartment,5,3,140,"Al Naim, North Jeddah, Jeddah"
620000,Apartment,3,3,115,"Al Naim, North Jeddah, Jeddah"
430000,Apartment,3,3,131,"Badr, South Riyadh, Riyadh"
650000,Apartment,3,3,184,"Tuwaiq, West Riyadh, Riyadh"
3000000,Villa,7,5,308,"Al Mahdiyah, West Riyadh, Riyadh"
2400000,Villa,7,7,592,"Al Mahdiyah, West Riyadh, Riyadh"
3300000,Villa,4,6,360,"Al Mahdiyah, West Riyadh, Riyadh"
3300000,Villa,7,5,360,"Al Mahdiyah, West Riyadh, Riyadh"
2400000,Villa,6,5,200,"Al Mahdiyah, West Riyadh, Riyadh"
1800000,Villa,5,5,400,"Al Mahdiyah, West Riyadh, Riyadh"
1970000,Villa,5,5,400,"Al Mahdiyah, West Riyadh, Riyadh"
3000000,Villa,5,5,400,"Al Mahdiyah, West Riyadh, Riyadh"
3000000,Villa,5,5,400,"Al Mahdiyah, West Riyadh, Riyadh"
3000000,Villa,5,5,400,"Al Mahdiyah, West Riyadh, Riyadh"
1800000,Villa,5,4,400,"Al Mahdiyah, West Riyadh, Riyadh"
1800000,Villa,5,4,400,"Al Mahdiyah, West Riyadh, Riyadh"
1800000,Villa,5,4,400,"Al Mahdiyah, West Riyadh, Riyadh"
2250000,Villa,4,3,400,"Al Mahdiyah, West Riyadh, Riyadh"
1800000,Villa,5,4,400,"Al Mahdiyah, West Riyadh, Riyadh"
1800000,Villa,5,4,400,"Al Mahdiyah, West Riyadh, Riyadh"
1800000,Villa,5,4,400,"Al Mahdiyah, West Riyadh, Riyadh"
1800000,Villa,5,5,400,"Al Mahdiyah, West Riyadh, Riyadh"
1800000,Villa,5,4,400,"Al Mahdiyah, West Riyadh, Riyadh"
1800000,Villa,5,4,400,"Al Mahdiyah, West Riyadh, Riyadh"
1800000,Villa,5,4,400,"Al Mahdiyah, West Riyadh, Riyadh"
1800000,Villa,5,4,400,"Al Mahdiyah, West Riyadh, Riyadh"
2300000,Villa,5,7,400,"Al Mahdiyah, West Riyadh, Riyadh"
2350000,Villa,5,3,400,"Al Mahdiyah, West Riyadh, Riyadh"
3200000,Villa,5,4,400,"Al Mahdiyah, West Riyadh, Riyadh"
2350000,Villa,5,3,400,"Al Mahdiyah, West Riyadh, Riyadh"
2350000,Villa,6,7,400,"Al Mahdiyah, West Riyadh, Riyadh"
1800000,Villa,5,5,400,"Al Mahdiyah, West Riyadh, Riyadh"
2150000,Villa,5,4,400,"Al Mahdiyah, West Riyadh, Riyadh"
1800000,Villa,5,3,400,"Al Mahdiyah, West Riyadh, Riyadh"
2400000,Villa,6,5,240,"Al Mahdiyah, West Riyadh, Riyadh"
3500000,Villa,6,5,475,"Al Mahdiyah, West Riyadh, Riyadh"
820000,Apartment,3,3,130,"Al Mahdiyah, West Riyadh, Riyadh"
3000000,Villa,7,6,300,"Al Mahdiyah, West Riyadh, Riyadh"
1850000,Villa,6,5,200,"Al Mahdiyah, West Riyadh, Riyadh"
2600000,Villa,6,5,341,"Al Mahdiyah, West Riyadh, Riyadh"
880000,Apartment,3,4,130,"Al Mahdiyah, West Riyadh, Riyadh"
800000,Apartment,3,3,138,"Al Mahdiyah, West Riyadh, Riyadh"
2500000,Villa,6,5,300,"Al Mahdiyah, West Riyadh, Riyadh"
2500000,Villa,6,5,300,"Al Mahdiyah, West Riyadh, Riyadh"
1800000,Villa,6,5,200,"Al Mahdiyah, West Riyadh, Riyadh"
1850000,Villa,6,5,200,"Al Mahdiyah, West Riyadh, Riyadh"
750000,Apartment,3,3,145,"Al Mahdiyah, West Riyadh, Riyadh"
750000,Apartment,3,3,130,"Al Mahdiyah, West Riyadh, Riyadh"
2000000,Villa,6,5,262,"Al Mahdiyah, West Riyadh, Riyadh"
2500000,Villa,6,5,300,"Al Mahdiyah, West Riyadh, Riyadh"
2500000,Villa,6,5,300,"Al Mahdiyah, West Riyadh, Riyadh"
2200000,Villa,6,5,300,"Al Mahdiyah, West Riyadh, Riyadh"
1950000,Villa,6,5,200,"Al Mahdiyah, West Riyadh, Riyadh"
2100000,Villa,5,4,400,"Al Mahdiyah, West Riyadh, Riyadh"
4000000,Villa,5,4,400,"Al Mahdiyah, West Riyadh, Riyadh"
2500000,Villa,5,5,400,"Al Mahdiyah, West Riyadh, Riyadh"
2100000,Villa,5,3,200,"Al Mahdiyah, West Riyadh, Riyadh"
750000,Apartment,3,3,140,"Al Mahdiyah, West Riyadh, Riyadh"
1800000,Villa,5,3,250,"Al Mahdiyah, West Riyadh, Riyadh"
1800000,Villa,5,3,200,"Al Mahdiyah, West Riyadh, Riyadh"
800000,Apartment,3,3,130,"Al Mahdiyah, West Riyadh, Riyadh"
420000,Apartment,3,3,131,"Al Dar Al Baida, South Riyadh, Riyadh"
420000,Apartment,3,3,131,"Al Dar Al Baida, South Riyadh, Riyadh"
420000,Apartment,3,3,131,"Al Dar Al Baida, South Riyadh, Riyadh"
420000,Apartment,3,3,131,"Al Dar Al Baida, South Riyadh, Riyadh"
420000,Apartment,3,3,132,"Al Dar Al Baida, South Riyadh, Riyadh"
650000,Apartment,3,3,150,"Alawali, West Riyadh, Riyadh"
420000,Apartment,3,3,131,"Al Dar Al Baida, South Riyadh, Riyadh"
420000,Apartment,3,3,131,"Al Dar Al Baida, South Riyadh, Riyadh"
450000,Apartment,3,3,177,"Badr, South Riyadh, Riyadh"
420000,Apartment,3,3,131,"Al Dar Al Baida, South Riyadh, Riyadh"
550000,Apartment,5,3,156,"Ash Shamiya Al Jadid, Makkah"
35000000,Residential Building,11,6,2844,"Al Safa, North Jeddah, Jeddah"
1450000,Apartment,5,3,5408,"Al Munsiyah, East Riyadh, Riyadh"
450000,Apartment,3,3,149,"Badr, South Riyadh, Riyadh"
450000,Apartment,4,3,149,"Badr, South Riyadh, Riyadh"
450000,Apartment,3,3,149,"Badr, South Riyadh, Riyadh"
685000,Apartment,3,3,180,"Alawali, West Riyadh, Riyadh"
550000,Apartment,3,2,128,"Al Zahrah, West Riyadh, Riyadh"
5250000,Villa,6,6,656,"Al Shati, North Jeddah, Jeddah"
4650000,Villa,5,6,656,"Al Shati, North Jeddah, Jeddah"
1350000,Villa,5,5,275,"Al Rahmanyah, North Jeddah, Jeddah"
400000,Apartment,4,2,100,"Al Ajwad, North Jeddah, Jeddah"
400000,Apartment,4,2,100,"Al Ajwad, North Jeddah, Jeddah"
690000,Apartment,5,3,187,"Al Rehab, North Jeddah, Jeddah"
665000,Apartment,5,3,164,"Al Rehab, North Jeddah, Jeddah"
1050000,Apartment,5,4,539,"Al Rawdah, North Jeddah, Jeddah"
450000,Apartment,3,3,173,"Badr, South Riyadh, Riyadh"
440000,Apartment,4,3,132,"As Salamah, Makkah"
680000,Apartment,5,3,136,"Al Salamah, North Jeddah, Jeddah"
680000,Apartment,5,3,136,"Al Salamah, North Jeddah, Jeddah"
590000,Apartment,3,3,111,"Al Salamah, North Jeddah, Jeddah"
680000,Apartment,5,3,136,"Al Salamah, North Jeddah, Jeddah"
550000,Apartment,3,3,100,"Al Naim, North Jeddah, Jeddah"
450000,Apartment,4,3,129,"As Salamah, Makkah"
550000,Apartment,3,3,100,"Al Naim, North Jeddah, Jeddah"
430000,Apartment,3,1,99,"Al Faisaliyah, Central Jeddah, Jeddah"
440000,Apartment,4,1,103,"Al Faisaliyah, Central Jeddah, Jeddah"
620000,Apartment,4,3,120,"Al Salamah, North Jeddah, Jeddah"
440000,Apartment,4,3,100,"Al Faisaliyah, Central Jeddah, Jeddah"
3500000,Villa,5,5,400,"King Faisal, East Riyadh, Riyadh"
430000,Apartment,3,3,149,"Badr, South Riyadh, Riyadh"
680000,Apartment,5,3,137,"Al Salamah, North Jeddah, Jeddah"
590000,Apartment,3,3,111,"Al Salamah, North Jeddah, Jeddah"
1350000,Apartment,3,3,188,"Al Munsiyah, East Riyadh, Riyadh"
590000,Apartment,3,3,111,"Al Salamah, North Jeddah, Jeddah"
750000,Apartment,5,3,150,"Al Salamah, North Jeddah, Jeddah"
660000,Apartment,3,3,185,"Al Mohamdya, Makkah"
670000,Apartment,3,3,150,"Alawali, West Riyadh, Riyadh"
550000,Apartment,3,3,128,"Al Zahrah, West Riyadh, Riyadh"
450000,Apartment,3,3,177,"Badr, South Riyadh, Riyadh"
670000,Apartment,3,3,150,"Alawali, West Riyadh, Riyadh"
680000,Apartment,4,4,150,"Alawali, West Riyadh, Riyadh"
550000,Apartment,3,3,128,"Al Zahrah, West Riyadh, Riyadh"
670000,Apartment,3,3,150,"Alawali, West Riyadh, Riyadh"
550000,Apartment,3,3,128,"Al Zahrah, West Riyadh, Riyadh"
580000,Apartment,3,3,111,"Al Salamah, North Jeddah, Jeddah"
580000,Apartment,3,3,111,"Al Salamah, North Jeddah, Jeddah"
630000,Apartment,5,3,111,"Al Salamah, North Jeddah, Jeddah"
440000,Apartment,4,3,129,"As Salamah, Makkah"
900000,Apartment,5,3,158,"Al Naim, North Jeddah, Jeddah"
900000,Apartment,5,3,158,"Al Naim, North Jeddah, Jeddah"
580000,Apartment,3,3,111,"Al Salamah, North Jeddah, Jeddah"
680000,Apartment,5,3,136,"Al Salamah, North Jeddah, Jeddah"
630000,Apartment,4,3,111,"Al Salamah, North Jeddah, Jeddah"
485000,Apartment,3,3,125,"Al Manar, North Jeddah, Jeddah"
680000,Apartment,5,3,136,"Al Salamah, North Jeddah, Jeddah"
820000,Apartment,5,3,165,"Al Salamah, North Jeddah, Jeddah"
650000,Apartment,4,3,124,"Al Salamah, North Jeddah, Jeddah"
550000,Apartment,3,3,128,"Al Zahrah, West Riyadh, Riyadh"
680000,Apartment,5,3,136,"Al Salamah, North Jeddah, Jeddah"
580000,Apartment,4,3,111,"Al Salamah, North Jeddah, Jeddah"
680000,Apartment,5,3,136,"Al Salamah, North Jeddah, Jeddah"
580000,Apartment,3,3,111,"Al Salamah, North Jeddah, Jeddah"
720000,Apartment,5,3,135,"Al Naim, North Jeddah, Jeddah"
630000,Apartment,4,3,112,"Al Salamah, North Jeddah, Jeddah"
680000,Apartment,5,3,136,"Al Salamah, North Jeddah, Jeddah"
900000,Apartment,6,3,188,"Al Naim, North Jeddah, Jeddah"
900000,Apartment,5,3,158,"Al Naim, North Jeddah, Jeddah"
720000,Apartment,5,3,135,"Al Naim, North Jeddah, Jeddah"
661500,Apartment,3,2,175,"Tuwaiq, West Riyadh, Riyadh"
1129000,Apartment,3,4,184,"Al Nuzhah, North Jeddah, Jeddah"
1079000,Apartment,3,4,184,"Al Nuzhah, North Jeddah, Jeddah"
999000,Apartment,3,3,170,"Al Nuzhah, North Jeddah, Jeddah"
1059000,Apartment,3,4,174,"Al Nuzhah, North Jeddah, Jeddah"
1129000,Apartment,3,4,184,"Al Nuzhah, North Jeddah, Jeddah"
899000,Apartment,3,4,184,"Al Nuzhah, North Jeddah, Jeddah"
690000,Apartment,6,4,219,"Al Dar Al Baida, South Riyadh, Riyadh"
670000,Apartment,3,3,150,"Alawali, West Riyadh, Riyadh"
690000,Apartment,4,4,177,"Badr, South Riyadh, Riyadh"
685000,Apartment,4,3,180,"Alawali, West Riyadh, Riyadh"
450000,Apartment,3,3,176,"Badr, South Riyadh, Riyadh"
420000,Apartment,3,3,168,"Badr, South Riyadh, Riyadh"
420000,Apartment,4,3,168,"Badr, South Riyadh, Riyadh"
450000,Apartment,3,3,150,"Al Aziziyah, South Riyadh, Riyadh"
680000,Apartment,5,3,136,"Al Salamah, North Jeddah, Jeddah"
690000,Apartment,6,4,219,"Al Dar Al Baida, South Riyadh, Riyadh"
1200000,Floor,3,4,186,"Al Munsiyah, East Riyadh, Riyadh"
450000,Apartment,3,3,177,"Badr, South Riyadh, Riyadh"
800000,Apartment,3,4,124,"Al Qadisiyah, East Riyadh, Riyadh"
770000,Apartment,3,3,140,"Al Qadisiyah, East Riyadh, Riyadh"
972000,Apartment,3,3,197,"Al Munsiyah, East Riyadh, Riyadh"
900000,Apartment,3,3,140,"Al Qadisiyah, East Riyadh, Riyadh"
850000,Apartment,4,3,140,"Al Yarmuk, East Riyadh, Riyadh"
2300000,Villa,7,5,300,"Al Mahdiyah, West Riyadh, Riyadh"
880000,Apartment,5,5,370,"Al Muhammadiyah 2, Jazan"
550000,Apartment,3,2,175,"Al Suways 1, Jazan"
550000,Apartment,5,3,230,"Ar Rehab 1, Jazan"
500000,Apartment,5,4,202,"Al Muhammadiyah 2, Jazan"
1000049,Villa,4,4,283,"Al Sawari, Al Khobar"
4400000,Villa,6,5,611,"Al Bahar, Al Khobar"
3500000,Villa,5,5,600,"Al Arid, North Riyadh, Riyadh"
1500000,Villa,5,5,250,"Al Suwaidi, West Riyadh, Riyadh"
3100000,Villa,5,5,312,"Al Narjis, North Riyadh, Riyadh"
2600000,Villa,5,5,300,"Al Arid, North Riyadh, Riyadh"
1850000,Villa,7,5,360,"Al Bayan Neighborhood, East Riyadh, Riyadh"
3000000,Villa,5,5,600,"Al Maizilah, East Riyadh, Riyadh"
2000000,Villa,7,5,288,"Qurtubah, East Riyadh, Riyadh"
2200000,Villa,5,3,244,"Al Rawdah, East Riyadh, Riyadh"
3400000,Villa,7,5,662,"Al Rimal, East Riyadh, Riyadh"
5000000,Villa,10,4,651,"Al Rimal, East Riyadh, Riyadh"
1250000,Villa,5,5,500,"Badr, South Riyadh, Riyadh"
1550000,Villa,5,5,200,"Al Mahdiyah, West Riyadh, Riyadh"
3750000,Villa,5,5,374,"Al Narjis, North Riyadh, Riyadh"
550000,Apartment,3,3,205,"Alawali, West Riyadh, Riyadh"
1250000,Villa,7,3,250,"Al Hazm, West Riyadh, Riyadh"
880000,Villa,7,5,244,"Al Shifa, South Riyadh, Riyadh"
3700000,Villa,7,5,300,"Al Aqiq, North Riyadh, Riyadh"
2200000,Villa,5,5,1000,"Al Suwaidi Al Gharabi, West Riyadh, Riyadh"
1000000,Villa,4,5,312,"Dhahrat Al Badiah, West Riyadh, Riyadh"
1600000,Villa,5,5,252,"Alawali, West Riyadh, Riyadh"
2000000,Floor,3,3,174,"Al Narjis, North Riyadh, Riyadh"
22000000,Residential Building,10,10,1500,"Al Malqa, North Riyadh, Riyadh"
1069000,Floor,4,4,180,"Al Rimal, East Riyadh, Riyadh"
800000,Floor,5,5,300,"Tuwaiq, West Riyadh, Riyadh"
900000,Villa,4,3,200,"Al Uraija Al Gharbiyah, West Riyadh, Riyadh"
1200000,Villa,5,5,300,"Tuwaiq, West Riyadh, Riyadh"
980000,Villa,5,5,200,"Al Uraija Al Gharbiyah, West Riyadh, Riyadh"
790000,Villa,5,3,225,"Badr, South Riyadh, Riyadh"
1250000,Villa,6,5,250,"Tuwaiq, West Riyadh, Riyadh"
450000,Apartment,4,3,163,"Al Dar Al Baida, South Riyadh, Riyadh"
2300000,Villa,6,5,404,"Al Rimal, East Riyadh, Riyadh"
2000000,Villa,6,4,400,"Al Rimal, East Riyadh, Riyadh"
3000000,Villa,6,5,375,"Al Munsiyah, East Riyadh, Riyadh"
3000000,Villa,4,3,312,"Al Narjis, North Riyadh, Riyadh"
11000000,Villa,5,5,1050,"Al Malqa, North Riyadh, Riyadh"
4000000,Villa,5,5,437,"Al Sahafah, North Riyadh, Riyadh"
2200000,Villa,3,1,221,"Al Arid, North Riyadh, Riyadh"
950000,Villa,5,5,200,"Al Uraija Al Wusta, West Riyadh, Riyadh"
2800000,Villa,15,6,280,"Al Narjis, North Riyadh, Riyadh"
920000,Villa,5,5,200,"Al Uraija Al Gharbiyah, West Riyadh, Riyadh"
1400000,Villa,7,5,432,"Ash Shamiya Al Jadid, Makkah"
770000,Apartment,6,4,228,"Al Ranuna, Madina"
430000,Apartment,5,4,180,"Al Shulah, Dammam"
1300000,Villa,5,5,256,"Taybay, Dammam"
440000,Apartment,5,3,184,"Al Zuhur, Dammam"
2150000,Villa,6,5,517,"Al Shati Al Sharqi, Dammam"
1850000,Villa,5,5,351,"Al Shati Al Sharqi, Dammam"
2000000,Villa,4,5,450,"Al Shati Al Sharqi, Dammam"
1700000,Villa,5,5,306,"Al Saif, Dammam"
1700000,Villa,6,5,302,"Al Muntazah, Dammam"
1500000,Villa,4,3,312,"Al Yaqout, North Jeddah, Jeddah"
500000,Apartment,4,3,145,"Al Mraikh, North Jeddah, Jeddah"
640000,Apartment,5,3,158,"Al Fayhaa, North Jeddah, Jeddah"
420000,Apartment,3,2,99,"Al Marwah, North Jeddah, Jeddah"
680000,Apartment,5,4,189,"Al Fayhaa, North Jeddah, Jeddah"
1169998,Villa,5,5,275,"Al Rahmanyah, North Jeddah, Jeddah"
920000,Villa,6,4,200,"Al Wafa Scheme, North Jeddah, Jeddah"
2500000,Villa,5,5,300,"Obhur Al Shamaliyah, North Jeddah, Jeddah"
1350000,Villa,7,5,360,"Al Frosyah, South Jeddah, Jeddah"
2530000,Villa,7,5,330,"Al Sheraa, North Jeddah, Jeddah"
488000,Apartment,4,3,118,"Al Waha, North Jeddah, Jeddah"
5000000,Villa,7,5,746,"Al Basateen, North Jeddah, Jeddah"
1750000,Villa,5,3,300,"Obhur Al Shamaliyah, North Jeddah, Jeddah"
4000000,Villa,3,3,625,"Al Muhammadiyah, North Jeddah, Jeddah"
2000000,Villa,5,4,300,"Obhur Al Shamaliyah, North Jeddah, Jeddah"
2600000,Apartment,3,4,215,"Obhur Al Janoubiyah, North Jeddah, Jeddah"
1100000,Villa,5,4,296,"Al Rahmanyah, North Jeddah, Jeddah"
870000,Apartment,3,5,205,"Mishrifah, North Jeddah, Jeddah"
775000,Apartment,2,4,166,"Mishrifah, North Jeddah, Jeddah"
850000,Apartment,6,4,160,"Al Zahraa, North Jeddah, Jeddah"
775000,Apartment,5,4,166,"Mishrifah, North Jeddah, Jeddah"
874999,Apartment,5,5,205,"Mishrifah, North Jeddah, Jeddah"
590000,Apartment,6,3,189,"Al Mraikh, North Jeddah, Jeddah"
520000,Apartment,5,3,152,"Al Mraikh, North Jeddah, Jeddah"
660000,Apartment,4,3,115,"Al Salamah, North Jeddah, Jeddah"
775000,Apartment,5,4,166,"Mishrifah, North Jeddah, Jeddah"
874999,Apartment,5,5,205,"Mishrifah, North Jeddah, Jeddah"
775000,Apartment,3,4,166,"Mishrifah, North Jeddah, Jeddah"
740000,Apartment,5,4,170,"Al Salamah, North Jeddah, Jeddah"
520000,Apartment,5,3,157,"Al Mraikh, North Jeddah, Jeddah"
775000,Apartment,5,4,166,"Mishrifah, North Jeddah, Jeddah"
769998,Apartment,5,4,166,"Mishrifah, North Jeddah, Jeddah"
1100000,Apartment,4,3,185,"Al Salamah, North Jeddah, Jeddah"
1300000,Apartment,5,4,185,"Al Salamah, North Jeddah, Jeddah"
875000,Apartment,3,5,205,"Mishrifah, North Jeddah, Jeddah"
875000,Apartment,6,5,205,"Mishrifah, North Jeddah, Jeddah"
600000,Apartment,4,3,115,"Al Salamah, North Jeddah, Jeddah"
510000,Apartment,2,3,149,"Al Mraikh, North Jeddah, Jeddah"
505000,Apartment,4,3,132,"Al Waha, North Jeddah, Jeddah"
490000,Apartment,4,3,131,"Al Marwah, North Jeddah, Jeddah"
405000,Apartment,3,2,102,"Al Marwah, North Jeddah, Jeddah"
740000,Apartment,5,3,166,"Obhur Al Shamaliyah, North Jeddah, Jeddah"
860000,Apartment,5,4,260,"Al Safa, North Jeddah, Jeddah"
560000,Apartment,4,2,126,"Al Manar, North Jeddah, Jeddah"
700000,Apartment,3,3,172,"Al Manar, North Jeddah, Jeddah"
630000,Apartment,5,4,217,"Al Rayaan, North Jeddah, Jeddah"
950000,Apartment,5,4,229,"Al Manar, North Jeddah, Jeddah"
820000,Apartment,6,5,223,"Taiba District, North Jeddah, Jeddah"
730000,Apartment,3,3,166,"Obhur Al Shamaliyah, North Jeddah, Jeddah"
540000,Apartment,2,3,130,"Al Marwah, North Jeddah, Jeddah"
550000,Apartment,5,4,165,"Governmental1, Jeddah"
1550000,Villa,7,5,326,"Al Hamdaniyah, North Jeddah, Jeddah"
660000,Apartment,5,3,166,"Al Waha, North Jeddah, Jeddah"
550000,Apartment,4,3,124,"Al Waha, North Jeddah, Jeddah"
560000,Apartment,4,4,151,"Al Mraikh, North Jeddah, Jeddah"
533000,Apartment,4,3,128,"Al Waha, North Jeddah, Jeddah"
460000,Apartment,4,3,133,"Al Rayaan, North Jeddah, Jeddah"
4000000,Villa,11,3,775,"Al Waha, North Jeddah, Jeddah"
3000000,Villa,5,5,504,"Al Sheraa, North Jeddah, Jeddah"
3700000,Villa,7,5,624,"Al Naim, North Jeddah, Jeddah"
2300000,Villa,5,5,312,"Obhur Al Shamaliyah, North Jeddah, Jeddah"
4000000,Villa,9,5,702,"Al Naim, North Jeddah, Jeddah"
1600000,Villa,4,5,200,"Al Sheraa, North Jeddah, Jeddah"
5000000,Villa,5,5,748,"Al Sheraa, North Jeddah, Jeddah"
1600000,Villa,4,1,330,"Obhur Al Shamaliyah, North Jeddah, Jeddah"
370000,Apartment,3,2,90,"Al Waha, North Jeddah, Jeddah"
450000,Apartment,3,3,102,"Al Waha, North Jeddah, Jeddah"
2200000,Apartment,7,5,480,"Al Nahdah, North Jeddah, Jeddah"
449000,Apartment,4,3,110,"Al Waha, North Jeddah, Jeddah"
750000,Apartment,3,4,194,"Al Aziziyah, North Jeddah, Jeddah"
830000,Apartment,5,4,233,"Al Manar, North Jeddah, Jeddah"
660000,Apartment,5,4,192,"Al Rayaan, North Jeddah, Jeddah"
550000,Apartment,5,3,150,"Al Rehab, North Jeddah, Jeddah"
730000,Apartment,5,3,168,"Al Waha, North Jeddah, Jeddah"
3300000,Villa,7,5,450,"Al Mahdiyah, West Riyadh, Riyadh"
1500000,Villa,4,5,200,"Al Mahdiyah, West Riyadh, Riyadh"
2000000,Villa,6,4,250,"Al Mahdiyah, West Riyadh, Riyadh"
1500000,Villa,5,5,200,"Al Mahdiyah, West Riyadh, Riyadh"
1350000,Villa,4,5,200,"Al Mahdiyah, West Riyadh, Riyadh"
2800000,Villa,7,5,454,"Al Mahdiyah, West Riyadh, Riyadh"
1800000,Villa,5,5,348,"Al Mahdiyah, West Riyadh, Riyadh"
2100000,Villa,6,5,250,"Al Mahdiyah, West Riyadh, Riyadh"
1500000,Villa,3,3,200,"Al Mahdiyah, West Riyadh, Riyadh"
1550000,Villa,6,5,200,"Al Mahdiyah, West Riyadh, Riyadh"
2000000,Villa,7,5,250,"Al Mahdiyah, West Riyadh, Riyadh"
3300000,Villa,7,5,450,"Al Mahdiyah, West Riyadh, Riyadh"
1850000,Villa,5,5,348,"Al Mahdiyah, West Riyadh, Riyadh"
1800000,Villa,3,3,347,"Al Mahdiyah, West Riyadh, Riyadh"
2000000,Villa,6,5,250,"Al Mahdiyah, West Riyadh, Riyadh"
1750000,Villa,6,5,231,"Al Mahdiyah, West Riyadh, Riyadh"
1650000,Villa,6,5,200,"Al Mahdiyah, West Riyadh, Riyadh"
2200000,Villa,6,5,250,"Al Mahdiyah, West Riyadh, Riyadh"
4000000,Villa,5,5,425,"Al Mahdiyah, West Riyadh, Riyadh"
3700000,Villa,7,5,425,"Al Mahdiyah, West Riyadh, Riyadh"
1650000,Villa,6,5,231,"Al Mahdiyah, West Riyadh, Riyadh"
1800000,Villa,6,5,348,"Al Mahdiyah, West Riyadh, Riyadh"
1800000,Villa,6,5,200,"Al Mahdiyah, West Riyadh, Riyadh"
1500000,Villa,4,5,200,"Al Mahdiyah, West Riyadh, Riyadh"
1800000,Villa,7,5,262,"Al Mahdiyah, West Riyadh, Riyadh"
1650000,Villa,6,5,231,"Al Mahdiyah, West Riyadh, Riyadh"
1600000,Villa,6,5,200,"Al Mahdiyah, West Riyadh, Riyadh"
2200000,Villa,6,5,250,"Al Mahdiyah, West Riyadh, Riyadh"
1500000,Villa,4,5,200,"Al Mahdiyah, West Riyadh, Riyadh"
4500000,Villa,7,5,900,"Al Mahdiyah, West Riyadh, Riyadh"
1550000,Villa,4,4,200,"Al Mahdiyah, West Riyadh, Riyadh"
2000000,Villa,7,5,300,"Al Mahdiyah, West Riyadh, Riyadh"
1800000,Villa,6,5,200,"Al Mahdiyah, West Riyadh, Riyadh"
2200000,Villa,6,5,250,"Al Mahdiyah, West Riyadh, Riyadh"
2800000,Villa,6,5,431,"Al Mahdiyah, West Riyadh, Riyadh"
1500000,Villa,4,4,200,"Al Mahdiyah, West Riyadh, Riyadh"
1500000,Villa,5,5,200,"Al Mahdiyah, West Riyadh, Riyadh"
3300000,Villa,6,5,450,"Al Mahdiyah, West Riyadh, Riyadh"
1800000,Villa,5,4,348,"Al Mahdiyah, West Riyadh, Riyadh"
2200000,Villa,6,5,250,"Al Mahdiyah, West Riyadh, Riyadh"
1800000,Villa,2,2,262,"Al Mahdiyah, West Riyadh, Riyadh"
1650000,Villa,6,5,231,"Al Mahdiyah, West Riyadh, Riyadh"
1400000,Villa,6,5,200,"Al Mahdiyah, West Riyadh, Riyadh"
1850000,Villa,5,5,200,"Al Mahdiyah, West Riyadh, Riyadh"
2600000,Villa,3,3,450,"Dhahrat Laban, West Riyadh, Riyadh"
1800000,Villa,4,5,262,"Al Mahdiyah, West Riyadh, Riyadh"
1550000,Villa,5,5,200,"Al Mahdiyah, West Riyadh, Riyadh"
1850000,Villa,5,5,347,"Al Mahdiyah, West Riyadh, Riyadh"
1800000,Villa,6,5,348,"Al Mahdiyah, West Riyadh, Riyadh"
4500000,Villa,9,6,900,"Al Mahdiyah, West Riyadh, Riyadh"
2200000,Villa,3,3,333,"Al Mahdiyah, West Riyadh, Riyadh"
2800000,Villa,7,5,455,"Al Mahdiyah, West Riyadh, Riyadh"
1800000,Villa,6,5,348,"Al Mahdiyah, West Riyadh, Riyadh"
3500000,Villa,7,5,425,"Al Mahdiyah, West Riyadh, Riyadh"
1550000,Villa,4,5,200,"Al Mahdiyah, West Riyadh, Riyadh"
3500000,Villa,7,5,479,"Al Mahdiyah, West Riyadh, Riyadh"
439000,Apartment,4,3,130,"Al Waha, North Jeddah, Jeddah"
560000,Apartment,4,3,147,"Al Salamah, North Jeddah, Jeddah"
2300000,Villa,5,4,450,"Dhahrat Laban, West Riyadh, Riyadh"
360000,Apartment,3,3,110,"Al Manar, North Jeddah, Jeddah"
700000,Apartment,5,3,145,"Al Salamah, North Jeddah, Jeddah"
530000,Apartment,5,3,170,"Al Mraikh, North Jeddah, Jeddah"
680000,Apartment,5,3,130,"Al Mraikh, North Jeddah, Jeddah"
800000,Apartment,4,2,145,"Al Rawdah, North Jeddah, Jeddah"
670000,Apartment,4,3,111,"Al Rawdah, North Jeddah, Jeddah"
710000,Apartment,3,3,145,"Al Salamah, North Jeddah, Jeddah"
670000,Apartment,4,3,111,"Al Salamah, North Jeddah, Jeddah"
650000,Apartment,4,3,115,"Al Salamah, North Jeddah, Jeddah"
690000,Apartment,5,3,150,"Al Salamah, North Jeddah, Jeddah"
790000,Apartment,5,3,170,"Al Salamah, North Jeddah, Jeddah"
530000,Apartment,5,3,152,"Al Mraikh, North Jeddah, Jeddah"
830000,Apartment,5,3,149,"Al Salamah, North Jeddah, Jeddah"
660000,Apartment,4,1,132,"Al Salamah, North Jeddah, Jeddah"
660000,Apartment,4,3,111,"Al Rawdah, North Jeddah, Jeddah"
880000,Apartment,5,3,154,"Al Rawdah, North Jeddah, Jeddah"
950000,Apartment,5,3,181,"Al Salamah, North Jeddah, Jeddah"
1100000,Villa,7,6,337,"Okaz, South Riyadh, Riyadh"
1120000,Villa,8,5,300,"Al Hazm, West Riyadh, Riyadh"
1150000,Villa,5,5,243,"Al Shifa, South Riyadh, Riyadh"
3400000,Villa,6,3,490,"Qurtubah, East Riyadh, Riyadh"
1400000,Villa,4,2,600,"Okaz, South Riyadh, Riyadh"
800000,Villa,4,3,200,"Badr, South Riyadh, Riyadh"
995000,Apartment,5,5,235,Jeddah
3800000,Villa,7,5,360,"Al Narjis, North Riyadh, Riyadh"
495000,Apartment,5,3,170,Jeddah
800000,Floor,3,2,200,"Al Hazm, West Riyadh, Riyadh"
680000,Apartment,4,3,160,"Al Saadah, East Riyadh, Riyadh"
650000,Apartment,4,3,783,"Al Saadah, East Riyadh, Riyadh"
650000,Apartment,7,4,180,"Al Saadah, East Riyadh, Riyadh"
750000,Apartment,4,3,172,"Al Saadah, East Riyadh, Riyadh"
530000,Apartment,3,2,150,"Al Fayha, East Riyadh, Riyadh"
635000,Apartment,5,3,176,"Al Saadah, East Riyadh, Riyadh"
650000,Apartment,5,4,176,"Al Saadah, East Riyadh, Riyadh"
530000,Apartment,4,3,160,"Okaz, South Riyadh, Riyadh"
550000,Apartment,3,3,115,"Al Nakhil, Buraydah Al Qassim Region"
1350000,Villa,4,3,233,"Al Mabuth, Madina"
500000,Apartment,6,4,222,"Al Muhammadiyah 1, Jazan"
530000,Apartment,6,4,206,"Al Shati, Jazan"
520000,Apartment,5,4,200,"Al Suways 2, Jazan"
460000,Apartment,5,3,210,"Al Suways 2, Jazan"
500000,Apartment,6,3,205,"Al Suways 2, Jazan"
450000,Apartment,6,3,205,"Al Suways 1, Jazan"
2000000,Villa,5,5,483,"King Fahd Suburb, Dammam"
780000,Apartment,5,4,232,"Al Waha, North Jeddah, Jeddah"
520000,Apartment,4,3,135,"Al Waha, North Jeddah, Jeddah"
555000,Apartment,4,3,135,"Al Manar, North Jeddah, Jeddah"
550000,Apartment,5,3,170,"Al Manar, North Jeddah, Jeddah"
580000,Apartment,5,4,180,"Al Rayaan, North Jeddah, Jeddah"
700000,Apartment,6,3,180,"Al Manar, North Jeddah, Jeddah"
550000,Apartment,5,4,170,"Al Rayaan, North Jeddah, Jeddah"
680000,Apartment,5,4,170,"Al Safa, North Jeddah, Jeddah"
1500000,Villa,5,5,290,Jeddah
1300000,Villa,5,5,250,Jeddah
3500000,Villa,6,2,745,"Al Safa, North Jeddah, Jeddah"
1950000,Villa,3,5,312,"Al Zumorrud, North Jeddah, Jeddah"
31000000,Villa,6,5,839,"Al Shati, North Jeddah, Jeddah"
2500000,Villa,5,5,450,"Alawali, West Riyadh, Riyadh"
3000000,Villa,9,6,409,"Al Rimal, East Riyadh, Riyadh"
2200000,Villa,10,7,300,"Dhahrat Laban, West Riyadh, Riyadh"
520000,Apartment,3,3,118,"Al Salamah, North Jeddah, Jeddah"
1250000,Floor,4,5,260,"Al Janadriyah, East Riyadh, Riyadh"
1449000,Floor,3,3,170,"Al Rawdah, East Riyadh, Riyadh"
680000,Apartment,5,3,161,"Al Marwah, North Jeddah, Jeddah"
770000,Apartment,4,4,630,"Badr, South Riyadh, Riyadh"
770000,Apartment,4,4,630,"Badr, South Riyadh, Riyadh"
800000,Apartment,3,3,630,"Badr, South Riyadh, Riyadh"
3000000,Villa,5,3,300,"Al Mahdiyah, West Riyadh, Riyadh"
800000,Apartment,4,4,181,"Dhahrat Laban, West Riyadh, Riyadh"
650000,Apartment,3,3,750,"Al Zahraa, North Jeddah, Jeddah"
570000,Apartment,3,3,865,"Al Rabwa, North Jeddah, Jeddah"
570000,Apartment,3,3,865,"Al Rabwa, North Jeddah, Jeddah"
530000,Apartment,3,3,460,"Al Rawdah, North Jeddah, Jeddah"
530000,Apartment,3,3,460,"Al Rawdah, North Jeddah, Jeddah"
529000,Apartment,4,3,500,"Al Naim, North Jeddah, Jeddah"
399000,Apartment,3,3,660,"Al Salamah, North Jeddah, Jeddah"
529000,Apartment,4,3,500,"Al Naim, North Jeddah, Jeddah"
529000,Apartment,4,3,500,"Al Naim, North Jeddah, Jeddah"
529000,Apartment,4,3,500,"Al Naim, North Jeddah, Jeddah"
519000,Apartment,3,3,582,"Al Hamraa, Central Jeddah, Jeddah"
519000,Apartment,3,3,582,"Al Hamraa, Central Jeddah, Jeddah"
415000,Apartment,3,1,630,"Al Salamah, North Jeddah, Jeddah"
415000,Apartment,3,3,630,"Al Salamah, North Jeddah, Jeddah"
669000,Apartment,3,3,630,"Al Nahdah, North Jeddah, Jeddah"
700000,Apartment,3,3,750,"Al Zahraa, North Jeddah, Jeddah"
850000,Apartment,3,3,750,"Al Zahraa, North Jeddah, Jeddah"
850000,Apartment,3,3,750,"Al Zahraa, North Jeddah, Jeddah"
529000,Apartment,4,3,500,"Al Naim, North Jeddah, Jeddah"
529000,Apartment,4,3,500,"Al Naim, North Jeddah, Jeddah"
519000,Apartment,3,3,582,"Al Hamraa, Central Jeddah, Jeddah"
519000,Apartment,3,3,582,"Al Hamraa, Central Jeddah, Jeddah"
519000,Apartment,3,3,582,"Al Hamraa, Central Jeddah, Jeddah"
570000,Apartment,5,4,866,"Al Rabwa, North Jeddah, Jeddah"
570000,Apartment,5,3,866,"Al Rabwa, North Jeddah, Jeddah"
440000,Apartment,4,3,726,"Al Safa, North Jeddah, Jeddah"
669000,Apartment,3,3,630,"Al Nahdah, North Jeddah, Jeddah"
519000,Apartment,3,2,582,"Al Hamraa, Central Jeddah, Jeddah"
669000,Apartment,3,3,630,"Al Nahdah, North Jeddah, Jeddah"
369000,Apartment,3,3,800,"Al Safa, North Jeddah, Jeddah"
3000000,Villa,5,5,353,"Al Mahdiyah, West Riyadh, Riyadh"
625000,Apartment,3,4,640,"Al Zahraa, North Jeddah, Jeddah"
540000,Apartment,4,3,131,"Al Marwah, North Jeddah, Jeddah"
450000,Apartment,3,3,102,"Al Marwah, North Jeddah, Jeddah"
750000,Apartment,4,3,114,"Al Rawdah, North Jeddah, Jeddah"
690000,Apartment,3,3,219,"Al Aziziyah, South Riyadh, Riyadh"
450000,Apartment,3,3,177,"Badr, South Riyadh, Riyadh"
860000,Floor,3,3,500,"Al Zahrah, West Riyadh, Riyadh"
740000,Apartment,4,3,117,"Al Rawdah, North Jeddah, Jeddah"
740000,Apartment,5,3,131,"Al Naim, North Jeddah, Jeddah"
1150000,Villa,7,8,315,"Al Janadriyah, East Riyadh, Riyadh"
1090000,Floor,4,6,200,"Al Janadriyah, East Riyadh, Riyadh"
920000,Floor,5,5,181,"Al Janadriyah, East Riyadh, Riyadh"
450000,Apartment,3,3,84,"Al Janadriyah, East Riyadh, Riyadh"
460000,Apartment,4,3,126,"Al Waha, North Jeddah, Jeddah"
2000000,Villa,7,5,312,"Al Munsiyah, East Riyadh, Riyadh"
860000,Floor,3,3,500,"Al Zahrah, West Riyadh, Riyadh"
720000,Floor,4,3,208,"Al Janadriyah, East Riyadh, Riyadh"
580000,Apartment,3,3,111,"Al Salamah, North Jeddah, Jeddah"
3000000,Villa,9,6,410,"Al Rimal, East Riyadh, Riyadh"
850000,Villa,7,6,259,"Okaz, South Riyadh, Riyadh"
1300000,Floor,3,2,222,"Al Janadriyah, East Riyadh, Riyadh"
820000,Floor,5,4,179,"Al Janadriyah, East Riyadh, Riyadh"
820000,Apartment,5,3,118,"Al Safa, North Jeddah, Jeddah"
820000,Apartment,5,3,118,"Al Safa, North Jeddah, Jeddah"
980000,Apartment,3,3,143,"Al Suwaidi, West Riyadh, Riyadh"
650000,Apartment,3,3,134,"Alawali, West Riyadh, Riyadh"
800000,Apartment,3,3,630,"Badr, South Riyadh, Riyadh"
800000,Floor,3,3,500,"Shubra, West Riyadh, Riyadh"
800000,Apartment,3,4,630,"Badr, South Riyadh, Riyadh"
800000,Apartment,3,3,630,"Badr, South Riyadh, Riyadh"
650000,Apartment,3,3,134,"Alawali, West Riyadh, Riyadh"
560000,Apartment,3,3,865,"Al Rabwa, North Jeddah, Jeddah"
560000,Apartment,3,3,865,"Al Rabwa, North Jeddah, Jeddah"
360000,Apartment,3,3,750,"Al Nuzhah, North Jeddah, Jeddah"
275000,Apartment,2,2,750,"Al Nuzhah, North Jeddah, Jeddah"
370000,Apartment,3,3,726,"Al Safa, North Jeddah, Jeddah"
370000,Apartment,3,3,726,"Al Safa, North Jeddah, Jeddah"
345000,Apartment,3,3,726,"Al Safa, North Jeddah, Jeddah"
375000,Apartment,3,3,726,"Al Safa, North Jeddah, Jeddah"
370000,Apartment,3,3,726,"Al Safa, North Jeddah, Jeddah"
345000,Apartment,3,3,726,"Al Safa, North Jeddah, Jeddah"
380000,Apartment,3,3,726,"Al Safa, North Jeddah, Jeddah"
375000,Apartment,4,3,726,"Al Safa, North Jeddah, Jeddah"
519000,Apartment,3,3,582,"Al Hamraa, Central Jeddah, Jeddah"
360000,Apartment,2,2,875,"Al Salamah, North Jeddah, Jeddah"
519000,Apartment,3,3,582,"Al Hamraa, Central Jeddah, Jeddah"
519000,Apartment,3,3,582,"Al Hamraa, Central Jeddah, Jeddah"
275000,Apartment,2,2,900,"Al Safa, North Jeddah, Jeddah"
519000,Apartment,3,3,582,"Al Hamraa, Central Jeddah, Jeddah"
360000,Apartment,3,3,875,"Al Salamah, North Jeddah, Jeddah"
360000,Apartment,2,2,875,"Al Salamah, North Jeddah, Jeddah"
299000,Apartment,2,2,875,"Al Salamah, North Jeddah, Jeddah"
429000,Apartment,2,2,501,"Al Rawdah, North Jeddah, Jeddah"
519000,Apartment,3,3,582,"Al Hamraa, Central Jeddah, Jeddah"
279000,Apartment,3,3,1784,"Al Bawadi, North Jeddah, Jeddah"
275000,Apartment,2,2,900,"Al Safa, North Jeddah, Jeddah"
799000,Apartment,4,3,630,"Al Nahdah, North Jeddah, Jeddah"
669000,Apartment,3,3,630,"Al Nahdah, North Jeddah, Jeddah"
669000,Apartment,3,2,630,"Al Nahdah, North Jeddah, Jeddah"
449000,Apartment,3,3,500,"Al Naim, North Jeddah, Jeddah"
449000,Apartment,3,2,500,"Al Naim, North Jeddah, Jeddah"
425000,Apartment,3,3,450,"Al Rawdah, North Jeddah, Jeddah"
425000,Apartment,3,3,450,"Al Rawdah, North Jeddah, Jeddah"
425000,Apartment,3,3,450,"Al Rawdah, North Jeddah, Jeddah"
425000,Apartment,3,3,450,"Al Rawdah, North Jeddah, Jeddah"
525000,Apartment,3,3,450,"Al Rawdah, North Jeddah, Jeddah"
525000,Apartment,3,3,450,"Al Rawdah, North Jeddah, Jeddah"
525000,Apartment,3,3,450,"Al Rawdah, North Jeddah, Jeddah"
370000,Apartment,3,3,726,"Al Safa, North Jeddah, Jeddah"
285000,Apartment,2,2,726,"Al Safa, North Jeddah, Jeddah"
449000,Apartment,3,3,500,"Al Naim, North Jeddah, Jeddah"
529000,Apartment,4,4,500,"Al Naim, North Jeddah, Jeddah"
519000,Apartment,3,3,582,"Al Hamraa, Central Jeddah, Jeddah"
519000,Apartment,3,3,582,"Al Hamraa, Central Jeddah, Jeddah"
519000,Apartment,3,3,582,"Al Hamraa, Central Jeddah, Jeddah"
519000,Apartment,3,3,582,"Al Hamraa, Central Jeddah, Jeddah"
330000,Apartment,3,2,1920,"Al Jameah District, South Jeddah, Jeddah"
519000,Apartment,3,3,582,"Al Hamraa, Central Jeddah, Jeddah"
399000,Apartment,4,3,1920,"Al Jameah District, South Jeddah, Jeddah"
519000,Apartment,3,3,582,"Al Hamraa, Central Jeddah, Jeddah"
360000,Apartment,3,2,726,"Al Safa, North Jeddah, Jeddah"
560000,Apartment,5,4,866,"Al Rabwa, North Jeddah, Jeddah"
560000,Apartment,5,4,866,"Al Rabwa, North Jeddah, Jeddah"
519000,Apartment,3,3,582,"Al Hamraa, Central Jeddah, Jeddah"
519000,Apartment,3,3,582,"Al Hamraa, Central Jeddah, Jeddah"
529000,Apartment,4,3,500,"Al Naim, North Jeddah, Jeddah"
669000,Apartment,3,3,630,"Al Nahdah, North Jeddah, Jeddah"
669000,Apartment,3,3,630,"Al Nahdah, North Jeddah, Jeddah"
669000,Apartment,3,3,630,"Al Nahdah, North Jeddah, Jeddah"
360000,Apartment,3,2,750,"Al Nuzhah, North Jeddah, Jeddah"
669000,Apartment,3,3,630,"Al Nahdah, North Jeddah, Jeddah"
275000,Apartment,2,2,750,"Al Nuzhah, North Jeddah, Jeddah"
519000,Apartment,3,2,582,"Al Hamraa, Central Jeddah, Jeddah"
519000,Apartment,3,3,582,"Al Hamraa, Central Jeddah, Jeddah"
669000,Apartment,3,3,630,"Al Nahdah, North Jeddah, Jeddah"
669000,Apartment,3,3,630,"Al Nahdah, North Jeddah, Jeddah"
730000,Apartment,1,1,112,"Al Rawdah, North Jeddah, Jeddah"
800000,Apartment,1,1,139,"Al Rawdah, North Jeddah, Jeddah"
800000,Apartment,4,3,139,"Al Rawdah, North Jeddah, Jeddah"
750000,Apartment,4,3,121,"Al Rawdah, North Jeddah, Jeddah"
750000,Apartment,4,3,120,"Al Rawdah, North Jeddah, Jeddah"
299000,Apartment,2,2,750,"Al Safa, North Jeddah, Jeddah"
850000,Floor,5,4,151,"Al Suwaidi, West Riyadh, Riyadh"
3450000,Villa,4,5,250,"Al Narjis, North Riyadh, Riyadh"
4600000,Villa,4,5,300,"Al Narjis, North Riyadh, Riyadh"
3000000,Villa,3,3,450,"Alawali, West Riyadh, Riyadh"
800000,Floor,3,3,500,"Shubra, West Riyadh, Riyadh"
800000,Floor,3,3,500,"Shubra, West Riyadh, Riyadh"
800000,Floor,3,3,500,"Shubra, West Riyadh, Riyadh"
2500000,Villa,6,5,245,"Al Mahdiyah, West Riyadh, Riyadh"
1800000,Villa,6,5,366,"Al Mahdiyah, West Riyadh, Riyadh"
1800000,Villa,6,5,366,"Al Mahdiyah, West Riyadh, Riyadh"
1800000,Villa,6,5,366,"Al Mahdiyah, West Riyadh, Riyadh"
1950000,Villa,5,4,400,"Al Mahdiyah, West Riyadh, Riyadh"
400000,Apartment,2,2,141,"Okaz, South Riyadh, Riyadh"
800000,Floor,3,4,500,"Shubra, West Riyadh, Riyadh"
650000,Apartment,2,4,116,"Al Janadriyah, East Riyadh, Riyadh"
770000,Floor,3,3,630,"Badr, South Riyadh, Riyadh"
770000,Floor,3,3,630,"Badr, South Riyadh, Riyadh"
800000,Apartment,3,3,630,"Badr, South Riyadh, Riyadh"
800000,Floor,3,3,420,"Tuwaiq, West Riyadh, Riyadh"
1100000,Villa,6,5,268,"Al Janadriyah, East Riyadh, Riyadh"
950000,Villa,4,6,167,"Al Janadriyah, East Riyadh, Riyadh"
770000,Floor,4,4,179,"Al Janadriyah, East Riyadh, Riyadh"
1400000,Floor,4,4,560,"Al Munsiyah, East Riyadh, Riyadh"
400000,Apartment,2,2,98,"Taybah, South Riyadh, Riyadh"
3000000,Villa,6,5,300,"Al Mahdiyah, West Riyadh, Riyadh"
1700000,Apartment,3,3,135,"Al Mahdiyah, West Riyadh, Riyadh"
5500000,Residential Building,11,6,550,"Al Faisaliyah, Central Jeddah, Jeddah"
750000,Apartment,5,3,136,"Al Naim, North Jeddah, Jeddah"
4000000,Villa,7,4,200,"King Khalid International Airport, North Riyadh, Riyadh"
690000,Apartment,3,3,219,"Al Aziziyah, South Riyadh, Riyadh"
690000,Apartment,3,3,220,"Al Aziziyah, South Riyadh, Riyadh"
690000,Apartment,3,3,220,"Al Aziziyah, South Riyadh, Riyadh"
3100000,Villa,7,5,500,"Al Arid, North Riyadh, Riyadh"
1350000,Villa,3,3,525,"Shubra, West Riyadh, Riyadh"
4500000,Villa,5,3,500,"Al Arid, North Riyadh, Riyadh"
2300000,Villa,5,5,300,"Ishbiliyah, East Riyadh, Riyadh"
3350000,Villa,5,5,448,"Al Arid, North Riyadh, Riyadh"
2600000,Villa,7,5,288,"Qurtubah, East Riyadh, Riyadh"
2300000,Villa,5,4,328,"Al Munsiyah, East Riyadh, Riyadh"
1800000,Villa,11,6,354,"Al Rimal, East Riyadh, Riyadh"
2000000,Villa,10,5,487,"Al Rimal, East Riyadh, Riyadh"
1200000,Villa,4,2,311,"Taybay, Dammam"
2730000,Villa,5,3,380,"Al Muntazah, Dammam"
1227000,Villa,8,5,366,"King Fahd Suburb, Dammam"
1330000,Villa,5,4,313,"King Fahd Suburb, Dammam"
1850000,Villa,5,5,400,"Al Shati Al Sharqi, Dammam"
1450000,Villa,7,4,275,"Al Frosyah, South Jeddah, Jeddah"
4000000,Villa,6,4,625,"Obhur Al Shamaliyah, North Jeddah, Jeddah"
410000,Apartment,4,4,117,"Al Manar, North Jeddah, Jeddah"
730000,Apartment,5,4,177,"Al Manar, North Jeddah, Jeddah"
650000,Apartment,5,3,136,"Al Mraikh, North Jeddah, Jeddah"
2800000,Villa,5,5,400,"Al Sheraa, North Jeddah, Jeddah"
410000,Apartment,4,3,137,"Al Jameah District, South Jeddah, Jeddah"
430000,Apartment,4,3,147,"Al Jameah District, South Jeddah, Jeddah"
655000,Apartment,4,3,141,"Al Manar, North Jeddah, Jeddah"
350000,Apartment,2,2,92,"Al Waha, North Jeddah, Jeddah"
480000,Apartment,4,2,600,"Al Sawari, North Jeddah, Jeddah"
330000,Apartment,4,3,106,"Al Waha, North Jeddah, Jeddah"
2200000,Apartment,5,5,480,"Al Nahdah, North Jeddah, Jeddah"
540000,Apartment,4,3,125,"Al Waha, North Jeddah, Jeddah"
770000,Apartment,4,3,146,"Al Nahdah, North Jeddah, Jeddah"
340000,Apartment,3,2,110,"Al Rehab, North Jeddah, Jeddah"
820000,Apartment,5,4,215,"Al Manar, North Jeddah, Jeddah"
2000000,Villa,7,5,250,"Al Mahdiyah, West Riyadh, Riyadh"
2200000,Villa,6,5,250,"Al Mahdiyah, West Riyadh, Riyadh"
1650000,Villa,7,5,231,"Al Mahdiyah, West Riyadh, Riyadh"
1750000,Villa,6,5,417,"Al Mahdiyah, West Riyadh, Riyadh"
680000,Apartment,5,4,135,"Al Salamah, North Jeddah, Jeddah"
420000,Apartment,4,3,125,"Al Manar, North Jeddah, Jeddah"
495000,Apartment,4,3,220,"Al Manar, North Jeddah, Jeddah"
595000,Apartment,3,4,120,"Al Nahdah, North Jeddah, Jeddah"
495000,Apartment,4,3,150,"Al Marwah, North Jeddah, Jeddah"
5500000,Villa,4,5,450,"Al Malqa, North Riyadh, Riyadh"
315000,Apartment,3,2,103,"Al Manar, North Jeddah, Jeddah"
595000,Apartment,3,2,97,"Al Nahdah, North Jeddah, Jeddah"
670000,Apartment,4,3,111,"Al Rawdah, North Jeddah, Jeddah"
1350000,Villa,5,5,276,"Al Janadriyah, East Riyadh, Riyadh"
2800000,Villa,4,3,312,"Al Narjis, North Riyadh, Riyadh"
1550000,Villa,4,5,200,"Al Mahdiyah, West Riyadh, Riyadh"
420000,Apartment,3,3,130,Jeddah
2357500,Villa,5,5,420,"Al Saif, Dammam"
2149999,Villa,4,4,368,"Al Bahar, Al Khobar"
381000,Apartment,3,2,100,"Al Rabwa, North Jeddah, Jeddah"
4000000,Villa,4,5,660,"Al Salehiyah, North Jeddah, Jeddah"
2250000,Villa,11,7,500,"Uhud, South Riyadh, Riyadh"
970000,Floor,5,3,173,"Al Rimal, East Riyadh, Riyadh"
7800000,Villa,11,7,718,"Al Mahdiyah, West Riyadh, Riyadh"
1900000,Apartment,3,2,181,"Qurtubah, East Riyadh, Riyadh"
1700000,Villa,5,5,290,"Dhahrat Laban, West Riyadh, Riyadh"
500000,Apartment,4,4,155,"Tuwaiq, West Riyadh, Riyadh"
695000,Villa,5,4,143,"Al Hazm, West Riyadh, Riyadh"
620000,Villa,2,3,163,"Okaz, South Riyadh, Riyadh"
1180000,Villa,5,5,360,"Okaz, South Riyadh, Riyadh"
950000,Floor,3,3,189,"Tuwaiq, West Riyadh, Riyadh"
1250000,Villa,4,4,341,"Badr, South Riyadh, Riyadh"
1100000,Villa,5,4,200,"Tuwaiq, West Riyadh, Riyadh"
1180000,Villa,4,3,360,"Okaz, South Riyadh, Riyadh"
1100000,Villa,5,4,272,"Tuwaiq, West Riyadh, Riyadh"
1070000,Floor,5,4,263,"Tuwaiq, West Riyadh, Riyadh"
1100000,Villa,3,3,200,"Tuwaiq, West Riyadh, Riyadh"
620000,Villa,3,3,160,"Okaz, South Riyadh, Riyadh"
620000,Villa,4,4,160,"Okaz, South Riyadh, Riyadh"
950000,Floor,3,3,183,"Tuwaiq, West Riyadh, Riyadh"
720000,Floor,5,4,176,"Okaz, South Riyadh, Riyadh"
1070000,Villa,5,4,272,"Tuwaiq, West Riyadh, Riyadh"
690000,Floor,4,4,181,"Okaz, South Riyadh, Riyadh"
1400000,Villa,6,1,345,"Tuwaiq, West Riyadh, Riyadh"
1300000,Villa,3,3,300,"Tuwaiq, West Riyadh, Riyadh"
1050000,Floor,5,4,268,"Tuwaiq, West Riyadh, Riyadh"
620000,Villa,4,4,160,"Okaz, South Riyadh, Riyadh"
950000,Floor,4,4,245,"Tuwaiq, West Riyadh, Riyadh"
1250000,Villa,7,6,341,"Badr, South Riyadh, Riyadh"
1180000,Villa,5,5,360,"Okaz, South Riyadh, Riyadh"
1100000,Villa,5,4,272,"Tuwaiq, West Riyadh, Riyadh"
720000,Floor,3,3,176,"Okaz, South Riyadh, Riyadh"
620000,Villa,4,5,160,"Okaz, South Riyadh, Riyadh"
620000,Villa,4,1,161,"Okaz, South Riyadh, Riyadh"
1550000,Villa,5,1,243,"Tuwaiq, West Riyadh, Riyadh"
1100000,Villa,5,3,200,"Tuwaiq, West Riyadh, Riyadh"
1180000,Villa,3,5,360,"Okaz, South Riyadh, Riyadh"
1100000,Villa,5,5,272,"Tuwaiq, West Riyadh, Riyadh"
1400000,Villa,5,5,345,"Tuwaiq, West Riyadh, Riyadh"
1400000,Villa,6,5,345,"Tuwaiq, West Riyadh, Riyadh"
1550000,Villa,5,5,242,"Tuwaiq, West Riyadh, Riyadh"
1150000,Floor,5,4,157,"Tuwaiq, West Riyadh, Riyadh"
1100000,Villa,5,4,200,"Tuwaiq, West Riyadh, Riyadh"
950000,Floor,3,3,189,"Tuwaiq, West Riyadh, Riyadh"
1180000,Villa,5,5,360,"Okaz, South Riyadh, Riyadh"
1250000,Villa,5,5,341,"Badr, South Riyadh, Riyadh"
1600000,Villa,5,1,149,"Tuwaiq, West Riyadh, Riyadh"
780000,Villa,5,4,201,"Badr, South Riyadh, Riyadh"
690000,Floor,5,4,176,"Okaz, South Riyadh, Riyadh"
690000,Floor,3,3,176,"Okaz, South Riyadh, Riyadh"
850000,Floor,4,3,156,"Okaz, South Riyadh, Riyadh"
1400000,Villa,5,5,345,"Tuwaiq, West Riyadh, Riyadh"
1050000,Villa,5,5,414,"Tuwaiq, West Riyadh, Riyadh"
550000,Villa,4,4,500,"Badr, South Riyadh, Riyadh"
530000,Apartment,3,3,193,"Al Hazm, West Riyadh, Riyadh"
600000,Apartment,5,5,161,"Al Hazm, West Riyadh, Riyadh"
700000,Villa,3,3,195,"Okaz, South Riyadh, Riyadh"
900000,Floor,3,3,228,"Al Hazm, West Riyadh, Riyadh"
600000,Apartment,3,3,161,"Al Hazm, West Riyadh, Riyadh"
700000,Villa,4,4,195,"Okaz, South Riyadh, Riyadh"
820000,Floor,3,3,157,"Tuwaiq, West Riyadh, Riyadh"
1350000,Villa,5,4,200,"Tuwaiq, West Riyadh, Riyadh"
900000,Floor,4,4,166,"Tuwaiq, West Riyadh, Riyadh"
530000,Apartment,3,3,193,"Al Hazm, West Riyadh, Riyadh"
900000,Floor,4,4,228,"Al Hazm, West Riyadh, Riyadh"
800000,Floor,3,3,675,"Al Shifa, South Riyadh, Riyadh"
850000,Floor,3,3,110,"Tuwaiq, West Riyadh, Riyadh"
820000,Floor,3,3,157,"Tuwaiq, West Riyadh, Riyadh"
1400000,Villa,5,5,242,"Tuwaiq, West Riyadh, Riyadh"
900000,Floor,3,3,166,"Tuwaiq, West Riyadh, Riyadh"
680000,Floor,3,3,113,"Badr, South Riyadh, Riyadh"
1350000,Villa,4,4,200,"Tuwaiq, West Riyadh, Riyadh"
1070000,Villa,5,5,265,"Tuwaiq, West Riyadh, Riyadh"
1350000,Villa,6,5,200,"Tuwaiq, West Riyadh, Riyadh"
800000,Floor,4,3,500,"Al Zahrah, West Riyadh, Riyadh"
700000,Villa,4,1,196,"Okaz, South Riyadh, Riyadh"
450000,Apartment,3,2,200,"Badr, South Riyadh, Riyadh"
450000,Apartment,3,2,200,"Badr, South Riyadh, Riyadh"
900000,Floor,3,3,166,"Tuwaiq, West Riyadh, Riyadh"
900000,Floor,3,3,228,"Al Hazm, West Riyadh, Riyadh"
850000,Villa,5,5,217,"Okaz, South Riyadh, Riyadh"
1000000,Floor,3,3,189,"Tuwaiq, West Riyadh, Riyadh"
1000000,Floor,3,3,189,"Tuwaiq, West Riyadh, Riyadh"
850000,Floor,3,3,110,"Tuwaiq, West Riyadh, Riyadh"
600000,Apartment,4,4,161,"Al Hazm, West Riyadh, Riyadh"
900000,Floor,3,3,166,"Tuwaiq, West Riyadh, Riyadh"
700000,Villa,3,3,195,"Okaz, South Riyadh, Riyadh"
700000,Villa,4,1,196,"Okaz, South Riyadh, Riyadh"
800000,Floor,3,3,675,"Al Shifa, South Riyadh, Riyadh"
800000,Floor,5,4,500,"Al Zahrah, West Riyadh, Riyadh"
900000,Floor,3,3,228,"Al Hazm, West Riyadh, Riyadh"
720000,Floor,5,4,181,"Okaz, South Riyadh, Riyadh"
600000,Apartment,4,3,161,"Al Hazm, West Riyadh, Riyadh"
530000,Apartment,3,3,193,"Al Hazm, West Riyadh, Riyadh"
800000,Floor,4,3,500,"Al Zahrah, West Riyadh, Riyadh"
700000,Villa,4,3,196,"Okaz, South Riyadh, Riyadh"
900000,Floor,3,2,165,"Tuwaiq, West Riyadh, Riyadh"
690000,Floor,4,3,182,"Okaz, South Riyadh, Riyadh"
720000,Floor,3,3,181,"Okaz, South Riyadh, Riyadh"
680000,Floor,3,3,113,"Badr, South Riyadh, Riyadh"
1400000,Villa,5,5,242,"Tuwaiq, West Riyadh, Riyadh"
1070000,Villa,5,1,266,"Tuwaiq, West Riyadh, Riyadh"
750000,Floor,4,1,128,"Al Hazm, West Riyadh, Riyadh"
800000,Floor,5,3,675,"Al Shifa, South Riyadh, Riyadh"
800000,Floor,5,3,675,"Al Shifa, South Riyadh, Riyadh"
600000,Apartment,4,3,161,"Al Hazm, West Riyadh, Riyadh"
450000,Apartment,3,1,200,"Badr, South Riyadh, Riyadh"
700000,Villa,4,5,195,"Okaz, South Riyadh, Riyadh"
900000,Floor,4,3,228,"Al Hazm, West Riyadh, Riyadh"
530000,Apartment,5,3,193,"Al Hazm, West Riyadh, Riyadh"
1400000,Villa,3,1,201,"Dahiat Namar, West Riyadh, Riyadh"
750000,Floor,4,4,128,"Al Hazm, West Riyadh, Riyadh"
1350000,Villa,5,4,200,"Tuwaiq, West Riyadh, Riyadh"
1400000,Villa,5,1,243,"Tuwaiq, West Riyadh, Riyadh"
820000,Floor,4,4,157,"Tuwaiq, West Riyadh, Riyadh"
800000,Villa,5,4,218,"Okaz, South Riyadh, Riyadh"
950000,Apartment,4,3,1400,"Dhahrat Laban, West Riyadh, Riyadh"
750000,Floor,4,4,185,"Al Zahrah, West Riyadh, Riyadh"
780000,Villa,3,3,168,"Badr, South Riyadh, Riyadh"
1050000,Villa,6,5,269,"Tuwaiq, West Riyadh, Riyadh"
1100000,Floor,4,4,183,"Alawali, West Riyadh, Riyadh"
1300000,Villa,4,5,207,"Al Uraija Al Wusta, West Riyadh, Riyadh"
1050000,Floor,3,3,177,"Al Suwaidi Al Gharabi, West Riyadh, Riyadh"
650000,Villa,5,5,149,"Badr, South Riyadh, Riyadh"
750000,Floor,4,4,187,"Dahiat Namar, West Riyadh, Riyadh"
650000,Villa,5,4,149,"Badr, South Riyadh, Riyadh"
1150000,Floor,4,4,168,"Al Suwaidi Al Gharabi, West Riyadh, Riyadh"
780000,Villa,3,3,168,"Badr, South Riyadh, Riyadh"
1400000,Villa,7,1,343,"Badr, South Riyadh, Riyadh"
1050000,Villa,5,1,144,"Al Suwaidi, West Riyadh, Riyadh"
1100000,Villa,6,5,269,"Tuwaiq, West Riyadh, Riyadh"
780000,Villa,3,3,168,"Badr, South Riyadh, Riyadh"
600000,Apartment,4,3,106,"Tuwaiq, West Riyadh, Riyadh"
1700000,Villa,6,5,329,"Dhahrat Laban, West Riyadh, Riyadh"
750000,Floor,4,4,187,"Dahiat Namar, West Riyadh, Riyadh"
750000,Apartment,2,2,74,"Al Suwaidi Al Gharabi, West Riyadh, Riyadh"
1100000,Floor,3,3,183,"Alawali, West Riyadh, Riyadh"
900000,Floor,5,5,212,"Dahiat Namar, West Riyadh, Riyadh"
670000,Apartment,3,3,94,"Tuwaiq, West Riyadh, Riyadh"
700000,Apartment,3,3,105,"Alawali, West Riyadh, Riyadh"
780000,Villa,3,5,168,"Badr, South Riyadh, Riyadh"
750000,Floor,3,3,187,"Dahiat Namar, West Riyadh, Riyadh"
850000,Floor,4,3,175,"Dahiat Namar, West Riyadh, Riyadh"
750000,Floor,3,3,131,"Al Zahrah, West Riyadh, Riyadh"
780000,Villa,5,5,173,"Badr, South Riyadh, Riyadh"
1400000,Villa,5,5,300,"Okaz, South Riyadh, Riyadh"
1200000,Floor,5,5,259,"Al Uraija Al Gharbiyah, West Riyadh, Riyadh"
1350000,Villa,7,5,312,"Tuwaiq, West Riyadh, Riyadh"
1050000,Villa,5,1,144,"Al Suwaidi, West Riyadh, Riyadh"
1200000,Villa,5,4,300,"Dahiat Namar, West Riyadh, Riyadh"
1400000,Villa,7,5,200,"Tuwaiq, West Riyadh, Riyadh"
1050000,Villa,6,5,269,"Tuwaiq, West Riyadh, Riyadh"
1100000,Villa,6,5,269,"Tuwaiq, West Riyadh, Riyadh"
1350000,Villa,7,5,311,"Tuwaiq, West Riyadh, Riyadh"
780000,Villa,5,5,168,"Badr, South Riyadh, Riyadh"
600000,Apartment,4,3,105,"Tuwaiq, West Riyadh, Riyadh"
780000,Apartment,4,3,116,"Tuwaiq, West Riyadh, Riyadh"
850000,Floor,4,3,176,"Dahiat Namar, West Riyadh, Riyadh"
950000,Floor,4,3,221,"Tuwaiq, West Riyadh, Riyadh"
1050000,Villa,5,5,269,"Tuwaiq, West Riyadh, Riyadh"
1200000,Villa,5,5,300,"Dahiat Namar, West Riyadh, Riyadh"
839000,Villa,7,7,186,"Okaz, South Riyadh, Riyadh"
1300000,Villa,5,5,269,"Tuwaiq, West Riyadh, Riyadh"
800000,Floor,3,3,137,"Tuwaiq, West Riyadh, Riyadh"
1150000,Floor,3,3,180,"Tuwaiq, West Riyadh, Riyadh"
1050000,Villa,5,1,144,"Al Suwaidi, West Riyadh, Riyadh"
650000,Villa,3,3,149,"Badr, South Riyadh, Riyadh"
1350000,Villa,7,4,312,"Tuwaiq, West Riyadh, Riyadh"
1100000,Villa,6,5,269,"Tuwaiq, West Riyadh, Riyadh"
950000,Floor,4,3,283,"Tuwaiq, West Riyadh, Riyadh"
1150000,Floor,3,3,168,"Al Suwaidi Al Gharabi, West Riyadh, Riyadh"
7500000,Villa,11,7,750,"Al Mahdiyah, West Riyadh, Riyadh"
900000,Floor,4,4,212,"Dahiat Namar, West Riyadh, Riyadh"
1200000,Villa,5,6,171,"Dahiat Namar, West Riyadh, Riyadh"
1200000,Villa,6,7,301,"Dahiat Namar, West Riyadh, Riyadh"
880000,Villa,5,7,186,"Okaz, South Riyadh, Riyadh"
1450000,Villa,7,5,171,"Tuwaiq, West Riyadh, Riyadh"
600000,Apartment,2,2,105,"Tuwaiq, West Riyadh, Riyadh"
700000,Apartment,2,2,105,"Alawali, West Riyadh, Riyadh"
950000,Floor,3,3,212,"Tuwaiq, West Riyadh, Riyadh"
1200000,Floor,3,3,295,"Tuwaiq, West Riyadh, Riyadh"
780000,Apartment,3,3,116,"Tuwaiq, West Riyadh, Riyadh"
750000,Floor,3,3,131,"Al Zahrah, West Riyadh, Riyadh"
1050000,Villa,2,2,143,"Al Suwaidi, West Riyadh, Riyadh"
1150000,Floor,3,3,168,"Al Suwaidi Al Gharabi, West Riyadh, Riyadh"
750000,Apartment,2,2,74,"Al Suwaidi Al Gharabi, West Riyadh, Riyadh"
850000,Floor,4,3,219,"Dahiat Namar, West Riyadh, Riyadh"
1300000,Villa,6,5,207,"Al Uraija Al Wusta, West Riyadh, Riyadh"
950000,Floor,4,4,188,"Al Uraija Al Gharbiyah, West Riyadh, Riyadh"
1750000,Villa,7,5,229,"Tuwaiq, West Riyadh, Riyadh"
1100000,Villa,5,5,269,"Tuwaiq, West Riyadh, Riyadh"
630000,Villa,7,5,325,"Badr, South Riyadh, Riyadh"
610000,Villa,3,3,325,"Badr, South Riyadh, Riyadh"
630000,Villa,3,3,325,"Badr, South Riyadh, Riyadh"
630000,Villa,4,3,325,"Badr, South Riyadh, Riyadh"
1200000,Villa,5,5,180,"Okaz, South Riyadh, Riyadh"
550000,Villa,2,2,500,"Badr, South Riyadh, Riyadh"
650000,Villa,3,3,241,"Badr, South Riyadh, Riyadh"
650000,Villa,3,3,241,"Badr, South Riyadh, Riyadh"
650000,Villa,3,3,241,"Badr, South Riyadh, Riyadh"
1250000,Villa,5,4,242,"Al Hazm, West Riyadh, Riyadh"
1250000,Villa,5,4,242,"Al Hazm, West Riyadh, Riyadh"
1350000,Villa,4,4,200,"Tuwaiq, West Riyadh, Riyadh"
650000,Villa,5,3,242,"Badr, South Riyadh, Riyadh"
650000,Villa,5,4,241,"Badr, South Riyadh, Riyadh"
1250000,Villa,5,7,243,"Al Hazm, West Riyadh, Riyadh"
1400000,Villa,6,5,345,"Tuwaiq, West Riyadh, Riyadh"
530000,Apartment,3,3,193,"Al Hazm, West Riyadh, Riyadh"
1300000,Villa,5,4,240,"Tuwaiq, West Riyadh, Riyadh"
1350000,Villa,5,4,311,"Tuwaiq, West Riyadh, Riyadh"
1350000,Villa,10,10,375,"Al Dar Al Baida, South Riyadh, Riyadh"
970000,Apartment,3,3,146,"Al Rawabi, East Riyadh, Riyadh"
750000,Apartment,3,2,74,"Al Suwaidi Al Gharabi, West Riyadh, Riyadh"
1100000,Floor,3,3,209,"Al Uraija Al Gharbiyah, West Riyadh, Riyadh"
750000,Apartment,3,1,74,"Al Suwaidi Al Gharabi, West Riyadh, Riyadh"
600000,Apartment,2,2,105,"Tuwaiq, West Riyadh, Riyadh"
780000,Villa,5,5,242,"Badr, South Riyadh, Riyadh"
1200000,Floor,6,4,296,"Tuwaiq, West Riyadh, Riyadh"
1200000,Villa,4,4,171,"Dahiat Namar, West Riyadh, Riyadh"
780000,Apartment,3,3,116,"Tuwaiq, West Riyadh, Riyadh"
1300000,Villa,7,5,240,"Tuwaiq, West Riyadh, Riyadh"
1350000,Villa,7,5,200,"Tuwaiq, West Riyadh, Riyadh"
690000,Floor,4,3,181,"Okaz, South Riyadh, Riyadh"
1100000,Villa,5,4,272,"Tuwaiq, West Riyadh, Riyadh"
720000,Floor,3,3,184,"Al Hazm, West Riyadh, Riyadh"
800000,Floor,3,3,500,"Al Zahrah, West Riyadh, Riyadh"
1400000,Villa,5,4,201,"Dahiat Namar, West Riyadh, Riyadh"
1350000,Villa,5,4,200,"Tuwaiq, West Riyadh, Riyadh"
720000,Floor,5,5,176,"Okaz, South Riyadh, Riyadh"
