Price,Property Type,Number Of Bedrooms,Number Of Bathrooms,Area,Location
"1,650,000",Floor,5,4,523 Sq. M.,"Al Rayyan, East Riyadh, Riyadh"
"1,249,000",Floor,6,5,500 Sq. M.,"Al Khaleej, East Riyadh, Riyadh"
"499,000",Apartment,3,3,154 Sq. M.,"Al Sakb, Madina"
"499,000",Apartment,3,3,154 Sq. M.,"Al Sakb, Madina"
"499,000",Apartment,3,3,154 Sq. M.,"Al Sakb, Madina"
"950,000",Apartment,6,5,220 Sq. M.,"Al Rabwa, North Jeddah, Jeddah"
"560,000",Apartment,4,4,134 Sq. M.,"Al Rabwa, North Jeddah, Jeddah"
"550,000",Apartment,4,3,131 Sq. M.,"Al Marwah, North Jeddah, Jeddah"
"270,000",Apartment,2,3,"3,200 Sq. M.","Al Faisaliyah, Central Jeddah, Jeddah"
"360,000",Apartment,3,4,"3,200 Sq. M.","Al Faisaliyah, Central Jeddah, Jeddah"
"1,149,000",Apartment,3,1,138 Sq. M.,"Qurtubah, East Riyadh, Riyadh"
"580,000",Apartment,5,3,173 Sq. M.,"Al Waha, North Jeddah, Jeddah"
"1,589,000",Apartment,2,2,625 Sq. M.,"Al Aqiq, North Riyadh, Riyadh"
"1,700,000",Floor,3,3,219 Sq. M.,"Al Yasmin, North Riyadh, Riyadh"
"950,000",Apartment,3,3,134 Sq. M.,"Al Munsiyah, East Riyadh, Riyadh"
"619,000",Apartment,5,1,151 Sq. M.,"Al Waha, North Jeddah, Jeddah"
"1,150,000",Apartment,5,4,696 Sq. M.,"Al Nahdah, North Jeddah, Jeddah"
"3,500,000",Villa,6,5,350 Sq. M.,"Al Yasmin, North Riyadh, Riyadh"
"1,200,000",Floor,5,3,157 Sq. M.,"Al Rimal, East Riyadh, Riyadh"
"650,000",Apartment,5,4,175 Sq. M.,"Al Waha, North Jeddah, Jeddah"
"700,000",Apartment,5,3,159 Sq. M.,"Al Fayhaa, North Jeddah, Jeddah"
"540,000",Apartment,5,3,184 Sq. M.,"Badr, Dammam"
"1,180,000",Villa,7,5,250 Sq. M.,"King Fahd Suburb, Dammam"
"820,000",Villa,7,5,200 Sq. M.,"Al Masif, Safwa Eastern Region"
"840,000",Apartment,3,3,192 Sq. M.,"Al Faisaliyah, Central Jeddah, Jeddah"
"1,130,000",Apartment,6,5,660 Sq. M.,"Al Salamah, North Jeddah, Jeddah"
"700,000",Apartment,4,4,"2,400 Sq. M.","Al Rawdah, North Jeddah, Jeddah"
"840,000",Apartment,3,3,127 Sq. M.,"Al Zahraa, North Jeddah, Jeddah"
"1,550,000",Apartment,6,5,235 Sq. M.,"Al Zahraa, North Jeddah, Jeddah"
"1,450,000",Apartment,6,4,203 Sq. M.,"Al Zahraa, North Jeddah, Jeddah"
"850,000",Apartment,3,4,467 Sq. M.,"Al Zahraa, North Jeddah, Jeddah"
"2,200,000",Apartment,7,7,600 Sq. M.,"Al Nahdah, North Jeddah, Jeddah"
"625,000",Apartment,3,4,763 Sq. M.,"Al Nahdah, North Jeddah, Jeddah"
"730,000",Apartment,4,4,763 Sq. M.,"Al Nahdah, North Jeddah, Jeddah"
"900,000",Apartment,4,4,763 Sq. M.,"Al Nahdah, North Jeddah, Jeddah"
"1,700,000",Apartment,5,4,"2,000 Sq. M.","Al Nahdah, North Jeddah, Jeddah"
"700,000",Apartment,4,3,728 Sq. M.,"Al Zahraa, North Jeddah, Jeddah"
"1,350,000",Apartment,5,4,194 Sq. M.,"Al Zahraa, North Jeddah, Jeddah"
"840,000",Apartment,3,3,127 Sq. M.,"Al Zahraa, North Jeddah, Jeddah"
"585,000",Apartment,2,3,"2,000 Sq. M.","Al Nahdah, North Jeddah, Jeddah"
"625,000",Apartment,3,3,763 Sq. M.,"Al Nahdah, North Jeddah, Jeddah"
"550,000",Apartment,2,2,600 Sq. M.,"Al Nahdah, North Jeddah, Jeddah"
"25,000,000",Villa,6,9,"2,650 Sq. M.","Al Awali, Makkah"
"1,700,000",Villa,5,7,660 Sq. M.,"Sad Al Ghaba, Madina"
"455,000",Apartment,5,3,184 Sq. M.,"Badr, Dammam"
"390,000",Apartment,4,3,133 Sq. M.,"Al Nur, Dammam"
"650,000",Apartment,5,4,154 Sq. M.,"Al Safa, North Jeddah, Jeddah"
"2,000,000",Villa,6,4,399 Sq. M.,"Al Qutbiah Al Sharqia, Taif"
"615,000",Building,4,3,159 Sq. M.,"Mudhainib, Madina"
"975,000",Apartment,3,3,900 Sq. M.,"Al Arid, North Riyadh, Riyadh"
"450,000",Apartment,1,2,"2,000 Sq. M.","Al Nahdah, North Jeddah, Jeddah"
"585,000",Apartment,2,3,"2,000 Sq. M.","Al Nahdah, North Jeddah, Jeddah"
"795,000",Apartment,4,4,"2,000 Sq. M.","Al Nahdah, North Jeddah, Jeddah"
"494,000",Apartment,4,4,"3,200 Sq. M.","Al Faisaliyah, Central Jeddah, Jeddah"
"475,000",Apartment,3,4,660 Sq. M.,"Al Salamah, North Jeddah, Jeddah"
"700,000",Apartment,4,4,"2,400 Sq. M.","Al Rawdah, North Jeddah, Jeddah"
"580,000",Apartment,4,4,660 Sq. M.,"Al Salamah, North Jeddah, Jeddah"
"550,000",Apartment,2,2,600 Sq. M.,"Al Nahdah, North Jeddah, Jeddah"
"475,000",Apartment,4,3,660 Sq. M.,"Al Salamah, North Jeddah, Jeddah"
"494,000",Apartment,4,4,"3,200 Sq. M.","Al Faisaliyah, Central Jeddah, Jeddah"
"700,000",Apartment,4,4,"2,400 Sq. M.","Al Rawdah, North Jeddah, Jeddah"
"475,000",Apartment,3,4,660 Sq. M.,"Al Salamah, North Jeddah, Jeddah"
"494,000",Apartment,4,4,"3,200 Sq. M.","Al Faisaliyah, Central Jeddah, Jeddah"
"630,000",Apartment,3,2,150 Sq. M.,"Al Hamra, Al Khobar"
"950,000",Floor,4,5,157 Sq. M.,"Badr, South Riyadh, Riyadh"
"1,340,000",Apartment,1,2,102 Sq. M.,"Al Malqa, North Riyadh, Riyadh"
"3,300,000",Villa,5,1,200 Sq. M.,"Al Arid, North Riyadh, Riyadh"
"912,000",Floor,3,3,"9,800 Sq. M.","Al Safa, East Riyadh, Riyadh"
"1,614,000",Floor,2,1,775 Sq. M.,"King Fahd, North Riyadh, Riyadh"
"1,589,000",Floor,2,1,618 Sq. M.,"Al Malqa, North Riyadh, Riyadh"
"1,335,000",Villa,5,6,250 Sq. M.,"Tuwaiq, West Riyadh, Riyadh"
"2,100,000",Villa,5,6,287 Sq. M.,"Qurtoba, Al Khobar"
"420,000",Apartment,3,3,104 Sq. M.,"Al Rabwa, North Jeddah, Jeddah"
"900,000",Floor,3,5,510 Sq. M.,"Al Qafilah, Khamis Mushait"
"600,000",Apartment,4,2,94 Sq. M.,"Al Safa, North Jeddah, Jeddah"
"620,000",Apartment,3,4,"2,400 Sq. M.","Al Rawdah, North Jeddah, Jeddah"
"2,100,000",Apartment,10,10,"2,400 Sq. M.","Al Rawdah, North Jeddah, Jeddah"
"2,200,000",Apartment,7,8,600 Sq. M.,"Al Nahdah, North Jeddah, Jeddah"
"625,000",Apartment,3,4,763 Sq. M.,"Al Nahdah, North Jeddah, Jeddah"
"950,000",Apartment,4,3,127 Sq. M.,"Al Zahraa, North Jeddah, Jeddah"
"900,000",Apartment,4,4,763 Sq. M.,"Al Nahdah, North Jeddah, Jeddah"
"585,000",Apartment,2,3,"2,000 Sq. M.","Al Nahdah, North Jeddah, Jeddah"
"795,000",Apartment,4,4,"2,000 Sq. M.","Al Nahdah, North Jeddah, Jeddah"
"620,000",Apartment,3,4,"2,400 Sq. M.","Al Rawdah, North Jeddah, Jeddah"
"600,000",Apartment,3,3,728 Sq. M.,"Al Zahraa, North Jeddah, Jeddah"
"2,050,000",Villa,3,1,220 Sq. M.,"Al Rimal, East Riyadh, Riyadh"
"1,835,000",Apartment,3,1,"3,231 Sq. M.","Al Yasmin, North Riyadh, Riyadh"
"799,000",Apartment,3,3,"1,450 Sq. M.","Al Rimal, East Riyadh, Riyadh"
"669,000",Apartment,3,3,"16,975 Sq. M.","Umm Hablain Al Gharbia, Jeddah"
"500,000",Apartment,4,3,119 Sq. M.,"Al Waha, North Jeddah, Jeddah"
"1,004,500",Floor,4,2,185 Sq. M.,"Al Rawabi, East Riyadh, Riyadh"
"1,550,000",Villa,5,5,297 Sq. M.,"Al Bayan Neighborhood, East Riyadh, Riyadh"
"1,500,000",Villa,8,6,437 Sq. M.,"Al Sheraa, Al Khobar"
"4,000,000",Villa,11,5,999 Sq. M.,"Al Faisaliyah, Dammam"
"960,000",Apartment,3,4,199 Sq. M.,"Hajr, Dammam"
"1,650,000",Villa,7,4,900 Sq. M.,"Al Jamiiyyin, Al Majmaah Riyadh Region"
"1,250,000",Floor,7,4,625 Sq. M.,"Al Noor District, Khamis Mushait"
"1,100,000",Apartment,3,3,152 Sq. M.,"Al Fayhaa, North Jeddah, Jeddah"
"7,500,000",Residential Building,5,3,705 Sq. M.,"Al Nuzhah, Makkah"
"930,000",Apartment,5,4,189 Sq. M.,"Al Zahraa, North Jeddah, Jeddah"
"1,250,000",Apartment,8,8,"3,200 Sq. M.","Al Faisaliyah, Central Jeddah, Jeddah"
"1,130,000",Apartment,6,5,660 Sq. M.,"Al Salamah, North Jeddah, Jeddah"
"770,000",Apartment,4,3,600 Sq. M.,"Al Nahdah, North Jeddah, Jeddah"
"480,000",Apartment,2,3,"2,400 Sq. M.","Al Rawdah, North Jeddah, Jeddah"
"625,000",Apartment,2,4,763 Sq. M.,"Al Nahdah, North Jeddah, Jeddah"
"550,000",Apartment,2,2,600 Sq. M.,"Al Nahdah, North Jeddah, Jeddah"
"730,000",Apartment,2,4,763 Sq. M.,"Al Nahdah, North Jeddah, Jeddah"
"900,000",Apartment,4,4,763 Sq. M.,"Al Nahdah, North Jeddah, Jeddah"
"450,000",Apartment,1,2,"2,000 Sq. M.","Al Nahdah, North Jeddah, Jeddah"
"585,000",Apartment,2,3,"2,000 Sq. M.","Al Nahdah, North Jeddah, Jeddah"
"5,200,000",Villa,5,5,375 Sq. M.,"Al Yasmin, North Riyadh, Riyadh"
"2,750,000",Villa,7,6,320 Sq. M.,"Al Mahdiyah, West Riyadh, Riyadh"
"1,896,250",Floor,3,5,185 Sq. M.,"Al Yasmin, North Riyadh, Riyadh"
"520,000",Apartment,3,2,550 Sq. M.,"Al Salamah, North Jeddah, Jeddah"
"1,500,000",Rest House,4,3,895 Sq. M.,"Al Ghadir, Jeddah"
"370,000",Apartment,4,3,149 Sq. M.,"Al Sahab, Al-wadeen 3"
"3,100,000",Villa,4,5,250 Sq. M.,"Al Narjis, North Riyadh, Riyadh"
"900,000",Apartment,3,4,192 Sq. M.,"Al Hamra, Al Khobar"
"1,350,000",Apartment,3,3,147 Sq. M.,"Al Narjis, North Riyadh, Riyadh"
"980,000",Floor,3,3,168 Sq. M.,"Al Rimal, East Riyadh, Riyadh"
"2,700,000",Villa,10,4,462 Sq. M.,"Al Bawadi, North Jeddah, Jeddah"
"2,710,784",Rest House,4,2,847 Sq. M.,"Shadhah, Madina"
"950,000",Apartment,5,1,143 Sq. M.,"Hajr, Dammam"
"985,000",Apartment,6,4,218 Sq. M.,"Al Rabwa, North Jeddah, Jeddah"
"1,150,000",Apartment,5,4,696 Sq. M.,"Al Nahdah, North Jeddah, Jeddah"
"660,000",Apartment,2,4,"2,000 Sq. M.","Al Nahdah, North Jeddah, Jeddah"
"620,000",Apartment,3,4,"2,400 Sq. M.","Al Rawdah, North Jeddah, Jeddah"
"1,700,000",Apartment,5,4,"2,000 Sq. M.","Al Nahdah, North Jeddah, Jeddah"
"800,000",Apartment,4,4,696 Sq. M.,"Al Nahdah, North Jeddah, Jeddah"
"730,000",Apartment,4,4,763 Sq. M.,"Al Nahdah, North Jeddah, Jeddah"
"1,150,000",Apartment,5,4,696 Sq. M.,"Al Nahdah, North Jeddah, Jeddah"
"950,000",Apartment,4,3,127 Sq. M.,"Al Zahraa, North Jeddah, Jeddah"
"729,000",Apartment,4,4,206 Sq. M.,"Mudhainib, Madina"
"4,200,000",Villa,8,7,329 Sq. M.,"Al Arid, North Riyadh, Riyadh"
"990,000",Apartment,5,3,194 Sq. M.,"Al Khaleej, East Riyadh, Riyadh"
"1,900,000",Villa,5,5,270 Sq. M.,"Al Murjan, East Riyadh, Riyadh"
"1,200,000",Villa,10,7,330 Sq. M.,"Al Tahliyah, Al Khobar"
"900,000",Rest House,2,2,405 Sq. M.,"Badr, South Riyadh, Riyadh"
"5,000,000",Rest House,4,4,"1,420 Sq. M.","Half Moon Beach, Dammam"
"1,000,000",Floor,4,4,166 Sq. M.,"Al Rimal, East Riyadh, Riyadh"
"800,000",Floor,3,3,166 Sq. M.,"Al Rimal, East Riyadh, Riyadh"
"660,000",Apartment,3,4,"2,000 Sq. M.","Al Nahdah, North Jeddah, Jeddah"
"625,000",Apartment,3,4,763 Sq. M.,"Al Nahdah, North Jeddah, Jeddah"
"730,000",Apartment,4,4,763 Sq. M.,"Al Nahdah, North Jeddah, Jeddah"
"450,000",Apartment,1,2,"2,000 Sq. M.","Al Nahdah, North Jeddah, Jeddah"
"950,000",Apartment,4,3,127 Sq. M.,"Al Zahraa, North Jeddah, Jeddah"
"600,000",Apartment,3,3,728 Sq. M.,"Al Zahraa, North Jeddah, Jeddah"
"770,000",Apartment,4,3,600 Sq. M.,"Al Nahdah, North Jeddah, Jeddah"
"494,000",Apartment,4,4,"3,200 Sq. M.","Al Faisaliyah, Central Jeddah, Jeddah"
"1,332,500",Floor,3,4,146 Sq. M.,"Al Izdihar, East Riyadh, Riyadh"
"2,000,000",Floor,3,3,151 Sq. M.,"Al Olaya, North Riyadh, Riyadh"
"1,800,000",Apartment,4,4,156 Sq. M.,"Al Narjis, North Riyadh, Riyadh"
"6,300,000",Residential Building,11,11,500 Sq. M.,"Al Naim, North Jeddah, Jeddah"
"600,000",Apartment,3,3,728 Sq. M.,"Al Zahraa, North Jeddah, Jeddah"
"650,000",Apartment,3,3,600 Sq. M.,"Al Nahdah, North Jeddah, Jeddah"
"625,000",Apartment,3,4,763 Sq. M.,"Al Nahdah, North Jeddah, Jeddah"
"900,000",Apartment,4,4,763 Sq. M.,"Al Nahdah, North Jeddah, Jeddah"
"795,000",Apartment,2,3,"2,000 Sq. M.","Al Nahdah, North Jeddah, Jeddah"
"3,700,000",Villa,5,4,420 Sq. M.,"Al Mahdiyah, West Riyadh, Riyadh"
"2,150,000",Villa,5,6,225 Sq. M.,"Al Rimal, East Riyadh, Riyadh"
"865,000",Apartment,4,3,130 Sq. M.,"Dhahrat Laban, West Riyadh, Riyadh"
"570,000",Apartment,5,4,211 Sq. M.,"Al Sakb, Madina"
"1,250,000",Floor,5,4,400 Sq. M.,"Al Ranuna, Madina"
"3,200,000",Villa,4,7,400 Sq. M.,"Al Sawari, North Jeddah, Jeddah"
"1,700,000",Apartment,5,4,"2,000 Sq. M.","Al Nahdah, North Jeddah, Jeddah"
"620,000",Apartment,3,4,"2,400 Sq. M.","Al Rawdah, North Jeddah, Jeddah"
"2,100,000",Apartment,8,10,"2,400 Sq. M.","Al Rawdah, North Jeddah, Jeddah"
"475,000",Apartment,3,4,660 Sq. M.,"Al Salamah, North Jeddah, Jeddah"
"580,000",Apartment,4,4,660 Sq. M.,"Al Salamah, North Jeddah, Jeddah"
"1,130,000",Apartment,6,5,660 Sq. M.,"Al Salamah, North Jeddah, Jeddah"
"1,550,000",Apartment,6,5,235 Sq. M.,"Al Zahraa, North Jeddah, Jeddah"
"700,000",Apartment,4,3,728 Sq. M.,"Al Zahraa, North Jeddah, Jeddah"
"550,000",Apartment,2,3,763 Sq. M.,"Al Nahdah, North Jeddah, Jeddah"
"795,000",Apartment,4,4,"2,000 Sq. M.","Al Nahdah, North Jeddah, Jeddah"
"625,000",Apartment,3,3,696 Sq. M.,"Al Nahdah, North Jeddah, Jeddah"
"1,500,000",Rest House,10,7,"3,000 Sq. M.",Qarih Dirab
"600,000",Apartment,5,3,186 Sq. M.,"King Fahd, Makkah"
"525,000",Apartment,4,2,128 Sq. M.,"Al Marwah, North Jeddah, Jeddah"
"795,000",Apartment,4,4,"2,000 Sq. M.","Al Nahdah, North Jeddah, Jeddah"
"900,000",Apartment,4,4,763 Sq. M.,"Al Nahdah, North Jeddah, Jeddah"
"2,200,000",Apartment,7,8,600 Sq. M.,"Al Nahdah, North Jeddah, Jeddah"
"670,000",Apartment,5,4,164 Sq. M.,"Al Safa, North Jeddah, Jeddah"
"650,000",Apartment,4,3,517 Sq. M.,"Al Rawdah, North Jeddah, Jeddah"
"730,000",Apartment,4,4,763 Sq. M.,"Al Nahdah, North Jeddah, Jeddah"
"580,000",Apartment,4,4,660 Sq. M.,"Al Salamah, North Jeddah, Jeddah"
"360,000",Apartment,3,4,"3,200 Sq. M.","Al Faisaliyah, Central Jeddah, Jeddah"
"240,000",Apartment,1,1,"3,200 Sq. M.","Al Faisaliyah, Central Jeddah, Jeddah"
"795,000",Apartment,4,4,"2,000 Sq. M.","Al Nahdah, North Jeddah, Jeddah"
"1,550,000",Apartment,6,5,235 Sq. M.,"Al Zahraa, North Jeddah, Jeddah"
"550,000",Apartment,2,2,600 Sq. M.,"Al Nahdah, North Jeddah, Jeddah"
"795,000",Apartment,4,4,"2,000 Sq. M.","Al Nahdah, North Jeddah, Jeddah"
"240,000",Apartment,1,1,"3,200 Sq. M.","Al Faisaliyah, Central Jeddah, Jeddah"
"360,000",Apartment,3,4,"3,200 Sq. M.","Al Faisaliyah, Central Jeddah, Jeddah"
"580,000",Apartment,4,4,660 Sq. M.,"Al Salamah, North Jeddah, Jeddah"
"730,000",Apartment,4,4,763 Sq. M.,"Al Nahdah, North Jeddah, Jeddah"
"660,000",Apartment,3,4,"2,000 Sq. M.","Al Nahdah, North Jeddah, Jeddah"
"660,000",Apartment,3,4,"2,000 Sq. M.","Al Nahdah, North Jeddah, Jeddah"
"580,000",Apartment,4,4,660 Sq. M.,"Al Salamah, North Jeddah, Jeddah"
"499,000",Apartment,3,4,154 Sq. M.,"Al Sakb, Madina"
"1,560,000",Villa,2,6,270 Sq. M.,"Al Khuzama, Al Khobar"
"465,000",Apartment,3,1,118 Sq. M.,"Dirab, West Riyadh, Riyadh"
"520,000",Apartment,4,2,128 Sq. M.,"Al Waha, North Jeddah, Jeddah"
"499,000",Apartment,3,4,154 Sq. M.,"Al Sakb, Madina"
"590,000",Apartment,3,4,154 Sq. M.,"Al Sakb, Madina"
"2,300,000",Villa,4,6,327 Sq. M.,"Al Saadah, East Riyadh, Riyadh"
"350,000",Apartment,3,2,999 Sq. M.,"Al Safa, North Jeddah, Jeddah"
"579,000",Apartment,4,4,254 Sq. M.,"Al Jassah, Madina"
"729,000",Apartment,3,4,206 Sq. M.,"Mudhainib, Madina"
"770,000",Apartment,4,3,600 Sq. M.,"Al Nahdah, North Jeddah, Jeddah"
"1,130,000",Apartment,6,5,660 Sq. M.,"Al Salamah, North Jeddah, Jeddah"
"625,000",Apartment,3,3,696 Sq. M.,"Al Nahdah, North Jeddah, Jeddah"
"1,200,000",Apartment,6,6,728 Sq. M.,"Al Zahraa, North Jeddah, Jeddah"
"950,000",Apartment,4,3,127 Sq. M.,"Al Zahraa, North Jeddah, Jeddah"
"1,250,000",Apartment,8,8,"3,200 Sq. M.","Al Faisaliyah, Central Jeddah, Jeddah"
"1,150,000",Apartment,5,4,696 Sq. M.,"Al Nahdah, North Jeddah, Jeddah"
"1,450,000",Apartment,6,4,203 Sq. M.,"Al Zahraa, North Jeddah, Jeddah"
"950,000",Apartment,4,3,127 Sq. M.,"Al Zahraa, North Jeddah, Jeddah"
"600,000",Apartment,3,3,728 Sq. M.,"Al Zahraa, North Jeddah, Jeddah"
"480,000",Apartment,2,3,"2,400 Sq. M.","Al Rawdah, North Jeddah, Jeddah"
"475,000",Apartment,3,4,660 Sq. M.,"Al Salamah, North Jeddah, Jeddah"
"270,000",Apartment,2,3,"3,200 Sq. M.","Al Faisaliyah, Central Jeddah, Jeddah"
"494,000",Apartment,4,4,"3,200 Sq. M.","Al Faisaliyah, Central Jeddah, Jeddah"
"900,000",Apartment,4,4,763 Sq. M.,"Al Nahdah, North Jeddah, Jeddah"
"579,000",Apartment,3,4,254 Sq. M.,"Al Jassah, Madina"
"799,000",Apartment,3,3,"1,980 Sq. M.","Al Bustan, Al Khobar"
"1,700,000",Apartment,4,3,171 Sq. M.,"Al Yasmin, North Riyadh, Riyadh"
"670,000",Apartment,5,4,163 Sq. M.,"Al Safa, North Jeddah, Jeddah"
"499,000",Apartment,3,4,154 Sq. M.,"Al Sakb, Madina"
"2,220,000",Villa,3,1,930 Sq. M.,"Al Narjis, North Riyadh, Riyadh"
"729,000",Apartment,4,4,206 Sq. M.,"Mudhainib, Madina"
"399,000",Apartment,3,3,550 Sq. M.,"As safwa, Makkah"
"1,620,000",Floor,3,3,136 Sq. M.,"Al Mursalat, North Riyadh, Riyadh"
"409,000",Apartment,2,3,973 Sq. M.,"Mudhainib, Madina"
"1,150,000",Apartment,5,4,696 Sq. M.,"Al Nahdah, North Jeddah, Jeddah"
"700,000",Apartment,2,3,"2,330 Sq. M.","Al Zahraa, North Jeddah, Jeddah"
"1,200,000",Apartment,6,6,238 Sq. M.,"Al Zahraa, North Jeddah, Jeddah"
"1,150,000",Apartment,5,4,696 Sq. M.,"Al Nahdah, North Jeddah, Jeddah"
"1,200,000",Apartment,6,6,728 Sq. M.,"Al Zahraa, North Jeddah, Jeddah"
"950,000",Apartment,4,3,127 Sq. M.,"Al Zahraa, North Jeddah, Jeddah"
"800,000",Apartment,3,4,467 Sq. M.,"Al Zahraa, North Jeddah, Jeddah"
"400,000",Apartment,4,2,157 Sq. M.,"Uhud, Dammam"
"2,500,000",Villa,8,8,405 Sq. M.,"Okaz, South Riyadh, Riyadh"
"440,000",Apartment,3,3,131 Sq. M.,"Badr, South Riyadh, Riyadh"
"1,400,000",Villa,7,4,345 Sq. M.,"Tuwaiq, West Riyadh, Riyadh"
"695,000",Villa,6,3,143 Sq. M.,"Al Hazm, West Riyadh, Riyadh"
"695,000",Apartment,5,3,159 Sq. M.,"Al Rayaan, North Jeddah, Jeddah"
"1,900,000",Apartment,3,4,92 Sq. M.,"Al Malqa, North Riyadh, Riyadh"
"800,000",Apartment,5,4,156 Sq. M.,"Al Rabwa, North Jeddah, Jeddah"
"1,150,000",Apartment,3,3,142 Sq. M.,"Al Munsiyah, East Riyadh, Riyadh"
"499,000",Apartment,3,4,154 Sq. M.,"Al Sakb, Madina"
"3,000,000",Villa,5,5,338 Sq. M.,"Al Rimal, East Riyadh, Riyadh"
"460,000",Apartment,3,3,113 Sq. M.,"Al Rabwa, North Jeddah, Jeddah"
"470,000",Apartment,4,3,128 Sq. M.,"Al Nakheel, North Jeddah, Jeddah"
"2,249,000",Floor,3,3,660 Sq. M.,"Al Olaya, North Riyadh, Riyadh"
"1,600,000",Apartment,3,3,55 Sq. M.,"Al Olaya, North Riyadh, Riyadh"
"1,700,000",Apartment,6,6,"2,000 Sq. M.","Al Nahdah, North Jeddah, Jeddah"
"730,000",Apartment,4,4,763 Sq. M.,"Al Nahdah, North Jeddah, Jeddah"
"2,200,000",Apartment,7,9,600 Sq. M.,"Al Nahdah, North Jeddah, Jeddah"
"700,000",Apartment,4,4,"2,400 Sq. M.","Al Rawdah, North Jeddah, Jeddah"
"1,150,000",Apartment,5,4,696 Sq. M.,"Al Nahdah, North Jeddah, Jeddah"
"1,200,000",Apartment,6,6,728 Sq. M.,"Al Zahraa, North Jeddah, Jeddah"
"995,000",Apartment,2,3,137 Sq. M.,"Al Rimal, East Riyadh, Riyadh"
"8,000,000",Villa,7,8,"1,000 Sq. M.","Al Hamra, East Riyadh, Riyadh"
"750,000",Apartment,5,4,166 Sq. M.,"Mishrifah, North Jeddah, Jeddah"
"860,000",Apartment,6,4,225 Sq. M.,"Al Faisaliyah, Central Jeddah, Jeddah"
"490,000",Apartment,4,3,184 Sq. M.,"Al Suways 2, Jazan"
"1,100,000",Apartment,5,4,192 Sq. M.,"Al Salamah, North Jeddah, Jeddah"
"4,000,000",Building,10,10,599 Sq. M.,"Al Misfat, South Riyadh, Riyadh"
"1,200,000",Apartment,3,3,153 Sq. M.,"Al Munsiyah, East Riyadh, Riyadh"
"1,100,000",Apartment,3,3,143 Sq. M.,"Al Munsiyah, East Riyadh, Riyadh"
"3,900,000",Villa,5,11,264 Sq. M.,"Al Shati, North Jeddah, Jeddah"
"1,250,000",Apartment,5,4,206 Sq. M.,"Al Salamah, North Jeddah, Jeddah"
"1,150,000",Apartment,5,4,204 Sq. M.,"Al Zahraa, North Jeddah, Jeddah"
"3,000,000",Villa,6,5,537 Sq. M.,"Al Rimal, East Riyadh, Riyadh"
"1,300,000",Floor,4,4,172 Sq. M.,"Al Munsiyah, East Riyadh, Riyadh"
"450,000",Apartment,4,3,130 Sq. M.,"Al Waha, North Jeddah, Jeddah"
"625,000",Apartment,3,3,696 Sq. M.,"Al Nahdah, North Jeddah, Jeddah"
"1,150,000",Apartment,5,4,696 Sq. M.,"Al Nahdah, North Jeddah, Jeddah"
"585,000",Apartment,2,3,"2,000 Sq. M.","Al Nahdah, North Jeddah, Jeddah"
"450,000",Apartment,1,2,"2,000 Sq. M.","Al Nahdah, North Jeddah, Jeddah"
"950,000",Apartment,4,3,127 Sq. M.,"Al Zahraa, North Jeddah, Jeddah"
"1,450,000",Apartment,6,4,203 Sq. M.,"Al Zahraa, North Jeddah, Jeddah"
"830,000",Apartment,5,4,118 Sq. M.,"Al Tawfiq, North Jeddah, Jeddah"
"430,000",Apartment,2,2,167 Sq. M.,"Airport district, Abha"
"820,000",Apartment,6,5,237 Sq. M.,"Al Bawadi, North Jeddah, Jeddah"
"550,000",Apartment,5,4,125 Sq. M.,"Al Salamah, North Jeddah, Jeddah"
"4,000,000",Villa,11,9,625 Sq. M.,"Obhur Al Shamaliyah, North Jeddah, Jeddah"
"1,750,000",Villa,7,5,313 Sq. M.,"Al Yaqout, North Jeddah, Jeddah"
"560,000",Apartment,4,3,154 Sq. M.,"Al Hazm, West Riyadh, Riyadh"
"1,450,000",Apartment,6,4,203 Sq. M.,"Al Zahraa, North Jeddah, Jeddah"
860,Apartment,3,3,"2,330 Sq. M.","Al Zahraa, North Jeddah, Jeddah"
"609,000",Apartment,4,3,524 Sq. M.,"Al Rawdah, North Jeddah, Jeddah"
"770,000",Apartment,4,3,121 Sq. M.,"Al Saadah, East Riyadh, Riyadh"
"1,300,000",Apartment,5,4,163 Sq. M.,"Al Saadah, East Riyadh, Riyadh"
"830,000",Apartment,6,6,220 Sq. M.,"Al Nawras, Dammam"
"590,000",Apartment,4,3,137 Sq. M.,"Mishrifah, North Jeddah, Jeddah"
"3,500,000",Villa,7,7,343 Sq. M.,"Qurtubah, East Riyadh, Riyadh"
"550,000",Apartment,4,4,152 Sq. M.,"Al Waha, North Jeddah, Jeddah"
"620,000",Apartment,4,5,141 Sq. M.,"Al Fayhaa, North Jeddah, Jeddah"
"880,000",Apartment,6,5,215 Sq. M.,"Al Fayhaa, North Jeddah, Jeddah"
"680,000",Apartment,5,5,175 Sq. M.,"Al Fayhaa, North Jeddah, Jeddah"
"1,200,000",Apartment,6,6,728 Sq. M.,"Al Zahraa, North Jeddah, Jeddah"
"2,450,000",Apartment,3,4,174 Sq. M.,"Obhur Al Janoubiyah, North Jeddah, Jeddah"
"1,900,000",Floor,4,3,188 Sq. M.,"Al Malqa, North Riyadh, Riyadh"
"8,719,000",Villa,9,7,750 Sq. M.,"Al Mahdiyah, West Riyadh, Riyadh"
"3,500,000",Villa,4,3,687 Sq. M.,"Al Nahdah, North Jeddah, Jeddah"
"1,600,000",Apartment,3,3,900 Sq. M.,"Al Malqa, North Riyadh, Riyadh"
"6,500,000",Villa,6,5,447 Sq. M.,"King Abduallah, North Riyadh, Riyadh"
"920,000",Apartment,4,4,478 Sq. M.,"Al Mahdiyah, West Riyadh, Riyadh"
"3,000,000",Villa,4,7,400 Sq. M.,"Al Mahdiyah, West Riyadh, Riyadh"
"1,850,000",Villa,5,5,400 Sq. M.,"Al Mahdiyah, West Riyadh, Riyadh"
"3,200,000",Villa,8,6,312 Sq. M.,"Al Arid, North Riyadh, Riyadh"
"530,000",Apartment,5,4,190 Sq. M.,"An Nuzhah 1, Ahad Rafidah"
"2,100,000",Rest House,4,4,"3,000 Sq. M.",Qarih Dirab
"640,000",Apartment,5,4,157 Sq. M.,"Al Fayhaa, North Jeddah, Jeddah"
"600,000",Apartment,4,4,140 Sq. M.,"Al Fayhaa, North Jeddah, Jeddah"
"860,000",Apartment,6,5,213 Sq. M.,"Al Fayhaa, North Jeddah, Jeddah"
"740,000",Apartment,6,5,199 Sq. M.,"Al Marwah, North Jeddah, Jeddah"
"660,000",Apartment,5,5,167 Sq. M.,"Al Marwah, North Jeddah, Jeddah"
"660,000",Apartment,5,5,167 Sq. M.,"Al Sulaymaniyah, North Jeddah, Jeddah"
"660,000",Apartment,5,5,165 Sq. M.,"Al Safa, North Jeddah, Jeddah"
"820,000",Apartment,6,5,193 Sq. M.,"Al Safa, North Jeddah, Jeddah"
"950,000",Apartment,5,4,213 Sq. M.,"Al Manar, North Jeddah, Jeddah"
"860,000",Apartment,5,4,213 Sq. M.,"Al Manar, North Jeddah, Jeddah"
"1,650,000",Villa,7,6,200 Sq. M.,"Al Lulu, North Jeddah, Jeddah"
"3,400,000",Villa,7,6,625 Sq. M.,"Al Zumorrud, North Jeddah, Jeddah"
"995,000",Apartment,3,3,137 Sq. M.,"Al Rimal, East Riyadh, Riyadh"
"4,850,000",Villa,8,7,750 Sq. M.,"Al Zumorrud, North Jeddah, Jeddah"
"1,400,000",Villa,5,5,200 Sq. M.,"Dhahrat Laban, West Riyadh, Riyadh"
"1,200,000",Villa,5,6,275 Sq. M.,"Al yarmuk, Khamis Mushait"
"770,000",Apartment,4,4,696 Sq. M.,"Al Nahdah, North Jeddah, Jeddah"
"3,049,000",Villa,4,4,"6,682 Sq. M.","Al Bahar, Al Khobar"
"1,748,875",Villa,4,4,198 Sq. M.,"Al Narjis, North Riyadh, Riyadh"
"1,220,000",Apartment,3,3,"1,600 Sq. M.","Al Arid, North Riyadh, Riyadh"
"717,000",Apartment,3,3,"18,490 Sq. M.","Al Rimal, East Riyadh, Riyadh"
"2,299,000",Villa,4,4,204 Sq. M.,"Al Safa, East Riyadh, Riyadh"
"1,399,000",Floor,3,3,"3,300 Sq. M.","Al Rabwah, Central Riyadh, Riyadh"
"1,199,000",Apartment,4,3,199 Sq. M.,"Al Qadisiyah, East Riyadh, Riyadh"
"789,000",Apartment,3,3,"5,857 Sq. M.","Al Bahar, Al Khobar"
"950,000",Apartment,5,4,213 Sq. M.,"Al Manar, North Jeddah, Jeddah"
"570,000",Apartment,4,3,139 Sq. M.,"Al Aziziyah, North Jeddah, Jeddah"
"1,200,000",Floor,6,3,178 Sq. M.,"Al Bayan Neighborhood, East Riyadh, Riyadh"
"950,000",Apartment,3,3,104 Sq. M.,"Al Rawabi, East Riyadh, Riyadh"
"2,800,000",Villa,11,7,405 Sq. M.,"Al Fayha, East Riyadh, Riyadh"
"1,070,000",Apartment,4,3,122 Sq. M.,"Al Rawabi, East Riyadh, Riyadh"
"1,650,000",Villa,5,4,356 Sq. M.,"Al Bayan Neighborhood, East Riyadh, Riyadh"
"1,400,000",Villa,5,9,285 Sq. M.,"Al Lulu, Al Khobar"
"3,650,000",Villa,5,5,324 Sq. M.,"Al Munsiyah, East Riyadh, Riyadh"
"590,000",Apartment,5,4,158 Sq. M.,"Al Marwah, North Jeddah, Jeddah"
"950,000",Apartment,4,3,127 Sq. M.,"Al Zahraa, North Jeddah, Jeddah"
"795,000",Apartment,4,4,"2,000 Sq. M.","Al Nahdah, North Jeddah, Jeddah"
"830,000",Apartment,3,3,467 Sq. M.,"Al Zahraa, North Jeddah, Jeddah"
"469,000",Apartment,2,3,120 Sq. M.,"Okaz, South Riyadh, Riyadh"
"1,850,000",Apartment,6,6,"2,000 Sq. M.","Al Nahdah, North Jeddah, Jeddah"
"1,200,000",Apartment,6,6,238 Sq. M.,"Al Zahraa, North Jeddah, Jeddah"
"1,549,000",Floor,3,3,175 Sq. M.,"Al Olaya, North Riyadh, Riyadh"
"2,660,000",Villa,4,4,"1,248 Sq. M.","Al Narjis, North Riyadh, Riyadh"
"409,000",Apartment,2,3,973 Sq. M.,"Mudhainib, Madina"
"599,500",Floor,3,1,"1,059 Sq. M.","Al Safa, East Riyadh, Riyadh"
"729,000",Apartment,4,4,206 Sq. M.,"Mudhainib, Madina"
"579,000",Apartment,4,4,254 Sq. M.,"Al Jassah, Madina"
"3,550,000",Villa,6,8,625 Sq. M.,"Al Rayyan, East Riyadh, Riyadh"
"6,500,000",Villa,10,7,450 Sq. M.,"Al Malqa, North Riyadh, Riyadh"
"1,000,000",Villa,4,6,215 Sq. M.,"Al Janadriyah, East Riyadh, Riyadh"
"573,000",Apartment,3,3,"4,399 Sq. M.","Al Janadriyah, East Riyadh, Riyadh"
"760,000",Apartment,5,3,140 Sq. M.,"Al Salamah, North Jeddah, Jeddah"
"1,150,000",Apartment,5,3,162 Sq. M.,"Al Salamah, North Jeddah, Jeddah"
"900,000",Apartment,6,5,235 Sq. M.,"Al Nuzhah, North Jeddah, Jeddah"
"550,000",Apartment,2,3,763 Sq. M.,"Al Nahdah, North Jeddah, Jeddah"
"700,000",Apartment,4,3,728 Sq. M.,"Al Zahraa, North Jeddah, Jeddah"
"600,000",Apartment,3,3,728 Sq. M.,"Al Zahraa, North Jeddah, Jeddah"
"600,000",Apartment,3,3,728 Sq. M.,"Al Zahraa, North Jeddah, Jeddah"
"550,000",Apartment,2,3,763 Sq. M.,"Al Nahdah, North Jeddah, Jeddah"
"700,000",Apartment,4,4,145 Sq. M.,"Al Zahraa, North Jeddah, Jeddah"
"2,700,000",Residential Building,11,11,787 Sq. M.,"Al Sad, Madina"
"1,189,000",Floor,3,5,178 Sq. M.,"Al Malaz, Central Riyadh, Riyadh"
"879,000",Apartment,2,2,111 Sq. M.,"Al Rawdah, East Riyadh, Riyadh"
"550,000",Apartment,3,2,130 Sq. M.,"Al Duwaikhilah, Madina"
"1,300,000",Villa,7,6,305 Sq. M.,"Al Salehiyah, North Jeddah, Jeddah"
"850,000",Floor,3,4,201 Sq. M.,"Al Suwaidi, West Riyadh, Riyadh"
"650,000",Apartment,4,3,123 Sq. M.,"Al Salamah, North Jeddah, Jeddah"
739,Floor,4,4,186 Sq. M.,"Okaz, South Riyadh, Riyadh"
"2,350,000",Villa,6,6,453 Sq. M.,"Al Mahdiyah, West Riyadh, Riyadh"
"1,150,000",Floor,4,4,183 Sq. M.,"Al Rimal, East Riyadh, Riyadh"
"780,000",Apartment,3,3,134 Sq. M.,"Al Rimal, East Riyadh, Riyadh"
"780,000",Floor,3,3,143 Sq. M.,"Al Rimal, East Riyadh, Riyadh"
"480,000",Apartment,2,3,"2,400 Sq. M.","Al Rawdah, North Jeddah, Jeddah"
"650,000",Apartment,3,3,600 Sq. M.,"Al Nahdah, North Jeddah, Jeddah"
"580,000",Apartment,4,3,660 Sq. M.,"Al Salamah, North Jeddah, Jeddah"
"600,000",Apartment,3,3,728 Sq. M.,"Al Zahraa, North Jeddah, Jeddah"
"625,000",Apartment,3,3,696 Sq. M.,"Al Nahdah, North Jeddah, Jeddah"
"700,000",Apartment,4,3,"2,330 Sq. M.","Al Zahraa, North Jeddah, Jeddah"
"600,000",Apartment,3,3,728 Sq. M.,"Al Zahraa, North Jeddah, Jeddah"
"660,000",Apartment,3,4,"2,000 Sq. M.","Al Nahdah, North Jeddah, Jeddah"
"550,000",Apartment,2,3,763 Sq. M.,"Al Nahdah, North Jeddah, Jeddah"
"650,000",Apartment,3,3,600 Sq. M.,"Al Nahdah, North Jeddah, Jeddah"
"650,000",Apartment,4,3,111 Sq. M.,"Al Salamah, North Jeddah, Jeddah"
"460,000",Apartment,4,3,161 Sq. M.,"Ar Rehab 1, Jazan"
"500,000",Apartment,5,3,188 Sq. M.,"Al Muhammadiyah 1, Jazan"
"530,000",Apartment,5,3,205 Sq. M.,"Al Muhammadiyah 2, Jazan"
"630,000",Apartment,5,3,212 Sq. M.,"Ar Rehab 1, Jazan"
"750,000",Apartment,4,3,114 Sq. M.,"Al Rawdah, North Jeddah, Jeddah"
"2,200,000",Villa,5,5,327 Sq. M.,"Al Mahdiyah, West Riyadh, Riyadh"
"1,400,000",Villa,4,5,209 Sq. M.,"Al Lulu, North Jeddah, Jeddah"
"580,000",Apartment,3,3,100 Sq. M.,"Al Naim, North Jeddah, Jeddah"
"620,000",Apartment,4,4,"2,400 Sq. M.","Al Rawdah, North Jeddah, Jeddah"
"375,000",Apartment,2,3,660 Sq. M.,"Al Salamah, North Jeddah, Jeddah"
"1,250,000",Apartment,8,8,"3,200 Sq. M.","Al Faisaliyah, Central Jeddah, Jeddah"
"600,000",Apartment,3,3,728 Sq. M.,"Al Zahraa, North Jeddah, Jeddah"
"660,000",Apartment,3,4,"2,000 Sq. M.","Al Nahdah, North Jeddah, Jeddah"
"450,000",Apartment,Studio,2,"2,000 Sq. M.","Al Nahdah, North Jeddah, Jeddah"
"625,000",Apartment,3,3,696 Sq. M.,"Al Nahdah, North Jeddah, Jeddah"
"700,000",Apartment,4,3,"2,330 Sq. M.","Al Zahraa, North Jeddah, Jeddah"
"660,000",Apartment,3,4,"2,000 Sq. M.","Al Nahdah, North Jeddah, Jeddah"
"795,000",Apartment,4,4,"2,000 Sq. M.","Al Nahdah, North Jeddah, Jeddah"
"939,000",Apartment,2,2,101 Sq. M.,"Al Rawdah, East Riyadh, Riyadh"
"979,000",Apartment,3,3,145 Sq. M.,"Al Rawdah, East Riyadh, Riyadh"
"899,000",Apartment,3,3,121 Sq. M.,"Al Rawdah, East Riyadh, Riyadh"
"519,000",Apartment,2,3,130 Sq. M.,"Okaz, South Riyadh, Riyadh"
"1,129,000",Apartment,3,3,157 Sq. M.,"Al Narjis, North Riyadh, Riyadh"
"939,000",Apartment,2,3,101 Sq. M.,"Al Rawdah, East Riyadh, Riyadh"
"1,800,000",Villa,11,8,312 Sq. M.,"Obhur Al Shamaliyah, North Jeddah, Jeddah"
"430,000",Apartment,4,4,155 Sq. M.,"Al Safa, North Jeddah, Jeddah"
"1,200,000",Floor,3,4,375 Sq. M.,"Dahiat Namar, West Riyadh, Riyadh"
"730,000",Apartment,5,3,130 Sq. M.,"Al Naim, North Jeddah, Jeddah"
"6,700,000",Floor,4,4,222 Sq. M.,"Badr, South Riyadh, Riyadh"
"2,400,000",Villa,6,7,300 Sq. M.,"Al Sheraa, North Jeddah, Jeddah"
"1,200,000",Apartment,3,2,133 Sq. M.,"Al Fayhaa, North Jeddah, Jeddah"
"900,000",Apartment,5,3,176 Sq. M.,"Al Naim, North Jeddah, Jeddah"
"600,000",Apartment,3,3,728 Sq. M.,"Al Zahraa, North Jeddah, Jeddah"
"800,000",Apartment,4,4,696 Sq. M.,"Al Nahdah, North Jeddah, Jeddah"
"600,000",Apartment,4,3,129 Sq. M.,"Al Ajwad, North Jeddah, Jeddah"
"780,000",Apartment,4,4,600 Sq. M.,"Al Nahdah, North Jeddah, Jeddah"
"1,250,000",Apartment,8,8,"3,200 Sq. M.","Al Faisaliyah, Central Jeddah, Jeddah"
"700,000",Apartment,4,3,"2,330 Sq. M.","Al Zahraa, North Jeddah, Jeddah"
"450,000",Apartment,4,3,173 Sq. M.,"Al Rayaan, North Jeddah, Jeddah"
"700,000",Apartment,5,4,173 Sq. M.,"Al Rayaan, North Jeddah, Jeddah"
"1,450,000",Apartment,6,4,203 Sq. M.,"Al Zahraa, North Jeddah, Jeddah"
"1,550,000",Apartment,6,5,235 Sq. M.,"Al Zahraa, North Jeddah, Jeddah"
"1,209,000",Apartment,3,3,129 Sq. M.,"Al Rawdah, East Riyadh, Riyadh"
"489,000",Apartment,2,3,131 Sq. M.,"Okaz, South Riyadh, Riyadh"
"539,000",Apartment,2,3,145 Sq. M.,"Okaz, South Riyadh, Riyadh"
"539,000",Apartment,2,3,145 Sq. M.,"Okaz, South Riyadh, Riyadh"
"559,000",Apartment,2,3,149 Sq. M.,"Okaz, South Riyadh, Riyadh"
"700,000",Apartment,4,3,117 Sq. M.,"Al Rawdah, North Jeddah, Jeddah"
"750,000",Apartment,3,4,174 Sq. M.,"Al Saif, Dammam"
"4,200,000",Villa,6,6,385 Sq. M.,"Al Yasmin, North Riyadh, Riyadh"
"520,000",Apartment,3,4,183 Sq. M.,"Al Dhurfah, Khamis Mushait"
"520,000",Apartment,3,4,183 Sq. M.,"Al Dhurfah, Khamis Mushait"
"520,000",Apartment,3,4,183 Sq. M.,"Al Dhurfah, Khamis Mushait"
"530,000",Apartment,3,3,163 Sq. M.,"Okaz, South Riyadh, Riyadh"
"550,000",Apartment,5,4,160 Sq. M.,"Al Rayaan, North Jeddah, Jeddah"
"550,000",Apartment,3,3,128 Sq. M.,"Al Zahrah, West Riyadh, Riyadh"
"2,100,000",Villa,6,8,435 Sq. M.,"Alawali, West Riyadh, Riyadh"
"810,000",Apartment,3,4,189 Sq. M.,"Al Shati Al Sharqi, Dammam"
"800,000",Apartment,5,3,181 Sq. M.,"Al Shati Al Sharqi, Dammam"
"800,000",Apartment,3,4,171 Sq. M.,"Al Shati Al Sharqi, Dammam"
"800,000",Apartment,5,4,189 Sq. M.,"Al Shati Al Sharqi, Dammam"
"780,000",Apartment,4,3,124 Sq. M.,"Al Rawdah, North Jeddah, Jeddah"
"1,550,000",Villa,7,6,300 Sq. M.,"Al Anahi, Madina"
"4,500,000",Villa,8,7,438 Sq. M.,"Al Mahdiyah, West Riyadh, Riyadh"
"550,000",Apartment,3,4,135 Sq. M.,"Al Hamra, Al Khobar"
"580,000",Apartment,3,4,142 Sq. M.,"Al Hamra, Al Khobar"
"1,700,000",Villa,7,7,618 Sq. M.,"Al Wurud, Al Kharj Riyadh Region"
"700,000",Apartment,4,3,119 Sq. M.,"Dhahrat Laban, West Riyadh, Riyadh"
"9,500,000",Villa,7,7,930 Sq. M.,"Al Rawdah, East Riyadh, Riyadh"
"610,000",Apartment,6,4,178 Sq. M.,"Al Jamiyin, Dammam"
460,Apartment,4,3,136 Sq. M.,"Al Mraikh, North Jeddah, Jeddah"
"590,000",Apartment,3,3,131 Sq. M.,"Dhahrat Laban, West Riyadh, Riyadh"
"2,500,000",Villa,6,9,351 Sq. M.,"Al Naim, North Jeddah, Jeddah"
"950,000",Floor,4,3,380 Sq. M.,"Tuwaiq, West Riyadh, Riyadh"
"1,350,000",Apartment,7,5,223 Sq. M.,"Al Nahdah, North Jeddah, Jeddah"
"1,950,000",Villa,10,6,400 Sq. M.,"Al Fadeylah, South Jeddah, Jeddah"
"640,000",Apartment,3,2,84 Sq. M.,"Wadi Jalil, Makkah"
"700,000",Apartment,11,7,625 Sq. M.,"Dhahrat Al Badiah, West Riyadh, Riyadh"
"5,500,000",Villa,9,6,895 Sq. M.,"Al Sheraa, North Jeddah, Jeddah"
"1,350,000",Apartment,5,5,223 Sq. M.,"Al Nahdah, North Jeddah, Jeddah"
"800,000",Apartment,5,3,189 Sq. M.,"Al Shati Al Sharqi, Dammam"
"810,000",Apartment,4,3,189 Sq. M.,"Al Shati Al Sharqi, Dammam"
"1,250,000",Floor,3,3,200 Sq. M.,"Al Wurud, North Riyadh, Riyadh"
"860,000",Apartment,3,3,"2,330 Sq. M.","Al Zahraa, North Jeddah, Jeddah"
"625,000",Apartment,3,3,696 Sq. M.,"Al Nahdah, North Jeddah, Jeddah"
"375,000",Apartment,2,3,660 Sq. M.,"Al Salamah, North Jeddah, Jeddah"
"494,000",Apartment,4,4,"3,200 Sq. M.","Al Faisaliyah, Central Jeddah, Jeddah"
"2,800,000",Residential Building,11,11,787 Sq. M.,"Al Sad, Madina"
"1,500,000",Apartment,Studio,1,93 Sq. M.,"Al Olaya, North Riyadh, Riyadh"
"3,200,000",Villa,5,5,630 Sq. M.,"Al Saadah, East Riyadh, Riyadh"
"849,200",Apartment,5,5,200 Sq. M.,"Al Safa, North Jeddah, Jeddah"
"5,000,000",Villa,6,6,520 Sq. M.,"Al Olaya, North Riyadh, Riyadh"
"4,000,000",Villa,4,7,507 Sq. M.,"Al Anahi, Madina"
"1,600,000",Villa,8,5,377 Sq. M.,"Mudhainib, Madina"
"2,000",Rest House,6,7,"3,000 Sq. M.","Al Ghabah, Madina"
"82,000,000",Villa,6,5,"3,300 Sq. M.","Al Malqa, North Riyadh, Riyadh"
"3,800,000",Villa,8,4,600 Sq. M.,"Al Salam, East Riyadh, Riyadh"
"9,500,000",Villa,9,5,930 Sq. M.,"Al Rawdah, East Riyadh, Riyadh"
"650,000",Apartment,5,5,204 Sq. M.,"Al Khalidyah, Madina"
"800,000",Apartment,3,3,172 Sq. M.,"Al Saadah, East Riyadh, Riyadh"
"1,300,000",Apartment,3,3,131 Sq. M.,"Al Yasmin, North Riyadh, Riyadh"
"6,000,000",Villa,11,8,600 Sq. M.,"Ishbiliyah, East Riyadh, Riyadh"
"1,400,000",Villa,5,4,276 Sq. M.,"Ash Shifa, Al Khobar"
"10,000,000",Residential Building,10,10,900 Sq. M.,"Dhahrat Laban, West Riyadh, Riyadh"
"1,500,000",Floor,4,4,"3,098 Sq. M.","Al Rabwah, Central Riyadh, Riyadh"
"10,500,000",Residential Building,11,11,720 Sq. M.,"Al Naim, North Jeddah, Jeddah"
"780,000",Apartment,4,3,124 Sq. M.,"Al Rawdah, North Jeddah, Jeddah"
"375,000",Apartment,2,2,"1,846 Sq. M.","Al Fayhaa, North Jeddah, Jeddah"
"950,000",Apartment,3,3,116 Sq. M.,"Al Munsiyah, East Riyadh, Riyadh"
"1,460,000",Apartment,3,4,200 Sq. M.,"Al Nahdah, North Jeddah, Jeddah"
"850,000",Apartment,3,2,121 Sq. M.,"Al Zahraa, North Jeddah, Jeddah"
"699,000",Apartment,5,3,152 Sq. M.,"Al Faisaliyah, Central Jeddah, Jeddah"
"4,000,000",Apartment,2,2,152 Sq. M.,"Al Sahafah, North Riyadh, Riyadh"
"2,000,000",Apartment,3,3,131 Sq. M.,"Al Malqa, North Riyadh, Riyadh"
"296,000",Apartment,3,3,887 Sq. M.,"Al Rayaan, North Jeddah, Jeddah"
"1,400,000",Apartment,4,5,219 Sq. M.,"Al Fayhaa, North Jeddah, Jeddah"
"3,950,000",Villa,7,5,256 Sq. M.,"Al Narjis, North Riyadh, Riyadh"
"700,000",Apartment,5,3,198 Sq. M.,"Ar Rehab 3, Jazan"
"890,000",Villa,6,5,353 Sq. M.,"Ar Rehab 3, Jazan"
"700,000",Apartment,6,4,240 Sq. M.,"Ar Rehab 1, Jazan"
"470,000",Apartment,5,3,176 Sq. M.,"Al Shati, Jazan"
"4,500,000",Villa,11,11,829 Sq. M.,"Al Fayha, East Riyadh, Riyadh"
"550,000",Apartment,3,4,135 Sq. M.,"Al Hamra, Al Khobar"
"550,000",Apartment,3,3,135 Sq. M.,"Al Hamra, Al Khobar"
"800,000",Apartment,3,4,189 Sq. M.,"Al Shati Al Sharqi, Dammam"
"810,000",Apartment,3,4,189 Sq. M.,"Al Shati Al Sharqi, Dammam"
"810,000",Apartment,3,4,189 Sq. M.,"Al Shati Al Sharqi, Dammam"
"550,000",Apartment,3,4,149 Sq. M.,"Al Hamra, Al Khobar"
"580,000",Apartment,3,4,157 Sq. M.,"Al Hamra, Al Khobar"
"580,000",Apartment,3,4,142 Sq. M.,"Al Hamra, Al Khobar"
"1,399,000",Floor,3,3,169 Sq. M.,"Al Malaz, Central Riyadh, Riyadh"
"1,700,000",Villa,11,7,350 Sq. M.,Malham
"2,300,000",Villa,3,3,600 Sq. M.,"Al Nadwa District, East Riyadh, Riyadh"
"3,000,000",Villa,8,5,750 Sq. M.,"Al Aziziyah, South Riyadh, Riyadh"
"800,000",Villa,9,8,160 Sq. M.,"Al Ghnamiah, South Riyadh, Riyadh"
"625,000",Apartment,4,3,141 Sq. M.,"Al Rehab, North Jeddah, Jeddah"
"3,300,000",Villa,8,6,350 Sq. M.,"Al Shuhada, East Riyadh, Riyadh"
"1,300,000",Floor,5,4,177 Sq. M.,"Al Yarmuk, East Riyadh, Riyadh"
"980,000",Apartment,6,4,218 Sq. M.,"Al Rabwa, North Jeddah, Jeddah"
"580,000",Apartment,2,3,630 Sq. M.,"Al Salamah, North Jeddah, Jeddah"
"580,000",Apartment,5,3,186 Sq. M.,"Ar Rehab 1, Jazan"
"420,000",Apartment,4,3,145 Sq. M.,"Ar Rehab 1, Jazan"
"580,000",Apartment,3,4,142 Sq. M.,"Al Hamra, Al Khobar"
"580,000",Apartment,5,3,135 Sq. M.,"Al Hamra, Al Khobar"
"580,000",Apartment,5,4,142 Sq. M.,"Al Hamra, Al Khobar"
"840,000",Apartment,3,3,127 Sq. M.,"Al Zahraa, North Jeddah, Jeddah"
"710,000",Apartment,4,3,114 Sq. M.,"Al Rawdah, North Jeddah, Jeddah"
"550,000",Apartment,3,4,149 Sq. M.,"Al Hamra, Al Khobar"
"1,282,000",Apartment,4,4,168 Sq. M.,"Al Yarmuk, East Riyadh, Riyadh"
"734,000",Apartment,3,4,532 Sq. M.,"Al Iskan, Madina"
"2,000,000",Villa,10,8,592 Sq. M.,"Al Qiblatayn, Madina"
"2,000,000",Apartment,3,3,207 Sq. M.,"Al Shati, North Jeddah, Jeddah"
"550,000",Apartment,4,3,129 Sq. M.,"Al Faisaliyah, Central Jeddah, Jeddah"
"480,000",Apartment,4,3,137 Sq. M.,"Al Mraikh, North Jeddah, Jeddah"
"850,000",Apartment,4,4,188 Sq. M.,"Al Saif, Dammam"
"800,000",Apartment,5,4,174 Sq. M.,"Al Shati Al Sharqi, Dammam"
"780,000",Floor,4,2,216 Sq. M.,"Al Fanar, Bahrah 3"
"850,000",Villa,5,5,252 Sq. M.,"Okaz, South Riyadh, Riyadh"
"880,000",Apartment,5,3,182 Sq. M.,"Al Marwah, North Jeddah, Jeddah"
"1,700,000",Villa,6,6,484 Sq. M.,"Al Ghadir, Abha"
"1,300,000",Floor,5,2,175 Sq. M.,"Al Yarmuk, East Riyadh, Riyadh"
"1,200,000",Apartment,2,1,79 Sq. M.,"Al Narjis, North Riyadh, Riyadh"
"1,367,000",Villa,4,6,201 Sq. M.,"Al Buhairah, Al Khobar"
"480,000",Apartment,2,3,"2,400 Sq. M.","Al Rawdah, North Jeddah, Jeddah"
"1,150,000",Apartment,5,4,696 Sq. M.,"Al Nahdah, North Jeddah, Jeddah"
"700,000",Apartment,4,3,728 Sq. M.,"Al Zahraa, North Jeddah, Jeddah"
"1,700,000",Apartment,5,4,"2,000 Sq. M.","Al Nahdah, North Jeddah, Jeddah"
"795,000",Apartment,4,4,"2,000 Sq. M.","Al Nahdah, North Jeddah, Jeddah"
"840,000",Apartment,3,3,127 Sq. M.,"Al Zahraa, North Jeddah, Jeddah"
"585,000",Apartment,2,3,"2,000 Sq. M.","Al Nahdah, North Jeddah, Jeddah"
"470,000",Apartment,5,3,176 Sq. M.,"Al Shati, Jazan"
"580,000",Apartment,3,4,157 Sq. M.,"Al Hamra, Al Khobar"
"1,250,000",Apartment,8,8,"3,200 Sq. M.","Al Faisaliyah, Central Jeddah, Jeddah"
"3,750,000",Villa,4,4,238 Sq. M.,"Al Rayyan, East Riyadh, Riyadh"
"1,650,000",Floor,2,2,82 Sq. M.,"Qurtubah, East Riyadh, Riyadh"
"1,950,000",Floor,3,3,186 Sq. M.,"Qurtubah, East Riyadh, Riyadh"
"2,400,000",Floor,3,3,173 Sq. M.,"Qurtubah, East Riyadh, Riyadh"
"980,000",Villa,3,3,186 Sq. M.,"Al Janadriyah, East Riyadh, Riyadh"
"825,000",Apartment,4,4,165 Sq. M.,"Al Rimal, East Riyadh, Riyadh"
"920,000",Apartment,5,4,165 Sq. M.,"Al Rimal, East Riyadh, Riyadh"
"795,000",Apartment,3,3,186 Sq. M.,"Al Bayan Neighborhood, East Riyadh, Riyadh"
"1,150,000",Floor,5,2,300 Sq. M.,"Al Salehiyah, North Jeddah, Jeddah"
"900,000",Floor,3,3,168 Sq. M.,"Al Bayan Neighborhood, East Riyadh, Riyadh"
"1,435,000",Floor,3,5,189 Sq. M.,"Al Malaz, Central Riyadh, Riyadh"
"1,229,000",Floor,3,3,190 Sq. M.,"Al Malaz, Central Riyadh, Riyadh"
"730,000",Apartment,4,3,112 Sq. M.,"Al Rawdah, North Jeddah, Jeddah"
"1,899,000",Floor,3,4,181 Sq. M.,"Al Narjis, North Riyadh, Riyadh"
680,Apartment,5,4,198 Sq. M.,"Al Mraikh, North Jeddah, Jeddah"
"470,000",Apartment,5,3,176 Sq. M.,"Al Shati, Jazan"
"540,000",Apartment,3,3,229 Sq. M.,"Al Suways 1, Jazan"
"580,000",Apartment,5,5,186 Sq. M.,"Ar Rehab 1, Jazan"
"660,000",Apartment,5,3,210 Sq. M.,"Ar Rehab 3, Jazan"
"540,000",Apartment,5,3,217 Sq. M.,"Ar Rehab 3, Jazan"
"550,000",Apartment,5,4,217 Sq. M.,"Ar Rehab 3, Jazan"
"710,000",Apartment,3,3,450 Sq. M.,"Al Rawdah, North Jeddah, Jeddah"
"620,000",Apartment,3,4,"2,400 Sq. M.","Al Rawdah, North Jeddah, Jeddah"
"1,130,000",Floor,6,6,164 Sq. M.,"Al Janadriyah, East Riyadh, Riyadh"
"850,000",Apartment,3,3,136 Sq. M.,"Al Rimal, East Riyadh, Riyadh"
"7,000,000",Residential Building,11,6,572 Sq. M.,"Al Jamiah, Makkah"
"299,000",Apartment,2,2,750 Sq. M.,"Al Safa, North Jeddah, Jeddah"
"420,000",Apartment,4,3,136 Sq. M.,"Al Muhammadiyah 3, Jazan"
"370,000",Apartment,3,3,625 Sq. M.,"Al Nuzhah, North Jeddah, Jeddah"
"645,000",Apartment,5,4,186 Sq. M.,"Al Rayaan, North Jeddah, Jeddah"
"635,000",Apartment,4,3,129 Sq. M.,"Al Marwah, North Jeddah, Jeddah"
"2,300,000",Villa,10,8,337 Sq. M.,"Al Mahdiyah, West Riyadh, Riyadh"
"4,000,000",Villa,11,8,345 Sq. M.,"Al Wadi, North Riyadh, Riyadh"
"1,350,000",Villa,5,4,303 Sq. M.,"Al Rimal, East Riyadh, Riyadh"
"6,500,000",Apartment,4,3,441 Sq. M.,"Al Shati, North Jeddah, Jeddah"
"1,250,000",Apartment,8,8,"3,200 Sq. M.","Al Faisaliyah, Central Jeddah, Jeddah"
"1,130,000",Apartment,6,5,660 Sq. M.,"Al Salamah, North Jeddah, Jeddah"
"480,000",Apartment,2,3,"2,400 Sq. M.","Al Rawdah, North Jeddah, Jeddah"
"900,000",Apartment,4,4,763 Sq. M.,"Al Nahdah, North Jeddah, Jeddah"
"585,000",Apartment,2,3,"2,000 Sq. M.","Al Nahdah, North Jeddah, Jeddah"
"1,700,000",Apartment,5,4,"2,000 Sq. M.","Al Nahdah, North Jeddah, Jeddah"
"950,000",Apartment,4,3,127 Sq. M.,"Al Zahraa, North Jeddah, Jeddah"
"850,000",Apartment,3,4,467 Sq. M.,"Al Zahraa, North Jeddah, Jeddah"
"770,000",Apartment,5,4,185 Sq. M.,"Al Rayaan, North Jeddah, Jeddah"
"630,000",Apartment,4,3,150 Sq. M.,"Al Marwah, North Jeddah, Jeddah"
"1,095,000",Villa,5,5,250 Sq. M.,"Nubala, Madina"
"770,000",Apartment,5,4,425 Sq. M.,"Al Aziziyah, North Jeddah, Jeddah"
"1,300,000",Apartment,5,1,492 Sq. M.,"Al Rimal, East Riyadh, Riyadh"
"1,600,000",Villa,7,5,395 Sq. M.,"Okaz, South Riyadh, Riyadh"
"1,150,000",Apartment,3,2,131 Sq. M.,"Al Sahafah, North Riyadh, Riyadh"
"1,100,000",Floor,3,3,71 Sq. M.,"Al Rimal, East Riyadh, Riyadh"
"478,000",Apartment,4,3,625 Sq. M.,"Al Rabwa, North Jeddah, Jeddah"
"333,000",Apartment,3,2,662 Sq. M.,"Al Rabwa, North Jeddah, Jeddah"
"600,000",Apartment,3,3,728 Sq. M.,"Al Zahraa, North Jeddah, Jeddah"
"700,000",Apartment,4,3,728 Sq. M.,"Al Zahraa, North Jeddah, Jeddah"
"1,200,000",Apartment,6,6,728 Sq. M.,"Al Zahraa, North Jeddah, Jeddah"
"1,100,000",Villa,5,5,459 Sq. M.,"Al-Dhaibiya, Thebea Eastern Region"
"620,000",Apartment,4,4,227 Sq. M.,"Al Shulah, Dammam"
"1,650,000",Apartment,2,3,156 Sq. M.,"Hittin, North Riyadh, Riyadh"
"800,000",Apartment,4,4,696 Sq. M.,"Al Nahdah, North Jeddah, Jeddah"
"1,130,000",Apartment,6,5,660 Sq. M.,"Al Salamah, North Jeddah, Jeddah"
"800,000",Apartment,3,4,189 Sq. M.,"Al Shati Al Sharqi, Dammam"
"2,050,000",Villa,5,6,220 Sq. M.,"Al Rimal, East Riyadh, Riyadh"
"2,600,000",Villa,5,5,420 Sq. M.,"Al Yarmuk, East Riyadh, Riyadh"
"3,150,000",Villa,6,8,300 Sq. M.,"Obhur Al Shamaliyah, North Jeddah, Jeddah"
"4,850,000",Villa,10,10,750 Sq. M.,"Al Zumorrud, North Jeddah, Jeddah"
"1,500,000",Villa,6,5,315 Sq. M.,"Al Buhairah, Al Khobar"
"865,000",Apartment,6,3,207 Sq. M.,"Al Marwah, North Jeddah, Jeddah"
"657,856",Apartment,3,3,112 Sq. M.,"Tuwaiq, West Riyadh, Riyadh"
"5,500,000",Apartment,4,5,441 Sq. M.,"Obhur Al Janoubiyah, North Jeddah, Jeddah"
"915,000",Apartment,4,3,174 Sq. M.,"Al Marwah, North Jeddah, Jeddah"
"650,000",Apartment,4,3,111 Sq. M.,"Al Salamah, North Jeddah, Jeddah"
"700,000",Apartment,4,3,112 Sq. M.,"Al Rawdah, North Jeddah, Jeddah"
"490,000",Apartment,4,3,"1,079 Sq. M.","Ayn Al Khif, Madina"
"1,250,000",Villa,5,5,289 Sq. M.,"Al Rimal, East Riyadh, Riyadh"
"2,600,000",Villa,4,5,376 Sq. M.,"Al Yarmuk, East Riyadh, Riyadh"
"770,000",Apartment,4,3,600 Sq. M.,"Al Nahdah, North Jeddah, Jeddah"
"550,000",Apartment,2,2,600 Sq. M.,"Al Nahdah, North Jeddah, Jeddah"
"1,550,000",Apartment,6,5,235 Sq. M.,"Al Zahraa, North Jeddah, Jeddah"
"700,000",Apartment,4,3,728 Sq. M.,"Al Zahraa, North Jeddah, Jeddah"
"550,000",Apartment,2,3,763 Sq. M.,"Al Nahdah, North Jeddah, Jeddah"
"795,000",Apartment,4,4,"2,000 Sq. M.","Al Nahdah, North Jeddah, Jeddah"
"240,000",Apartment,1,1,"3,200 Sq. M.","Al Faisaliyah, Central Jeddah, Jeddah"
"360,000",Apartment,3,4,"3,200 Sq. M.","Al Faisaliyah, Central Jeddah, Jeddah"
"1,100,000",Floor,4,4,170 Sq. M.,"Al Rimal, East Riyadh, Riyadh"
"2,500,000",Villa,4,4,428 Sq. M.,"Al Yarmuk, East Riyadh, Riyadh"
"2,300,000",Floor,2,2,224 Sq. M.,"Al Narjis, North Riyadh, Riyadh"
"1,230,000",Residential Building,5,5,170 Sq. M.,"Al Khalidiyah, Central Riyadh, Riyadh"
"565,000",Apartment,3,3,425 Sq. M.,"Al Aziziyah, North Jeddah, Jeddah"
"591,335",Apartment,3,3,113 Sq. M.,"Tuwaiq, West Riyadh, Riyadh"
"490,000",Apartment,3,4,203 Sq. M.,"Al Danah, Al Hofuf Eastern Region"
"540,000",Apartment,5,4,204 Sq. M.,"Al Danah, Al Hofuf Eastern Region"
"600,000",Apartment,3,2,128 Sq. M.,"Laban, West Riyadh, Riyadh"
"859,000",Apartment,3,3,137 Sq. M.,"Al Rimal, East Riyadh, Riyadh"
"2,159,000",Villa,5,7,286 Sq. M.,"Al Rimal, East Riyadh, Riyadh"
"669,000",Apartment,3,3,127 Sq. M.,"Al Rimal, East Riyadh, Riyadh"
"499,000",Apartment,2,3,131 Sq. M.,"Okaz, South Riyadh, Riyadh"
"559,000",Apartment,2,3,145 Sq. M.,"Okaz, South Riyadh, Riyadh"
"579,000",Apartment,2,3,149 Sq. M.,"Okaz, South Riyadh, Riyadh"
"489,000",Apartment,2,3,145 Sq. M.,"Okaz, South Riyadh, Riyadh"
"580,000",Apartment,4,4,660 Sq. M.,"Al Salamah, North Jeddah, Jeddah"
"730,000",Apartment,4,4,763 Sq. M.,"Al Nahdah, North Jeddah, Jeddah"
"1,700,000",Apartment,5,4,"2,000 Sq. M.","Al Nahdah, North Jeddah, Jeddah"
"475,000",Apartment,3,4,660 Sq. M.,"Al Salamah, North Jeddah, Jeddah"
"580,000",Apartment,4,4,660 Sq. M.,"Al Salamah, North Jeddah, Jeddah"
"494,000",Apartment,4,4,"3,200 Sq. M.","Al Faisaliyah, Central Jeddah, Jeddah"
"620,000",Apartment,3,4,"2,400 Sq. M.","Al Rawdah, North Jeddah, Jeddah"
"2,100,000",Apartment,8,10,"2,400 Sq. M.","Al Rawdah, North Jeddah, Jeddah"
"720,000",Floor,3,3,181 Sq. M.,"Okaz, South Riyadh, Riyadh"
"1,399,000",Floor,3,5,157 Sq. M.,"King Fahd, North Riyadh, Riyadh"
"1,399,900",Floor,4,5,"1,050 Sq. M.","Al Nuzhah, North Riyadh, Riyadh"
"1,350,000",Villa,5,4,303 Sq. M.,"Al Rimal, East Riyadh, Riyadh"
"700,000",Apartment,4,3,112 Sq. M.,"Al Rawdah, North Jeddah, Jeddah"
"1,500,000",Villa,8,8,400 Sq. M.,"Tuwaiq, West Riyadh, Riyadh"
"1,000,000",Floor,3,3,177 Sq. M.,"Al Saadah, East Riyadh, Riyadh"
"459,000",Apartment,2,3,115 Sq. M.,"Okaz, South Riyadh, Riyadh"
"499,000",Apartment,2,3,127 Sq. M.,"Okaz, South Riyadh, Riyadh"
"1,400,000",Floor,10,5,400 Sq. M.,"As Salam, Makkah"
"1,250,000",Floor,6,7,337 Sq. M.,"Al Rimal, East Riyadh, Riyadh"
"830,000",Apartment,4,3,136 Sq. M.,"Al Rimal, East Riyadh, Riyadh"
"560,000",Apartment,5,5,177 Sq. M.,"Al Zuhur, Dammam"
"560,000",Apartment,5,4,177 Sq. M.,"Al Zuhur, Dammam"
"950,000",Apartment,4,3,127 Sq. M.,"Al Zahraa, North Jeddah, Jeddah"
"600,000",Apartment,3,3,728 Sq. M.,"Al Zahraa, North Jeddah, Jeddah"
"770,000",Apartment,4,3,600 Sq. M.,"Al Nahdah, North Jeddah, Jeddah"
"625,000",Apartment,3,4,763 Sq. M.,"Al Nahdah, North Jeddah, Jeddah"
"730,000",Apartment,4,4,763 Sq. M.,"Al Nahdah, North Jeddah, Jeddah"
"660,000",Apartment,3,4,"2,000 Sq. M.","Al Nahdah, North Jeddah, Jeddah"
"1,150,000",Apartment,5,4,696 Sq. M.,"Al Nahdah, North Jeddah, Jeddah"
"495,000",Apartment,4,3,125 Sq. M.,"Al Naseem, North Jeddah, Jeddah"
"800,000",Apartment,5,4,189 Sq. M.,"Al Shati Al Sharqi, Dammam"
"850,000",Apartment,3,3,142 Sq. M.,"Al Rimal, East Riyadh, Riyadh"
"850,000",Apartment,3,3,136 Sq. M.,"Al Rimal, East Riyadh, Riyadh"
"2,799,000",Villa,4,5,"3,960 Sq. M.","Al Rawdah, East Riyadh, Riyadh"
"550,000",Apartment,3,3,99 Sq. M.,"Al Rawdah, North Jeddah, Jeddah"
"440,000",Apartment,3,3,103 Sq. M.,"Al Waha, North Jeddah, Jeddah"
"1,520,000",Floor,4,5,343 Sq. M.,"Al Rimal, East Riyadh, Riyadh"
"680,000",Apartment,3,2,101 Sq. M.,"Al Rawabi, East Riyadh, Riyadh"
"495,000",Apartment,4,2,139 Sq. M.,"King Fahd Suburb, Dammam"
"850,000",Apartment,5,3,273 Sq. M.,"Al Fayhaa, North Jeddah, Jeddah"
"3,000,000",Villa,6,5,300 Sq. M.,"Al Mahdiyah, West Riyadh, Riyadh"
"845,000",Apartment,4,4,180 Sq. M.,"Al Sawari, North Jeddah, Jeddah"
"520,000",Apartment,4,3,131 Sq. M.,"Al Manar, North Jeddah, Jeddah"
"766,000",Apartment,3,3,178 Sq. M.,"Al Salamah, North Jeddah, Jeddah"
"770,000",Floor,4,4,630 Sq. M.,"Badr, South Riyadh, Riyadh"
"2,800,000",Rest House,5,2,"1,597 Sq. M.","Al Mashriq, Riyadh"
"530,000",Apartment,5,5,301 Sq. M.,"Al Khalij, Ahad Rafidah"
"1,200,000",Villa,8,6,381 Sq. M.,"Al Izdihar, Buraydah Al Qassim Region"
"760,000",Apartment,4,3,140 Sq. M.,"Al Salamah, North Jeddah, Jeddah"
"550,000",Apartment,4,3,129 Sq. M.,"Al Faisaliyah, Central Jeddah, Jeddah"
"1,400,000",Floor,3,4,201 Sq. M.,"Al Nahdah, East Riyadh, Riyadh"
"663,000",Apartment,3,3,128 Sq. M.,"Tuwaiq, West Riyadh, Riyadh"
"633,972",Apartment,3,3,122 Sq. M.,"Tuwaiq, West Riyadh, Riyadh"
"662,953",Apartment,3,3,128 Sq. M.,"Tuwaiq, West Riyadh, Riyadh"
"800,000",Apartment,3,4,189 Sq. M.,"Al Shati Al Sharqi, Dammam"
"550,000",Apartment,3,4,135 Sq. M.,"Al Hamra, Al Khobar"
"810,000",Apartment,3,4,189 Sq. M.,"Al Shati Al Sharqi, Dammam"
"810,000",Apartment,3,4,189 Sq. M.,"Al Shati Al Sharqi, Dammam"
"550,000",Apartment,3,4,149 Sq. M.,"Al Hamra, Al Khobar"
"800,000",Apartment,4,3,139 Sq. M.,"Al Rawdah, North Jeddah, Jeddah"
"2,600,000",Villa,5,8,378 Sq. M.,"Al Yarmuk, East Riyadh, Riyadh"
"820,000",Apartment,4,3,165 Sq. M.,"Al Salamah, North Jeddah, Jeddah"
"590,000",Apartment,5,3,145 Sq. M.,"Al Waha, North Jeddah, Jeddah"
"800,000",Apartment,5,3,175 Sq. M.,"Al Salamah, North Jeddah, Jeddah"
"780,000",Apartment,4,3,136 Sq. M.,"Al Rawdah, North Jeddah, Jeddah"
"760,000",Apartment,4,3,137 Sq. M.,"Al Salamah, North Jeddah, Jeddah"
"760,000",Apartment,4,3,137 Sq. M.,"Al Salamah, North Jeddah, Jeddah"
"450,000",Apartment,3,3,177 Sq. M.,"Badr, South Riyadh, Riyadh"
"520,000",Apartment,4,3,131 Sq. M.,"Al Manar, North Jeddah, Jeddah"
"8,500,000",Villa,6,5,825 Sq. M.,"Al Mughrizat, North Riyadh, Riyadh"
"750,000",Apartment,4,3,138 Sq. M.,"Al Zahraa, North Jeddah, Jeddah"
"5,250,000",Villa,5,5,656 Sq. M.,"Al Shati, North Jeddah, Jeddah"
"700,000",Floor,3,3,151 Sq. M.,"Badr, South Riyadh, Riyadh"
"580,000",Apartment,3,4,157 Sq. M.,"Al Hamra, Al Khobar"
"580,000",Apartment,3,4,142 Sq. M.,"Al Hamra, Al Khobar"
"2,300,000",Villa,7,6,337 Sq. M.,"Al Mahdiyah, West Riyadh, Riyadh"
"908,000",Apartment,5,3,159 Sq. M.,"Al Qadisiyah, East Riyadh, Riyadh"
"3,900,000",Villa,6,7,249 Sq. M.,"Al Narjis, North Riyadh, Riyadh"
"380,000",Apartment,3,3,779 Sq. M.,"Al Nuzhah, North Jeddah, Jeddah"
"760,000",Apartment,5,4,170 Sq. M.,"Al Qusor, Dammam"
"590,000",Apartment,5,4,177 Sq. M.,"Al Zuhur, Dammam"
"590,000",Apartment,5,3,177 Sq. M.,"Al Zuhur, Dammam"
"590,000",Apartment,5,4,177 Sq. M.,"Al Zuhur, Dammam"
"780,000",Apartment,4,3,132 Sq. M.,"Al Rawdah, North Jeddah, Jeddah"
"760,000",Apartment,5,4,170 Sq. M.,"Al Qusor, Dammam"
"590,000",Apartment,5,4,177 Sq. M.,"Al Zuhur, Dammam"
"650,000",Apartment,4,3,124 Sq. M.,"Al Salamah, North Jeddah, Jeddah"
"630,000",Apartment,4,3,115 Sq. M.,"Al Salamah, North Jeddah, Jeddah"
"1,150,000",Villa,4,7,251 Sq. M.,"Okaz, South Riyadh, Riyadh"
"1,050,000",Apartment,4,4,153 Sq. M.,"Al Salamah, North Jeddah, Jeddah"
"5,500,000",Villa,5,5,690 Sq. M.,"Al Basateen, North Jeddah, Jeddah"
"3,700,000",Building,10,10,880 Sq. M.,"Al Muntazahat, South Jeddah, Jeddah"
"2,000,000",Villa,4,5,319 Sq. M.,"Obhur Al Shamaliyah, North Jeddah, Jeddah"
"2,560,000",Floor,3,4,167 Sq. M.,"Al Narjis, North Riyadh, Riyadh"
"730,000",Apartment,3,4,171 Sq. M.,"Al Nuzhah, North Jeddah, Jeddah"
"990,000",Apartment,3,3,131 Sq. M.,"Al Mahdiyah, West Riyadh, Riyadh"
"600,000",Apartment,4,4,207 Sq. M.,"Al Safa, North Jeddah, Jeddah"
"5,400,000",Villa,11,9,450 Sq. M.,"Al Narjis, North Riyadh, Riyadh"
"3,000,000",Villa,3,4,420 Sq. M.,"Ishbiliyah, East Riyadh, Riyadh"
"4,250,000",Villa,6,6,371 Sq. M.,"Al Munsiyah, East Riyadh, Riyadh"
"650,000",Apartment,5,4,166 Sq. M.,"Al Safa, North Jeddah, Jeddah"
"650,000",Apartment,3,4,166 Sq. M.,"Al Safa, North Jeddah, Jeddah"
"950,000",Apartment,4,3,157 Sq. M.,"Al Rawdah, North Jeddah, Jeddah"
"600,000",Apartment,5,3,156 Sq. M.,"Al Mohamdya, Makkah"
"475,000",Apartment,3,3,103 Sq. M.,"Al Waha, North Jeddah, Jeddah"
"830,000",Apartment,4,3,140 Sq. M.,"Al Salamah, North Jeddah, Jeddah"
"10,500,000",Residential Building,11,11,720 Sq. M.,"Al Naim, North Jeddah, Jeddah"
"750,000",Apartment,5,4,200 Sq. M.,"King Fahd, Makkah"
"3,500,000",Villa,10,7,385 Sq. M.,"Qurtubah, East Riyadh, Riyadh"
"1,250,000",Villa,6,6,289 Sq. M.,"Al Rimal, East Riyadh, Riyadh"
"1,350,000",Villa,7,7,303 Sq. M.,"Al Rimal, East Riyadh, Riyadh"
"570,000",Villa,7,5,600 Sq. M.,"Taibah, Al Duwadimi"
"2,900,000",Villa,4,6,338 Sq. M.,"Al Rimal, East Riyadh, Riyadh"
"1,350,000",Villa,5,6,303 Sq. M.,"Al Rimal, East Riyadh, Riyadh"
"1,250,000",Villa,5,6,289 Sq. M.,"Al Rimal, East Riyadh, Riyadh"
"660,000",Floor,3,4,202 Sq. M.,"Taybah, South Riyadh, Riyadh"
"1,600,000",Floor,4,6,458 Sq. M.,"Al Arid, North Riyadh, Riyadh"
"250,000",Apartment,2,2,706 Sq. M.,"Al Mraikh, North Jeddah, Jeddah"
"3,000,000",Villa,5,9,312 Sq. M.,"Al Mahdiyah, West Riyadh, Riyadh"
"3,100,000",Villa,5,9,365 Sq. M.,"Al Mahdiyah, West Riyadh, Riyadh"
"1,550,000",Apartment,3,4,238 Sq. M.,"Al Narjis, North Riyadh, Riyadh"
"420,000",Apartment,4,3,145 Sq. M.,"Ar Rehab 1, Jazan"
"2,500,000",Villa,5,6,366 Sq. M.,"Al Mahdiyah, West Riyadh, Riyadh"
"1,200,000",Apartment,3,3,134 Sq. M.,"Qurtubah, East Riyadh, Riyadh"
"1,000,000",Apartment,2,2,108 Sq. M.,"Al Malqa, North Riyadh, Riyadh"
"1,200,000",Apartment,2,2,76 Sq. M.,"Al Nada, North Riyadh, Riyadh"
"950,000",Apartment,4,3,188 Sq. M.,"Al Janadriyah, East Riyadh, Riyadh"
"1,700,000",Floor,3,2,242 Sq. M.,"Al Munsiyah, East Riyadh, Riyadh"
"2,150,000",Villa,7,6,225 Sq. M.,"Al Rimal, East Riyadh, Riyadh"
"699,000",Apartment,3,3,160 Sq. M.,"Tuwaiq, West Riyadh, Riyadh"
"4,500,000",Villa,7,8,270 Sq. M.,"Al Narjis, North Riyadh, Riyadh"
"3,000,000",Villa,11,5,900 Sq. M.,"Al Ajwad, North Jeddah, Jeddah"
"4,350,000",Villa,6,7,371 Sq. M.,"Al Munsiyah, East Riyadh, Riyadh"
"800,000",Apartment,4,3,139 Sq. M.,"Al Rawdah, North Jeddah, Jeddah"
"2,600,000",Villa,5,5,500 Sq. M.,"King Faisal, East Riyadh, Riyadh"
"630,000",Apartment,5,3,204 Sq. M.,"King Fahd, Makkah"
"870,000",Apartment,3,3,180 Sq. M.,"Dhahrat Laban, West Riyadh, Riyadh"
"730,000",Apartment,5,4,212 Sq. M.,"Al Rabwa, North Jeddah, Jeddah"
"9,500,000",Villa,10,10,600 Sq. M.,"Al Narjis, North Riyadh, Riyadh"
"420,000",Apartment,4,3,115 Sq. M.,"Al Rayaan, North Jeddah, Jeddah"
"840,000",Apartment,3,4,192 Sq. M.,"Al Faisaliyah, Central Jeddah, Jeddah"
"1,800,000",Villa,7,5,244 Sq. M.,"Al Bayan Neighborhood, East Riyadh, Riyadh"
"980,000",Apartment,3,3,177 Sq. M.,"Al Munsiyah, East Riyadh, Riyadh"
"660,000",Apartment,5,3,210 Sq. M.,"Ar Rehab 3, Jazan"
"540,000",Apartment,5,3,217 Sq. M.,"Ar Rehab 3, Jazan"
"700,000",Apartment,6,4,240 Sq. M.,"Ar Rehab 1, Jazan"
"550,000",Apartment,5,4,217 Sq. M.,"Ar Rehab 3, Jazan"
"1,200,000",Floor,3,3,157 Sq. M.,"Al Rimal, East Riyadh, Riyadh"
"520,000",Apartment,6,4,170 Sq. M.,"Al Shulah, Dammam"
"12,000,000",Villa,10,10,520 Sq. M.,"Al Nada, North Riyadh, Riyadh"
"1,450,000",Apartment,4,3,109 Sq. M.,"Al Qirawan, North Riyadh, Riyadh"
"4,500,000",Villa,5,5,446 Sq. M.,"Al Mahdiyah, West Riyadh, Riyadh"
"770,000",Apartment,4,3,127 Sq. M.,"Al Rawdah, North Jeddah, Jeddah"
"3,000,000",Villa,5,5,374 Sq. M.,Makkah
"3,800,000",Villa,7,4,450 Sq. M.,"Al Mahdiyah, West Riyadh, Riyadh"
"900,000",Apartment,4,5,162 Sq. M.,"Al Nasim Al Sharqi, East Riyadh, Riyadh"
"6,800,000",Residential Building,11,7,792 Sq. M.,Makkah
"4,000,000",Villa,6,7,500 Sq. M.,"Al Nahdah, North Jeddah, Jeddah"
"3,100,000",Villa,4,4,312 Sq. M.,"Al Rimal, East Riyadh, Riyadh"
"3,100,000",Villa,6,8,312 Sq. M.,"Al Rimal, East Riyadh, Riyadh"
"975,000",Apartment,4,3,129 Sq. M.,"Al Munsiyah, East Riyadh, Riyadh"
"1,650,000",Villa,5,6,356 Sq. M.,"Al Bayan Neighborhood, East Riyadh, Riyadh"
"850,000",Apartment,4,4,205 Sq. M.,"Mishrifah, North Jeddah, Jeddah"
"3,450,000",Villa,5,5,270 Sq. M.,"Al Narjis, North Riyadh, Riyadh"
"370,000",Apartment,3,3,145 Sq. M.,"Al Suways 1, Jazan"
"450,000",Apartment,5,3,210 Sq. M.,"Ar Rehab 1, Jazan"
"850,000",Villa,5,4,284 Sq. M.,"Al Rawdah, Abu Arish"
"580,000",Apartment,5,3,198 Sq. M.,"Ar Rehab 3, Jazan"
"1,440,000",Villa,5,3,300 Sq. M.,"Al Hazm, West Riyadh, Riyadh"
"2,300,000",Floor,3,4,186 Sq. M.,"Al Narjis, North Riyadh, Riyadh"
"3,200,000",Villa,9,7,455 Sq. M.,"Al Saadah, East Riyadh, Riyadh"
"530,000",Apartment,3,3,135 Sq. M.,"Al Hazm, West Riyadh, Riyadh"
"6,500,000",Villa,4,5,450 Sq. M.,"Hittin, North Riyadh, Riyadh"
"800,000",Villa,6,4,629 Sq. M.,"Refinement No- 133, Thadiq"
"5,000,000",Villa,7,3,450 Sq. M.,"Al Muruj, North Riyadh, Riyadh"
"900,000",Floor,4,3,155 Sq. M.,"Al Janadriyah, East Riyadh, Riyadh"
"4,500,000",Villa,4,4,600 Sq. M.,"Alawali, West Riyadh, Riyadh"
"590,000",Apartment,4,5,177 Sq. M.,"Al Zuhur, Dammam"
"25,000,000",Residential Building,6,5,900 Sq. M.,"Al Narjis, North Riyadh, Riyadh"
"860,000",Apartment,6,5,225 Sq. M.,"Al Faisaliyah, Central Jeddah, Jeddah"
"3,900,000",Villa,4,6,312 Sq. M.,"Al Arid, North Riyadh, Riyadh"
"850,000",Apartment,6,4,205 Sq. M.,"Mishrifah, North Jeddah, Jeddah"
"850,000",Apartment,6,4,205 Sq. M.,"Mishrifah, North Jeddah, Jeddah"
"850,000",Apartment,6,4,205 Sq. M.,"Mishrifah, North Jeddah, Jeddah"
"750,000",Apartment,5,4,166 Sq. M.,"Mishrifah, North Jeddah, Jeddah"
"1,550,000",Villa,6,4,302 Sq. M.,"Al Shulah, Dammam"
"1,640,000",Floor,4,1,157 Sq. M.,"Al Narjis, North Riyadh, Riyadh"
"1,640,000",Floor,4,1,129 Sq. M.,"Al Narjis, North Riyadh, Riyadh"
"3,250,000",Villa,5,5,420 Sq. M.,"Al Bahar, Al Khobar"
"2,600,000",Villa,5,5,351 Sq. M.,"Al Sadafah, Dammam"
"570,000",Apartment,3,3,142 Sq. M.,"Tuwaiq, West Riyadh, Riyadh"
"2,100,000",Villa,7,5,328 Sq. M.,"Al Rimal, East Riyadh, Riyadh"
"770,000",Apartment,4,3,630 Sq. M.,"Badr, South Riyadh, Riyadh"
"900,000",Floor,4,3,155 Sq. M.,"Al Janadriyah, East Riyadh, Riyadh"
"1,050,000",Apartment,4,4,288 Sq. M.,"Al Janadriyah, East Riyadh, Riyadh"
"2,600,000",Villa,11,5,380 Sq. M.,"Al Janadriyah, East Riyadh, Riyadh"
"2,500,000",Villa,7,7,435 Sq. M.,"Al Nahdah, East Riyadh, Riyadh"
"590,000",Apartment,5,4,177 Sq. M.,"Al Zuhur, Dammam"
"1,299,000",Apartment,3,3,203 Sq. M.,"King Faisal, East Riyadh, Riyadh"
"700,000",Apartment,4,3,112 Sq. M.,"Al Rawdah, North Jeddah, Jeddah"
"750,000",Apartment,5,4,166 Sq. M.,"Mishrifah, North Jeddah, Jeddah"
"550,000",Apartment,5,3,368 Sq. M.,"Al Maealaa, Ahad Rafidah"
"650,000",Floor,3,3,131 Sq. M.,"Okaz, South Riyadh, Riyadh"
"800,000",Apartment,4,4,630 Sq. M.,"Badr, South Riyadh, Riyadh"
"2,100,000",Villa,4,7,200 Sq. M.,"Al Mahdiyah, West Riyadh, Riyadh"
"1,650,000",Floor,3,4,172 Sq. M.,"Qurtubah, East Riyadh, Riyadh"
"950,000",Apartment,4,3,188 Sq. M.,"Al Janadriyah, East Riyadh, Riyadh"
"2,600,000",Villa,11,5,380 Sq. M.,"Al Janadriyah, East Riyadh, Riyadh"
"900,000",Floor,4,3,155 Sq. M.,"Al Janadriyah, East Riyadh, Riyadh"
"950,000",Apartment,4,3,188 Sq. M.,"Al Janadriyah, East Riyadh, Riyadh"
"950,000",Apartment,4,3,188 Sq. M.,"Al Janadriyah, East Riyadh, Riyadh"
"1,050,000",Apartment,11,7,288 Sq. M.,"Al Janadriyah, East Riyadh, Riyadh"
"2,600,000",Villa,11,5,380 Sq. M.,"Al Janadriyah, East Riyadh, Riyadh"
"900,000",Floor,4,3,155 Sq. M.,"Al Janadriyah, East Riyadh, Riyadh"
"1,050,000",Apartment,11,7,288 Sq. M.,"Al Janadriyah, East Riyadh, Riyadh"
"850,000",Apartment,6,4,205 Sq. M.,"Mishrifah, North Jeddah, Jeddah"
"750,000",Apartment,5,4,166 Sq. M.,"Mishrifah, North Jeddah, Jeddah"
"860,000",Apartment,6,5,225 Sq. M.,"Al Faisaliyah, Central Jeddah, Jeddah"
"850,000",Apartment,6,4,205 Sq. M.,"Mishrifah, North Jeddah, Jeddah"
"750,000",Apartment,5,4,166 Sq. M.,"Mishrifah, North Jeddah, Jeddah"
"3,000,000",Villa,5,5,343 Sq. M.,"Al Rimal, East Riyadh, Riyadh"
"450,000",Apartment,5,3,239 Sq. M.,"King Fahd, Makkah"
"1,900,000",Floor,3,5,186 Sq. M.,"Qurtubah, East Riyadh, Riyadh"
"480,000",Apartment,4,3,156 Sq. M.,"Badr, South Riyadh, Riyadh"
"370,000",Apartment,3,3,145 Sq. M.,"Al Suways 1, Jazan"
"370,000",Apartment,3,3,145 Sq. M.,"Al Suways 1, Jazan"
"490,000",Apartment,4,3,184 Sq. M.,"Al Suways 2, Jazan"
"550,000",Apartment,5,3,217 Sq. M.,"Ar Rehab 3, Jazan"
"660,000",Apartment,5,3,210 Sq. M.,"Ar Rehab 3, Jazan"
"490,000",Apartment,4,3,184 Sq. M.,"Al Suways 2, Jazan"
"900,000",Floor,4,3,155 Sq. M.,"Al Janadriyah, East Riyadh, Riyadh"
"1,050,000",Apartment,4,4,288 Sq. M.,"Al Janadriyah, East Riyadh, Riyadh"
"1,150,000",Floor,5,4,206 Sq. M.,"Al Janadriyah, East Riyadh, Riyadh"
"1,150,000",Floor,5,4,206 Sq. M.,"Al Janadriyah, East Riyadh, Riyadh"
"2,600,000",Villa,11,5,380 Sq. M.,"Al Janadriyah, East Riyadh, Riyadh"
"950,000",Apartment,4,3,188 Sq. M.,"Al Janadriyah, East Riyadh, Riyadh"
"900,000",Floor,4,3,155 Sq. M.,"Al Janadriyah, East Riyadh, Riyadh"
"1,050,000",Apartment,11,7,288 Sq. M.,"Al Janadriyah, East Riyadh, Riyadh"
"2,600,000",Villa,11,5,380 Sq. M.,"Al Janadriyah, East Riyadh, Riyadh"
"1,150,000",Floor,5,4,206 Sq. M.,"Al Janadriyah, East Riyadh, Riyadh"
"3,500,000",Villa,6,7,264 Sq. M.,"Qurtubah, East Riyadh, Riyadh"
"490,000",Apartment,3,3,103 Sq. M.,"Al Salamah, North Jeddah, Jeddah"
"550,000",Apartment,4,3,132 Sq. M.,"Al Faisaliyah, Central Jeddah, Jeddah"
"550,000",Apartment,5,4,140 Sq. M.,"Al Safa, North Jeddah, Jeddah"
"420,000",Apartment,4,3,102 Sq. M.,"Al Marwah, North Jeddah, Jeddah"
"420,000",Apartment,3,3,102 Sq. M.,"Al Marwah, North Jeddah, Jeddah"
"550,000",Apartment,4,3,132 Sq. M.,"Al Faisaliyah, Central Jeddah, Jeddah"
"420,000",Apartment,4,3,146 Sq. M.,"Ar Rehab 1, Jazan"
"490,000",Apartment,4,3,184 Sq. M.,"Al Suways 2, Jazan"
"580,000",Apartment,5,3,186 Sq. M.,"Ar Rehab 1, Jazan"
"630,000",Floor,3,3,184 Sq. M.,"Okaz, South Riyadh, Riyadh"
"999,000",Villa,4,4,194 Sq. M.,"Al Salamah, North Jeddah, Jeddah"
"670,000",Floor,4,4,120 Sq. M.,"Badr, South Riyadh, Riyadh"
"530,000",Apartment,3,4,189 Sq. M.,"An Nuzhah 1, Ahad Rafidah"
"4,411,000",Villa,2,1,300 Sq. M.,"Al Narjis, North Riyadh, Riyadh"
"1,150,000",Floor,5,4,206 Sq. M.,"Al Janadriyah, East Riyadh, Riyadh"
"1,150,000",Floor,2,2,206 Sq. M.,"Al Janadriyah, East Riyadh, Riyadh"
"670,000",Apartment,4,4,155 Sq. M.,"Al Safa, North Jeddah, Jeddah"
"490,000",Apartment,7,4,200 Sq. M.,"Al Khalij, Al-wadeen 3"
"1,025,000",Apartment,5,3,156 Sq. M.,"Al Rimal, East Riyadh, Riyadh"
"1,700,000",Villa,7,7,312 Sq. M.,"Al Zumorrud, North Jeddah, Jeddah"
"480,000",Apartment,4,3,160 Sq. M.,"Al Nur, Dammam"
"590,000",Apartment,5,4,177 Sq. M.,"Al Zuhur, Dammam"
"670,000",Apartment,5,3,157 Sq. M.,"Al Nuzhah, North Jeddah, Jeddah"
"1,000,000",Floor,10,4,179 Sq. M.,"Al Nadwa District, East Riyadh, Riyadh"
"710,000",Apartment,5,3,270 Sq. M.,"Al Shawqiyyah, Makkah"
"3,500,000",Villa,10,10,951 Sq. M.,"Al Zumorrud, North Jeddah, Jeddah"
"2,000,000",Villa,5,5,275 Sq. M.,"Al Qadisiyah, East Riyadh, Riyadh"
"7,500,000",Apartment,5,4,201 Sq. M.,"Al Manar, North Jeddah, Jeddah"
"500,000",Apartment,3,3,225 Sq. M.,"Al Safa, North Jeddah, Jeddah"
"2,500,000",Villa,4,7,250 Sq. M.,"King Faisal, East Riyadh, Riyadh"
"530,000",Apartment,5,4,302 Sq. M.,"Al Khalij, Ahad Rafidah"
"440,000",Apartment,3,4,191 Sq. M.,Mekdas 1
"440,000",Apartment,4,3,192 Sq. M.,Mekdas 1
"530,000",Apartment,3,4,301 Sq. M.,"Al Khalij, Ahad Rafidah"
"9,500,000",Villa,10,10,"1,133 Sq. M.","Dhahrat Laban, West Riyadh, Riyadh"
"469,000",Apartment,3,3,131 Sq. M.,"Dirab, West Riyadh, Riyadh"
"3,400,000",Villa,5,9,250 Sq. M.,"Al Narjis, North Riyadh, Riyadh"
"750,000",Apartment,5,3,136 Sq. M.,"Al Rimal, East Riyadh, Riyadh"
"680,000",Apartment,2,3,142 Sq. M.,"Ishbiliyah, East Riyadh, Riyadh"
"1,590,000",Apartment,3,2,133 Sq. M.,"Qurtubah, East Riyadh, Riyadh"
"800,000",Apartment,5,4,215 Sq. M.,"Al Safa, North Jeddah, Jeddah"
"650,000",Apartment,5,4,199 Sq. M.,"Al Rabwa, North Jeddah, Jeddah"
"800,000",Apartment,4,3,135 Sq. M.,"Al Fayha, East Riyadh, Riyadh"
"3,700,000",Villa,4,6,500 Sq. M.,"Al Nahdah, North Jeddah, Jeddah"
"400,000",Apartment,3,2,110 Sq. M.,"Governmental1, Jeddah"
"2,895,000",Floor,3,4,275 Sq. M.,"Al Wurud, North Riyadh, Riyadh"
"1,450,000",Villa,7,5,420 Sq. M.,"Al Sakb, Madina"
"860,000",Apartment,4,4,234 Sq. M.,"Al Faisaliyah, Central Jeddah, Jeddah"
"3,750,000",Villa,7,7,343 Sq. M.,"Qurtubah, East Riyadh, Riyadh"
"2,000,000",Villa,5,5,210 Sq. M.,"Al Mahdiyah, West Riyadh, Riyadh"
"650,000",Apartment,4,3,123 Sq. M.,"Al Salamah, North Jeddah, Jeddah"
"850,000",Apartment,4,3,130 Sq. M.,"Dhahrat Laban, West Riyadh, Riyadh"
"650,000",Apartment,4,3,123 Sq. M.,"Al Salamah, North Jeddah, Jeddah"
"480,000",Apartment,5,3,750 Sq. M.,"Al Manar, North Jeddah, Jeddah"
"1,100,000",Floor,6,3,186 Sq. M.,"Al Rimal, East Riyadh, Riyadh"
"1,050,000",Floor,6,3,207 Sq. M.,"Al Uraija Al Gharbiyah, West Riyadh, Riyadh"
"595,000",Floor,6,3,149 Sq. M.,"Badr, South Riyadh, Riyadh"
"2,300,000",Villa,5,5,391 Sq. M.,"Al Mahdiyah, West Riyadh, Riyadh"
"1,199,000",Apartment,4,4,199 Sq. M.,"Al Qadisiyah, East Riyadh, Riyadh"
"1,176,500",Apartment,3,3,115 Sq. M.,"Al Narjis, North Riyadh, Riyadh"
"700,000",Apartment,3,3,155 Sq. M.,"Al Suwaidi, West Riyadh, Riyadh"
"2,000,000",Villa,3,3,200 Sq. M.,"Al Mahdiyah, West Riyadh, Riyadh"
"3,500,000",Villa,8,8,400 Sq. M.,"Al Sawari, North Jeddah, Jeddah"
"630,000",Apartment,3,3,125 Sq. M.,"Al Zahrah, West Riyadh, Riyadh"
"1,350,000",Apartment,4,4,176 Sq. M.,"Al Narjis, North Riyadh, Riyadh"
"850,000",Apartment,3,4,158 Sq. M.,"Al Rimal, East Riyadh, Riyadh"
"860,000",Apartment,6,5,225 Sq. M.,"Al Faisaliyah, Central Jeddah, Jeddah"
"800,000",Apartment,5,3,175 Sq. M.,"Al Salamah, North Jeddah, Jeddah"
"1,500,000",Floor,3,3,200 Sq. M.,"Al Rabwah, Central Riyadh, Riyadh"
"495,000",Apartment,4,3,425 Sq. M.,"Al Aziziyah, North Jeddah, Jeddah"
"650,000",Apartment,5,3,264 Sq. M.,"Al Khadra Neighborhood, Makkah"
"860,000",Apartment,6,5,197 Sq. M.,"Al Faisaliyah, Central Jeddah, Jeddah"
"860,000",Apartment,6,5,225 Sq. M.,"Al Faisaliyah, Central Jeddah, Jeddah"
"970,000",Apartment,5,4,"1,200 Sq. M.","Dhahrat Laban, West Riyadh, Riyadh"
"550,000",Apartment,4,3,129 Sq. M.,"Al Faisaliyah, Central Jeddah, Jeddah"
"550,000",Apartment,4,3,132 Sq. M.,"Al Faisaliyah, Central Jeddah, Jeddah"
"450,000",Apartment,4,3,140 Sq. M.,"Al Safa, North Jeddah, Jeddah"
"550,000",Apartment,3,3,129 Sq. M.,"Al Faisaliyah, Central Jeddah, Jeddah"
"3,600,000",Villa,4,7,250 Sq. M.,"Al Narjis, North Riyadh, Riyadh"
"860,000",Apartment,4,3,156 Sq. M.,"Al Mahdiyah, West Riyadh, Riyadh"
"595,000",Floor,3,3,176 Sq. M.,"Badr, South Riyadh, Riyadh"
"750,000",Floor,3,4,208 Sq. M.,"Al Zahrah, West Riyadh, Riyadh"
"750,000",Floor,4,5,209 Sq. M.,"Okaz, South Riyadh, Riyadh"
"595,000",Apartment,3,3,149 Sq. M.,"Badr, South Riyadh, Riyadh"
"580,000",Apartment,2,3,60 Sq. M.,"Al Janadriyah, East Riyadh, Riyadh"
"667,000",Apartment,3,1,138 Sq. M.,"Al Shulah, Dammam"
"650,000",Apartment,4,3,116 Sq. M.,"Batha Quraysh, Makkah"
"650,000",Apartment,5,3,180 Sq. M.,"Asharai, Makkah"
"750,000",Apartment,6,4,190 Sq. M.,"King Fahd, Makkah"
"3,280,000",Villa,9,6,308 Sq. M.,"Qurtubah, East Riyadh, Riyadh"
"790,000",Apartment,5,4,212 Sq. M.,"Al Safa, North Jeddah, Jeddah"
"6,500,000",Villa,7,6,510 Sq. M.,"Al Narjis, North Riyadh, Riyadh"
"850,000",Apartment,4,3,134 Sq. M.,"Dhahrat Laban, West Riyadh, Riyadh"
"35,000,000",Villa,11,7,"1,270 Sq. M.","Al Rahmaniyah, North Riyadh, Riyadh"
"480,000",Apartment,3,3,156 Sq. M.,"Badr, South Riyadh, Riyadh"
"3,000,000",Villa,5,8,343 Sq. M.,"Al Rimal, East Riyadh, Riyadh"
"850,000",Apartment,6,4,205 Sq. M.,"Mishrifah, North Jeddah, Jeddah"
"1,100,000",Floor,3,4,206 Sq. M.,"Al Qadisiyah, East Riyadh, Riyadh"
"3,000,000",Villa,5,5,343 Sq. M.,"Al Rimal, East Riyadh, Riyadh"
"1,600,000",Floor,4,3,172 Sq. M.,"Qurtubah, East Riyadh, Riyadh"
"1,000,000",Apartment,4,3,187 Sq. M.,"Al Rawabi, East Riyadh, Riyadh"
"750,000",Apartment,5,5,190 Sq. M.,"Al Fayhaa, North Jeddah, Jeddah"
"830,000",Apartment,5,4,173 Sq. M.,"Al Salamah, North Jeddah, Jeddah"
"2,400,000",Villa,5,5,225 Sq. M.,"Al Mahdiyah, West Riyadh, Riyadh"
"1,800,000",Villa,4,4,880 Sq. M.,"As Snah, Taif"
"3,017,000",Villa,3,1,250 Sq. M.,"Al Narjis, North Riyadh, Riyadh"
"750,000",Apartment,4,4,191 Sq. M.,"Al Salamah, North Jeddah, Jeddah"
"540,000",Apartment,3,4,143 Sq. M.,"Al Rabwa, North Jeddah, Jeddah"
"599,000",Apartment,3,3,179 Sq. M.,"Al Hamra, Al Khobar"
"499,000",Apartment,4,3,160 Sq. M.,"Al Hamra, Al Khobar"
"790,000",Apartment,3,3,182 Sq. M.,"Al Rimal, East Riyadh, Riyadh"
"3,100,000",Villa,5,8,312 Sq. M.,"Al Rimal, East Riyadh, Riyadh"
"820,000",Apartment,4,3,130 Sq. M.,"Al Mahdiyah, West Riyadh, Riyadh"
"480,000",Apartment,3,3,156 Sq. M.,"Badr, South Riyadh, Riyadh"
"560,000",Apartment,5,4,174 Sq. M.,"Al Zuhur, Dammam"
"670,000",Apartment,5,3,157 Sq. M.,"Al Nuzhah, North Jeddah, Jeddah"
"850,000",Apartment,4,3,162 Sq. M.,"Al Rimal, East Riyadh, Riyadh"
"790,000",Apartment,4,3,209 Sq. M.,"Bani Harithah, Madina"
"950,000",Villa,5,4,262 Sq. M.,"Al Aqiq, Al Khobar"
"1,400,000",Villa,4,4,345 Sq. M.,"Al Taawun, Al Khobar"
"1,000,000",Villa,7,6,385 Sq. M.,"King Fahd, Abu Arish"
"750,000",Apartment,4,3,120 Sq. M.,"Al Rawdah, North Jeddah, Jeddah"
"7,500,000",Apartment,4,4,201 Sq. M.,"Al Manar, North Jeddah, Jeddah"
"830,000",Apartment,4,4,140 Sq. M.,"Al Salamah, North Jeddah, Jeddah"
"800,000",Apartment,5,3,175 Sq. M.,"Al Salamah, North Jeddah, Jeddah"
"1,200,000",Villa,3,3,206 Sq. M.,"Al Rimal, East Riyadh, Riyadh"
"2,300,000",Villa,11,7,574 Sq. M.,"Old Al Industrial Area, Central Riyadh, Riyadh"
"1,149,000",Apartment,3,2,127 Sq. M.,"Al Arid, North Riyadh, Riyadh"
"1,435,000",Floor,3,1,152 Sq. M.,"Al Rayyan, East Riyadh, Riyadh"
"340,000",Apartment,3,3,112 Sq. M.,"Al Nur, Dammam"
"670,000",Floor,6,3,300 Sq. M.,"Al Hazm, West Riyadh, Riyadh"
"660,000",Floor,3,3,176 Sq. M.,"Okaz, South Riyadh, Riyadh"
"860,000",Apartment,4,4,225 Sq. M.,"Al Faisaliyah, Central Jeddah, Jeddah"
"740,000",Apartment,4,3,50 Sq. M.,"Al Qadisiyah, East Riyadh, Riyadh"
"870,000",Apartment,3,5,214 Sq. M.,"Al Waha, North Jeddah, Jeddah"
"500,000",Apartment,2,3,206 Sq. M.,"Al Muhammadiyah 1, Jazan"
"850,000",Apartment,6,5,206 Sq. M.,"Al Faisaliyah, Central Jeddah, Jeddah"
"1,150,000",Villa,6,5,245 Sq. M.,"Al Faisaliyah, Central Jeddah, Jeddah"
"730,000",Apartment,5,5,212 Sq. M.,"Al Rabwa, North Jeddah, Jeddah"
"700,000",Apartment,4,3,112 Sq. M.,"Al Rawdah, North Jeddah, Jeddah"
"480,000",Apartment,3,3,180 Sq. M.,"Badr, South Riyadh, Riyadh"
"720,000",Apartment,4,3,114 Sq. M.,"Al Rawdah, North Jeddah, Jeddah"
"720,000",Apartment,4,3,117 Sq. M.,"Al Rawdah, North Jeddah, Jeddah"
"1,100,000",Apartment,3,2,97 Sq. M.,"Al Masif, North Riyadh, Riyadh"
"1,450,000",Apartment,5,3,"5,408 Sq. M.","Al Munsiyah, East Riyadh, Riyadh"
"3,000,000",Villa,7,5,420 Sq. M.,"Al Munsiyah, East Riyadh, Riyadh"
"580,000",Apartment,5,3,198 Sq. M.,"Ar Rehab 3, Jazan"
"1,850,000",Villa,4,6,360 Sq. M.,"Al Janadriyah, East Riyadh, Riyadh"
"950,000",Floor,6,3,197 Sq. M.,"Al Rimal, East Riyadh, Riyadh"
"1,100,000",Apartment,3,3,137 Sq. M.,"Al Arid, North Riyadh, Riyadh"
"530,000",Apartment,5,4,160 Sq. M.,"Al Zuhur, Dammam"
"590,000",Apartment,5,4,177 Sq. M.,"Al Zuhur, Dammam"
"590,000",Apartment,5,4,175 Sq. M.,"Al Zuhur, Dammam"
"590,000",Apartment,5,4,175 Sq. M.,"Al Zuhur, Dammam"
"950,000",Floor,5,4,143 Sq. M.,"Al Suwaidi, West Riyadh, Riyadh"
"800,000",Apartment,4,3,130 Sq. M.,"Dhahrat Laban, West Riyadh, Riyadh"
"2,950,000",Apartment,2,3,137 Sq. M.,"Al Olaya, North Riyadh, Riyadh"
"570,000",Apartment,3,3,166 Sq. M.,"Al Zuhur, Dammam"
"5,500,000",Villa,11,5,600 Sq. M.,"Al Nafal, North Riyadh, Riyadh"
"1,500,000",Villa,4,4,275 Sq. M.,"Al Rimal, East Riyadh, Riyadh"
"5,000,000",Residential Building,11,11,750 Sq. M.,"Al Aziziyah, North Jeddah, Jeddah"
"370,000",Apartment,3,3,113 Sq. M.,"Al Nur, Dammam"
"350,000",Apartment,3,3,113 Sq. M.,"Al Nur, Dammam"
"390,000",Apartment,4,3,134 Sq. M.,"Al Nur, Dammam"
"390,000",Apartment,4,3,134 Sq. M.,"Al Nur, Dammam"
"350,000",Apartment,3,3,113 Sq. M.,"Al Nur, Dammam"
"370,000",Apartment,3,3,113 Sq. M.,"Al Nur, Dammam"
"570,000",Apartment,4,3,137 Sq. M.,"Al Jawhara, Dammam"
"390,000",Apartment,4,3,134 Sq. M.,"Al Nur, Dammam"
"590,000",Apartment,5,4,175 Sq. M.,"Al Zuhur, Dammam"
"590,000",Apartment,5,4,177 Sq. M.,"Al Zuhur, Dammam"
"590,000",Apartment,5,4,177 Sq. M.,"Al Zuhur, Dammam"
"560,000",Apartment,5,4,170 Sq. M.,"Al Zuhur, Dammam"
"560,000",Apartment,5,4,163 Sq. M.,"Al Zuhur, Dammam"
"620,000",Apartment,5,4,180 Sq. M.,"Al Zuhur, Dammam"
"520,000",Apartment,5,4,160 Sq. M.,"Al Zuhur, Dammam"
"550,000",Apartment,5,4,160 Sq. M.,"Al Zuhur, Dammam"
"590,000",Apartment,5,4,177 Sq. M.,"Al Zuhur, Dammam"
"760,000",Apartment,5,5,170 Sq. M.,"Al Qusor, Dammam"
"2,800,000",Residential Building,11,3,752 Sq. M.,"Al Samer, North Jeddah, Jeddah"
"2,850,000",Villa,6,5,390 Sq. M.,"Obhur Al Shamaliyah, North Jeddah, Jeddah"
"3,200,000",Villa,9,9,459 Sq. M.,"Obhur Al Shamaliyah, North Jeddah, Jeddah"
"1,750,000",Villa,5,8,396 Sq. M.,"Al Yaqout, North Jeddah, Jeddah"
"4,300,000",Villa,10,7,301 Sq. M.,"Al Rawdah, North Jeddah, Jeddah"
"970,000",Apartment,7,5,332 Sq. M.,"Al Jamiyin, Dammam"
"1,300,000",Floor,3,3,164 Sq. M.,"Al Rawabi, East Riyadh, Riyadh"
"950,000",Floor,6,4,211 Sq. M.,"Al Suwaidi Al Gharabi, West Riyadh, Riyadh"
"500,000",Apartment,4,3,125 Sq. M.,"Al Waha, North Jeddah, Jeddah"
"3,800,000",Villa,11,8,555 Sq. M.,"Al Munsiyah, East Riyadh, Riyadh"
"1,100,000",Villa,6,4,200 Sq. M.,"Tuwaiq, West Riyadh, Riyadh"
"430,000",Apartment,3,2,98 Sq. M.,"Al Marwah, North Jeddah, Jeddah"
"790,000",Apartment,6,4,231 Sq. M.,"Al Safa, North Jeddah, Jeddah"
"760,000",Apartment,5,4,170 Sq. M.,"Al Qusor, Dammam"
"760,000",Apartment,5,5,170 Sq. M.,"Al Qusor, Dammam"
"760,000",Apartment,5,5,170 Sq. M.,"Al Qusor, Dammam"
"560,000",Apartment,5,4,177 Sq. M.,"Al Zuhur, Dammam"
"760,000",Apartment,5,5,170 Sq. M.,"Al Qusor, Dammam"
"560,000",Apartment,5,4,177 Sq. M.,"Al Zuhur, Dammam"
"560,000",Apartment,5,4,176 Sq. M.,"Al Zuhur, Dammam"
"560,000",Apartment,4,4,177 Sq. M.,"Al Zuhur, Dammam"
"560,000",Apartment,5,4,177 Sq. M.,"Al Zuhur, Dammam"
"560,000",Apartment,5,4,176 Sq. M.,"Al Zuhur, Dammam"
"3,300,000",Villa,10,6,374 Sq. M.,"Al Shati, North Jeddah, Jeddah"
"2,400,000",Residential Building,11,7,182 Sq. M.,"Al Salam, Al Kharj Riyadh Region"
"2,000,000",Villa,7,9,451 Sq. M.,"Al Rawabi, Madina"
"520,000",Apartment,4,4,167 Sq. M.,"Al Rayaan, North Jeddah, Jeddah"
"2,300,000",Apartment,4,1,950 Sq. M.,"Al Arid, North Riyadh, Riyadh"
"540,000",Apartment,7,5,171 Sq. M.,"Governmental1, Jeddah"
"570,000",Floor,7,5,230 Sq. M.,"Al Salam, Unayzah"
"475,000",Apartment,4,3,150 Sq. M.,"Al Sakb, Madina"
"2,000,000",Villa,4,5,400 Sq. M.,"Al Mahdiyah, West Riyadh, Riyadh"
"3,049,000",Villa,4,4,"6,682 Sq. M.","Al Bahar, Al Khobar"
"733,000",Apartment,3,3,990 Sq. M.,"Al Rimal, East Riyadh, Riyadh"
"1,090,000",Apartment,2,1,800 Sq. M.,"Al Wadi, North Riyadh, Riyadh"
"1,600,000",Villa,5,5,625 Sq. M.,"Al Nasim Al Gharbi, East Riyadh, Riyadh"
"1,300,000",Floor,4,3,200 Sq. M.,"Al Janadriyah, East Riyadh, Riyadh"
"4,464",Rest House,2,2,672 Sq. M.,"Al Lulu, North Jeddah, Jeddah"
"560,000",Apartment,5,4,177 Sq. M.,"Al Zuhur, Dammam"
"560,000",Apartment,5,4,177 Sq. M.,"Al Zuhur, Dammam"
"560,000",Apartment,5,4,174 Sq. M.,"Al Zuhur, Dammam"
"560,000",Apartment,5,4,174 Sq. M.,"Al Zuhur, Dammam"
"560,000",Apartment,5,4,174 Sq. M.,"Al Zuhur, Dammam"
"1,100,000",Apartment,4,3,"3,098 Sq. M.","Al Rabwah, Central Riyadh, Riyadh"
"850,000",Apartment,6,4,205 Sq. M.,"Mishrifah, North Jeddah, Jeddah"
"750,000",Apartment,5,4,166 Sq. M.,"Mishrifah, North Jeddah, Jeddah"
"600,000",Apartment,5,3,198 Sq. M.,"King Fahd, Makkah"
"530,000",Apartment,5,3,182 Sq. M.,"King Fahd, Makkah"
"525,000",Apartment,5,3,150 Sq. M.,"Shuran, Madina"
"2,750,000",Villa,6,5,300 Sq. M.,"Sidra, Riyadh"
"1,750,000",Villa,4,3,200 Sq. M.,"Al Faruq, Central Riyadh, Riyadh"
"1,650,000",Apartment,3,3,215 Sq. M.,"Al Malqa, North Riyadh, Riyadh"
"6,700,000",Rest House,6,4,916 Sq. M.,"Al Arid, North Riyadh, Riyadh"
"800,000",Apartment,4,3,130 Sq. M.,"Dhahrat Laban, West Riyadh, Riyadh"
"950,000",Apartment,3,4,171 Sq. M.,"Al Rimal, East Riyadh, Riyadh"
"3,341",Rest House,1,1,778 Sq. M.,"Al Lulu, North Jeddah, Jeddah"
"780,000",Floor,5,3,227 Sq. M.,"Al Aziziyah, South Riyadh, Riyadh"
"1,000,000",Apartment,3,4,202 Sq. M.,"Al Fayhaa, North Jeddah, Jeddah"
"580,000",Apartment,4,3,139 Sq. M.,"Al Jawhara, Dammam"
"580,000",Apartment,4,3,139 Sq. M.,"Al Jawhara, Dammam"
"580,000",Apartment,4,3,139 Sq. M.,"Al Jawhara, Dammam"
"580,000",Apartment,4,3,138 Sq. M.,"Al Jawhara, Dammam"
"560,000",Apartment,5,4,176 Sq. M.,"Al Zuhur, Dammam"
"770,000",Apartment,3,3,630 Sq. M.,"Badr, South Riyadh, Riyadh"
"770,000",Apartment,4,5,630 Sq. M.,"Badr, South Riyadh, Riyadh"
"770,000",Apartment,3,3,630 Sq. M.,"Badr, South Riyadh, Riyadh"
"760,000",Floor,4,4,214 Sq. M.,"Badr, South Riyadh, Riyadh"
"550,000",Apartment,3,2,140 Sq. M.,"Al Safa, North Jeddah, Jeddah"
"550,000",Apartment,4,3,140 Sq. M.,"Al Safa, North Jeddah, Jeddah"
"600,000",Apartment,3,3,129 Sq. M.,"Al Faisaliyah, Central Jeddah, Jeddah"
"540,000",Apartment,4,3,129 Sq. M.,"Al Faisaliyah, Central Jeddah, Jeddah"
"550,000",Apartment,4,3,129 Sq. M.,"Al Faisaliyah, Central Jeddah, Jeddah"
"320,000",Apartment,3,3,659 Sq. M.,"Al Mraikh, North Jeddah, Jeddah"
"1,250,000",Villa,4,4,400 Sq. M.,"Tuwaiq, West Riyadh, Riyadh"
"560,000",Apartment,4,3,136 Sq. M.,"Al Jawhara, Dammam"
"1,150,000",Villa,7,5,275 Sq. M.,"Al Rahmanyah, North Jeddah, Jeddah"
"700,000",Villa,8,4,636 Sq. M.,"Badr, South Riyadh, Riyadh"
"4,500,000",Villa,11,11,800 Sq. M.,"Al Janadriyah, East Riyadh, Riyadh"
"450,000",Apartment,5,3,168 Sq. M.,"Badr, South Riyadh, Riyadh"
"580,000",Apartment,4,3,139 Sq. M.,"Al Jawhara, Dammam"
"580,000",Apartment,4,3,139 Sq. M.,"Al Jawhara, Dammam"
"490,000",Apartment,4,3,184 Sq. M.,"Al Suways 2, Jazan"
"550,000",Apartment,5,4,217 Sq. M.,"Ar Rehab 3, Jazan"
"730,000",Floor,5,5,207 Sq. M.,"Al Nahdah, Ahad Rafidah"
"1,160,000",Villa,3,5,335 Sq. M.,"Dhahrat Laban, West Riyadh, Riyadh"
"1,160,000",Villa,3,5,335 Sq. M.,"Dhahrat Laban, West Riyadh, Riyadh"
"1,160,000",Villa,3,5,335 Sq. M.,"Dhahrat Laban, West Riyadh, Riyadh"
"560,000",Apartment,4,3,123 Sq. M.,"Al Salamah, North Jeddah, Jeddah"
"650,000",Apartment,5,3,205 Sq. M.,"Umm Alarad, Taif"
"4,200,000",Villa,8,7,663 Sq. M.,"Umm Al Jud, Makkah"
"1,150,000",Floor,4,4,144 Sq. M.,"Al Munsiyah, East Riyadh, Riyadh"
"560,000",Apartment,5,3,172 Sq. M.,"Governmental1, Jeddah"
"460,000",Apartment,4,3,130 Sq. M.,"Al Rayaan, North Jeddah, Jeddah"
"650,000",Floor,3,3,121 Sq. M.,"Al Nasim Al Sharqi, East Riyadh, Riyadh"
"850,000",Apartment,4,3,"1,590 Sq. M.","Al Muntazah, Dammam"
"885,000",Apartment,4,3,134 Sq. M.,"Dhahrat Laban, West Riyadh, Riyadh"
"1,600,000",Floor,5,5,206 Sq. M.,"Al Munsiyah, East Riyadh, Riyadh"
"250,000",Apartment,2,3,706 Sq. M.,"Al Mraikh, North Jeddah, Jeddah"
"1,370,000",Apartment,3,4,132 Sq. M.,"Al Narjis, North Riyadh, Riyadh"
"790,000",Apartment,5,3,175 Sq. M.,"Al Salamah, North Jeddah, Jeddah"
"2,450,000",Villa,6,9,312 Sq. M.,"Al Amwaj, North Jeddah, Jeddah"
"984,000",Apartment,3,4,142 Sq. M.,"Al Salam, East Riyadh, Riyadh"
"830,000",Villa,5,6,352 Sq. M.,Alrahbuh 5
"680,000",Apartment,5,4,159 Sq. M.,"Al Fayhaa, North Jeddah, Jeddah"
"1,160,000",Villa,3,5,335 Sq. M.,"Dhahrat Laban, West Riyadh, Riyadh"
"800,000",Apartment,4,4,630 Sq. M.,"Badr, South Riyadh, Riyadh"
"550,000",Apartment,6,2,187 Sq. M.,"Al Maealaa, Ahad Rafidah"
"1,160,000",Villa,3,5,335 Sq. M.,"Dhahrat Laban, West Riyadh, Riyadh"
"3,600,000",Villa,6,10,400 Sq. M.,"Al Mahdiyah, West Riyadh, Riyadh"
"1,850,000",Villa,5,4,205 Sq. M.,"Al Janadriyah, East Riyadh, Riyadh"
"850,000",Floor,5,4,155 Sq. M.,"Al Janadriyah, East Riyadh, Riyadh"
"1,050,000",Floor,7,6,225 Sq. M.,"Al Janadriyah, East Riyadh, Riyadh"
"1,800,000",Apartment,2,3,114 Sq. M.,"Al Aqiq, North Riyadh, Riyadh"
"2,600,000",Villa,11,11,400 Sq. M.,"King Fahd, Makkah"
"1,150,000",Apartment,3,3,134 Sq. M.,"Al Munsiyah, East Riyadh, Riyadh"
"800,000",Apartment,3,3,130 Sq. M.,"Dhahrat Laban, West Riyadh, Riyadh"
"850,000",Apartment,4,3,134 Sq. M.,"Dhahrat Laban, West Riyadh, Riyadh"
"1,100,000",Villa,5,4,250 Sq. M.,"Uhud, South Riyadh, Riyadh"
"1,400,000",Apartment,3,4,181 Sq. M.,"Al Malqa, North Riyadh, Riyadh"
"750,000",Floor,3,5,242 Sq. M.,"Okaz, South Riyadh, Riyadh"
"4,479,000",Villa,5,7,336 Sq. M.,"Al Masif, North Riyadh, Riyadh"
"550,000",Apartment,4,3,132 Sq. M.,"Al Faisaliyah, Central Jeddah, Jeddah"
"460,000",Apartment,4,3,165 Sq. M.,"Ash Shamiya Al Jadid, Makkah"
"500,000",Apartment,5,3,165 Sq. M.,"Ash Shamiya Al Jadid, Makkah"
"600,000",Apartment,6,4,221 Sq. M.,"Al Buhayrat, Makkah"
"950,000",Floor,6,3,290 Sq. M.,"Al Qutbiah Al Gharbia, Taif"
"830,000",Apartment,3,3,120 Sq. M.,"Al Zahraa, North Jeddah, Jeddah"
"720,000",Apartment,3,2,166 Sq. M.,"Al Marwah, North Jeddah, Jeddah"
"550,000",Apartment,4,3,132 Sq. M.,"Al Faisaliyah, Central Jeddah, Jeddah"
"2,400,000",Villa,7,4,360 Sq. M.,"Al Maizilah, East Riyadh, Riyadh"
"950,000",Villa,4,3,201 Sq. M.,"Al Janadriyah, East Riyadh, Riyadh"
"700,000",Villa,5,3,250 Sq. M.,"Al Dar Al Baida, South Riyadh, Riyadh"
"450,000",Apartment,5,5,127 Sq. M.,"Al Zahraa, North Jeddah, Jeddah"
"1,199,000",Apartment,3,3,975 Sq. M.,"Al Narjis, North Riyadh, Riyadh"
"750,000",Apartment,5,4,166 Sq. M.,"Mishrifah, North Jeddah, Jeddah"
"1,600,000",Floor,9,4,500 Sq. M.,"Al Manar, Dammam"
"6,000,000",Residential Building,3,3,"4,000 Sq. M.","Mansuriyah, South Riyadh, Riyadh"
"550,000",Apartment,4,3,129 Sq. M.,"Al Faisaliyah, Central Jeddah, Jeddah"
"1,700,000",Apartment,3,5,231 Sq. M.,"Hittin, North Riyadh, Riyadh"
"1,050,000",Villa,4,4,385 Sq. M.,"Tuwaiq, West Riyadh, Riyadh"
"1,100,000",Villa,5,4,250 Sq. M.,"Uhud, South Riyadh, Riyadh"
"820,000",Apartment,4,3,130 Sq. M.,"Al Mahdiyah, West Riyadh, Riyadh"
"1,350,000",Villa,5,5,369 Sq. M.,"Al Shulah, Dammam"
"1,400,000",Villa,4,4,296 Sq. M.,"Al Nasim Al Gharbi, East Riyadh, Riyadh"
"2,239,000",Floor,4,5,138 Sq. M.,"Al Masif, North Riyadh, Riyadh"
"1,540,000",Apartment,3,3,157 Sq. M.,"Al Malqa, North Riyadh, Riyadh"
"550,000",Apartment,4,3,129 Sq. M.,"Al Faisaliyah, Central Jeddah, Jeddah"
"345,000",Apartment,3,3,875 Sq. M.,"Al Nuzhah, North Jeddah, Jeddah"
"700,000",Apartment,3,3,104 Sq. M.,"Obhur Al Janoubiyah, North Jeddah, Jeddah"
"5,200,000",Villa,4,8,675 Sq. M.,"Al Shati, North Jeddah, Jeddah"
"1,750,000",Villa,6,7,446 Sq. M.,"Madinat Al Bohairat, North Jeddah, Jeddah"
"1,400,000",Villa,10,6,312 Sq. M.,"Al Noor District, Obhur Al Janoubiyah, North Jeddah, Jeddah"
"1,450,000",Apartment,3,3,"4,980 Sq. M.","Qurtubah, East Riyadh, Riyadh"
"860,000",Floor,4,3,500 Sq. M.,"Shubra, West Riyadh, Riyadh"
"860,000",Floor,3,3,500 Sq. M.,"Shubra, West Riyadh, Riyadh"
"1,550,000",Apartment,6,5,235 Sq. M.,"Al Zahraa, North Jeddah, Jeddah"
"620,000",Apartment,3,3,227 Sq. M.,"Al Shulah, Dammam"
"550,000",Apartment,3,4,135 Sq. M.,"Al Hamra, Al Khobar"
"490,000",Apartment,4,3,184 Sq. M.,"Al Suways 2, Jazan"
"860,000",Floor,3,3,500 Sq. M.,"Shubra, West Riyadh, Riyadh"
"1,900,000",Villa,10,7,480 Sq. M.,"Al Zahrah, West Riyadh, Riyadh"
"600,000",Apartment,3,3,129 Sq. M.,"Al Faisaliyah, Central Jeddah, Jeddah"
"550,000",Apartment,3,3,99 Sq. M.,"Al Rawdah, North Jeddah, Jeddah"
"550,000",Apartment,3,2,98 Sq. M.,"Al Rawdah, North Jeddah, Jeddah"
"860,000",Apartment,6,5,225 Sq. M.,"Al Faisaliyah, Central Jeddah, Jeddah"
"860,000",Apartment,6,5,225 Sq. M.,"Al Faisaliyah, Central Jeddah, Jeddah"
"770,000",Apartment,3,3,630 Sq. M.,"Badr, South Riyadh, Riyadh"
"760,000",Floor,4,4,214 Sq. M.,"Badr, South Riyadh, Riyadh"
"750,000",Villa,4,4,168 Sq. M.,"Badr, South Riyadh, Riyadh"
"790,000",Apartment,5,1,162 Sq. M.,"Al Nawras, Dammam"
"440,000",Apartment,2,3,103 Sq. M.,"Al Jameah District, South Jeddah, Jeddah"
"870,000",Apartment,4,3,144 Sq. M.,"Al Rimal, East Riyadh, Riyadh"
"2,000,000",Villa,5,6,270 Sq. M.,"Al Rimal, East Riyadh, Riyadh"
"540,000",Apartment,4,3,131 Sq. M.,"Al Marwah, North Jeddah, Jeddah"
"550,000",Apartment,4,5,137 Sq. M.,"Al Nuzhah, North Jeddah, Jeddah"
"950,000",Floor,4,4,152 Sq. M.,"Al Qadisiyah, East Riyadh, Riyadh"
"1,003,000",Apartment,4,4,135 Sq. M.,"Al Munsiyah, East Riyadh, Riyadh"
"580,000",Apartment,5,3,210 Sq. M.,"Harat Al Bab Al Jadid, Makkah"
"9,000,000",Villa,10,7,754 Sq. M.,"King Fahd, North Riyadh, Riyadh"
"540,000",Apartment,5,4,159 Sq. M.,"Al Rayaan, North Jeddah, Jeddah"
"1,150,000",Floor,9,7,750 Sq. M.,"Al Nasim Al Gharbi, East Riyadh, Riyadh"
"2,700,000",Villa,5,4,312 Sq. M.,"Al Faruq, Central Riyadh, Riyadh"
"1,300,000",Villa,7,5,375 Sq. M.,"Al Dar Al Baida, South Riyadh, Riyadh"
"650,000",Apartment,3,3,134 Sq. M.,"Alawali, West Riyadh, Riyadh"
"1,180,000",Floor,5,4,276 Sq. M.,"Al Rimal, East Riyadh, Riyadh"
"1,200,000",Villa,10,8,583 Sq. M.,"Al Madinah, Al Rass"
"6,000,000",Villa,11,7,"2,160 Sq. M.","Al Marooj, Abha"
"1,450,000",Villa,3,4,200 Sq. M.,"Al Rimal, East Riyadh, Riyadh"
"740,000",Villa,7,5,287 Sq. M.,"Badr, South Riyadh, Riyadh"
"5,000,000",Villa,4,4,442 Sq. M.,"Al Malqa, North Riyadh, Riyadh"
"11,000,000",Villa,4,4,750 Sq. M.,"Hittin, North Riyadh, Riyadh"
"450,000",Apartment,4,3,137 Sq. M.,"Al Safa, Abu Arish"
"970,000",Apartment,3,4,67 Sq. M.,"King Faisal, East Riyadh, Riyadh"
"740,000",Villa,8,5,287 Sq. M.,"Badr, South Riyadh, Riyadh"
"1,800,000",Rest House,1,2,"1,999 Sq. M.","Ar Rehab, Taif"
"320,000",Apartment,3,3,659 Sq. M.,"Al Mraikh, North Jeddah, Jeddah"
"1,900,000",Villa,11,8,312 Sq. M.,"Al Yaqout, North Jeddah, Jeddah"
"27,000,000",Villa,11,11,"2,640 Sq. M.","Obhur Al Janoubiyah, North Jeddah, Jeddah"
"670,000",Apartment,5,3,162 Sq. M.,"Al Nuzhah, North Jeddah, Jeddah"
"1,750,000",Rest House,2,2,635 Sq. M.,"Uraidh, South Riyadh, Riyadh"
"1,500,000",Apartment,3,3,157 Sq. M.,"Al Narjis, North Riyadh, Riyadh"
"4,500,000",Villa,10,6,730 Sq. M.,"Al Hamdaniyah, North Jeddah, Jeddah"
"1,150,000",Villa,6,4,315 Sq. M.,"Al Janadriyah, East Riyadh, Riyadh"
"920,000",Floor,4,5,212 Sq. M.,"Tuwaiq, West Riyadh, Riyadh"
"740,000",Floor,3,3,176 Sq. M.,"Badr, South Riyadh, Riyadh"
"800,000",Villa,5,3,375 Sq. M.,"Al Dar Al Baida, South Riyadh, Riyadh"
"1,020,000",Villa,7,4,250 Sq. M.,"King Fahd Suburb, Dammam"
"4,500,000",Villa,8,6,320 Sq. M.,"Al Muhammadiyah, North Jeddah, Jeddah"
"2,000,000",Villa,8,6,287 Sq. M.,"Al Rimal, East Riyadh, Riyadh"
"666,080",Apartment,4,3,"2,450 Sq. M.","Al Hazm, West Riyadh, Riyadh"
"666,080",Apartment,4,3,245 Sq. M.,"Al Hazm, West Riyadh, Riyadh"
"2,800,000",Villa,4,4,468 Sq. M.,"Al Andalus, East Riyadh, Riyadh"
"770,000",Apartment,4,4,630 Sq. M.,"Badr, South Riyadh, Riyadh"
"685,000",Apartment,3,3,183 Sq. M.,"Tuwaiq, West Riyadh, Riyadh"
"3,700,000",Villa,9,3,390 Sq. M.,"Qurtubah, East Riyadh, Riyadh"
"700,000",Apartment,4,3,112 Sq. M.,"Al Rawdah, North Jeddah, Jeddah"
"865,000",Floor,4,3,214 Sq. M.,"Okaz, South Riyadh, Riyadh"
"3,850,000",Villa,6,6,454 Sq. M.,"Al Mahdiyah, West Riyadh, Riyadh"
"2,200,000",Villa,11,6,450 Sq. M.,"Dahiat Namar, West Riyadh, Riyadh"
"2,000,000",Floor,4,6,264 Sq. M.,"Al Munsiyah, East Riyadh, Riyadh"
"730,000",Apartment,4,3,112 Sq. M.,"Al Rawdah, North Jeddah, Jeddah"
"1,000,000",Floor,4,4,193 Sq. M.,"Al Qadisiyah, East Riyadh, Riyadh"
"1,600,000",Floor,4,3,165 Sq. M.,"Al Munsiyah, East Riyadh, Riyadh"
"1,705,090",Apartment,5,3,215 Sq. M.,"Qurtubah, East Riyadh, Riyadh"
"850,000",Apartment,4,4,"1,043 Sq. M.","Al Saif, Dammam"
"485,000",Apartment,5,3,184 Sq. M.,"Badr, Dammam"
"570,000",Apartment,4,3,137 Sq. M.,"Al Jawhara, Dammam"
"1,145,000",Floor,5,5,186 Sq. M.,"Al Rimal, East Riyadh, Riyadh"
"2,000,000",Floor,6,5,147 Sq. M.,"Al Rawdah, North Jeddah, Jeddah"
"4,000,000",Villa,5,4,462 Sq. M.,"Al Rawdah, East Riyadh, Riyadh"
"1,000,000",Floor,4,3,168 Sq. M.,"Al Rimal, East Riyadh, Riyadh"
"700,000",Apartment,4,3,112 Sq. M.,"Al Rawdah, North Jeddah, Jeddah"
"2,800,000",Villa,4,4,514 Sq. M.,"Al Andalus, East Riyadh, Riyadh"
"800,000",Apartment,4,4,630 Sq. M.,"Badr, South Riyadh, Riyadh"
"5,500,000",Villa,8,6,400 Sq. M.,"Al Muhammadiyah, North Jeddah, Jeddah"
"2,035,000",Villa,4,7,407 Sq. M.,"Al Saif, Dammam"
"3,800,000",Villa,5,5,400 Sq. M.,"Al Yasmin, North Riyadh, Riyadh"
"2,850,000",Villa,5,4,270 Sq. M.,"Al Arid, North Riyadh, Riyadh"
"1,400,000",Floor,5,4,600 Sq. M.,"Al Safa, East Riyadh, Riyadh"
"630,000",Apartment,4,4,150 Sq. M.,"Al Marwah, North Jeddah, Jeddah"
"1,050,000",Apartment,3,3,138 Sq. M.,"Qurtubah, East Riyadh, Riyadh"
"7,000,000",Villa,11,11,750 Sq. M.,"Al Bayan Neighborhood, East Riyadh, Riyadh"
"1,200,000",Floor,3,3,178 Sq. M.,"Al Bayan Neighborhood, East Riyadh, Riyadh"
"5,500,000",Villa,7,6,450 Sq. M.,"Al Narjis, North Riyadh, Riyadh"
"2,500,000",Villa,7,6,345 Sq. M.,"Al Naim, North Jeddah, Jeddah"
"739,000",Floor,3,4,186 Sq. M.,"Okaz, South Riyadh, Riyadh"
"2,679,000",Floor,4,4,351 Sq. M.,"Al Narjis, North Riyadh, Riyadh"
"3,100,000",Villa,11,7,312 Sq. M.,"Al Nahdah, North Jeddah, Jeddah"
"770,000",Floor,4,4,630 Sq. M.,"Badr, South Riyadh, Riyadh"
"580,000",Apartment,3,3,111 Sq. M.,"Al Salamah, North Jeddah, Jeddah"
"900,000",Apartment,6,3,188 Sq. M.,"Al Naim, North Jeddah, Jeddah"
"1,250,000",Floor,4,4,375 Sq. M.,"King Faisal, East Riyadh, Riyadh"
"750,000",Villa,11,7,312 Sq. M.,"Ghirnatah, Al Ghat"
"550,000",Apartment,3,3,128 Sq. M.,"Al Zahrah, West Riyadh, Riyadh"
"700,000",Floor,4,4,177 Sq. M.,"Badr, South Riyadh, Riyadh"
"740,000",Apartment,4,4,163 Sq. M.,"Al Naseem, North Jeddah, Jeddah"
"550,000",Apartment,5,3,157 Sq. M.,"Al Mraikh, North Jeddah, Jeddah"
"650,000",Apartment,5,3,157 Sq. M.,"Al Nuzhah, North Jeddah, Jeddah"
"650,000",Apartment,4,3,157 Sq. M.,"Al Nuzhah, North Jeddah, Jeddah"
"730,000",Apartment,6,4,195 Sq. M.,"Al Rayaan, North Jeddah, Jeddah"
"549,000",Apartment,3,2,524 Sq. M.,"Al Rawdah, North Jeddah, Jeddah"
"549,000",Apartment,6,3,181 Sq. M.,"Al Mraikh, North Jeddah, Jeddah"
"320,000",Apartment,3,3,659 Sq. M.,"Al Mraikh, North Jeddah, Jeddah"
"800,000",Apartment,5,4,163 Sq. M.,"Al Manar, North Jeddah, Jeddah"
"600,000",Apartment,7,4,235 Sq. M.,"Al Marooj, Abha"
"2,000,000",Villa,5,5,445 Sq. M.,"Al Arin, Abha"
"5,900,000",Villa,6,5,720 Sq. M.,"Al Muhammadiyah, North Jeddah, Jeddah"
"1,250,000",Building,7,6,500 Sq. M.,"Al Umrah, Makkah"
"1,750,000",Apartment,5,4,211 Sq. M.,"Al Zahraa, North Jeddah, Jeddah"
"690,000",Floor,3,4,180 Sq. M.,"Okaz, South Riyadh, Riyadh"
"650,000",Floor,4,3,121 Sq. M.,"Al Nasim Al Sharqi, East Riyadh, Riyadh"
"749,000",Floor,1,2,80 Sq. M.,"Al Malaz, Central Riyadh, Riyadh"
"2,150,000",Villa,10,7,297 Sq. M.,"Al Rimal, East Riyadh, Riyadh"
"600,000",Apartment,2,3,115 Sq. M.,"Al Hazm, West Riyadh, Riyadh"
"1,200,000",Villa,4,3,400 Sq. M.,"Tuwaiq, West Riyadh, Riyadh"
"1,400,000",Apartment,4,5,219 Sq. M.,"Al Fayhaa, North Jeddah, Jeddah"
"540,000",Apartment,3,4,203 Sq. M.,"Al Danah, Al Hofuf Eastern Region"
"1,550,000",Floor,4,4,147 Sq. M.,"Al Sulimaniyah, North Riyadh, Riyadh"
"1,750,000",Floor,4,4,176 Sq. M.,"Al Sulimaniyah, North Riyadh, Riyadh"
"8,000,000",Villa,5,3,770 Sq. M.,"King Fahd, North Riyadh, Riyadh"
"1,850,000",Apartment,4,4,213 Sq. M.,"Qurtubah, East Riyadh, Riyadh"
"1,150,000",Villa,3,2,171 Sq. M.,"Al Rimal, East Riyadh, Riyadh"
"1,800,000",Villa,5,6,313 Sq. M.,"Al Yaqout, North Jeddah, Jeddah"
"840,000",Villa,4,4,334 Sq. M.,"Al Jamiah, Al Kharj Riyadh Region"
"1,300,000",Villa,4,3,300 Sq. M.,"Okaz, South Riyadh, Riyadh"
"1,400,000",Apartment,2,3,113 Sq. M.,"Al Arid, North Riyadh, Riyadh"
"1,300,000",Apartment,4,3,94 Sq. M.,"Qurtubah, East Riyadh, Riyadh"
"450,000",Apartment,3,3,173 Sq. M.,"Badr, South Riyadh, Riyadh"
"520,000",Apartment,4,3,900 Sq. M.,"Badr, South Riyadh, Riyadh"
"520,000",Apartment,3,4,900 Sq. M.,"Badr, South Riyadh, Riyadh"
"1,259,000",Floor,3,4,286 Sq. M.,"Al Rimal, East Riyadh, Riyadh"
"840,000",Floor,6,3,"2,925 Sq. M.","Tuwaiq, West Riyadh, Riyadh"
"670,000",Apartment,6,4,216 Sq. M.,"Al Rayaan, North Jeddah, Jeddah"
"2,000,000",Villa,5,6,270 Sq. M.,"Al Rimal, East Riyadh, Riyadh"
"3,000,000",Villa,5,6,338 Sq. M.,"Al Rimal, East Riyadh, Riyadh"
"2,450,000",Villa,8,7,600 Sq. M.,"Al Asalah, North Jeddah, Jeddah"
"840,000",Floor,4,3,335 Sq. M.,"Dahiat Namar, West Riyadh, Riyadh"
"950,000",Floor,3,3,500 Sq. M.,"Shubra, West Riyadh, Riyadh"
"5,250,000",Villa,6,5,656 Sq. M.,"Al Shati, North Jeddah, Jeddah"
"700,000",Floor,4,4,177 Sq. M.,"Badr, South Riyadh, Riyadh"
"3,000,000",Villa,6,5,409 Sq. M.,"Al Rimal, East Riyadh, Riyadh"
"830,000",Floor,3,4,245 Sq. M.,"Tuwaiq, West Riyadh, Riyadh"
"700,000",Villa,5,3,250 Sq. M.,"Al Dar Al Baida, South Riyadh, Riyadh"
"1,550,000",Villa,6,5,375 Sq. M.,"Al Jamiyin, Tarout"
"720,000",Apartment,4,4,256 Sq. M.,"Okaz, South Riyadh, Riyadh"
"4,200,000",Villa,10,6,598 Sq. M.,"Al Zahraa, North Jeddah, Jeddah"
"1,700,000",Apartment,3,3,141 Sq. M.,"Al Malqa, North Riyadh, Riyadh"
"750,000",Apartment,4,5,167 Sq. M.,"Al Marwah, North Jeddah, Jeddah"
"750,000",Apartment,4,4,167 Sq. M.,"Al Marwah, North Jeddah, Jeddah"
"650,000",Apartment,5,3,164 Sq. M.,"Al Rehab, North Jeddah, Jeddah"
"450,000",Apartment,3,2,102 Sq. M.,"Al Marwah, North Jeddah, Jeddah"
"450,000",Apartment,3,2,102 Sq. M.,"Al Marwah, North Jeddah, Jeddah"
"820,000",Apartment,4,3,130 Sq. M.,"Al Mahdiyah, West Riyadh, Riyadh"
"910,000",Apartment,2,2,143 Sq. M.,"Al Rimal, East Riyadh, Riyadh"
"4,500,000",Rest House,3,3,"2,000 Sq. M.","Al Ammariyah Farms, Al Ammariyah Riyadh Region"
"1,750,000",Villa,7,9,312 Sq. M.,"Al Yaqout, North Jeddah, Jeddah"
"1,650,000",Villa,6,9,312 Sq. M.,"Al Zumorrud, North Jeddah, Jeddah"
"5,100,000",Villa,1,5,625 Sq. M.,"Qurtubah, East Riyadh, Riyadh"
"10,000,000",Villa,9,5,750 Sq. M.,"Al Malqa, North Riyadh, Riyadh"
"630,000",Floor,5,3,201 Sq. M.,"Badr, South Riyadh, Riyadh"
"760,000",Floor,6,5,145 Sq. M.,"Al Dar Al Baida, South Riyadh, Riyadh"
"490,000",Apartment,4,3,184 Sq. M.,"Al Suways 2, Jazan"
"530,000",Apartment,5,3,201 Sq. M.,"Ar Rehab 1, Jazan"
"1,160,000",Villa,5,2,335 Sq. M.,"Dhahrat Laban, West Riyadh, Riyadh"
"1,160,000",Villa,3,5,335 Sq. M.,"Dhahrat Laban, West Riyadh, Riyadh"
"530,000",Apartment,3,3,152 Sq. M.,"Al Hazm, West Riyadh, Riyadh"
"1,790,000",Apartment,3,2,275 Sq. M.,"Al Rimal, East Riyadh, Riyadh"
"1,270,000",Apartment,3,2,221 Sq. M.,"Al Rimal, East Riyadh, Riyadh"
"1,060,000",Apartment,5,4,497 Sq. M.,"Al Zahraa, North Jeddah, Jeddah"
"1,100,000",Villa,6,6,200 Sq. M.,"A Lrihab, Safwa Eastern Region"
"40,000,000",Villa,11,10,"2,512 Sq. M.","Al Rawdah, North Jeddah, Jeddah"
"3,500,000",Villa,7,6,750 Sq. M.,"Al Falah, North Jeddah, Jeddah"
"3,500,000",Villa,5,8,500 Sq. M.,"Al Nahdah, North Jeddah, Jeddah"
"750,000",Apartment,3,3,166 Sq. M.,"Al Kakiyyah, Makkah"
"733,000",Apartment,4,6,221 Sq. M.,"Al Waha, North Jeddah, Jeddah"
"3,300,000",Villa,5,3,391 Sq. M.,"Al Rabwah, Central Riyadh, Riyadh"
"680,000",Apartment,3,4,186 Sq. M.,"Al Rayaan, North Jeddah, Jeddah"
"670,000",Apartment,5,3,162 Sq. M.,"Al Nuzhah, North Jeddah, Jeddah"
"3,000,000",Villa,7,5,511 Sq. M.,"Al Qadisiyah, East Riyadh, Riyadh"
"475,000",Apartment,5,1,150 Sq. M.,"Al Sakb, Madina"
"250,000",Apartment,2,2,706 Sq. M.,"Al Mraikh, North Jeddah, Jeddah"
"3,500,000",Villa,11,7,780 Sq. M.,"Obhur Al Janoubiyah, North Jeddah, Jeddah"
"890,000",Apartment,3,4,174 Sq. M.,"Hajr, Dammam"
"1,400,000",Apartment,3,3,138 Sq. M.,"Al Malqa, North Riyadh, Riyadh"
"370,000",Apartment,3,3,146 Sq. M.,"Al Suways 1, Jazan"
"770,000",Apartment,4,4,630 Sq. M.,"Badr, South Riyadh, Riyadh"
"770,000",Apartment,4,4,630 Sq. M.,"Badr, South Riyadh, Riyadh"
"560,000",Apartment,4,3,136 Sq. M.,"Al Jawhara, Dammam"
"8,000,000",Villa,11,7,"1,118 Sq. M.","Al Naim, North Jeddah, Jeddah"
"800,000",Apartment,4,4,696 Sq. M.,"Al Nahdah, North Jeddah, Jeddah"
"800,000",Apartment,4,4,696 Sq. M.,"Al Nahdah, North Jeddah, Jeddah"
"610,000",Apartment,6,4,178 Sq. M.,"Al Wahah, Dammam"
"1,300,000",Floor,4,3,375 Sq. M.,"Al Munsiyah, East Riyadh, Riyadh"
"1,013,000",Apartment,4,3,124 Sq. M.,"Al Rimal, East Riyadh, Riyadh"
"990,000",Apartment,3,2,86 Sq. M.,"Al Munsiyah, East Riyadh, Riyadh"
"2,000,000",Villa,9,7,308 Sq. M.,"Al Sawari, North Jeddah, Jeddah"
"1,700,000",Villa,7,9,312 Sq. M.,"Al Yaqout, North Jeddah, Jeddah"
"1,550,000",Villa,6,4,469 Sq. M.,"Al Shulah, Dammam"
"389,000",Apartment,2,2,537 Sq. M.,"Al Rawdah, North Jeddah, Jeddah"
"3,500,000",Villa,8,9,625 Sq. M.,"Al Saadah, East Riyadh, Riyadh"
"550,000",Apartment,5,3,146 Sq. M.,"Badr, South Riyadh, Riyadh"
"4,200,000",Building,10,10,690 Sq. M.,"Al Nuzhah, North Jeddah, Jeddah"
"500,000",Apartment,5,3,163 Sq. M.,"Al Buhayrat, Makkah"
"2,500,000",Villa,6,5,444 Sq. M.,"Al Mahdiyah, West Riyadh, Riyadh"
"2,250,000",Villa,11,8,400 Sq. M.,"Al Lulu, North Jeddah, Jeddah"
"2,150,000",Villa,11,10,350 Sq. M.,"Al Rehab, North Jeddah, Jeddah"
"580,000",Apartment,3,3,125 Sq. M.,"Tuwaiq, West Riyadh, Riyadh"
"1,360,000",Villa,9,7,437 Sq. M.,"Al Lulu, Al Khobar"
"450,000",Apartment,3,2,102 Sq. M.,"Al Marwah, North Jeddah, Jeddah"
"1,300,000",Apartment,3,3,190 Sq. M.,"Al Narjis, North Riyadh, Riyadh"
"1,200,000",Apartment,3,4,"1,155 Sq. M.","Al Arid, North Riyadh, Riyadh"
"1,125,000",Apartment,4,4,61 Sq. M.,"Al Arid, North Riyadh, Riyadh"
"1,700,000",Villa,5,4,276 Sq. M.,"Al Murjan, East Riyadh, Riyadh"
"3,400,000",Villa,4,6,250 Sq. M.,"Al Narjis, North Riyadh, Riyadh"
"577,000",Apartment,3,3,99 Sq. M.,"Al Rawdah, North Jeddah, Jeddah"
"1,150,000",Apartment,4,3,138 Sq. M.,"Al Narjis, North Riyadh, Riyadh"
"900,000",Apartment,3,3,143 Sq. M.,"Al Sawari, North Jeddah, Jeddah"
"860,000",Apartment,6,5,197 Sq. M.,"Al Faisaliyah, Central Jeddah, Jeddah"
"850,000",Apartment,6,5,197 Sq. M.,"Al Faisaliyah, Central Jeddah, Jeddah"
"640,000",Floor,3,3,102 Sq. M.,"Dhahrat Al Badiah, West Riyadh, Riyadh"
"12,000,000",Building,10,10,"1,916 Sq. M.","Al Athir, Dammam"
"950,000",Apartment,3,4,150 Sq. M.,"Al Rimal, East Riyadh, Riyadh"
"550,000",Apartment,4,4,123 Sq. M.,"Al Salamah, North Jeddah, Jeddah"
"540,000",Apartment,4,4,163 Sq. M.,"Al Hamra, Al Khobar"
"490,000",Apartment,3,4,203 Sq. M.,"Al Danah, Al Hofuf Eastern Region"
"305,000",Apartment,3,3,"63,107 Sq. M.","Abu Kabir, Madina"
"950,000",Apartment,4,3,160 Sq. M.,"Al Rawdah, North Jeddah, Jeddah"
"1,450,000",Villa,3,4,350 Sq. M.,"Al Janadriyah, East Riyadh, Riyadh"
"2,125,554",Apartment,3,4,246 Sq. M.,"Al Nasim, Makkah"
"1,266,370",Apartment,3,4,191 Sq. M.,"Al Nasim, Makkah"
"1,354,460",Apartment,3,4,188 Sq. M.,"Al Nasim, Makkah"
"1,750,000",Apartment,3,4,211 Sq. M.,"Al Zahraa, North Jeddah, Jeddah"
"2,700,000",Villa,6,5,525 Sq. M.,"Al Rimal, East Riyadh, Riyadh"
"479,000",Apartment,2,3,122 Sq. M.,"Okaz, South Riyadh, Riyadh"
"6,850,000",Residential Building,8,7,575 Sq. M.,"Al Salamah, North Jeddah, Jeddah"
"200,000",Land,1,1,660 Sq. M.,"Al Qarah, Shaqra Riyadh Region"
"1,680,000",Floor,4,4,151 Sq. M.,"King Fahd, North Riyadh, Riyadh"
"1,381,506",Apartment,3,4,205 Sq. M.,"Al Nasim, Makkah"
"1,345,910",Apartment,3,4,198 Sq. M.,"Al Nasim, Makkah"
"1,375,952",Apartment,3,4,200 Sq. M.,"Al Nasim, Makkah"
"1,199,224",Apartment,3,4,170 Sq. M.,"Al Nasim, Makkah"
"2,422,755",Apartment,3,4,245 Sq. M.,"Al Nasim, Makkah"
"1,250,000",Apartment,3,4,175 Sq. M.,"Al Nasim, Makkah"
"320,000",Apartment,3,2,659 Sq. M.,"Al Mraikh, North Jeddah, Jeddah"
"1,300,000",Apartment,5,4,172 Sq. M.,"Qurtubah, East Riyadh, Riyadh"
"1,200,000",Apartment,2,2,97 Sq. M.,"Al Narjis, North Riyadh, Riyadh"
"560,000",Apartment,5,4,226 Sq. M.,"Al Dhurfah, Khamis Mushait"
"699,000",Floor,3,3,"6,372 Sq. M.","Al Safa, East Riyadh, Riyadh"
"2,162,000",Floor,3,3,181 Sq. M.,"Al Narjis, North Riyadh, Riyadh"
"1,500,000",Floor,4,3,125 Sq. M.,"Al Narjis, North Riyadh, Riyadh"
"560,000",Apartment,6,4,212 Sq. M.,"Al Ghadir, Abha"
"6,400,000",Villa,7,5,660 Sq. M.,"Al Naim, North Jeddah, Jeddah"
"800,000",Apartment,5,4,203 Sq. M.,"Al Safa, North Jeddah, Jeddah"
"1,200,000",Villa,7,6,406 Sq. M.,"As Safa, Tabuk"
"580,000",Apartment,5,4,158 Sq. M.,"Al Fayhaa, North Jeddah, Jeddah"
"450,000",Apartment,3,2,102 Sq. M.,"Al Marwah, North Jeddah, Jeddah"
"820,000",Apartment,3,3,143 Sq. M.,"Al Rimal, East Riyadh, Riyadh"
"1,600,000",Floor,3,3,116 Sq. M.,"Al Narjis, North Riyadh, Riyadh"
"500,000",Apartment,4,3,177 Sq. M.,"Ash Shamiya Al Jadid, Makkah"
"1,200,000",Villa,4,5,479 Sq. M.,"Ash Shamiya Al Jadid, Makkah"
"1,100,000",Villa,6,6,312 Sq. M.,"Al Falah, North Jeddah, Jeddah"
"750,000",Apartment,6,3,213 Sq. M.,"Al Hamraa District, Makkah"
"2,800,000",Villa,11,10,745 Sq. M.,"Al Ajaweed, South Jeddah, Jeddah"
"4,500,000",Building,10,10,398 Sq. M.,"Dhahrat Laban, West Riyadh, Riyadh"
"700,000",Apartment,5,3,153 Sq. M.,"Al Jameah District, South Jeddah, Jeddah"
"750,000",Apartment,4,3,120 Sq. M.,"Al Rawdah, North Jeddah, Jeddah"
"2,050,000",Villa,4,4,200 Sq. M.,"Sidra, Riyadh"
"450,000",Apartment,3,2,102 Sq. M.,"Al Marwah, North Jeddah, Jeddah"
"850,000",Apartment,5,3,201 Sq. M.,"Al Sawari, North Jeddah, Jeddah"
"850,000",Apartment,7,5,257 Sq. M.,"Al Sawari, North Jeddah, Jeddah"
"850,000",Apartment,7,4,257 Sq. M.,"Al Sawari, North Jeddah, Jeddah"
"800,000",Apartment,4,5,249 Sq. M.,"Al Rayaan, North Jeddah, Jeddah"
"5,000,000",Villa,7,4,315 Sq. M.,"Al Shati, North Jeddah, Jeddah"
"740,000",Apartment,5,4,156 Sq. M.,"Al Fayhaa, North Jeddah, Jeddah"
"850,000",Apartment,7,4,202 Sq. M.,"Al Naseem, North Jeddah, Jeddah"
"996,000",Apartment,5,3,176 Sq. M.,"Al Rawdah, North Jeddah, Jeddah"
"450,000",Apartment,3,2,102 Sq. M.,"Al Marwah, North Jeddah, Jeddah"
"650,000",Apartment,5,3,203 Sq. M.,"Al Firdaws, Dammam"
"490,000",Apartment,4,3,128 Sq. M.,"Al Sulaymaniyah, North Jeddah, Jeddah"
"3,350,000",Apartment,3,3,168 Sq. M.,"Al Olaya, North Riyadh, Riyadh"
"1,775,000",Apartment,2,2,92 Sq. M.,"Al Olaya, North Riyadh, Riyadh"
"1,200,000",Floor,3,3,209 Sq. M.,"Al Qadisiyah, East Riyadh, Riyadh"
"1,650,000",Apartment,3,3,115 Sq. M.,"Al Narjis, North Riyadh, Riyadh"
"750,000",Apartment,5,4,166 Sq. M.,"Mishrifah, North Jeddah, Jeddah"
"1,744,220",Building,3,3,"1,050 Sq. M.","Hittin, North Riyadh, Riyadh"
"450,000",Apartment,3,3,173 Sq. M.,"Badr, South Riyadh, Riyadh"
"1,100,000",Apartment,5,4,203 Sq. M.,"Al Nuzhah, North Jeddah, Jeddah"
"1,100,000",Floor,4,4,219 Sq. M.,"Al Khaleej, East Riyadh, Riyadh"
"530,000",Apartment,4,3,143 Sq. M.,"Al Waha, North Jeddah, Jeddah"
"3,600,000",Villa,10,4,450 Sq. M.,"Dhahrat Laban, West Riyadh, Riyadh"
"3,000,000",Villa,5,9,312 Sq. M.,"Al Mahdiyah, West Riyadh, Riyadh"
"2,300,000",Villa,4,7,383 Sq. M.,"Al Mahdiyah, West Riyadh, Riyadh"
"3,300,000",Villa,11,7,375 Sq. M.,"Al Yarmuk, East Riyadh, Riyadh"
"800,000",Apartment,4,3,130 Sq. M.,"Dhahrat Laban, West Riyadh, Riyadh"
"489,000",Apartment,2,3,124 Sq. M.,"Okaz, South Riyadh, Riyadh"
"569,000",Apartment,2,3,145 Sq. M.,"Okaz, South Riyadh, Riyadh"
"539,000",Apartment,2,3,134 Sq. M.,"Okaz, South Riyadh, Riyadh"
"1,101,000",Apartment,3,3,146 Sq. M.,"Al Munsiyah, East Riyadh, Riyadh"
"1,259,000",Floor,4,4,286 Sq. M.,"Al Rimal, East Riyadh, Riyadh"
"519,000",Apartment,2,3,130 Sq. M.,"Okaz, South Riyadh, Riyadh"
"4,000,000",Rest House,9,6,"1,550 Sq. M.","Al Kair District, North Riyadh, Riyadh"
"1,950,000",Floor,3,3,166 Sq. M.,"Al Nuzhah, North Riyadh, Riyadh"
"540,000",Apartment,4,3,131 Sq. M.,"Al Marwah, North Jeddah, Jeddah"
"540,000",Apartment,4,3,131 Sq. M.,"Al Marwah, North Jeddah, Jeddah"
"650,000",Apartment,Studio,3,164 Sq. M.,"Al Rehab, North Jeddah, Jeddah"
"7,000,000",Villa,7,11,702 Sq. M.,"Dhahrat Al Awdat Gharb, Al Diriyah"
"450,000",Apartment,3,2,102 Sq. M.,"Al Marwah, North Jeddah, Jeddah"
"450,000",Apartment,3,2,102 Sq. M.,"Al Marwah, North Jeddah, Jeddah"
"670,000",Apartment,5,3,162 Sq. M.,"Al Nuzhah, North Jeddah, Jeddah"
"650,000",Apartment,5,4,164 Sq. M.,"Al Rehab, North Jeddah, Jeddah"
"509,000",Apartment,2,3,131 Sq. M.,"Okaz, South Riyadh, Riyadh"
"499,000",Apartment,2,3,127 Sq. M.,"Okaz, South Riyadh, Riyadh"
"499,000",Apartment,2,3,127 Sq. M.,"Okaz, South Riyadh, Riyadh"
"819,000",Apartment,2,2,101 Sq. M.,"Al Rawdah, East Riyadh, Riyadh"
"939,000",Apartment,2,2,101 Sq. M.,"Al Rawdah, East Riyadh, Riyadh"
"885,000",Apartment,4,3,130 Sq. M.,"Dhahrat Laban, West Riyadh, Riyadh"
"1,189,000",Floor,3,5,178 Sq. M.,"Al Malaz, Central Riyadh, Riyadh"
"320,000",Apartment,3,2,659 Sq. M.,"Al Mraikh, North Jeddah, Jeddah"
"670,000",Apartment,5,3,162 Sq. M.,"Al Nuzhah, North Jeddah, Jeddah"
"1,600,000",Apartment,4,3,111 Sq. M.,"Al Narjis, North Riyadh, Riyadh"
"2,250,000",Villa,5,7,388 Sq. M.,"Al Mahdiyah, West Riyadh, Riyadh"
"950,000",Floor,3,4,168 Sq. M.,"Al Rimal, East Riyadh, Riyadh"
"811,000",Apartment,3,3,"8,020 Sq. M.","Ayn Al Khif, Madina"
"850,000",Apartment,6,4,205 Sq. M.,"Mishrifah, North Jeddah, Jeddah"
"750,000",Apartment,5,4,166 Sq. M.,"Mishrifah, North Jeddah, Jeddah"
"1,150,000",Apartment,4,5,215 Sq. M.,"Al Rimal, East Riyadh, Riyadh"
"889,000",Floor,3,4,164 Sq. M.,"Al Malaz, Central Riyadh, Riyadh"
"779,000",Floor,1,2,89 Sq. M.,"Al Malaz, Central Riyadh, Riyadh"
"1,189,000",Floor,3,3,178 Sq. M.,"Al Malaz, Central Riyadh, Riyadh"
"859,000",Floor,3,3,164 Sq. M.,"Al Malaz, Central Riyadh, Riyadh"
"779,000",Floor,1,2,89 Sq. M.,"Al Malaz, Central Riyadh, Riyadh"
"939,000",Apartment,2,2,101 Sq. M.,"Al Rawdah, East Riyadh, Riyadh"
"1,229,000",Floor,4,3,80 Sq. M.,"Al Malaz, Central Riyadh, Riyadh"
"250,000",Apartment,2,2,706 Sq. M.,"Al Mraikh, North Jeddah, Jeddah"
"320,000",Apartment,3,3,659 Sq. M.,"Al Mraikh, North Jeddah, Jeddah"
"320,000",Apartment,3,3,659 Sq. M.,"Al Mraikh, North Jeddah, Jeddah"
"1,600,000",Floor,3,3,74 Sq. M.,"Al Izdihar, East Riyadh, Riyadh"
"670,000",Apartment,5,3,162 Sq. M.,"Al Nuzhah, North Jeddah, Jeddah"
"670,000",Apartment,3,4,162 Sq. M.,"Al Nuzhah, North Jeddah, Jeddah"
"440,000",Apartment,3,3,99 Sq. M.,"Al Salamah, North Jeddah, Jeddah"
"1,100,000",Floor,3,4,148 Sq. M.,"Al Rimal, East Riyadh, Riyadh"
"580,000",Apartment,5,3,138 Sq. M.,"Al Jawhara, Dammam"
"540,000",Apartment,3,3,184 Sq. M.,"Badr, Dammam"
"750,000",Floor,3,5,242 Sq. M.,"Okaz, South Riyadh, Riyadh"
"1,280,000",Apartment,2,3,109 Sq. M.,"Al Malqa, North Riyadh, Riyadh"
"2,500,000",Villa,5,5,304 Sq. M.,"Al Fayha, East Riyadh, Riyadh"
"2,200,000",Villa,6,5,400 Sq. M.,"Al Mahdiyah, West Riyadh, Riyadh"
"660,000",Floor,4,2,181 Sq. M.,"Okaz, South Riyadh, Riyadh"
"1,589,000",Floor,6,2,230 Sq. M.,"Al Rimal, East Riyadh, Riyadh"
"1,000,000",Villa,3,3,312 Sq. M.,"Al Zumorrud, North Jeddah, Jeddah"
"2,640,000",Villa,4,6,300 Sq. M.,"Sidra, Riyadh"
"550,000",Apartment,2,2,600 Sq. M.,"Al Nahdah, North Jeddah, Jeddah"
"2,200,000",Apartment,7,8,600 Sq. M.,"Al Nahdah, North Jeddah, Jeddah"
"625,000",Apartment,3,4,763 Sq. M.,"Al Nahdah, North Jeddah, Jeddah"
"900,000",Apartment,4,4,763 Sq. M.,"Al Nahdah, North Jeddah, Jeddah"
"750,000",Apartment,4,4,696 Sq. M.,"Al Nahdah, North Jeddah, Jeddah"
"800,000",Apartment,4,4,696 Sq. M.,"Al Nahdah, North Jeddah, Jeddah"
"800,000",Apartment,4,4,696 Sq. M.,"Al Nahdah, North Jeddah, Jeddah"
"1,100,000",Apartment,3,3,118 Sq. M.,"Al Aqiq, North Riyadh, Riyadh"
"4,500,000",Villa,6,4,500 Sq. M.,"Al Andalus, East Riyadh, Riyadh"
"1,800,000",Villa,8,7,200 Sq. M.,"Al Mahdiyah, West Riyadh, Riyadh"
"1,050,000",Villa,7,6,288 Sq. M.,"Al Janadriyah, East Riyadh, Riyadh"
"1,200,000",Floor,5,4,177 Sq. M.,"Al Rimal, East Riyadh, Riyadh"
"800,000",Floor,3,3,242 Sq. M.,"Okaz, South Riyadh, Riyadh"
"850,000",Floor,3,3,204 Sq. M.,"Al Janadriyah, East Riyadh, Riyadh"
"780,000",Floor,3,4,242 Sq. M.,"Badr, South Riyadh, Riyadh"
"595,000",Floor,4,4,242 Sq. M.,"Badr, South Riyadh, Riyadh"
"580,000",Apartment,3,3,60 Sq. M.,"Al Janadriyah, East Riyadh, Riyadh"
"800,000",Floor,4,5,137 Sq. M.,"Tuwaiq, West Riyadh, Riyadh"
"3,200,000",Villa,5,4,300 Sq. M.,"Al Olaya, North Riyadh, Riyadh"
"2,300,000",Villa,5,8,673 Sq. M.,"Al Rayyan, Unayzah"
"6,000,000",Building,10,10,550 Sq. M.,"Al Salamah, North Jeddah, Jeddah"
"760,000",Apartment,4,3,163 Sq. M.,Dhahran
"1,130,000",Apartment,6,5,660 Sq. M.,"Al Salamah, North Jeddah, Jeddah"
"480,000",Apartment,2,3,"2,400 Sq. M.","Al Rawdah, North Jeddah, Jeddah"
"3,075,000",Villa,11,4,315 Sq. M.,"Al Rimal, East Riyadh, Riyadh"
"350,000",Apartment,3,3,145 Sq. M.,"King Fahd Suburb, Dammam"
"320,000",Apartment,3,3,659 Sq. M.,"Al Mraikh, North Jeddah, Jeddah"
"7,300,000",Villa,6,8,897 Sq. M.,"Al Hamra, East Riyadh, Riyadh"
"4,200,000",Villa,6,6,371 Sq. M.,"Al Munsiyah, East Riyadh, Riyadh"
"1,100,000",Villa,4,5,312 Sq. M.,"Ghiyada, Al Kharj Riyadh Region"
"1,250,000",Apartment,3,4,159 Sq. M.,"Al Narjis, North Riyadh, Riyadh"
"770,000",Apartment,4,5,630 Sq. M.,"Badr, South Riyadh, Riyadh"
"860,000",Floor,5,3,500 Sq. M.,"Shubra, West Riyadh, Riyadh"
"800,000",Apartment,4,4,630 Sq. M.,"Badr, South Riyadh, Riyadh"
"850,000",Apartment,6,5,205 Sq. M.,"Mishrifah, North Jeddah, Jeddah"
"580,000",Apartment,4,4,138 Sq. M.,"Al Jawhara, Dammam"
"570,000",Apartment,5,3,137 Sq. M.,"Al Jawhara, Dammam"
"3,350,000",Apartment,3,3,169 Sq. M.,"Al Olaya, North Riyadh, Riyadh"
400,Apartment,3,3,170 Sq. M.,"Badr, South Riyadh, Riyadh"
"789,000",Apartment,3,3,"5,857 Sq. M.","Al Bahar, Al Khobar"
"2,200,000",Floor,3,3,403 Sq. M.,"Al Nafal, North Riyadh, Riyadh"
"1,699,000",Floor,3,1,675 Sq. M.,"Al Yasmin, North Riyadh, Riyadh"
"740,000",Villa,5,5,211 Sq. M.,"Badr, South Riyadh, Riyadh"
"1,400,000",Apartment,4,3,138 Sq. M.,"Al Malqa, North Riyadh, Riyadh"
"700,000",Apartment,4,3,119 Sq. M.,"Dhahrat Laban, West Riyadh, Riyadh"
"1,750,000",Villa,5,6,225 Sq. M.,"Al Rimal, East Riyadh, Riyadh"
"485,000",Apartment,4,3,126 Sq. M.,"Al Manar, North Jeddah, Jeddah"
"665,000",Apartment,6,3,222 Sq. M.,"Aljafijif District, Taif"
"600,000",Floor,3,4,362 Sq. M.,"Badr, South Riyadh, Riyadh"
"640,000",Apartment,3,3,150 Sq. M.,"Alawali, West Riyadh, Riyadh"
"690,000",Floor,3,3,180 Sq. M.,"Okaz, South Riyadh, Riyadh"
"690,000",Floor,4,3,186 Sq. M.,"Okaz, South Riyadh, Riyadh"
"2,800,000",Villa,11,11,537 Sq. M.,"Al Sawari, North Jeddah, Jeddah"
"450,000",Apartment,3,3,213 Sq. M.,"Iskan, Al Khobar"
"2,499,000",Villa,4,5,266 Sq. M.,"Al Quds, East Riyadh, Riyadh"
"2,450,000",Villa,5,6,500 Sq. M.,"Al Mahdiyah, West Riyadh, Riyadh"
"760,000",Floor,4,4,214 Sq. M.,"Badr, South Riyadh, Riyadh"
"540,000",Apartment,5,3,163 Sq. M.,"Okaz, South Riyadh, Riyadh"
"660,000",Floor,3,5,202 Sq. M.,"Taybah, South Riyadh, Riyadh"
"950,000",Floor,3,3,500 Sq. M.,"Shubra, West Riyadh, Riyadh"
"760,000",Floor,4,4,214 Sq. M.,"Badr, South Riyadh, Riyadh"
"580,000",Apartment,3,3,124 Sq. M.,"Al Suwaidi, West Riyadh, Riyadh"
"550,000",Apartment,3,2,128 Sq. M.,"Al Zahrah, West Riyadh, Riyadh"
"320,000",Apartment,3,2,659 Sq. M.,"Al Mraikh, North Jeddah, Jeddah"
"1,150,000",Villa,4,4,315 Sq. M.,"Al Janadriyah, East Riyadh, Riyadh"
"800,000",Apartment,3,4,171 Sq. M.,"Al Shati Al Sharqi, Dammam"
"650,000",Apartment,3,4,193 Sq. M.,"Al Rawabi, South Jeddah, Jeddah"
"770,000",Floor,4,4,630 Sq. M.,"Badr, South Riyadh, Riyadh"
"1,150,000",Apartment,5,4,155 Sq. M.,"Al Rawdah, North Jeddah, Jeddah"
"1,150,000",Apartment,5,4,155 Sq. M.,"Al Rawdah, North Jeddah, Jeddah"
"885,000",Apartment,3,3,134 Sq. M.,"Dhahrat Laban, West Riyadh, Riyadh"
"320,000",Apartment,3,3,659 Sq. M.,"Al Mraikh, North Jeddah, Jeddah"
"1,700,000",Apartment,3,4,800 Sq. M.,"Al Sahafah, North Riyadh, Riyadh"
"1,600,000",Villa,3,3,230 Sq. M.,"Al Rimal, East Riyadh, Riyadh"
"330,000",Apartment,Studio,2,"2,762 Sq. M.","Al Fayhaa, North Jeddah, Jeddah"
"320,000",Apartment,3,2,659 Sq. M.,"Al Mraikh, North Jeddah, Jeddah"
"650,000",Floor,4,3,177 Sq. M.,"Badr, South Riyadh, Riyadh"
"1,850,000",Villa,7,5,375 Sq. M.,"Tuwaiq, West Riyadh, Riyadh"
"480,000",Apartment,3,2,180 Sq. M.,"Badr, South Riyadh, Riyadh"
"1,150,000",Apartment,5,4,155 Sq. M.,"Al Rawdah, North Jeddah, Jeddah"
"1,150,000",Apartment,5,4,155 Sq. M.,"Al Rawdah, North Jeddah, Jeddah"
"580,000",Apartment,5,4,157 Sq. M.,"Al Hamra, Al Khobar"
"580,000",Apartment,5,3,148 Sq. M.,"Al Hamra, Al Khobar"
"550,000",Apartment,3,4,149 Sq. M.,"Al Hamra, Al Khobar"
"680,000",Apartment,3,3,990 Sq. M.,"Al Rimal, East Riyadh, Riyadh"
"965,000",Apartment,4,4,"2,640 Sq. M.","Al Narjis, North Riyadh, Riyadh"
"800,000",Apartment,4,4,630 Sq. M.,"Badr, South Riyadh, Riyadh"
"760,000",Floor,4,4,214 Sq. M.,"Badr, South Riyadh, Riyadh"
"860,000",Floor,3,4,500 Sq. M.,"Shubra, West Riyadh, Riyadh"
"580,000",Apartment,3,3,124 Sq. M.,"Al Suwaidi, West Riyadh, Riyadh"
"430,000",Apartment,3,3,131 Sq. M.,"Badr, South Riyadh, Riyadh"
"760,000",Floor,4,4,214 Sq. M.,"Badr, South Riyadh, Riyadh"
"450,000",Apartment,3,3,177 Sq. M.,"Badr, South Riyadh, Riyadh"
"729,000",Apartment,5,4,154 Sq. M.,"Al Salamah, North Jeddah, Jeddah"
"600,000",Apartment,3,4,80 Sq. M.,"Al Janadriyah, East Riyadh, Riyadh"
"5,500,000",Villa,5,5,444 Sq. M.,"Irqah, West Riyadh, Riyadh"
"2,000,000",Villa,6,4,500 Sq. M.,"Al Badiah, West Riyadh, Riyadh"
"480,000",Apartment,3,3,180 Sq. M.,"Badr, South Riyadh, Riyadh"
"800,000",Floor,4,5,199 Sq. M.,"Badr, South Riyadh, Riyadh"
"700,000",Floor,3,3,175 Sq. M.,"Okaz, South Riyadh, Riyadh"
"570,000",Floor,4,3,173 Sq. M.,"Badr, South Riyadh, Riyadh"
"850,000",Apartment,4,3,137 Sq. M.,"Al Mahdiyah, West Riyadh, Riyadh"
"700,000",Floor,3,4,175 Sq. M.,"Okaz, South Riyadh, Riyadh"
950,Floor,3,5,212 Sq. M.,"Tuwaiq, West Riyadh, Riyadh"
"580,000",Apartment,4,3,138 Sq. M.,"Al Jawhara, Dammam"
"1,000,000",Apartment,4,4,190 Sq. M.,"Al Mahdiyah, West Riyadh, Riyadh"
"2,300,000",Apartment,2,2,118 Sq. M.,"Al Olaya, North Riyadh, Riyadh"
"660,000",Floor,3,5,202 Sq. M.,"Taybah, South Riyadh, Riyadh"
"1,400,000",Apartment,3,3,113 Sq. M.,"Al Nada, North Riyadh, Riyadh"
"770,000",Apartment,4,4,630 Sq. M.,"Badr, South Riyadh, Riyadh"
"1,070,000",Villa,5,5,263 Sq. M.,"Tuwaiq, West Riyadh, Riyadh"
"760,000",Floor,4,4,214 Sq. M.,"Badr, South Riyadh, Riyadh"
"760,000",Villa,5,4,193 Sq. M.,"Al Nuzhah, North Jeddah, Jeddah"
"840,000",Apartment,7,4,192 Sq. M.,"Al Faisaliyah, Central Jeddah, Jeddah"
"440,000",Apartment,4,3,182 Sq. M.,"Ar Rehab 3, Jazan"
"550,000",Apartment,5,3,204 Sq. M.,"Al Muhammadiyah 2, Jazan"
"900,000",Floor,3,3,750 Sq. M.,"Tuwaiq, West Riyadh, Riyadh"
"800,000",Apartment,3,3,630 Sq. M.,"Badr, South Riyadh, Riyadh"
"770,000",Apartment,4,5,630 Sq. M.,"Badr, South Riyadh, Riyadh"
"3,500,000",Villa,11,3,675 Sq. M.,"Al Fayha, East Riyadh, Riyadh"
"3,700,000",Villa,4,6,500 Sq. M.,"Al Nahdah, North Jeddah, Jeddah"
"890,000",Apartment,4,4,151 Sq. M.,"Al Zahraa, North Jeddah, Jeddah"
"350,000",Floor,10,6,600 Sq. M.,"Al Muhammadiyah, Hafar Al Batin"
"880,000",Apartment,7,4,201 Sq. M.,"Al Sawari, North Jeddah, Jeddah"
"399,000",Apartment,3,3,100 Sq. M.,"Bani Bayadah, Madina"
"2,100,000",Villa,7,5,275 Sq. M.,"Al Qadisiyah, East Riyadh, Riyadh"
"4,000,000",Villa,5,4,450 Sq. M.,"Al Rawdah, East Riyadh, Riyadh"
"770,000",Apartment,4,4,630 Sq. M.,"Badr, South Riyadh, Riyadh"
"800,000",Apartment,3,3,630 Sq. M.,"Badr, South Riyadh, Riyadh"
"760,000",Floor,4,4,214 Sq. M.,"Badr, South Riyadh, Riyadh"
"1,200,000",Apartment,3,3,114 Sq. M.,"Al Shuhada, East Riyadh, Riyadh"
"770,000",Apartment,3,3,630 Sq. M.,"Badr, South Riyadh, Riyadh"
"760,000",Floor,4,4,214 Sq. M.,"Badr, South Riyadh, Riyadh"
"770,000",Apartment,3,3,630 Sq. M.,"Badr, South Riyadh, Riyadh"
"760,000",Floor,4,4,214 Sq. M.,"Badr, South Riyadh, Riyadh"
"420,000",Apartment,3,3,131 Sq. M.,"Al Dar Al Baida, South Riyadh, Riyadh"
"630,000",Villa,6,3,325 Sq. M.,"Badr, South Riyadh, Riyadh"
"660,000",Floor,3,5,202 Sq. M.,"Taybah, South Riyadh, Riyadh"
"660,000",Floor,3,5,202 Sq. M.,"Taybah, South Riyadh, Riyadh"
"790,000",Apartment,3,3,182 Sq. M.,"Al Rimal, East Riyadh, Riyadh"
"530,000",Apartment,3,4,302 Sq. M.,"Al Khalij, Ahad Rafidah"
"4,462,000",Villa,5,7,"7,504 Sq. M.","Al Narjis, North Riyadh, Riyadh"
"4,200,000",Villa,5,6,448 Sq. M.,"Al Olaya, North Riyadh, Riyadh"
"900,000",Floor,3,3,192 Sq. M.,"Tuwaiq, West Riyadh, Riyadh"
"730,000",Apartment,3,3,900 Sq. M.,"Dhahrat Laban, West Riyadh, Riyadh"
"1,300,000",Apartment,4,3,142 Sq. M.,"Al Narjis, North Riyadh, Riyadh"
"1,050,000",Apartment,5,4,174 Sq. M.,"Al Mahdiyah, West Riyadh, Riyadh"
"850,000",Apartment,4,3,137 Sq. M.,"Al Mahdiyah, West Riyadh, Riyadh"
"770,000",Apartment,4,4,630 Sq. M.,"Badr, South Riyadh, Riyadh"
"505,000",Apartment,2,1,115 Sq. M.,"Tuwaiq, West Riyadh, Riyadh"
"790,000",Apartment,3,3,182 Sq. M.,"Al Rimal, East Riyadh, Riyadh"
"7,500,000",Villa,6,6,525 Sq. M.,"Al Falah, North Riyadh, Riyadh"
"2,600,000",Villa,10,6,870 Sq. M.,"Al Awali, Makkah"
"500,000",Villa,8,4,116 Sq. M.,"Al Shimaisi, Central Riyadh, Riyadh"
"980,000",Apartment,3,3,143 Sq. M.,"Al Suwaidi, West Riyadh, Riyadh"
"950,000",Villa,8,5,488 Sq. M.,"Al Bawadi District, Tabuk"
"800,000",Apartment,3,3,630 Sq. M.,"Badr, South Riyadh, Riyadh"
"770,000",Apartment,4,4,630 Sq. M.,"Badr, South Riyadh, Riyadh"
"800,000",Apartment,4,4,630 Sq. M.,"Badr, South Riyadh, Riyadh"
"1,550,000",Villa,9,6,400 Sq. M.,"King Fahd, Makkah"
"800,000",Apartment,3,3,158 Sq. M.,"Al Rimal, East Riyadh, Riyadh"
"1,300,000",Villa,7,6,230 Sq. M.,"Obhur Al Shamaliyah, North Jeddah, Jeddah"
"2,550,000",Villa,6,6,375 Sq. M.,"Al Saif, Dammam"
"1,699,000",Floor,2,2,170 Sq. M.,"Al Manar, East Riyadh, Riyadh"
"600,000",Floor,1,1,500 Sq. M.,"Al Manarah, Khamis Mushait"
"1,750,000",Apartment,3,4,211 Sq. M.,"Al Zahraa, North Jeddah, Jeddah"
"490,000",Apartment,4,3,125 Sq. M.,"Bani Bayadah, Madina"
"6,000,000",Rest House,6,6,900 Sq. M.,"Al Mahdiyah, West Riyadh, Riyadh"
"180,000",Floor,6,4,484 Sq. M.,"Al Khalidiyyah, Unayzah"
"580,000",Apartment,3,3,60 Sq. M.,"Al Janadriyah, East Riyadh, Riyadh"
"690,000",Floor,3,3,160 Sq. M.,"Al Janadriyah, East Riyadh, Riyadh"
"1,350,000",Villa,6,5,200 Sq. M.,"Tuwaiq, West Riyadh, Riyadh"
"1,350,000",Villa,6,5,200 Sq. M.,"Tuwaiq, West Riyadh, Riyadh"
"950,000",Floor,3,3,220 Sq. M.,"Tuwaiq, West Riyadh, Riyadh"
"800,000",Floor,3,3,166 Sq. M.,"Tuwaiq, West Riyadh, Riyadh"
"800,000",Floor,3,3,242 Sq. M.,"Okaz, South Riyadh, Riyadh"
"800,000",Floor,3,3,137 Sq. M.,"Tuwaiq, West Riyadh, Riyadh"
"780,000",Apartment,3,4,116 Sq. M.,"Tuwaiq, West Riyadh, Riyadh"
"750,000",Floor,3,3,208 Sq. M.,"Al Zahrah, West Riyadh, Riyadh"
"870,000",Apartment,5,3,170 Sq. M.,"Al Naim, North Jeddah, Jeddah"
"650,000",Floor,3,3,151 Sq. M.,"Dirab, West Riyadh, Riyadh"
"6,000,000",Building,10,10,750 Sq. M.,"Al Nuzhah, North Jeddah, Jeddah"
"670,000",Apartment,5,3,162 Sq. M.,"Al Nuzhah, North Jeddah, Jeddah"
"3,900,000",Villa,9,6,300 Sq. M.,"Qurtubah, East Riyadh, Riyadh"
"1,500,000",Villa,4,5,300 Sq. M.,"Al Maizilah, East Riyadh, Riyadh"
"1,600,000",Villa,4,5,237 Sq. M.,"Al Maizilah, East Riyadh, Riyadh"
"1,550,000",Apartment,5,4,213 Sq. M.,"Al Salamah, North Jeddah, Jeddah"
"800,000",Apartment,6,4,243 Sq. M.,"Ash Shamiya Al Jadid, Makkah"
"730,000",Apartment,4,3,112 Sq. M.,"Al Rawdah, North Jeddah, Jeddah"
"3,000,000",Villa,7,5,325 Sq. M.,"Al Shuhada, East Riyadh, Riyadh"
"375,000",Apartment,2,3,660 Sq. M.,"Al Salamah, North Jeddah, Jeddah"
"1,250,000",Floor,5,4,239 Sq. M.,"Al Khaleej, East Riyadh, Riyadh"
"980,000",Apartment,5,4,204 Sq. M.,"Al Fayhaa, North Jeddah, Jeddah"
"1,600,000",Apartment,5,4,230 Sq. M.,"Al Zahraa, North Jeddah, Jeddah"
"800,000",Floor,6,4,502 Sq. M.,"Al Qafilah, Khamis Mushait"
"3,200,000",Villa,5,3,337 Sq. M.,"Al Yasmin, North Riyadh, Riyadh"
"680,000",Apartment,5,5,175 Sq. M.,"Tuwaiq, West Riyadh, Riyadh"
"1,200,000",Apartment,5,4,185 Sq. M.,"Al Zahraa, North Jeddah, Jeddah"
"1,050,000",Apartment,5,3,179 Sq. M.,"Al Salamah, North Jeddah, Jeddah"
"1,200,000",Apartment,5,4,224 Sq. M.,"Al Nuzhah, North Jeddah, Jeddah"
"790,000",Apartment,4,4,170 Sq. M.,"Al Nuzhah, North Jeddah, Jeddah"
"520,000",Apartment,6,4,191 Sq. M.,"Um Assalum, South Jeddah, Jeddah"
"1,400,000",Floor,6,3,550 Sq. M.,"Al Arid, North Riyadh, Riyadh"
"6,000,000",Villa,4,6,495 Sq. M.,"Al Murjan, North Jeddah, Jeddah"
"520,000",Apartment,3,4,900 Sq. M.,"Badr, South Riyadh, Riyadh"
"1,200,000",Building,10,5,154 Sq. M.,"Al Yamamah, Central Riyadh, Riyadh"
"1,200,000",Floor,4,5,227 Sq. M.,"Al Rimal, East Riyadh, Riyadh"
"750,000",Apartment,5,4,166 Sq. M.,"Mishrifah, North Jeddah, Jeddah"
"730,000",Apartment,5,3,900 Sq. M.,"Dhahrat Laban, West Riyadh, Riyadh"
"580,000",Apartment,5,3,138 Sq. M.,"Al Jawhara, Dammam"
"640,000",Apartment,5,3,528 Sq. M.,"Dhahrat Al Badiah, West Riyadh, Riyadh"
"3,650,000",Villa,3,3,324 Sq. M.,"Al Munsiyah, East Riyadh, Riyadh"
"10,000,000",Villa,7,8,"1,181 Sq. M.","Al Naim, North Jeddah, Jeddah"
"860,000",Apartment,5,4,181 Sq. M.,"Al Marwah, North Jeddah, Jeddah"
"4,000,000",Villa,4,5,455 Sq. M.,"Al Muhammadiyah, North Jeddah, Jeddah"
"12,000,000",Villa,6,5,222 Sq. M.,"Al Sharafeyah, North Jeddah, Jeddah"
"1,550,000",Floor,4,3,390 Sq. M.,"Al Khaleej, East Riyadh, Riyadh"
"1,250,000",Floor,3,3,403 Sq. M.,"Al Khaleej, East Riyadh, Riyadh"
"2,500,000",Villa,4,4,250 Sq. M.,"Ishbiliyah, East Riyadh, Riyadh"
"1,400,000",Apartment,3,3,150 Sq. M.,"Al Aqiq, North Riyadh, Riyadh"
"5,000,000",Villa,4,7,450 Sq. M.,"Al Narjis, North Riyadh, Riyadh"
"6,000,000",Villa,5,7,840 Sq. M.,"Obhur Al Janoubiyah, North Jeddah, Jeddah"
"550,000",Apartment,5,3,173 Sq. M.,"Al Rayaan, North Jeddah, Jeddah"
"580,000",Apartment,3,4,124 Sq. M.,"Al Suwaidi, West Riyadh, Riyadh"
"1,500,000",Floor,6,4,500 Sq. M.,"Al Janadriyah, East Riyadh, Riyadh"
"499,000",Apartment,5,3,158 Sq. M.,"Governmental1, Jeddah"
"560,000",Apartment,5,4,162 Sq. M.,"Al Safa, North Jeddah, Jeddah"
"3,500,000",Villa,3,3,325 Sq. M.,"Al Yasmin, North Riyadh, Riyadh"
"6,500,000",Apartment,5,4,173 Sq. M.,"Bani Malik, North Jeddah, Jeddah"
"250,000",Apartment,2,2,706 Sq. M.,"Al Mraikh, North Jeddah, Jeddah"
"2,200,000",Villa,10,5,863 Sq. M.,"Taiba District, North Jeddah, Jeddah"
"720,000",Floor,4,4,186 Sq. M.,"Al Janadriyah, East Riyadh, Riyadh"
"1,250,000",Apartment,3,3,132 Sq. M.,"Al Arid, North Riyadh, Riyadh"
"520,000",Apartment,5,4,170 Sq. M.,"Governmental1, Jeddah"
"4,500,000",Villa,10,7,405 Sq. M.,"Al Mahdiyah, West Riyadh, Riyadh"
"385,000",Apartment,3,3,108 Sq. M.,"Al Rayaan, North Jeddah, Jeddah"
"1,500,000",Apartment,3,2,204 Sq. M.,"Al Malqa, North Riyadh, Riyadh"
"1,400,000",Apartment,2,3,126 Sq. M.,"Al Qirawan, North Riyadh, Riyadh"
"1,350,000",Villa,7,7,437 Sq. M.,"Al Sheraa, Al Khobar"
"950,000",Floor,4,3,189 Sq. M.,"Tuwaiq, West Riyadh, Riyadh"
"1,500,000",Villa,6,5,362 Sq. M.,"Nawara District, Al Muzahimiyah Riyadh Region"
"950,000",Floor,4,3,105 Sq. M.,"Tuwaiq, West Riyadh, Riyadh"
"750,000",Floor,4,3,116 Sq. M.,"Badr, South Riyadh, Riyadh"
"950,000",Floor,5,4,164 Sq. M.,"Tuwaiq, West Riyadh, Riyadh"
"950,000",Floor,3,2,143 Sq. M.,"Al Suwaidi, West Riyadh, Riyadh"
"750,000",Floor,5,5,242 Sq. M.,"Badr, South Riyadh, Riyadh"
"550,000",Apartment,3,2,116 Sq. M.,"Alawali, West Riyadh, Riyadh"
"1,250,000",Villa,4,3,211 Sq. M.,"Al Yarmuk, East Riyadh, Riyadh"
"2,850,000",Villa,4,8,312 Sq. M.,"Al Rimal, East Riyadh, Riyadh"
"2,000,000",Floor,4,4,264 Sq. M.,"Al Munsiyah, East Riyadh, Riyadh"
"1,200,000",Villa,8,5,233 Sq. M.,"Shubra, West Riyadh, Riyadh"
"1,400,000",Villa,5,5,295 Sq. M.,"Al Hamdaniyah, North Jeddah, Jeddah"
"1,150,000",Apartment,4,4,155 Sq. M.,"Al Rawdah, North Jeddah, Jeddah"
"3,800,000",Villa,6,5,450 Sq. M.,"Al Mahdiyah, West Riyadh, Riyadh"
"2,600,000",Villa,5,5,297 Sq. M.,"Al Qadisiyah, East Riyadh, Riyadh"
"3,400,000",Villa,6,5,360 Sq. M.,"Al Rimal, East Riyadh, Riyadh"
"1,300,000",Villa,7,5,200 Sq. M.,"Al Uraija Al Wusta, West Riyadh, Riyadh"
"2,300,000",Villa,4,3,149 Sq. M.,"Al Olaya, North Riyadh, Riyadh"
"530,000",Apartment,4,3,131 Sq. M.,"Al Manar, North Jeddah, Jeddah"
"1,850,000",Villa,5,7,312 Sq. M.,"Al Sawari, North Jeddah, Jeddah"
"5,950,000",Villa,7,4,615 Sq. M.,"Al Aqiq, North Riyadh, Riyadh"
"6,500,000",Villa,11,6,580 Sq. M.,"Al Yasmin, North Riyadh, Riyadh"
"3,000,000",Villa,6,7,375 Sq. M.,"Al Sheraa, North Jeddah, Jeddah"
"620,000",Apartment,4,3,140 Sq. M.,"Alawali, West Riyadh, Riyadh"
"1,150,000",Apartment,3,4,192 Sq. M.,"Al Rimal, East Riyadh, Riyadh"
"2,300,000",Rest House,6,2,956 Sq. M.,"Al Rimal, East Riyadh, Riyadh"
"3,700,000",Villa,9,7,362 Sq. M.,"Al Yasmin, North Riyadh, Riyadh"
"2,600,000",Villa,5,5,375 Sq. M.,"Obhur Al Janoubiyah, North Jeddah, Jeddah"
"670,000",Apartment,5,3,162 Sq. M.,"Al Nuzhah, North Jeddah, Jeddah"
"600,000",Apartment,4,3,129 Sq. M.,"Al Ajwad, North Jeddah, Jeddah"
"800,000",Apartment,5,3,141 Sq. M.,"Al Jameah District, South Jeddah, Jeddah"
"4,400,000",Villa,6,6,625 Sq. M.,"Al Rawdah, East Riyadh, Riyadh"
"1,400,000",Villa,8,7,300 Sq. M.,"Al Rahmanyah, North Jeddah, Jeddah"
"430,000",Residential Building,4,4,191 Sq. M.,"Al Birriyyah, South Riyadh, Riyadh"
"820,000",Apartment,4,3,750 Sq. M.,"Al Zahraa, North Jeddah, Jeddah"
"750,000",Apartment,4,4,750 Sq. M.,"Al Zahraa, North Jeddah, Jeddah"
"1,650,000",Villa,7,9,500 Sq. M.,"Al Lulu, Al Khobar"
"1,650,000",Villa,6,7,437 Sq. M.,"Al Sheraa, Al Khobar"
"1,750,000",Villa,6,9,437 Sq. M.,"Al Sheraa, Al Khobar"
"800,000",Apartment,4,3,630 Sq. M.,"Badr, South Riyadh, Riyadh"
"590,000",Apartment,3,3,106 Sq. M.,"Al Zahraa, North Jeddah, Jeddah"
"650,000",Apartment,4,3,136 Sq. M.,"Al Salamah, North Jeddah, Jeddah"
"790,000",Apartment,5,5,179 Sq. M.,"Al Fayhaa, North Jeddah, Jeddah"
"850,000",Apartment,6,4,219 Sq. M.,"Al Safa, North Jeddah, Jeddah"
"900,000",Apartment,3,3,121 Sq. M.,"Ishbiliyah, East Riyadh, Riyadh"
"3,200,000",Villa,6,5,440 Sq. M.,"Al Buhairah, Al Khobar"
"3,400,000",Villa,7,9,500 Sq. M.,"Al Buhairah, Al Khobar"
"1,500,000",Villa,7,6,335 Sq. M.,"Al Rimal, East Riyadh, Riyadh"
"1,750,000",Villa,6,6,503 Sq. M.,"Al Yaqout, North Jeddah, Jeddah"
"800,000",Villa,9,6,300 Sq. M.,"Mishrifah, Al Hayathem"
"1,100,000",Apartment,4,4,186 Sq. M.,"Al Zahraa, North Jeddah, Jeddah"
"795,000",Apartment,5,4,181 Sq. M.,"Al Safa, North Jeddah, Jeddah"
"1,350,000",Floor,5,5,200 Sq. M.,"Tuwaiq, West Riyadh, Riyadh"
"8,000,000",Building,10,10,540 Sq. M.,"Al Sulimaniyah, North Riyadh, Riyadh"
"7,676,500",Villa,10,5,640 Sq. M.,"Al Murjan, North Jeddah, Jeddah"
"3,300,000",Villa,11,11,450 Sq. M.,"Dhahrat Laban, West Riyadh, Riyadh"
"1,200,000",Villa,6,5,300 Sq. M.,Khamis Mushait
"900,000",Floor,3,3,187 Sq. M.,"Al Nadwa District, East Riyadh, Riyadh"
"7,000,000",Villa,5,4,450 Sq. M.,"Al Narjis, North Riyadh, Riyadh"
"1,500,000",Villa,5,5,500 Sq. M.,"Tuwaiq, West Riyadh, Riyadh"
"1,300,000",Villa,4,4,202 Sq. M.,"Al Qadisiyah, East Riyadh, Riyadh"
"870,000",Apartment,4,3,157 Sq. M.,"Al Nahdah, North Jeddah, Jeddah"
"889,000",Apartment,3,2,"1,940 Sq. M.","Al Rimal, East Riyadh, Riyadh"
"4,000,000",Villa,5,5,371 Sq. M.,"Al Munsiyah, East Riyadh, Riyadh"
"500,000",Floor,6,2,440 Sq. M.,Hafar Al Batin
"750,000",Apartment,5,3,900 Sq. M.,"Dhahrat Laban, West Riyadh, Riyadh"
"4,380,750",Villa,11,11,675 Sq. M.,"Al Fayha, East Riyadh, Riyadh"
"560,000",Apartment,4,3,136 Sq. M.,"Al Jawhara, Dammam"
"640,000",Apartment,3,3,145 Sq. M.,"Tuwaiq, West Riyadh, Riyadh"
"690,000",Apartment,3,3,178 Sq. M.,"Tuwaiq, West Riyadh, Riyadh"
"580,000",Apartment,3,4,157 Sq. M.,"Al Hamra, Al Khobar"
"1,266,370",Apartment,3,4,191 Sq. M.,"Al Nasim, Makkah"
"550,000",Apartment,4,3,129 Sq. M.,"Al Faisaliyah, Central Jeddah, Jeddah"
"1,400,000",Villa,5,6,250 Sq. M.,"Al Zahrah, West Riyadh, Riyadh"
"3,400,000",Villa,5,5,250 Sq. M.,"Al Narjis, North Riyadh, Riyadh"
"900,000",Floor,4,3,750 Sq. M.,"Dhahrat Al Badiah, West Riyadh, Riyadh"
"620,000",Apartment,4,4,227 Sq. M.,"Al Shulah, Dammam"
"550,000",Apartment,4,3,135 Sq. M.,"Al Marwah, North Jeddah, Jeddah"
"520,000",Apartment,4,3,127 Sq. M.,"Batha Quraysh, Makkah"
"650,000",Apartment,4,3,184 Sq. M.,"Al Mohamdya, Makkah"
"650,000",Apartment,5,4,202 Sq. M.,"Al Rayaan, North Jeddah, Jeddah"
"2,500,000",Villa,4,5,643 Sq. M.,"Al Sawari, North Jeddah, Jeddah"
"530,000",Apartment,6,4,239 Sq. M.,"Ar Rawdah, Abha"
"920,000",Floor,5,5,375 Sq. M.,"Dahiat Namar, West Riyadh, Riyadh"
"955,000",Apartment,3,5,899 Sq. M.,"Obhur Al Janoubiyah, North Jeddah, Jeddah"
"820,000",Villa,5,6,451 Sq. M.,"Al Rayyan, Unayzah"
"450,000",Apartment,2,2,102 Sq. M.,"Al Marwah, North Jeddah, Jeddah"
"1,550,000",Apartment,6,5,235 Sq. M.,"Al Zahraa, North Jeddah, Jeddah"
"850,000",Apartment,7,5,257 Sq. M.,"Al Sawari, North Jeddah, Jeddah"
"600,000",Apartment,4,3,179 Sq. M.,"Al Rayaan, North Jeddah, Jeddah"
"850,000",Apartment,6,4,197 Sq. M.,"Al Faisaliyah, Central Jeddah, Jeddah"
"1,150,000",Apartment,6,5,242 Sq. M.,"Al Faisaliyah, Central Jeddah, Jeddah"
"1,100,000",Floor,4,5,260 Sq. M.,"Al Rimal, East Riyadh, Riyadh"
"850,000",Apartment,6,4,205 Sq. M.,"Mishrifah, North Jeddah, Jeddah"
"850,000",Apartment,6,5,206 Sq. M.,"Al Faisaliyah, Central Jeddah, Jeddah"
"1,550,000",Apartment,5,4,213 Sq. M.,"Al Salamah, North Jeddah, Jeddah"
"1,100,000",Apartment,5,4,220 Sq. M.,"Al Salamah, North Jeddah, Jeddah"
"1,950,000",Apartment,3,4,192 Sq. M.,"Al Zahraa, North Jeddah, Jeddah"
"520,000",Apartment,4,3,"2,300 Sq. M.","Al Rehab, North Jeddah, Jeddah"
"770,000",Apartment,4,4,630 Sq. M.,"Badr, South Riyadh, Riyadh"
"550,000",Apartment,2,3,128 Sq. M.,"Al Zahrah, West Riyadh, Riyadh"
"1,450,000",Floor,3,3,260 Sq. M.,"Al Rimal, East Riyadh, Riyadh"
"1,450,000",Floor,6,6,260 Sq. M.,"Al Rimal, East Riyadh, Riyadh"
"4,400,000",Villa,6,4,900 Sq. M.,"Al Narjis, North Riyadh, Riyadh"
"600,000",Floor,4,4,203 Sq. M.,"Badr, South Riyadh, Riyadh"
"900,000",Villa,8,7,225 Sq. M.,"Dirab, West Riyadh, Riyadh"
"790,000",Apartment,3,2,85 Sq. M.,"Al Arid, North Riyadh, Riyadh"
"860,000",Floor,3,4,500 Sq. M.,"Shubra, West Riyadh, Riyadh"
"860,000",Floor,3,3,500 Sq. M.,"Shubra, West Riyadh, Riyadh"
"550,000",Apartment,3,3,128 Sq. M.,"Al Zahrah, West Riyadh, Riyadh"
"510,000",Apartment,4,2,144 Sq. M.,"Al Hazm, West Riyadh, Riyadh"
"440,000",Apartment,3,3,123 Sq. M.,"Al Hazm, West Riyadh, Riyadh"
"2,700,000",Villa,7,10,418 Sq. M.,"Al Mahdiyah, West Riyadh, Riyadh"
"1,750,000",Apartment,3,4,211 Sq. M.,"Al Zahraa, North Jeddah, Jeddah"
"1,950,000",Apartment,3,4,192 Sq. M.,"Al Zahraa, North Jeddah, Jeddah"
"6,000,000",Villa,6,10,300 Sq. M.,"Irqah, West Riyadh, Riyadh"
"580,000",Apartment,5,3,138 Sq. M.,"Al Jawhara, Dammam"
"850,000",Apartment,4,3,130 Sq. M.,"Dhahrat Laban, West Riyadh, Riyadh"
"770,000",Apartment,4,4,630 Sq. M.,"Badr, South Riyadh, Riyadh"
"850,000",Apartment,4,3,"1,800 Sq. M.","Al Mahdiyah, West Riyadh, Riyadh"
"650,000",Apartment,6,3,201 Sq. M.,"Ash Shamiya Al Jadid, Makkah"
"550,000",Apartment,5,3,171 Sq. M.,"Ash Shamiya Al Jadid, Makkah"
"1,325,000",Apartment,4,4,145 Sq. M.,"Al Arid, North Riyadh, Riyadh"
"3,900,000",Villa,8,10,450 Sq. M.,"Al Mahdiyah, West Riyadh, Riyadh"
"2,700,000",Villa,7,10,300 Sq. M.,"Al Mahdiyah, West Riyadh, Riyadh"
"1,039,000",Apartment,3,3,107 Sq. M.,"Al Quds, East Riyadh, Riyadh"
"4,300,000",Villa,3,4,173 Sq. M.,"Al Narjis, North Riyadh, Riyadh"
"420,000",Apartment,2,2,517 Sq. M.,"Western Heila District, Muhayil"
"7,000,000",Villa,7,7,600 Sq. M.,"Al Narjis, North Riyadh, Riyadh"
"650,000",Apartment,5,3,196 Sq. M.,"Al Qayam Al Aala, Taif"
"1,850,000",Apartment,4,5,158 Sq. M.,"Al Arid, North Riyadh, Riyadh"
"1,025,000",Floor,3,4,400 Sq. M.,"Al Safa, East Riyadh, Riyadh"
"570,000",Apartment,5,3,158 Sq. M.,"Al Waha, North Jeddah, Jeddah"
"1,050,000",Floor,5,5,900 Sq. M.,"Alawali, West Riyadh, Riyadh"
"450,000",Apartment,4,3,151 Sq. M.,"Badr, South Riyadh, Riyadh"
"8,000,000",Rest House,11,7,"3,210 Sq. M.","Al Urobah, Dammam"
"800,000",Apartment,3,4,171 Sq. M.,"Al Shati Al Sharqi, Dammam"
"1,599,000",Apartment,3,3,126 Sq. M.,"Al Mughrizat, North Riyadh, Riyadh"
"1,000,000",Apartment,3,4,225 Sq. M.,"Al Janadriyah, East Riyadh, Riyadh"
"1,000,000",Apartment,3,4,188 Sq. M.,"Al Janadriyah, East Riyadh, Riyadh"
"1,000,000",Apartment,3,4,188 Sq. M.,"Al Janadriyah, East Riyadh, Riyadh"
"1,150,000",Apartment,3,4,288 Sq. M.,"Al Janadriyah, East Riyadh, Riyadh"
"1,150,000",Apartment,3,4,288 Sq. M.,"Al Janadriyah, East Riyadh, Riyadh"
"1,000,000",Apartment,3,4,225 Sq. M.,"Al Janadriyah, East Riyadh, Riyadh"
"850,000",Apartment,4,3,180 Sq. M.,"Al Mahdiyah, West Riyadh, Riyadh"
"250,000",Apartment,2,2,706 Sq. M.,"Al Mraikh, North Jeddah, Jeddah"
"2,600,000",Villa,4,3,210 Sq. M.,"Al Arid, North Riyadh, Riyadh"
"690,000",Residential Building,4,3,152 Sq. M.,"Al Rabwa, North Jeddah, Jeddah"
"920,000",Apartment,3,3,130 Sq. M.,"Al Mahdiyah, West Riyadh, Riyadh"
"5,500,000",Villa,6,6,342 Sq. M.,"Al Rabi, North Riyadh, Riyadh"
"6,000,000",Villa,9,7,399 Sq. M.,"Al Rabi, North Riyadh, Riyadh"
"650,000",Apartment,3,2,106 Sq. M.,"Al Qadisiyah, East Riyadh, Riyadh"
"1,350,000",Floor,4,3,232 Sq. M.,"Al Qadisiyah, East Riyadh, Riyadh"
"750,000",Floor,3,3,219 Sq. M.,"Al Janadriyah, East Riyadh, Riyadh"
"980,000",Floor,3,3,173 Sq. M.,"Al Janadriyah, East Riyadh, Riyadh"
"770,000",Apartment,3,5,630 Sq. M.,"Badr, South Riyadh, Riyadh"
"380,000",Apartment,3,2,101 Sq. M.,"Al Waha, North Jeddah, Jeddah"
"530,000",Apartment,3,3,163 Sq. M.,"Okaz, South Riyadh, Riyadh"
"950,000",Apartment,3,4,186 Sq. M.,"Al Muntazah, Dammam"
⃁,"580,000",Apartment,Studio,149 Sq. M.,"Al Shulah, Dammam"
"430,000",Apartment,3,3,131 Sq. M.,"Badr, South Riyadh, Riyadh"
"900,000",Floor,4,4,212 Sq. M.,"Tuwaiq, West Riyadh, Riyadh"
"690,000",Floor,3,3,181 Sq. M.,"Okaz, South Riyadh, Riyadh"
"3,960,000",Villa,3,5,"2,250 Sq. M.","Al Narjis, North Riyadh, Riyadh"
"770,000",Apartment,3,3,630 Sq. M.,"Badr, South Riyadh, Riyadh"
"3,500,000",Villa,7,8,357 Sq. M.,"Qurtubah, East Riyadh, Riyadh"
"820,000",Floor,4,4,246 Sq. M.,"Okaz, South Riyadh, Riyadh"
"770,000",Apartment,4,4,630 Sq. M.,"Badr, South Riyadh, Riyadh"
"850,000",Villa,5,7,299 Sq. M.,"King Fahd District, Unayzah"
"2,800,000",Villa,6,8,440 Sq. M.,"Al Buhairah, Al Khobar"
"560,000",Apartment,4,3,128 Sq. M.,"Al Sulaymaniyah, North Jeddah, Jeddah"
"1,550,000",Floor,4,4,251 Sq. M.,"Al Khaleej, East Riyadh, Riyadh"
"1,350,000",Floor,3,4,141 Sq. M.,"Al Munsiyah, East Riyadh, Riyadh"
"4,200,000",Villa,6,5,385 Sq. M.,"Al Yasmin, North Riyadh, Riyadh"
"4,400,000",Villa,6,6,900 Sq. M.,"Al Narjis, North Riyadh, Riyadh"
"1,045,000",Apartment,3,4,"1,200 Sq. M.","Al Saif, Dammam"
"600,000",Apartment,4,3,414 Sq. M.,"An Nasifah, Al Kharj Riyadh Region"
"3,700,000",Villa,7,5,312 Sq. M.,"Al Arid, North Riyadh, Riyadh"
"1,150,000",Apartment,3,4,288 Sq. M.,"Al Janadriyah, East Riyadh, Riyadh"
"700,000",Apartment,4,3,425 Sq. M.,"An Nasifah, Al Kharj Riyadh Region"
"1,650,000",Villa,7,5,365 Sq. M.,"Alawali, West Riyadh, Riyadh"
"1,750,000",Villa,5,4,375 Sq. M.,"Al Yaqout, North Jeddah, Jeddah"
"4,000,000",Villa,9,7,375 Sq. M.,"Al Narjis, North Riyadh, Riyadh"
"1,400,000",Floor,4,5,305 Sq. M.,"Al Qadisiyah, East Riyadh, Riyadh"
"850,000",Floor,3,4,206 Sq. M.,"Al Janadriyah, East Riyadh, Riyadh"
"1,650,000",Villa,6,9,500 Sq. M.,"Al Lulu, Al Khobar"
"1,750,000",Villa,6,8,437 Sq. M.,"Al Sheraa, Al Khobar"
"1,900,000",Villa,7,5,252 Sq. M.,"Al Rimal, East Riyadh, Riyadh"
"720,000",Floor,3,3,176 Sq. M.,"Okaz, South Riyadh, Riyadh"
"1,100,000",Floor,4,4,198 Sq. M.,"Tuwaiq, West Riyadh, Riyadh"
"1,600,000",Villa,6,5,488 Sq. M.,"Al Janadriyah, East Riyadh, Riyadh"
"1,000,000",Floor,3,4,177 Sq. M.,"Al Rimal, East Riyadh, Riyadh"
"980,000",Floor,3,2,168 Sq. M.,"Al Rimal, East Riyadh, Riyadh"
"980,000",Floor,4,4,186 Sq. M.,"Al Janadriyah, East Riyadh, Riyadh"
"1,700,000",Villa,6,5,249 Sq. M.,"Al Janadriyah, East Riyadh, Riyadh"
"440,000",Apartment,3,4,191 Sq. M.,Mekdas 1
"530,000",Apartment,3,4,301 Sq. M.,"Al Khalij, Ahad Rafidah"
"520,000",Apartment,3,4,183 Sq. M.,"Al Dhurfah, Khamis Mushait"
"1,300,000",Villa,6,6,527 Sq. M.,"Al Amwaj, Al Khobar"
"1,300,000",Villa,6,6,527 Sq. M.,"Al Amwaj, Al Khobar"
"1,250,000",Floor,3,4,159 Sq. M.,"Al Munsiyah, East Riyadh, Riyadh"
"690,000",Floor,3,3,176 Sq. M.,"Okaz, South Riyadh, Riyadh"
"595,000",Floor,3,4,149 Sq. M.,"Badr, South Riyadh, Riyadh"
"3,600,000",Villa,5,3,360 Sq. M.,"Al Rimal, East Riyadh, Riyadh"
"1,100,000",Floor,6,4,500 Sq. M.,"Ash Shamiya Al Jadid, Makkah"
"700,000",Floor,4,3,163 Sq. M.,"Badr, South Riyadh, Riyadh"
"1,400,000",Apartment,3,3,134 Sq. M.,"Al Malqa, North Riyadh, Riyadh"
"1,300,000",Villa,4,3,162 Sq. M.,"Al Rimal, East Riyadh, Riyadh"
"750,000",Apartment,2,3,114 Sq. M.,"Al Qadisiyah, East Riyadh, Riyadh"
"3,500,000",Building,10,10,750 Sq. M.,"Al Zumorrud, North Jeddah, Jeddah"
"420,000",Apartment,5,3,200 Sq. M.,Saban 2
"1,900,000",Villa,8,8,300 Sq. M.,"Al Yaqout, North Jeddah, Jeddah"
"300,000",Rest House,10,5,500 Sq. M.,"Qufar, Hail"
"540,000",Floor,3,3,193 Sq. M.,"Badr, South Riyadh, Riyadh"
"4,700,000",Villa,8,7,827 Sq. M.,"Al Sheraa, North Jeddah, Jeddah"
"4,000,000",Villa,5,3,630 Sq. M.,"Agruba, Al Jubaylah"
"830,000",Floor,3,3,245 Sq. M.,"Tuwaiq, West Riyadh, Riyadh"
"1,450,000",Apartment,6,5,216 Sq. M.,"Al Zahraa, North Jeddah, Jeddah"
"850,000",Villa,6,4,270 Sq. M.,"Al Ghadir, Abha"
"925,000",Villa,5,3,418 Sq. M.,"Al Rayyan, Unayzah"
"495,000",Apartment,4,2,135 Sq. M.,"Al Marwah, North Jeddah, Jeddah"
"4,000,000",Villa,7,5,400 Sq. M.,"Al Yasmin, North Riyadh, Riyadh"
"2,500,000",Villa,11,11,500 Sq. M.,"Al Aziziyah, South Riyadh, Riyadh"
"600,000",Apartment,4,3,131 Sq. M.,"Dhahrat Laban, West Riyadh, Riyadh"
"1,400,000",Floor,6,3,312 Sq. M.,"Al Arid, North Riyadh, Riyadh"
"500,000",Apartment,4,2,195 Sq. M.,"Badr, Dammam"
"2,450,000",Villa,5,4,325 Sq. M.,"Al Muhammadiyah, North Jeddah, Jeddah"
"7,280,000",Rest House,3,2,"3,000 Sq. M.","Al Ammariyah Farms, Al Ammariyah Riyadh Region"
"500,000",Apartment,3,3,123 Sq. M.,"Al Hamra, Al Khobar"
"550,000",Apartment,3,3,162 Sq. M.,"Al Hamra, Al Khobar"
"1,700,000",Floor,3,3,170 Sq. M.,"Al Rabi, North Riyadh, Riyadh"
"670,000",Apartment,5,3,162 Sq. M.,"Al Nuzhah, North Jeddah, Jeddah"
"770,000",Apartment,4,4,630 Sq. M.,"Badr, South Riyadh, Riyadh"
"860,000",Floor,3,4,500 Sq. M.,"Shubra, West Riyadh, Riyadh"
"650,000",Apartment,3,3,150 Sq. M.,"Alawali, West Riyadh, Riyadh"
"1,599,000",Floor,3,3,154 Sq. M.,"Al Malaz, Central Riyadh, Riyadh"
"550,000",Building,4,5,704 Sq. M.,"Al Fakhriyyah, Unayzah"
"440,000",Apartment,3,3,166 Sq. M.,"Badr, South Riyadh, Riyadh"
"2,900,000",Villa,5,5,409 Sq. M.,"Al Naim, North Jeddah, Jeddah"
"890,000",Apartment,3,3,130 Sq. M.,"Al Mahdiyah, West Riyadh, Riyadh"
"770,000",Apartment,4,5,630 Sq. M.,"Badr, South Riyadh, Riyadh"
"550,000",Apartment,3,4,160 Sq. M.,"Governmental1, Jeddah"
"850,000",Apartment,4,3,130 Sq. M.,"Dhahrat Laban, West Riyadh, Riyadh"
"739,000",Apartment,3,3,132 Sq. M.,"Al Rimal, East Riyadh, Riyadh"
"550,000",Apartment,6,2,187 Sq. M.,"Al Maealaa, Ahad Rafidah"
"650,000",Apartment,5,4,163 Sq. M.,"As Salamah, Makkah"
"950,000",Apartment,5,3,163 Sq. M.,"Al Salamah, North Jeddah, Jeddah"
"1,600,000",Villa,5,4,471 Sq. M.,"Abruq Al Rughamah, South Jeddah, Jeddah"
"550,000",Apartment,4,4,135 Sq. M.,"Al Hamra, Al Khobar"
"770,000",Apartment,3,3,630 Sq. M.,"Badr, South Riyadh, Riyadh"
"730,000",Floor,3,3,180 Sq. M.,"Okaz, South Riyadh, Riyadh"
"620,000",Apartment,3,3,140 Sq. M.,"Alawali, West Riyadh, Riyadh"
"3,800,000",Villa,6,5,468 Sq. M.,"Al Mahdiyah, West Riyadh, Riyadh"
"3,500,000",Villa,9,7,400 Sq. M.,"Al Aqiq, North Riyadh, Riyadh"
"900,000",Floor,4,4,220 Sq. M.,"Tuwaiq, West Riyadh, Riyadh"
"770,000",Apartment,4,4,630 Sq. M.,"Badr, South Riyadh, Riyadh"
"669,000",Apartment,3,3,128 Sq. M.,"Al Rimal, East Riyadh, Riyadh"
"600,000",Apartment,3,3,135 Sq. M.,"Al Bayan Neighborhood, East Riyadh, Riyadh"
"4,000,000",Villa,5,3,562 Sq. M.,"Al Malaz, Central Riyadh, Riyadh"
"1,650,000",Villa,7,9,437 Sq. M.,"Al Sheraa, Al Khobar"
"740,000",Floor,4,3,214 Sq. M.,"Badr, South Riyadh, Riyadh"
"3,500,000",Apartment,11,11,400 Sq. M.,"Al Safa, North Jeddah, Jeddah"
"1,250,000",Apartment,5,4,185 Sq. M.,"Al Zahraa, North Jeddah, Jeddah"
"600,000",Floor,5,4,640 Sq. M.,"As Salam, Balqarn"
"3,500,000",Residential Building,11,7,690 Sq. M.,"Badr, South Riyadh, Riyadh"
"500,000",Apartment,4,3,195 Sq. M.,"Al Hamra District, Al Jubail"
"700,000",Apartment,Studio,4,166 Sq. M.,"Al Marwah, North Jeddah, Jeddah"
"600,000",Apartment,3,3,116 Sq. M.,"Dhahrat Laban, West Riyadh, Riyadh"
"2,200,000",Rest House,10,8,522 Sq. M.,"Al Sulay, East Riyadh, Riyadh"
"860,000",Floor,8,6,500 Sq. M.,"Shubra, West Riyadh, Riyadh"
"1,050,000",Villa,3,5,385 Sq. M.,"Tuwaiq, West Riyadh, Riyadh"
"850,000",Apartment,3,3,162 Sq. M.,"Al Rimal, East Riyadh, Riyadh"
"840,000",Apartment,4,4,192 Sq. M.,"Al Faisaliyah, Central Jeddah, Jeddah"
"2,950,000",Villa,4,3,377 Sq. M.,"Al Sadafah, Dammam"
"1,150,000",Apartment,5,4,155 Sq. M.,"Al Rawdah, North Jeddah, Jeddah"
"1,650,000",Villa,5,4,461 Sq. M.,"Ash Shrouk, Dammam"
"1,500,000",Villa,5,4,483 Sq. M.,"Al Shifa, South Riyadh, Riyadh"
"770,000",Floor,4,4,630 Sq. M.,"Badr, South Riyadh, Riyadh"
"1,650,000",Villa,6,6,500 Sq. M.,"Al Lulu, Al Khobar"
"760,000",Floor,4,4,214 Sq. M.,"Badr, South Riyadh, Riyadh"
"1,030,000",Villa,5,5,269 Sq. M.,"Tuwaiq, West Riyadh, Riyadh"
"770,000",Floor,4,4,630 Sq. M.,"Badr, South Riyadh, Riyadh"
"1,700,000",Floor,7,3,612 Sq. M.,"Al-Jawhara, Jeddah"
"800,000",Floor,3,5,193 Sq. M.,"Al Janadriyah, East Riyadh, Riyadh"
"800,000",Floor,3,4,242 Sq. M.,"Okaz, South Riyadh, Riyadh"
"620,000",Apartment,3,4,152 Sq. M.,"Al Manar, North Jeddah, Jeddah"
"1,100,000",Floor,4,4,500 Sq. M.,"Al Duraihimiyah, West Riyadh, Riyadh"
"550,000",Apartment,3,3,146 Sq. M.,"Badr, South Riyadh, Riyadh"
"1,200,000",Apartment,3,3,154 Sq. M.,"Al Fayhaa, North Jeddah, Jeddah"
"770,000",Floor,3,3,630 Sq. M.,"Badr, South Riyadh, Riyadh"
"780,000",Floor,4,5,149 Sq. M.,"Badr, South Riyadh, Riyadh"
"4,800,000",Villa,6,7,598 Sq. M.,"Al Shati, North Jeddah, Jeddah"
"980,000",Villa,4,4,143 Sq. M.,"Al Suwaidi, West Riyadh, Riyadh"
"850,000",Villa,4,4,239 Sq. M.,"Al Janadriyah, East Riyadh, Riyadh"
"1,100,000",Floor,3,5,287 Sq. M.,"Al Rimal, East Riyadh, Riyadh"
"1,100,000",Floor,3,4,205 Sq. M.,"Al Rimal, East Riyadh, Riyadh"
"600,000",Apartment,3,3,166 Sq. M.,"Tuwaiq, West Riyadh, Riyadh"
"1,350,000",Villa,6,5,200 Sq. M.,"Tuwaiq, West Riyadh, Riyadh"
"560,000",Apartment,3,3,133 Sq. M.,"Al Hazm, West Riyadh, Riyadh"
"570,000",Floor,3,3,173 Sq. M.,"Badr, South Riyadh, Riyadh"
"850,000",Floor,3,3,204 Sq. M.,"Al Janadriyah, East Riyadh, Riyadh"
"1,000,000",Villa,3,3,263 Sq. M.,"Tuwaiq, West Riyadh, Riyadh"
"1,350,000",Villa,6,5,200 Sq. M.,"Tuwaiq, West Riyadh, Riyadh"
"950,000",Floor,3,3,286 Sq. M.,"Al Janadriyah, East Riyadh, Riyadh"
"250,000",Floor,5,2,330 Sq. M.,"Al Aziziyah, Hafar Al Batin"
"590,000",Apartment,4,4,139 Sq. M.,"Al Safa, North Jeddah, Jeddah"
"296,000",Apartment,3,3,887 Sq. M.,"Al Rayaan, North Jeddah, Jeddah"
"800,000",Apartment,3,4,171 Sq. M.,"Al Shati Al Sharqi, Dammam"
"1,150,000",Apartment,5,4,155 Sq. M.,"Al Rawdah, North Jeddah, Jeddah"
"620,000",Apartment,3,3,140 Sq. M.,"Alawali, West Riyadh, Riyadh"
"1,150,000",Apartment,5,4,155 Sq. M.,"Al Rawdah, North Jeddah, Jeddah"
"2,450,000",Villa,5,6,500 Sq. M.,"Al Mahdiyah, West Riyadh, Riyadh"
"1,650,000",Floor,3,3,198 Sq. M.,"Qurtubah, East Riyadh, Riyadh"
"770,000",Floor,4,4,630 Sq. M.,"Badr, South Riyadh, Riyadh"
"760,000",Floor,7,7,214 Sq. M.,"Badr, South Riyadh, Riyadh"
"760,000",Floor,4,4,214 Sq. M.,"Badr, South Riyadh, Riyadh"
833,Rest House,6,7,600 Sq. M.,"Al Muruj, Unayzah"
"580,000",Apartment,4,4,124 Sq. M.,"Al Suwaidi, West Riyadh, Riyadh"
"550,000",Apartment,3,3,128 Sq. M.,"Al Zahrah, West Riyadh, Riyadh"
"950,000",Floor,3,3,220 Sq. M.,"Tuwaiq, West Riyadh, Riyadh"
"1,800,000",Villa,10,4,375 Sq. M.,"Al Saadah, East Riyadh, Riyadh"
"750,000",Apartment,4,3,114 Sq. M.,"Al Rawdah, North Jeddah, Jeddah"
"770,000",Floor,4,4,630 Sq. M.,"Badr, South Riyadh, Riyadh"
"770,000",Apartment,3,3,630 Sq. M.,"Badr, South Riyadh, Riyadh"
"770,000",Apartment,4,4,630 Sq. M.,"Badr, South Riyadh, Riyadh"
"800,000",Apartment,4,4,630 Sq. M.,"Badr, South Riyadh, Riyadh"
"770,000",Apartment,4,4,630 Sq. M.,"Badr, South Riyadh, Riyadh"
"860,000",Floor,5,5,500 Sq. M.,"Shubra, West Riyadh, Riyadh"
"760,000",Floor,4,4,214 Sq. M.,"Badr, South Riyadh, Riyadh"
"760,000",Floor,3,3,214 Sq. M.,"Badr, South Riyadh, Riyadh"
"860,000",Floor,3,4,500 Sq. M.,"Shubra, West Riyadh, Riyadh"
"685,000",Apartment,3,3,180 Sq. M.,"Alawali, West Riyadh, Riyadh"
"420,000",Apartment,3,3,170 Sq. M.,"Badr, South Riyadh, Riyadh"
"580,000",Apartment,3,3,124 Sq. M.,"Al Suwaidi, West Riyadh, Riyadh"
"4,200,000",Villa,6,6,371 Sq. M.,"Al Munsiyah, East Riyadh, Riyadh"
"760,000",Floor,4,4,214 Sq. M.,"Badr, South Riyadh, Riyadh"
"830,000",Floor,3,3,245 Sq. M.,"Tuwaiq, West Riyadh, Riyadh"
"770,000",Apartment,6,5,630 Sq. M.,"Badr, South Riyadh, Riyadh"
"800,000",Apartment,3,5,630 Sq. M.,"Badr, South Riyadh, Riyadh"
"770,000",Apartment,4,4,630 Sq. M.,"Badr, South Riyadh, Riyadh"
"760,000",Floor,4,4,214 Sq. M.,"Badr, South Riyadh, Riyadh"
"570,000",Apartment,3,3,142 Sq. M.,"Tuwaiq, West Riyadh, Riyadh"
"2,950,000",Villa,6,10,500 Sq. M.,"Al Buhairah, Al Khobar"
"760,000",Floor,4,4,214 Sq. M.,"Badr, South Riyadh, Riyadh"
"800,000",Apartment,7,7,630 Sq. M.,"Badr, South Riyadh, Riyadh"
"770,000",Apartment,5,4,630 Sq. M.,"Badr, South Riyadh, Riyadh"
"3,900,000",Villa,5,5,450 Sq. M.,"Al Yarmuk, East Riyadh, Riyadh"
"1,650,000",Villa,7,8,500 Sq. M.,"Al Lulu, Al Khobar"
"770,000",Apartment,4,4,630 Sq. M.,"Badr, South Riyadh, Riyadh"
"22,850,000",Villa,7,5,"1,895 Sq. M.","Al Rawdah, North Jeddah, Jeddah"
"1,699,000",Apartment,3,2,96 Sq. M.,"Al Mughrizat, North Riyadh, Riyadh"
"1,459,000",Apartment,3,3,125 Sq. M.,"Al Mughrizat, North Riyadh, Riyadh"
"2,450,000",Villa,5,6,500 Sq. M.,"Al Mahdiyah, West Riyadh, Riyadh"
"980,000",Apartment,3,3,143 Sq. M.,"Al Suwaidi, West Riyadh, Riyadh"
"800,000",Apartment,3,3,630 Sq. M.,"Badr, South Riyadh, Riyadh"
"800,000",Apartment,3,4,630 Sq. M.,"Badr, South Riyadh, Riyadh"
"770,000",Apartment,4,4,630 Sq. M.,"Badr, South Riyadh, Riyadh"
"770,000",Apartment,4,4,630 Sq. M.,"Badr, South Riyadh, Riyadh"
"780,000",Floor,4,4,149 Sq. M.,"Badr, South Riyadh, Riyadh"
"850,000",Floor,3,4,204 Sq. M.,"Al Janadriyah, East Riyadh, Riyadh"
⃁,"13,683,780",Land,Area:,Prime Corner Commercial Plot – Al Aziziyah,Agent last visited this property on 13th of April
"8,000,000",Building,4,2,407 Sq. M.,"Al Jumuah, Madina"
"500,000",Apartment,5,4,183 Sq. M.,"Bani Malik, North Jeddah, Jeddah"
"1,400,000",Apartment,3,3,138 Sq. M.,"Al Malqa, North Riyadh, Riyadh"
"950,000",Floor,7,3,135 Sq. M.,"Al Murjan, East Riyadh, Riyadh"
"3,900,000",Villa,11,11,450 Sq. M.,"Al Sheraa, North Jeddah, Jeddah"
"2,500,000",Villa,11,7,484 Sq. M.,"Al Jazeera, East Riyadh, Riyadh"
"3,000,000",Villa,7,6,765 Sq. M.,Aljubail Industrial
"1,000,000",Apartment,2,3,100 Sq. M.,"Al Arid, North Riyadh, Riyadh"
"6,200,000",Villa,8,7,386 Sq. M.,"Al Shati, North Jeddah, Jeddah"
"1,700,000",Villa,4,5,360 Sq. M.,"Al Faisaliyah, Dammam"
"290,000",Apartment,2,2,"1,625 Sq. M.","Al Safa, North Jeddah, Jeddah"
"760,000",Apartment,5,4,170 Sq. M.,Dhahran
"1,150,000",Apartment,3,4,182 Sq. M.,"Al Rawdah, North Jeddah, Jeddah"
"790,000",Apartment,5,4,171 Sq. M.,"Tuwaiq, West Riyadh, Riyadh"
"13,000,000",Villa,10,7,720 Sq. M.,"Al Nada, North Riyadh, Riyadh"
"680,000",Apartment,5,4,218 Sq. M.,"Shuran, Madina"
"590,000",Apartment,5,4,153 Sq. M.,"Al Rawabi, Madina"
"580,000",Apartment,4,4,221 Sq. M.,"Al Ranuna, Madina"
"700,000",Apartment,4,4,178 Sq. M.,"Al Bawadi, North Jeddah, Jeddah"
"9,045,000",Villa,6,6,603 Sq. M.,"Al Nakhil, North Riyadh, Riyadh"
"750,000",Apartment,8,6,355 Sq. M.,"Al Maealaa, Ahad Rafidah"
"495,000",Floor,6,4,189 Sq. M.,"Al Salam, Unayzah"
"1,200,000",Floor,5,4,600 Sq. M.,"Al Safa, East Riyadh, Riyadh"
"1,450,000",Villa,4,6,252 Sq. M.,"Al Shati Al Sharqi, Dammam"
"1,850,000",Villa,4,6,327 Sq. M.,"Al Shati Al Gharbi, Dammam"
"615,000",Apartment,3,3,112 Sq. M.,"Tuwaiq, West Riyadh, Riyadh"
"1,150,000",Apartment,5,4,211 Sq. M.,"Al Salamah, North Jeddah, Jeddah"
"990,000",Apartment,5,3,175 Sq. M.,"Al Salamah, North Jeddah, Jeddah"
"540,000",Apartment,5,3,126 Sq. M.,"Al Shawqiyyah, Makkah"
"7,500,000",Villa,9,9,945 Sq. M.,"Al Munsiyah, East Riyadh, Riyadh"
"650,000",Apartment,5,4,166 Sq. M.,"Al Waha, North Jeddah, Jeddah"
"1,100,000",Apartment,3,4,253 Sq. M.,"Al Hazm, West Riyadh, Riyadh"
"5,000,000",Villa,5,10,500 Sq. M.,"Al Rabi, North Riyadh, Riyadh"
"1,000,000",Floor,5,4,177 Sq. M.,"Al Rimal, East Riyadh, Riyadh"
"1,350,000",Apartment,6,5,242 Sq. M.,"Al Safa, North Jeddah, Jeddah"
"850,000",Apartment,4,4,158 Sq. M.,"Al Safa, North Jeddah, Jeddah"
"1,300,000",Apartment,4,4,110 Sq. M.,"Al Narjis, North Riyadh, Riyadh"
"540,000",Floor,6,5,246 Sq. M.,"Al Fakhriyyah, Unayzah"
"995,000",Apartment,4,4,199 Sq. M.,"Al Zahraa, North Jeddah, Jeddah"
"850,000",Apartment,5,3,194 Sq. M.,"Al Fayha, East Riyadh, Riyadh"
"1,570,000",Floor,4,2,122 Sq. M.,"Al Yasmin, North Riyadh, Riyadh"
"1,990,000",Floor,4,3,193 Sq. M.,"Al Yasmin, North Riyadh, Riyadh"
"1,100,000",Floor,3,3,"3,098 Sq. M.","Al Rabwah, Central Riyadh, Riyadh"
"2,395,000",Floor,3,5,229 Sq. M.,"Al Yasmin, North Riyadh, Riyadh"
"985,000",Apartment,7,5,273 Sq. M.,"Al Fayhaa, North Jeddah, Jeddah"
"480,000",Apartment,5,3,177 Sq. M.,"Al Manar, Dammam"
"880,000",Apartment,6,5,217 Sq. M.,"Al Bawadi, North Jeddah, Jeddah"
"1,600,000",Apartment,4,4,112 Sq. M.,"Hittin, North Riyadh, Riyadh"
"31,000,000",Villa,9,7,"1,910 Sq. M.","King Salman, Riyadh"
"1,200,000",Rest House,8,6,"2,000 Sq. M.","Dirab, West Riyadh, Riyadh"
"1,050,000",Floor,3,2,151 Sq. M.,"Al Murjan, East Riyadh, Riyadh"
"770,000",Apartment,3,3,630 Sq. M.,"Badr, South Riyadh, Riyadh"
"978,000",Apartment,3,3,118 Sq. M.,"Al Munsiyah, East Riyadh, Riyadh"
"800,000",Apartment,5,4,189 Sq. M.,"Al Shati Al Sharqi, Dammam"
"1,450,000",Apartment,4,4,121 Sq. M.,"Al Nada, North Riyadh, Riyadh"
"470,000",Apartment,2,3,506 Sq. M.,"Al Rawdah, North Jeddah, Jeddah"
"670,000",Apartment,5,4,158 Sq. M.,"Al Safa, North Jeddah, Jeddah"
"2,600,000",Villa,6,7,413 Sq. M.,"Al Bayan Neighborhood, East Riyadh, Riyadh"
"2,100,000",Villa,5,5,330 Sq. M.,"Al Mahdiyah, West Riyadh, Riyadh"
"2,250,000",Villa,10,7,468 Sq. M.,"Al Mahdiyah, West Riyadh, Riyadh"
"2,500,000",Villa,10,5,375 Sq. M.,"Al Rimal, East Riyadh, Riyadh"
"470,000",Apartment,4,3,135 Sq. M.,"Abruq Al Rughamah, South Jeddah, Jeddah"
"700,000",Apartment,4,4,165 Sq. M.,"Al Faisaliyah, Central Jeddah, Jeddah"
"830,000",Floor,5,4,245 Sq. M.,"Tuwaiq, West Riyadh, Riyadh"
"1,450,000",Apartment,3,3,156 Sq. M.,"Qurtubah, East Riyadh, Riyadh"
"750,670",Apartment,3,3,"9,900 Sq. M.","Al Rawdah, East Riyadh, Riyadh"
"560,000",Apartment,6,3,202 Sq. M.,"Al Muhammadiyah 2, Jazan"
"770,000",Apartment,3,3,630 Sq. M.,"Badr, South Riyadh, Riyadh"
"1,100,000",Villa,4,4,269 Sq. M.,"Okaz, South Riyadh, Riyadh"
"3,500,000",Residential Building,11,11,880 Sq. M.,"Al Muntazahat, South Jeddah, Jeddah"
"750,000",Apartment,5,4,199 Sq. M.,"King Fahd, Makkah"
"3,900,000",Villa,6,5,312 Sq. M.,"Al Narjis, North Riyadh, Riyadh"
"630,000",Apartment,4,4,143 Sq. M.,"Al Naim, North Jeddah, Jeddah"
"1,950,000",Villa,6,8,381 Sq. M.,"Al Buhairah, Al Khobar"
"1,650,000",Villa,6,8,437 Sq. M.,"Al Sheraa, Al Khobar"
"430,000",Apartment,3,4,131 Sq. M.,"Badr, South Riyadh, Riyadh"
"3,800,000",Villa,5,4,400 Sq. M.,"Al Mahdiyah, West Riyadh, Riyadh"
"1,300,000",Floor,3,3,600 Sq. M.,"Al Rawabi, East Riyadh, Riyadh"
"1,400,000",Floor,3,4,560 Sq. M.,"Al Munsiyah, East Riyadh, Riyadh"
"3,050,000",Villa,5,5,390 Sq. M.,"Al Nahdah, East Riyadh, Riyadh"
"2,100,000",Villa,5,5,328 Sq. M.,"Al Rimal, East Riyadh, Riyadh"
"2,400,000",Villa,5,6,250 Sq. M.,"Al Yarmuk, East Riyadh, Riyadh"
"3,750,000",Villa,7,7,357 Sq. M.,"Qurtubah, East Riyadh, Riyadh"
"1,700,000",Villa,5,6,225 Sq. M.,"Al Rimal, East Riyadh, Riyadh"
"2,400,000",Villa,5,5,250 Sq. M.,"Al Yarmuk, East Riyadh, Riyadh"
"1,650,000",Floor,4,4,183 Sq. M.,"Al Munsiyah, East Riyadh, Riyadh"
"1,150,000",Floor,3,3,230 Sq. M.,"Al Khaleej, East Riyadh, Riyadh"
"1,350,000",Floor,3,3,196 Sq. M.,"Al Munsiyah, East Riyadh, Riyadh"
"1,400,000",Floor,4,4,251 Sq. M.,"Al Khaleej, East Riyadh, Riyadh"
"2,800,000",Villa,5,5,257 Sq. M.,"Qurtubah, East Riyadh, Riyadh"
"1,450,000",Floor,3,3,156 Sq. M.,"Qurtubah, East Riyadh, Riyadh"
"1,650,000",Floor,3,3,172 Sq. M.,"Qurtubah, East Riyadh, Riyadh"
"1,850,000",Floor,3,3,186 Sq. M.,"Qurtubah, East Riyadh, Riyadh"
"3,500,000",Villa,7,7,357 Sq. M.,"Qurtubah, East Riyadh, Riyadh"
"3,750,000",Villa,7,7,343 Sq. M.,"Qurtubah, East Riyadh, Riyadh"
"2,750,000",Villa,5,5,376 Sq. M.,"Al Yarmuk, East Riyadh, Riyadh"
"2,600,000",Villa,5,5,376 Sq. M.,"Al Yarmuk, East Riyadh, Riyadh"
"2,600,000",Villa,5,5,376 Sq. M.,"Al Yarmuk, East Riyadh, Riyadh"
"1,750,000",Floor,3,4,222 Sq. M.,"Al Munsiyah, East Riyadh, Riyadh"
"1,700,000",Villa,5,5,225 Sq. M.,"Al Rimal, East Riyadh, Riyadh"
"4,350,000",Villa,5,5,371 Sq. M.,"Al Munsiyah, East Riyadh, Riyadh"
"1,650,000",Floor,4,3,183 Sq. M.,"Al Munsiyah, East Riyadh, Riyadh"
"1,150,000",Floor,2,3,144 Sq. M.,"Al Munsiyah, East Riyadh, Riyadh"
"1,950,000",Floor,4,4,204 Sq. M.,"Qurtubah, East Riyadh, Riyadh"
"1,450,000",Floor,3,3,236 Sq. M.,"Al Nahdah, East Riyadh, Riyadh"
"850,000",Apartment,3,3,124 Sq. M.,"Al Nahdah, East Riyadh, Riyadh"
"2,000,000",Floor,4,4,264 Sq. M.,"Al Munsiyah, East Riyadh, Riyadh"
"3,000,000",Villa,5,5,338 Sq. M.,"Al Rimal, East Riyadh, Riyadh"
"1,700,000",Floor,3,4,242 Sq. M.,"Al Munsiyah, East Riyadh, Riyadh"
"1,400,000",Residential Building,11,7,147 Sq. M.,"Shamasan, Abha"
"1,150,000",Villa,8,8,383 Sq. M.,"Al Salam, Madina"
"1,025,000",Villa,5,5,419 Sq. M.,"Shuran, Madina"
"580,000",Apartment,5,4,221 Sq. M.,"Al Ranuna, Madina"
"1,250,000",Floor,3,3,196 Sq. M.,"Al Khaleej, East Riyadh, Riyadh"
"1,400,000",Floor,3,4,183 Sq. M.,"Al Khaleej, East Riyadh, Riyadh"
"790,000",Apartment,3,3,159 Sq. M.,"Al Qadisiyah, East Riyadh, Riyadh"
"2,550,000",Villa,5,8,371 Sq. M.,"Al Yarmuk, East Riyadh, Riyadh"
"1,700,000",Floor,4,5,292 Sq. M.,"Al Rimal, East Riyadh, Riyadh"
"1,500,000",Floor,3,4,225 Sq. M.,"Al Yarmuk, East Riyadh, Riyadh"
"2,600,000",Villa,5,8,376 Sq. M.,"Al Yarmuk, East Riyadh, Riyadh"
"700,000",Apartment,3,3,135 Sq. M.,"Al Qadisiyah, East Riyadh, Riyadh"
"3,500,000",Villa,11,9,625 Sq. M.,"Al Dar Al Baida, South Riyadh, Riyadh"
"800,000",Apartment,4,3,146 Sq. M.,"Al Rawdah, North Jeddah, Jeddah"
"650,000",Apartment,4,3,111 Sq. M.,"Al Salamah, North Jeddah, Jeddah"
"2,500,000",Villa,3,4,250 Sq. M.,"Al Munsiyah, East Riyadh, Riyadh"
"1,839,000",Apartment,4,4,150 Sq. M.,"Al Mughrizat, North Riyadh, Riyadh"
"1,500,000",Floor,3,3,141 Sq. M.,"Al Munsiyah, East Riyadh, Riyadh"
"1,950,000",Floor,4,4,204 Sq. M.,"Qurtubah, East Riyadh, Riyadh"
"1,300,000",Floor,3,4,180 Sq. M.,"Al Nahdah, East Riyadh, Riyadh"
"1,380,000",Apartment,4,4,128 Sq. M.,"Qurtubah, East Riyadh, Riyadh"
"2,500,000",Villa,4,8,250 Sq. M.,"King Faisal, East Riyadh, Riyadh"
"530,000",Apartment,4,3,130 Sq. M.,"Al Safa, North Jeddah, Jeddah"
"1,650,000",Villa,6,5,200 Sq. M.,"Al Sheraa, North Jeddah, Jeddah"
"1,950,000",Floor,4,4,204 Sq. M.,"Qurtubah, East Riyadh, Riyadh"
"650,000",Apartment,5,3,172 Sq. M.,"Al Mohamdya, Makkah"
"750,000",Apartment,5,5,161 Sq. M.,"Okaz, South Riyadh, Riyadh"
"750,000",Apartment,6,6,200 Sq. M.,"Okaz, South Riyadh, Riyadh"
"1,700,000",Apartment,3,3,104 Sq. M.,"Al Malqa, North Riyadh, Riyadh"
"650,000",Apartment,5,3,172 Sq. M.,"Al Mohamdya, Makkah"
"890,000",Apartment,3,3,136 Sq. M.,"Al Rimal, East Riyadh, Riyadh"
"700,000",Apartment,5,4,188 Sq. M.,"Nubala, Madina"
"3,800,000",Villa,7,6,312 Sq. M.,"Al Arid, North Riyadh, Riyadh"
"296,000",Apartment,3,3,887 Sq. M.,"Al Rayaan, North Jeddah, Jeddah"
"339,000",Apartment,4,3,734 Sq. M.,"Al Rayaan, North Jeddah, Jeddah"
"339,000",Apartment,4,3,734 Sq. M.,"Al Rayaan, North Jeddah, Jeddah"
"860,000",Apartment,6,4,225 Sq. M.,"Al Faisaliyah, Central Jeddah, Jeddah"
"450,000",Apartment,4,3,129 Sq. M.,"Batha Quraysh, Makkah"
"920,000",Villa,6,5,333 Sq. M.,"Al misyal Al Jadid, Makkah"
"2,100,000",Villa,6,6,200 Sq. M.,"Al Mahdiyah, West Riyadh, Riyadh"
"1,750,000",Villa,5,5,273 Sq. M.,"Al Mahdiyah, West Riyadh, Riyadh"
"500,000",Apartment,3,3,199 Sq. M.,"Badr, South Riyadh, Riyadh"
"16,000,000",Villa,11,11,"1,200 Sq. M.","Al Narjis, North Riyadh, Riyadh"
"570,000",Apartment,3,3,155 Sq. M.,"Al Safa, North Jeddah, Jeddah"
"1,750,000",Apartment,3,3,130 Sq. M.,"Al Narjis, North Riyadh, Riyadh"
"4,000,000",Villa,10,3,364 Sq. M.,"Al Falah, North Riyadh, Riyadh"
"490,000",Apartment,3,3,94 Sq. M.,"Al Salamah, North Jeddah, Jeddah"
"820,000",Villa,5,5,393 Sq. M.,"Al Manar, Unayzah"
"950,000",Villa,5,6,300 Sq. M.,"Al Manar, Unayzah"
"1,850,000",Floor,3,4,186 Sq. M.,"Qurtubah, East Riyadh, Riyadh"
"795,000",Apartment,4,3,158 Sq. M.,"Al Rimal, East Riyadh, Riyadh"
"850,000",Apartment,6,4,207 Sq. M.,"Al Marwah, North Jeddah, Jeddah"
"415,000",Apartment,3,3,102 Sq. M.,"Al Waha, North Jeddah, Jeddah"
"790,000",Apartment,5,4,179 Sq. M.,"Al Fayhaa, North Jeddah, Jeddah"
"2,000,000",Villa,4,5,370 Sq. M.,"Al Mahdiyah, West Riyadh, Riyadh"
"750,000",Apartment,3,3,113 Sq. M.,"Al Rawdah, North Jeddah, Jeddah"
"920,000",Apartment,3,4,143 Sq. M.,"Al Zahraa, North Jeddah, Jeddah"
"1,030,000",Floor,4,3,789 Sq. M.,"Al Rimal, East Riyadh, Riyadh"
"435,000",Apartment,3,3,108 Sq. M.,"Dirab, West Riyadh, Riyadh"
"750,000",Apartment,3,3,113 Sq. M.,"Al Rawdah, North Jeddah, Jeddah"
"670,000",Apartment,5,3,162 Sq. M.,"Al Nuzhah, North Jeddah, Jeddah"
"1,600,000",Villa,7,5,341 Sq. M.,"Al Rimal, East Riyadh, Riyadh"
"1,100,000",Villa,5,3,341 Sq. M.,"Al Rimal, East Riyadh, Riyadh"
"1,050,000",Apartment,3,3,116 Sq. M.,"Al Narjis, North Riyadh, Riyadh"
"4,000,000",Villa,7,7,345 Sq. M.,"Al Basateen, North Jeddah, Jeddah"
"1,070,000",Villa,8,6,200 Sq. M.,"Al Salehiyah, North Jeddah, Jeddah"
"1,650,000",Villa,11,7,275 Sq. M.,"Al Sawari, North Jeddah, Jeddah"
"1,150,000",Apartment,5,4,182 Sq. M.,"Al Rawdah, North Jeddah, Jeddah"
"550,000",Apartment,5,3,157 Sq. M.,"Al Mraikh, North Jeddah, Jeddah"
"510,000",Apartment,4,3,130 Sq. M.,"Al Waha, North Jeddah, Jeddah"
"430,000",Apartment,4,3,122 Sq. M.,"Al Rayaan, North Jeddah, Jeddah"
"4,500,000",Villa,8,7,850 Sq. M.,"Al Khalidiyah, North Jeddah, Jeddah"
"1,450,000",Villa,11,7,300 Sq. M.,"Al Rahmanyah, North Jeddah, Jeddah"
"660,000",Apartment,5,4,192 Sq. M.,"Al Waha, North Jeddah, Jeddah"
"2,200,000",Villa,5,6,455 Sq. M.,"Al Khaleej, East Riyadh, Riyadh"
"950,000",Floor,4,4,342 Sq. M.,"Al Rimal, East Riyadh, Riyadh"
"2,900,000",Villa,4,4,341 Sq. M.,"Al Rimal, East Riyadh, Riyadh"
"530,000",Apartment,3,3,152 Sq. M.,"Al Hazm, West Riyadh, Riyadh"
"730,000",Apartment,5,3,135 Sq. M.,"Al Rawdah, North Jeddah, Jeddah"
"3,000,000",Villa,8,7,337 Sq. M.,"Al Arid, North Riyadh, Riyadh"
"489,999",Apartment,3,4,168 Sq. M.,"Okaz, South Riyadh, Riyadh"
"2,200,000",Villa,10,5,450 Sq. M.,"Al Suwaidi, West Riyadh, Riyadh"
"580,000",Apartment,3,4,124 Sq. M.,"Al Suwaidi, West Riyadh, Riyadh"
"650,000",Apartment,3,3,184 Sq. M.,"Tuwaiq, West Riyadh, Riyadh"
"3,100,000",Villa,8,8,300 Sq. M.,"Al Narjis, North Riyadh, Riyadh"
"430,000",Apartment,3,3,131 Sq. M.,"Badr, South Riyadh, Riyadh"
"549,000",Apartment,3,3,"16,975 Sq. M.","Umm Hablain Al Gharbia, Jeddah"
"7,500,000",Villa,9,9,945 Sq. M.,"Al Munsiyah, East Riyadh, Riyadh"
"4,150,000",Villa,6,5,371 Sq. M.,"Al Munsiyah, East Riyadh, Riyadh"
"1,000,000",Floor,4,4,165 Sq. M.,"Al Janadriyah, East Riyadh, Riyadh"
"1,250,000",Villa,4,4,260 Sq. M.,"Al Janadriyah, East Riyadh, Riyadh"
"1,300,000",Villa,6,3,440 Sq. M.,"Al Suwaidi, West Riyadh, Riyadh"
"770,000",Apartment,3,5,630 Sq. M.,"Badr, South Riyadh, Riyadh"
"570,000",Floor,3,3,117 Sq. M.,"Badr, South Riyadh, Riyadh"
"3,500,000",Villa,7,7,324 Sq. M.,"Al Munsiyah, East Riyadh, Riyadh"
"1,350,000",Apartment,4,3,188 Sq. M.,"Qurtubah, East Riyadh, Riyadh"
"3,200,000",Villa,6,4,487 Sq. M.,"Al Murjan, North Jeddah, Jeddah"
"2,100,000",Rest House,3,3,400 Sq. M.,"Al Zahrah, West Riyadh, Riyadh"
"2,000,000",Apartment,3,5,182 Sq. M.,"Al Yasmin, North Riyadh, Riyadh"
"600,000",Apartment,4,2,136 Sq. M.,"Dhahrat Laban, West Riyadh, Riyadh"
"600,000",Apartment,5,3,175 Sq. M.,"Al Kakiyyah, Makkah"
"1,410,000",Apartment,3,3,126 Sq. M.,"Al Taawun, North Riyadh, Riyadh"
"5,490,000",Villa,4,5,300 Sq. M.,"Al Taawun, North Riyadh, Riyadh"
"2,100,000",Floor,5,5,660 Sq. M.,"Al Narjis, North Riyadh, Riyadh"
"1,350,000",Floor,5,3,172 Sq. M.,"King Faisal, East Riyadh, Riyadh"
"1,000,000",Apartment,4,3,66 Sq. M.,"King Faisal, East Riyadh, Riyadh"
"700,000",Apartment,3,3,65 Sq. M.,"Al Rimal, East Riyadh, Riyadh"
"1,650,000",Villa,3,3,257 Sq. M.,"Al Rimal, East Riyadh, Riyadh"
"850,000",Floor,3,3,172 Sq. M.,"Al Rimal, East Riyadh, Riyadh"
"550,000",Apartment,3,3,140 Sq. M.,"Alawali, West Riyadh, Riyadh"
"3,500,000",Villa,6,5,625 Sq. M.,"Al Saadah, East Riyadh, Riyadh"
"560,000",Floor,2,3,134 Sq. M.,"Badr, South Riyadh, Riyadh"
"1,800,000",Villa,4,4,359 Sq. M.,"Al Janadriyah, East Riyadh, Riyadh"
"1,050,000",Villa,5,5,265 Sq. M.,"Tuwaiq, West Riyadh, Riyadh"
"1,950,000",Floor,4,6,204 Sq. M.,"Qurtubah, East Riyadh, Riyadh"
"4,600,000",Villa,4,5,300 Sq. M.,"Al Narjis, North Riyadh, Riyadh"
"650,000",Floor,4,4,149 Sq. M.,"Badr, South Riyadh, Riyadh"
"850,000",Floor,3,4,130 Sq. M.,"Tuwaiq, West Riyadh, Riyadh"
"450,000",Apartment,4,3,126 Sq. M.,"Al Waha, North Jeddah, Jeddah"
"6,000,000",Villa,6,6,480 Sq. M.,"Al Qirawan, North Riyadh, Riyadh"
"770,000",Apartment,4,5,630 Sq. M.,"Badr, South Riyadh, Riyadh"
"3,750,000",Villa,11,7,350 Sq. M.,"Ghirnatah, East Riyadh, Riyadh"
"1,500,000",Rest House,4,2,"3,450 Sq. M.","Ar Rayaan, Dhurma"
"620,000",Apartment,4,3,140 Sq. M.,"Alawali, West Riyadh, Riyadh"
"830,000",Floor,9,4,246 Sq. M.,"Tuwaiq, West Riyadh, Riyadh"
"2,200,000",Villa,5,6,540 Sq. M.,"Al Rimal, East Riyadh, Riyadh"
"1,150,000",Villa,4,2,315 Sq. M.,"Al Janadriyah, East Riyadh, Riyadh"
"1,050,000",Floor,4,3,200 Sq. M.,"Al Janadriyah, East Riyadh, Riyadh"
"1,150,000",Villa,4,5,288 Sq. M.,"Al Janadriyah, East Riyadh, Riyadh"
"800,000",Apartment,3,4,205 Sq. M.,"Al Janadriyah, East Riyadh, Riyadh"
"1,500,000",Apartment,3,3,127 Sq. M.,"Al Malqa, North Riyadh, Riyadh"
"4,500,000",Villa,6,4,405 Sq. M.,"Al Mahdiyah, West Riyadh, Riyadh"
"1,100,000",Villa,3,3,300 Sq. M.,"Badr, South Riyadh, Riyadh"
"850,000",Floor,3,3,192 Sq. M.,"Al Rimal, East Riyadh, Riyadh"
"600,000",Apartment,3,3,98 Sq. M.,"Al Janadriyah, East Riyadh, Riyadh"
"750,000",Floor,4,4,164 Sq. M.,"Al Janadriyah, East Riyadh, Riyadh"
"950,000",Floor,5,5,225 Sq. M.,"Al Janadriyah, East Riyadh, Riyadh"
"1,750,000",Floor,3,4,222 Sq. M.,"Al Munsiyah, East Riyadh, Riyadh"
"1,200,000",Floor,4,4,196 Sq. M.,"Al Yarmuk, East Riyadh, Riyadh"
"1,650,000",Villa,6,6,437 Sq. M.,"Al Sheraa, Al Khobar"
"2,000,000",Villa,6,6,437 Sq. M.,"Al Sheraa, Al Khobar"
"950,000",Villa,4,5,392 Sq. M.,"Al Sheraa, Al Khobar"
"4,500,000",Villa,8,7,900 Sq. M.,"Madinat Al Bohairat, North Jeddah, Jeddah"
"1,500,000",Rest House,10,5,600 Sq. M.,"Al Wadi, Al Jubaylah"
"800,000",Floor,3,4,164 Sq. M.,"Tuwaiq, West Riyadh, Riyadh"
"1,950,000",Villa,9,6,300 Sq. M.,"Al Lulu, North Jeddah, Jeddah"
"2,000,000",Villa,5,5,327 Sq. M.,"Al Mahdiyah, West Riyadh, Riyadh"
"2,200,000",Villa,5,4,283 Sq. M.,"Al Rimal, East Riyadh, Riyadh"
"4,500,000",Villa,8,6,855 Sq. M.,"Al Bayan Neighborhood, East Riyadh, Riyadh"
"6,000,000",Apartment,3,3,115 Sq. M.,"Al Hazm, West Riyadh, Riyadh"
"260,000",Rest House,3,2,440 Sq. M.,"Al Asfar, Al Badayea Al Qassim Region"
"1,280,000",Villa,4,5,461 Sq. M.,"Al Danah, Al Hofuf Eastern Region"
"870,000",Villa,6,7,230 Sq. M.,"Al Danah, Al Hofuf Eastern Region"
"850,000",Villa,5,3,310 Sq. M.,"Al Wafa Scheme, North Jeddah, Jeddah"
"2,700,000",Villa,7,8,318 Sq. M.,"Al Saadah, East Riyadh, Riyadh"
"700,000",Rest House,10,10,450 Sq. M.,"Al Riyadh, North Jeddah, Jeddah"
"900,000",Apartment,5,4,229 Sq. M.,"Al Shawqiyyah, Makkah"
"3,400,000",Apartment,2,2,169 Sq. M.,"Al Olaya, North Riyadh, Riyadh"
"1,800,000",Villa,5,5,630 Sq. M.,"Al Aziziyah, South Riyadh, Riyadh"
"820,000",Apartment,4,3,234 Sq. M.,"Alawali, West Riyadh, Riyadh"
"750,000",Apartment,5,3,200 Sq. M.,"Al Shawqiyyah, Makkah"
"4,000,000",Villa,11,7,625 Sq. M.,"Al Rabwa, North Jeddah, Jeddah"
"320,000",Villa,6,3,114 Sq. M.,"Al Wafaa, Unayzah"
"510,000",Apartment,4,3,131 Sq. M.,"Bani Bayadah, Madina"
"1,257,000",Apartment,3,3,128 Sq. M.,"Al Munsiyah, East Riyadh, Riyadh"
"950,000",Floor,4,3,341 Sq. M.,"Al Rimal, East Riyadh, Riyadh"
"3,300,000",Villa,6,7,357 Sq. M.,"Qurtubah, East Riyadh, Riyadh"
"1,537,500",Villa,5,5,200 Sq. M.,"Dhahrat Laban, West Riyadh, Riyadh"
"1,600,000",Villa,4,5,319 Sq. M.,"Ash Shrouk, Dammam"
"510,000",Apartment,3,3,185 Sq. M.,"Okaz, South Riyadh, Riyadh"
"5,800,000",Building,1,1,480 Sq. M.,"Al Safa, North Jeddah, Jeddah"
"700,000",Villa,5,5,450 Sq. M.,"Wadi Jalil, Taif"
"2,000,000",Building,6,10,474 Sq. M.,"Asharai, Makkah"
"3,500,000",Villa,11,8,594 Sq. M.,"Al Manar, East Riyadh, Riyadh"
"3,000,000",Residential Building,11,7,765 Sq. M.,"Sultanah, West Riyadh, Riyadh"
"810,000",Apartment,3,4,189 Sq. M.,"Al Shati Al Sharqi, Dammam"
"3,049,000",Villa,4,3,"6,682 Sq. M.","Al Bahar, Al Khobar"
"3,049,000",Villa,4,3,"6,682 Sq. M.","Al Bahar, Al Khobar"
"1,400,000",Floor,3,3,260 Sq. M.,"Al Rimal, East Riyadh, Riyadh"
"860,000",Floor,2,4,500 Sq. M.,"Shubra, West Riyadh, Riyadh"
"550,000",Apartment,3,3,128 Sq. M.,"Al Zahrah, West Riyadh, Riyadh"
"1,599,000",Floor,3,3,687 Sq. M.,"Al Aqiq, North Riyadh, Riyadh"
"6,900,000",Villa,7,6,475 Sq. M.,"King Fahd, North Riyadh, Riyadh"
"912,000",Villa,4,4,290 Sq. M.,"Badr, South Riyadh, Riyadh"
"1,750,000",Villa,5,4,459 Sq. M.,"Obhur Al Shamaliyah, North Jeddah, Jeddah"
"645,000",Apartment,6,4,179 Sq. M.,"Al Waha, North Jeddah, Jeddah"
"780,000",Villa,4,3,211 Sq. M.,"Al Ghnamiah, South Riyadh, Riyadh"
"2,100,000",Villa,7,3,500 Sq. M.,"Al Shati, Jazan"
"810,000",Villa,5,3,250 Sq. M.,"Al Manar district, Buraydah Al Qassim Region"
"800,000",Floor,4,3,403 Sq. M.,"Al Rayyan District, Al Duwadimi"
"850,000",Apartment,4,3,139 Sq. M.,"Dhahrat Laban, West Riyadh, Riyadh"
"1,200,000",Villa,8,7,500 Sq. M.,"Al Mazruiyah, Dammam"
"1,900,000",Villa,6,6,250 Sq. M.,"Al Fayha, East Riyadh, Riyadh"
"830,000",Apartment,5,5,170 Sq. M.,Dhahran
"1,500,000",Villa,10,6,625 Sq. M.,"Tuwaiq, Al Kharj Riyadh Region"
"1,800,000",Villa,7,5,465 Sq. M.,Aljubail Industrial
"2,100,000",Villa,3,3,220 Sq. M.,"Al Munsiyah, East Riyadh, Riyadh"
"1,070,000",Villa,4,4,263 Sq. M.,"Tuwaiq, West Riyadh, Riyadh"
"4,400,000",Villa,4,6,496 Sq. M.,"Al Munsiyah, East Riyadh, Riyadh"
"430,000",Apartment,3,3,131 Sq. M.,"Badr, South Riyadh, Riyadh"
"1,600,000",Floor,3,4,206 Sq. M.,"Al Munsiyah, East Riyadh, Riyadh"
"1,150,000",Floor,3,3,196 Sq. M.,"Al Nahdah, East Riyadh, Riyadh"
"1,300,000",Apartment,3,2,212 Sq. M.,Dhahran
"1,099,000",Apartment,3,2,"1,124 Sq. M.","Al Mughrizat, North Riyadh, Riyadh"
"650,000",Apartment,5,3,172 Sq. M.,"Al Mohamdya, Makkah"
"1,470,000",Villa,5,3,289 Sq. M.,"Al Janadriyah, East Riyadh, Riyadh"
"4,300,000",Villa,5,6,750 Sq. M.,"Al Andalus, East Riyadh, Riyadh"
"685,000",Apartment,5,4,124 Sq. M.,"Al Rimal, East Riyadh, Riyadh"
"720,000",Floor,3,3,143 Sq. M.,"Tuwaiq, West Riyadh, Riyadh"
"750,000",Apartment,3,3,128 Sq. M.,"Al Rimal, East Riyadh, Riyadh"
"2,875",Residential Building,10,10,400 Sq. M.,"Al Nakhil, Dammam"
"1,750,000",Villa,10,6,500 Sq. M.,"Al Nadhim, East Riyadh, Riyadh"
"6,700,000",Rest House,6,8,916 Sq. M.,"Al Arid, North Riyadh, Riyadh"
"770,000",Apartment,5,5,170 Sq. M.,Dhahran
"2,600,000",Villa,7,6,500 Sq. M.,"Al Saadah, East Riyadh, Riyadh"
"900,000",Residential Building,8,7,116 Sq. M.,"Manfuhah, Central Riyadh, Riyadh"
"900,000",Rest House,3,2,750 Sq. M.,"Al Aziziyah, Madina"
"1,400,000",Villa,3,2,300 Sq. M.,"Al Sakb, Madina"
"1,950,000",Floor,4,5,204 Sq. M.,"Qurtubah, East Riyadh, Riyadh"
"1,700,000",Villa,11,2,360 Sq. M.,"Al Nasim Al Sharqi, East Riyadh, Riyadh"
"6,500,000",Villa,3,2,476 Sq. M.,"Al Arid, North Riyadh, Riyadh"
"630,000",Floor,3,3,184 Sq. M.,"Okaz, South Riyadh, Riyadh"
"800,000",Floor,3,3,193 Sq. M.,"Tuwaiq, West Riyadh, Riyadh"
"3,500,000",Residential Building,11,7,713 Sq. M.,"Al Dar Al Baida, South Riyadh, Riyadh"
"950,000",Apartment,3,4,"1,237 Sq. M.",Dhahran
"9,000,000",Villa,8,9,546 Sq. M.,"Al Sahafah, North Riyadh, Riyadh"
"1,399,000",Floor,3,3,170 Sq. M.,"Al Rawdah, East Riyadh, Riyadh"
"765,000",Apartment,3,4,166 Sq. M.,"Al Saif, Dammam"
"1,010,000",Apartment,3,3,123 Sq. M.,"Al Rimal, East Riyadh, Riyadh"
"690,000",Apartment,3,3,177 Sq. M.,"Badr, South Riyadh, Riyadh"
"690,000",Apartment,4,3,177 Sq. M.,"Badr, South Riyadh, Riyadh"
"1,500,000",Rest House,1,3,"2,000 Sq. M.","Dirab, West Riyadh, Riyadh"
"1,500,000",Rest House,2,2,"2,000 Sq. M.","Dirab, West Riyadh, Riyadh"
"1,380,000",Apartment,4,4,128 Sq. M.,"Qurtubah, East Riyadh, Riyadh"
"580,000",Apartment,3,4,124 Sq. M.,"Al Suwaidi, West Riyadh, Riyadh"
"1,350,000",Floor,2,3,160 Sq. M.,"Al Rimal, East Riyadh, Riyadh"
"1,050,000",Villa,5,5,262 Sq. M.,"Sanabis, Tarout"
"1,150,000",Villa,4,5,148 Sq. M.,"Al Rimal, East Riyadh, Riyadh"
"850,000",Floor,3,5,204 Sq. M.,"Al Janadriyah, East Riyadh, Riyadh"
"6,000,000",Villa,4,3,560 Sq. M.,"Al Nafal, North Riyadh, Riyadh"
"800,000",Floor,3,4,500 Sq. M.,"Shubra, West Riyadh, Riyadh"
"950,000",Apartment,3,4,"1,237 Sq. M.",Dhahran
"930,000",Floor,5,4,251 Sq. M.,"Al Janadriyah, East Riyadh, Riyadh"
"3,500,000",Villa,10,7,349 Sq. M.,"Al Munsiyah, East Riyadh, Riyadh"
"650,000",Apartment,3,3,134 Sq. M.,"Alawali, West Riyadh, Riyadh"
"800,000",Apartment,3,3,630 Sq. M.,"Badr, South Riyadh, Riyadh"
"1,550,000",Villa,7,5,420 Sq. M.,"Al Ghadir, Abha"
"470,000",Apartment,5,3,126 Sq. M.,"Al Manar, North Jeddah, Jeddah"
"2,000,000",Villa,10,9,196 Sq. M.,"Al Bayan Neighborhood, East Riyadh, Riyadh"
"950,000",Villa,5,5,167 Sq. M.,"Al Janadriyah, East Riyadh, Riyadh"
"1,200,000",Villa,6,5,425 Sq. M.,"Al Frosyah, South Jeddah, Jeddah"
"950,000",Villa,8,6,488 Sq. M.,"Al Bawadi District, Tabuk"
"1,000,000",Floor,4,4,172 Sq. M.,"Al Qadisiyah, East Riyadh, Riyadh"
"1,150,000",Villa,8,7,473 Sq. M.,"Al Sakb, Madina"
"630,000",Apartment,7,1,192 Sq. M.,"Al Faisaliyah, Sabya Jazan Region"
"740,000",Floor,4,3,176 Sq. M.,"Badr, South Riyadh, Riyadh"
"760,000",Apartment,5,4,170 Sq. M.,Dhahran
"760,000",Apartment,5,4,170 Sq. M.,Dhahran
"770,000",Apartment,5,5,170 Sq. M.,Dhahran
"780,000",Apartment,5,5,170 Sq. M.,Dhahran
"2,400,000",Villa,6,9,200 Sq. M.,"Al Mahdiyah, West Riyadh, Riyadh"
"860,000",Floor,8,6,500 Sq. M.,"Shubra, West Riyadh, Riyadh"
"320,000",Apartment,3,3,659 Sq. M.,"Al Mraikh, North Jeddah, Jeddah"
"1,100,000",Apartment,4,3,600 Sq. M.,"Al Safa, East Riyadh, Riyadh"
"1,900,000",Villa,4,8,235 Sq. M.,"Al Saadah, East Riyadh, Riyadh"
"2,450,000",Villa,5,6,500 Sq. M.,"Al Mahdiyah, West Riyadh, Riyadh"
"730,000",Apartment,4,3,112 Sq. M.,"Al Rawdah, North Jeddah, Jeddah"
"2,695,000",Apartment,4,2,257 Sq. M.,"Al Yasmin, North Riyadh, Riyadh"
"770,000",Apartment,4,4,630 Sq. M.,"Badr, South Riyadh, Riyadh"
"800,000",Floor,3,3,500 Sq. M.,"Shubra, West Riyadh, Riyadh"
"770,000",Apartment,4,4,630 Sq. M.,"Badr, South Riyadh, Riyadh"
"580,000",Apartment,3,4,124 Sq. M.,"Al Suwaidi, West Riyadh, Riyadh"
"540,000",Apartment,3,3,163 Sq. M.,"Okaz, South Riyadh, Riyadh"
"760,000",Floor,4,4,214 Sq. M.,"Badr, South Riyadh, Riyadh"
"4,000,000",Villa,4,4,420 Sq. M.,"Qurtubah, East Riyadh, Riyadh"
"760,000",Floor,4,4,214 Sq. M.,"Badr, South Riyadh, Riyadh"
"450,000",Apartment,3,3,173 Sq. M.,"Badr, South Riyadh, Riyadh"
"1,650,000",Floor,3,4,198 Sq. M.,"Qurtubah, East Riyadh, Riyadh"
"2,150,000",Villa,5,5,225 Sq. M.,"Al Rimal, East Riyadh, Riyadh"
"2,600,000",Villa,6,6,413 Sq. M.,"Al Bayan Neighborhood, East Riyadh, Riyadh"
"978,000",Apartment,3,3,118 Sq. M.,"Al Munsiyah, East Riyadh, Riyadh"
"1,380,000",Apartment,4,4,128 Sq. M.,"Qurtubah, East Riyadh, Riyadh"
"1,020,000",Apartment,3,4,129 Sq. M.,"Al Munsiyah, East Riyadh, Riyadh"
"1,350,000",Floor,4,4,196 Sq. M.,"Al Khaleej, East Riyadh, Riyadh"
"999,000",Apartment,2,2,79 Sq. M.,"King Faisal, East Riyadh, Riyadh"
"1,699,000",Apartment,3,3,140 Sq. M.,"Al Falah, North Riyadh, Riyadh"
"1,400,000",Floor,3,4,201 Sq. M.,"Al Nahdah, East Riyadh, Riyadh"
"1,400,000",Floor,3,4,201 Sq. M.,"Al Nahdah, East Riyadh, Riyadh"
"1,400,000",Floor,4,4,201 Sq. M.,"Al Nahdah, East Riyadh, Riyadh"
"650,000",Apartment,5,3,181 Sq. M.,"Al Mohamdya, Makkah"
"890,000",Apartment,3,3,136 Sq. M.,"Al Rimal, East Riyadh, Riyadh"
"1,250,000",Apartment,3,3,142 Sq. M.,"Al Rimal, East Riyadh, Riyadh"
"975,000",Apartment,3,3,136 Sq. M.,"Al Rimal, East Riyadh, Riyadh"
"810,000",Apartment,3,3,139 Sq. M.,"Al Rimal, East Riyadh, Riyadh"
"960,000",Apartment,3,3,136 Sq. M.,"Al Rimal, East Riyadh, Riyadh"
"1,013,000",Apartment,3,3,124 Sq. M.,"Al Rimal, East Riyadh, Riyadh"
"805,000",Apartment,3,3,139 Sq. M.,"Al Rimal, East Riyadh, Riyadh"
"296,000",Apartment,3,3,887 Sq. M.,"Al Rayaan, North Jeddah, Jeddah"
"770,000",Apartment,4,4,630 Sq. M.,"Badr, South Riyadh, Riyadh"
"2,450,000",Villa,5,6,500 Sq. M.,"Al Mahdiyah, West Riyadh, Riyadh"
"730,000",Apartment,4,3,112 Sq. M.,"Al Rawdah, North Jeddah, Jeddah"
"800,000",Apartment,4,4,630 Sq. M.,"Badr, South Riyadh, Riyadh"
"860,000",Floor,3,3,500 Sq. M.,"Al Zahrah, West Riyadh, Riyadh"
"950,000",Floor,3,3,500 Sq. M.,"Shubra, West Riyadh, Riyadh"
"760,000",Floor,4,4,214 Sq. M.,"Badr, South Riyadh, Riyadh"
"860,000",Floor,4,3,500 Sq. M.,"Shubra, West Riyadh, Riyadh"
"450,000",Apartment,3,3,176 Sq. M.,"Badr, South Riyadh, Riyadh"
"690,000",Apartment,6,5,219 Sq. M.,"Al Dar Al Baida, South Riyadh, Riyadh"
"760,000",Floor,4,4,214 Sq. M.,"Badr, South Riyadh, Riyadh"
"950,000",Floor,4,3,105 Sq. M.,"Al Rimal, East Riyadh, Riyadh"
"1,150,000",Floor,3,3,125 Sq. M.,"Al Rimal, East Riyadh, Riyadh"
"3,990,000",Villa,3,4,200 Sq. M.,"Al Taawun, North Riyadh, Riyadh"
"770,000",Apartment,3,3,630 Sq. M.,"Badr, South Riyadh, Riyadh"
"770,000",Apartment,4,5,630 Sq. M.,"Badr, South Riyadh, Riyadh"
"760,000",Floor,4,4,214 Sq. M.,"Badr, South Riyadh, Riyadh"
"590,000",Apartment,3,3,133 Sq. M.,"Al Hazm, West Riyadh, Riyadh"
"450,000",Floor,3,3,735 Sq. M.,"Badr, South Riyadh, Riyadh"
"770,000",Apartment,4,4,630 Sq. M.,"Badr, South Riyadh, Riyadh"
"1,050,000",Floor,4,4,200 Sq. M.,"Al Janadriyah, East Riyadh, Riyadh"
"770,000",Apartment,4,4,630 Sq. M.,"Badr, South Riyadh, Riyadh"
"770,000",Apartment,4,4,630 Sq. M.,"Badr, South Riyadh, Riyadh"
"770,000",Apartment,4,4,630 Sq. M.,"Badr, South Riyadh, Riyadh"
"995,000",Apartment,2,3,137 Sq. M.,"Al Rimal, East Riyadh, Riyadh"
"770,000",Apartment,4,4,630 Sq. M.,"Badr, South Riyadh, Riyadh"
"620,000",Floor,4,4,250 Sq. M.,"Tuwaiq, West Riyadh, Riyadh"
"680,000",Apartment,3,2,144 Sq. M.,"Tuwaiq, West Riyadh, Riyadh"
"450,000",Apartment,3,2,167 Sq. M.,"Badr, South Riyadh, Riyadh"
"690,000",Floor,4,3,163 Sq. M.,"Al Shifa, South Riyadh, Riyadh"
"820,000",Apartment,4,3,234 Sq. M.,"Alawali, West Riyadh, Riyadh"
"580,000",Apartment,3,4,124 Sq. M.,"Al Suwaidi, West Riyadh, Riyadh"
"1,950,000",Floor,4,5,187 Sq. M.,"Qurtubah, East Riyadh, Riyadh"
"1,150,000",Apartment,3,3,147 Sq. M.,"Al Munsiyah, East Riyadh, Riyadh"
"750,000",Villa,10,7,500 Sq. M.,"Al Marqab, Al Majmaah Riyadh Region"
"460,000",Floor,3,5,61 Sq. M.,"Al Murjan, East Riyadh, Riyadh"
"770,000",Apartment,4,4,630 Sq. M.,"Badr, South Riyadh, Riyadh"
"1,150,000",Apartment,3,4,133 Sq. M.,"Al Yasmin, North Riyadh, Riyadh"
"700,000",Apartment,3,2,352 Sq. M.,"Al Safa, Abha"
"680,000",Apartment,3,4,234 Sq. M.,"Al Fal, Abha"
"775,000",Apartment,3,5,272 Sq. M.,"Al Shifa District, Khamis Mushait"
"550,000",Apartment,5,3,171 Sq. M.,"Al Marwah, North Jeddah, Jeddah"
"580,000",Apartment,6,4,203 Sq. M.,"Al Yaqoot, Abha"
"950,000",Villa,8,7,312 Sq. M.,"Al Noor District, Khamis Mushait"
"3,000,000",Villa,5,4,399 Sq. M.,"Al Munsiyah, East Riyadh, Riyadh"
"960,000",Apartment,5,4,"1,049 Sq. M.","Al Rawdah, North Jeddah, Jeddah"
"4,000,000",Villa,10,4,500 Sq. M.,"Ishbiliyah, East Riyadh, Riyadh"
"4,500,000",Villa,7,6,300 Sq. M.,"Al Narjis, North Riyadh, Riyadh"
"1,150,000",Apartment,2,3,108 Sq. M.,"Al Malqa, North Riyadh, Riyadh"
"670,000",Apartment,5,3,162 Sq. M.,"Al Nuzhah, North Jeddah, Jeddah"
"2,200,000",Villa,6,6,296 Sq. M.,"Al Qadisiyah, East Riyadh, Riyadh"
"1,500,000",Apartment,4,3,216 Sq. M.,"Al Munsiyah, East Riyadh, Riyadh"
"7,500,000",Villa,6,7,500 Sq. M.,"Irqah, West Riyadh, Riyadh"
"1,250,000",Apartment,3,3,146 Sq. M.,"Al Bahar, Al Khobar"
"670,000",Apartment,5,3,162 Sq. M.,"Al Nuzhah, North Jeddah, Jeddah"
"680,000",Apartment,5,4,170 Sq. M.,"Al Fayhaa, North Jeddah, Jeddah"
"510,000",Apartment,4,3,126 Sq. M.,"Al Manar, North Jeddah, Jeddah"
"3,500,000",Villa,11,6,576 Sq. M.,"Al Basateen, North Jeddah, Jeddah"
"1,550,000",Apartment,7,2,230 Sq. M.,"Al Rawdah, North Jeddah, Jeddah"
"850,000",Apartment,3,3,187 Sq. M.,"Governmental1, Jeddah"
"2,500,000",Building,8,3,500 Sq. M.,"Alqrahin, Taif"
"680,000",Apartment,5,4,188 Sq. M.,"Al Aziziyah, North Jeddah, Jeddah"
"1,550,000",Villa,6,5,250 Sq. M.,"Al Yaqout, North Jeddah, Jeddah"
"430,000",Apartment,3,3,94 Sq. M.,"Al Nuzhah, North Jeddah, Jeddah"
"1,050,000",Apartment,6,4,176 Sq. M.,"Al Rawdah, North Jeddah, Jeddah"
"1,537,500",Villa,6,7,300 Sq. M.,"Al Anahi, Madina"
"5,500,000",Villa,4,4,279 Sq. M.,"Al Arid, North Riyadh, Riyadh"
"6,000,000",Rest House,5,3,"2,401 Sq. M.","Al Manakh, South Riyadh, Riyadh"
"500,000",Apartment,5,4,171 Sq. M.,"As Safa, Tabuk"
"730,000",Apartment,5,4,220 Sq. M.,"Al Muruj, Tabuk"
"6,700,000",Villa,10,10,540 Sq. M.,"Al Rabi, North Riyadh, Riyadh"
"550,000",Apartment,4,3,129 Sq. M.,"Al Faisaliyah, Central Jeddah, Jeddah"
"950,000",Apartment,4,3,143 Sq. M.,"Al Rimal, East Riyadh, Riyadh"
"799,000",Apartment,4,3,411 Sq. M.,"Al Rawdah, North Jeddah, Jeddah"
"519,000",Apartment,4,3,130 Sq. M.,"Al Nuzhah, North Jeddah, Jeddah"
"695,000",Apartment,5,3,159 Sq. M.,"Al Rayaan, North Jeddah, Jeddah"
"520,000",Apartment,5,4,180 Sq. M.,"Governmental1, Jeddah"
"385,000",Apartment,3,3,108 Sq. M.,"Al Rayaan, North Jeddah, Jeddah"
"695,000",Apartment,5,3,159 Sq. M.,"Al Rayaan, North Jeddah, Jeddah"
"519,000",Apartment,4,3,130 Sq. M.,"Al Nuzhah, North Jeddah, Jeddah"
"520,000",Apartment,5,4,180 Sq. M.,"Governmental1, Jeddah"
"385,000",Apartment,3,3,108 Sq. M.,"Al Rayaan, North Jeddah, Jeddah"
"499,000",Apartment,5,3,157 Sq. M.,"Governmental1, Jeddah"
"560,000",Apartment,5,4,162 Sq. M.,"Al Safa, North Jeddah, Jeddah"
"10,000,000",Villa,11,6,980 Sq. M.,"Ghirnatah, East Riyadh, Riyadh"
"620,000",Apartment,3,4,"2,400 Sq. M.","Al Rawdah, North Jeddah, Jeddah"
"1,400,000",Floor,4,5,251 Sq. M.,"Al Khaleej, East Riyadh, Riyadh"
"1,150,000",Floor,3,4,230 Sq. M.,"Al Khaleej, East Riyadh, Riyadh"
"550,000",Apartment,3,3,214 Sq. M.,"Al Dhurfah, Khamis Mushait"
"1,055,000",Apartment,3,3,106 Sq. M.,"Al Munsiyah, East Riyadh, Riyadh"
"1,150,000",Floor,3,4,196 Sq. M.,"Al Nahdah, East Riyadh, Riyadh"
"1,450,000",Floor,3,4,236 Sq. M.,"Al Nahdah, East Riyadh, Riyadh"
"1,257,000",Apartment,3,3,128 Sq. M.,"Al Munsiyah, East Riyadh, Riyadh"
"540,000",Apartment,3,5,184 Sq. M.,"Umm Hablain Al Gharbia, Jeddah"
"3,750,000",Villa,7,8,343 Sq. M.,"Qurtubah, East Riyadh, Riyadh"
"1,600,000",Floor,3,4,223 Sq. M.,"Al Munsiyah, East Riyadh, Riyadh"
"590,000",Apartment,3,3,133 Sq. M.,"Al Hazm, West Riyadh, Riyadh"
"1,150,000",Floor,3,4,196 Sq. M.,"Al Nahdah, East Riyadh, Riyadh"
"1,850,000",Villa,3,6,200 Sq. M.,"Dhahrat Laban, West Riyadh, Riyadh"
"660,000",Floor,3,3,190 Sq. M.,"Al Dar Al Baida, South Riyadh, Riyadh"
"845,000",Apartment,3,2,127 Sq. M.,"Al Nahdah, North Jeddah, Jeddah"
"45,000,000",Building,3,4,"2,087 Sq. M.","Al Rawdah, North Jeddah, Jeddah"
"1,100,000",Apartment,4,4,308 Sq. M.,"Al Rabwa, North Jeddah, Jeddah"
"740,000",Apartment,3,3,128 Sq. M.,"Al Zahraa, North Jeddah, Jeddah"
"1,150,000",Apartment,4,4,182 Sq. M.,"Al Zahraa, North Jeddah, Jeddah"
"1,450,000",Villa,11,7,300 Sq. M.,"Al Rahmanyah, North Jeddah, Jeddah"
"1,450,000",Villa,11,11,600 Sq. M.,"Al Rahmanyah, North Jeddah, Jeddah"
"859,000",Apartment,3,3,134 Sq. M.,"Al Rimal, East Riyadh, Riyadh"
"23,000,000",Villa,6,10,"1,069 Sq. M.","Al Rabi, North Riyadh, Riyadh"
"1,050,000",Villa,6,5,200 Sq. M.,"Al Frosyah, South Jeddah, Jeddah"
"1,080,000",Villa,7,5,200 Sq. M.,"Al Frosyah, South Jeddah, Jeddah"
"1,400,000",Villa,9,5,300 Sq. M.,"Al Rahmanyah, North Jeddah, Jeddah"
"1,300,000",Apartment,5,4,188 Sq. M.,"Al Zahraa, North Jeddah, Jeddah"
"4,200,000",Villa,5,5,500 Sq. M.,"Agruba, Al Jubaylah"
"2,500,000",Villa,4,3,517 Sq. M.,"Shubra, West Riyadh, Riyadh"
"5,350,000",Villa,8,9,450 Sq. M.,"Al Narjis, North Riyadh, Riyadh"
"2,850,000",Villa,11,5,300 Sq. M.,"Al Rimal, East Riyadh, Riyadh"
"2,500,000",Villa,6,7,385 Sq. M.,"King Faisal, East Riyadh, Riyadh"
"820,000",Apartment,4,3,128 Sq. M.,"Al Rimal, East Riyadh, Riyadh"
"1,150,000",Apartment,4,4,142 Sq. M.,"Al Munsiyah, East Riyadh, Riyadh"
"1,500,000",Floor,3,3,213 Sq. M.,"Al Yarmuk, East Riyadh, Riyadh"
"2,100,000",Floor,4,5,343 Sq. M.,"Al Yarmuk, East Riyadh, Riyadh"
"1,500,000",Floor,6,3,220 Sq. M.,"Al Munsiyah, East Riyadh, Riyadh"
"1,100,000",Floor,4,4,167 Sq. M.,"Al Rimal, East Riyadh, Riyadh"
"1,850,000",Villa,5,6,270 Sq. M.,"Al Nadwa District, East Riyadh, Riyadh"
"1,600,000",Villa,7,4,275 Sq. M.,"Al Rawdah, North Jeddah, Jeddah"
"1,050,000",Villa,6,5,539 Sq. M.,"Al Yarmuk, Al Kharj Riyadh Region"
"1,320,000",Floor,3,3,"2,120 Sq. M.","Al Safa, East Riyadh, Riyadh"
"3,380,000",Villa,4,3,798 Sq. M.,"Qurtubah, East Riyadh, Riyadh"
"2,390,000",Floor,3,3,"2,250 Sq. M.","Al Narjis, North Riyadh, Riyadh"
"3,890,000",Villa,4,4,300 Sq. M.,"Ghirnatah, East Riyadh, Riyadh"
"485,000",Apartment,4,2,138 Sq. M.,"Al Marwah, North Jeddah, Jeddah"
"1,250,000",Villa,4,5,260 Sq. M.,"Al Janadriyah, East Riyadh, Riyadh"
"989,000",Apartment,3,3,131 Sq. M.,"Al Munsiyah, East Riyadh, Riyadh"
"930,000",Apartment,4,3,133 Sq. M.,"Al Rimal, East Riyadh, Riyadh"
"830,000",Apartment,4,3,136 Sq. M.,"Al Rimal, East Riyadh, Riyadh"
"2,000,000",Villa,5,6,275 Sq. M.,"Al Qadisiyah, East Riyadh, Riyadh"
"4,100,000",Villa,5,5,360 Sq. M.,"Al Yasmin, North Riyadh, Riyadh"
"4,400,000",Villa,5,5,364 Sq. M.,"Al Yasmin, North Riyadh, Riyadh"
"585,000",Apartment,Studio,3,"2,000 Sq. M.","Al Nahdah, North Jeddah, Jeddah"
"600,000",Apartment,3,3,728 Sq. M.,"Al Zahraa, North Jeddah, Jeddah"
"1,200,000",Apartment,6,6,728 Sq. M.,"Al Zahraa, North Jeddah, Jeddah"
"1,150,000",Apartment,6,6,696 Sq. M.,"Al Nahdah, North Jeddah, Jeddah"
"480,000",Apartment,2,3,"2,400 Sq. M.","Al Rawdah, North Jeddah, Jeddah"
"620,000",Apartment,4,4,"2,400 Sq. M.","Al Rawdah, North Jeddah, Jeddah"
"1,200,000",Floor,3,4,205 Sq. M.,"Al Qadisiyah, East Riyadh, Riyadh"
"2,635,000",Floor,3,4,182 Sq. M.,"Al Narjis, North Riyadh, Riyadh"
"550,000",Apartment,2,2,600 Sq. M.,"Al Nahdah, North Jeddah, Jeddah"
"2,315,000",Floor,3,3,177 Sq. M.,"Al Narjis, North Riyadh, Riyadh"
"1,995,000",Floor,3,3,117 Sq. M.,"Al Narjis, North Riyadh, Riyadh"
"1,250,000",Apartment,5,4,"3,200 Sq. M.","Al Faisaliyah, Central Jeddah, Jeddah"
"4,400,000",Villa,10,8,300 Sq. M.,"Al Sulimaniyah, North Riyadh, Riyadh"
"650,000",Apartment,3,3,840 Sq. M.,"Tuwaiq, West Riyadh, Riyadh"
"750,000",Apartment,4,3,179 Sq. M.,"Al Manar, North Jeddah, Jeddah"
"720,000",Apartment,5,3,170 Sq. M.,"Al Rayaan, North Jeddah, Jeddah"
"1,150,000",Floor,3,3,198 Sq. M.,"Tuwaiq, West Riyadh, Riyadh"
"4,800,000",Villa,4,3,400 Sq. M.,"Al Malqa, North Riyadh, Riyadh"
"930,000",Apartment,3,3,133 Sq. M.,"Al Rimal, East Riyadh, Riyadh"
"1,300,000",Villa,4,4,225 Sq. M.,"Al Qadisiyah, East Riyadh, Riyadh"
"2,800,000",Villa,3,4,345 Sq. M.,"Qurtubah, East Riyadh, Riyadh"
"1,500,000",Floor,4,4,141 Sq. M.,"Al Munsiyah, East Riyadh, Riyadh"
"1,470,000",Floor,5,4,251 Sq. M.,"Al Khaleej, East Riyadh, Riyadh"
"650,000",Floor,3,4,123 Sq. M.,"Al Rimal, East Riyadh, Riyadh"
"850,000",Floor,3,4,133 Sq. M.,"Al Rimal, East Riyadh, Riyadh"
"850,000",Floor,4,3,152 Sq. M.,"Al Murjan, East Riyadh, Riyadh"
"660,000",Floor,3,3,147 Sq. M.,"Al Murjan, East Riyadh, Riyadh"
"820,000",Apartment,3,3,128 Sq. M.,"Al Rimal, East Riyadh, Riyadh"
"860,000",Apartment,3,3,128 Sq. M.,"Al Rimal, East Riyadh, Riyadh"
"820,000",Apartment,3,3,128 Sq. M.,"Al Rimal, East Riyadh, Riyadh"
"970,000",Apartment,4,3,171 Sq. M.,"Al Rimal, East Riyadh, Riyadh"
"800,000",Apartment,5,4,158 Sq. M.,"Al Rimal, East Riyadh, Riyadh"
"900,000",Apartment,5,4,179 Sq. M.,"Al Rimal, East Riyadh, Riyadh"
"1,150,000",Villa,6,5,170 Sq. M.,"Al Rimal, East Riyadh, Riyadh"
"250,000",Apartment,2,2,706 Sq. M.,"Al Mraikh, North Jeddah, Jeddah"
"270,000",Apartment,2,3,"3,200 Sq. M.","Al Faisaliyah, Central Jeddah, Jeddah"
"560,000",Apartment,4,3,132 Sq. M.,"Al Rabwa, North Jeddah, Jeddah"
"610,000",Apartment,5,4,202 Sq. M.,"Al Hamdaniyah, North Jeddah, Jeddah"
"2,000,000",Villa,6,5,300 Sq. M.,"Alawali, West Riyadh, Riyadh"
"1,500,000",Apartment,3,3,136 Sq. M.,"Al Narjis, North Riyadh, Riyadh"
"3,550,000",Villa,5,4,255 Sq. M.,"Al Narjis, North Riyadh, Riyadh"
"470,000",Apartment,4,4,128 Sq. M.,"Al Waha, North Jeddah, Jeddah"
"700,000",Apartment,7,4,223 Sq. M.,"Abruq Al Rughamah, South Jeddah, Jeddah"
"1,400,000",Rest House,4,3,800 Sq. M.,"Shuran, Madina"
"330,000",Apartment,3,2,105 Sq. M.,"Umm Hablain Al Gharbia, Jeddah"
"1,400,000",Floor,4,5,305 Sq. M.,"Al Qadisiyah, East Riyadh, Riyadh"
"1,300,000",Rest House,5,3,"5,869 Sq. M.",Al Hazm w Bataynah
"4,200,000",Villa,4,3,300 Sq. M.,"Al Arid, North Riyadh, Riyadh"
"10,000,000",Rest House,2,2,"3,000 Sq. M.","Al Rimal, East Riyadh, Riyadh"
"2,700,000",Villa,8,6,300 Sq. M.,"Al Arid, North Riyadh, Riyadh"
"2,900,000",Villa,8,6,291 Sq. M.,"Al Arid, North Riyadh, Riyadh"
"1,500,000",Villa,6,3,188 Sq. M.,"Al Arid, North Riyadh, Riyadh"
"900,000",Apartment,4,4,115 Sq. M.,"Al Arid, North Riyadh, Riyadh"
"900,000",Apartment,4,4,132 Sq. M.,"Al Arid, North Riyadh, Riyadh"
"2,500,000",Villa,5,4,300 Sq. M.,"Al Mahdiyah, West Riyadh, Riyadh"
"650,000",Apartment,5,4,155 Sq. M.,"Al Rabwa, North Jeddah, Jeddah"
"920,000",Floor,3,2,180 Sq. M.,"Al Janadriyah, East Riyadh, Riyadh"
"1,300,000",Villa,4,4,140 Sq. M.,"Al Rawdah, North Jeddah, Jeddah"
"950,000",Apartment,3,5,139 Sq. M.,"Al Rawdah, North Jeddah, Jeddah"
"1,050,000",Floor,4,4,93 Sq. M.,"Tuwaiq, West Riyadh, Riyadh"
"850,000",Floor,4,4,193 Sq. M.,"Tuwaiq, West Riyadh, Riyadh"
"610,000",Floor,4,3,154 Sq. M.,"Badr, South Riyadh, Riyadh"
"800,000",Apartment,6,4,209 Sq. M.,"Batha Quraysh, Makkah"
"650,000",Apartment,5,3,151 Sq. M.,"Batha Quraysh, Makkah"
"480,000",Apartment,3,2,102 Sq. M.,"Batha Quraysh, Makkah"
"690,000",Apartment,4,3,162 Sq. M.,"Al Hamraa District, Makkah"
"750,000",Apartment,5,3,181 Sq. M.,"Batha Quraysh, Makkah"
"650,000",Apartment,5,4,240 Sq. M.,"Batha Quraysh, Makkah"
"1,950,000",Floor,5,5,438 Sq. M.,"Qurtubah, East Riyadh, Riyadh"
"1,380,000",Apartment,5,3,128 Sq. M.,"Qurtubah, East Riyadh, Riyadh"
"1,000,000",Floor,4,4,143 Sq. M.,"Al Rimal, East Riyadh, Riyadh"
"3,000,000",Villa,7,5,338 Sq. M.,"Al Rimal, East Riyadh, Riyadh"
"980,000",Floor,6,3,148 Sq. M.,"Al Rimal, East Riyadh, Riyadh"
"1,000,000",Floor,4,4,193 Sq. M.,"Al Qadisiyah, East Riyadh, Riyadh"
"250,000",Apartment,3,3,111 Sq. M.,"Al Safra, Buraydah Al Qassim Region"
"350,000",Apartment,3,2,95 Sq. M.,"Al Waha, North Jeddah, Jeddah"
"485,000",Apartment,4,2,138 Sq. M.,"Al Marwah, North Jeddah, Jeddah"
"2,000,000",Villa,7,5,195 Sq. M.,"King Khalid International Airport, North Riyadh, Riyadh"
"23,599,000",Villa,10,10,"1,823 Sq. M.","Al Mathar Al Shamali, North Riyadh, Riyadh"
"1,800,000",Villa,5,10,420 Sq. M.,"Al Lulu, North Jeddah, Jeddah"
"3,500,000",Villa,5,6,560 Sq. M.,"Al Rimal, East Riyadh, Riyadh"
"1,000,000",Apartment,3,3,165 Sq. M.,"Al Rimal, East Riyadh, Riyadh"
"1,300,000",Apartment,3,3,134 Sq. M.,"Al Arid, North Riyadh, Riyadh"
"730,000",Floor,4,4,171 Sq. M.,"Okaz, South Riyadh, Riyadh"
"520,000",Apartment,3,1,102 Sq. M.,"Al Salamah, North Jeddah, Jeddah"
"680,000",Apartment,5,4,176 Sq. M.,"Batha Quraysh, Makkah"
"1,650,000",Apartment,4,4,199 Sq. M.,"Al Malqa, North Riyadh, Riyadh"
"1,650,000",Floor,4,4,195 Sq. M.,"Qurtubah, East Riyadh, Riyadh"
"1,350,000",Apartment,5,4,132 Sq. M.,"Al Narjis, North Riyadh, Riyadh"
"725,000",Apartment,4,3,157 Sq. M.,"Al Faisaliyah, Central Jeddah, Jeddah"
"1,350,000",Apartment,3,2,"6,299 Sq. M.","Al Yasmin, North Riyadh, Riyadh"
"1,250,000",Apartment,5,5,"6,299 Sq. M.","Al Yasmin, North Riyadh, Riyadh"
"560,000",Apartment,5,3,162 Sq. M.,"Al Safa, North Jeddah, Jeddah"
"3,500,000",Villa,4,5,300 Sq. M.,"Al Arid, North Riyadh, Riyadh"
"480,000",Apartment,3,3,750 Sq. M.,"Dirab, West Riyadh, Riyadh"
"740,000",Apartment,4,3,194 Sq. M.,"Al Safa, North Jeddah, Jeddah"
"1,600,000",Floor,3,3,223 Sq. M.,"Al Munsiyah, East Riyadh, Riyadh"
"980,000",Apartment,3,3,120 Sq. M.,"Al Munsiyah, East Riyadh, Riyadh"
"650,000",Apartment,4,4,179 Sq. M.,"Batha Quraysh, Makkah"
"440,000",Apartment,3,4,191 Sq. M.,Mekdas 1
"840,000",Apartment,4,4,186 Sq. M.,"Batha Quraysh, Makkah"
"530,000",Apartment,3,4,301 Sq. M.,"Al Khalij, Ahad Rafidah"
"520,000",Apartment,3,4,183 Sq. M.,"Al Dhurfah, Khamis Mushait"
"520,000",Apartment,3,4,183 Sq. M.,"Al Dhurfah, Khamis Mushait"
"530,000",Apartment,3,4,189 Sq. M.,"An Nuzhah 1, Ahad Rafidah"
"1,200,000",Floor,4,4,225 Sq. M.,"Alawali, West Riyadh, Riyadh"
"2,000,000",Villa,4,5,276 Sq. M.,"Al Maizilah, East Riyadh, Riyadh"
"900,000",Villa,8,6,225 Sq. M.,"Dirab, West Riyadh, Riyadh"
"430,000",Apartment,4,3,"2,473 Sq. M.","Badr, South Riyadh, Riyadh"
"1,000,000",Apartment,3,3,128 Sq. M.,"Al Arid, North Riyadh, Riyadh"
"750,000",Apartment,4,3,179 Sq. M.,"Al Manar, North Jeddah, Jeddah"
"750,000",Apartment,5,3,219 Sq. M.,"Al Manar, North Jeddah, Jeddah"
"1,050,000",Apartment,4,4,153 Sq. M.,"Al Salamah, North Jeddah, Jeddah"
"375,000",Apartment,3,3,108 Sq. M.,"Al Rayaan, North Jeddah, Jeddah"
"1,050,000",Apartment,4,4,153 Sq. M.,"Al Salamah, North Jeddah, Jeddah"
"2,000,000",Floor,4,5,200 Sq. M.,"Al Mahdiyah, West Riyadh, Riyadh"
"2,000,000",Rest House,5,4,437 Sq. M.,Riyadh
"4,500,000",Villa,5,4,450 Sq. M.,"Al Mahdiyah, West Riyadh, Riyadh"
"565,000",Apartment,3,2,131 Sq. M.,"Tuwaiq, West Riyadh, Riyadh"
"630,000",Floor,3,4,182 Sq. M.,"Badr, South Riyadh, Riyadh"
"880,000",Apartment,2,4,140 Sq. M.,"Al Mahdiyah, West Riyadh, Riyadh"
"1,980,000",Villa,6,6,606 Sq. M.,"Al Aqiq, Abha"
"550,000",Apartment,2,2,71 Sq. M.,"Al Bayan Neighborhood, East Riyadh, Riyadh"
"600,000",Apartment,3,2,59 Sq. M.,"Al Janadriyah, East Riyadh, Riyadh"
"1,250,000",Floor,4,3,219 Sq. M.,"Al Qadisiyah, East Riyadh, Riyadh"
"700,000",Floor,3,3,269 Sq. M.,"Badr, South Riyadh, Riyadh"
"2,200,000",Floor,3,3,186 Sq. M.,"Al Qirawan, North Riyadh, Riyadh"
"375,000",Apartment,2,3,660 Sq. M.,"Al Salamah, North Jeddah, Jeddah"
"4,000,000",Residential Building,10,10,969 Sq. M.,"Al Taniem, Makkah"
"2,500,000",Villa,4,7,500 Sq. M.,"Al Khaleej, East Riyadh, Riyadh"
"850,000",Floor,3,3,125 Sq. M.,"Al Rimal, East Riyadh, Riyadh"
"670,000",Apartment,2,3,47 Sq. M.,"Al Rimal, East Riyadh, Riyadh"
"950,000",Floor,3,4,225 Sq. M.,"Al Janadriyah, East Riyadh, Riyadh"
"750,000",Floor,3,2,164 Sq. M.,"Al Janadriyah, East Riyadh, Riyadh"
"3,000,000",Villa,6,6,303 Sq. M.,"King Khalid International Airport, North Riyadh, Riyadh"
"350,000",Apartment,4,3,104 Sq. M.,"Al Hijrah, Makkah"
"830,000",Apartment,3,3,136 Sq. M.,"Al Rimal, East Riyadh, Riyadh"
"499,000",Apartment,5,3,166 Sq. M.,"Governmental1, Jeddah"
"520,000",Apartment,1,2,88 Sq. M.,"Al Salamah, North Jeddah, Jeddah"
"4,500,000",Building,4,3,690 Sq. M.,"Al Khadra Neighborhood, Makkah"
"2,800,000",Villa,5,5,613 Sq. M.,Dhahran
"1,200,000",Villa,4,4,500 Sq. M.,"Al Rayyan, Unayzah"
"1,950,000",Floor,3,4,187 Sq. M.,"Qurtubah, East Riyadh, Riyadh"
"900,000",Floor,6,3,220 Sq. M.,"Tuwaiq, West Riyadh, Riyadh"
"1,250,000",Apartment,3,4,184 Sq. M.,"Al Rawabi, East Riyadh, Riyadh"
"2,400,000",Villa,5,3,250 Sq. M.,"Al Munsiyah, East Riyadh, Riyadh"
"490,000",Apartment,3,3,125 Sq. M.,"Bani Bayadah, Madina"
"470,000",Apartment,5,5,161 Sq. M.,"Dirab, West Riyadh, Riyadh"
"1,500,000",Floor,3,3,89 Sq. M.,"Al Nafal, North Riyadh, Riyadh"
"2,100,000",Villa,5,6,328 Sq. M.,"Al Rimal, East Riyadh, Riyadh"
"600,000",Apartment,3,2,98 Sq. M.,"Al Janadriyah, East Riyadh, Riyadh"
"550,000",Apartment,6,2,187 Sq. M.,"Al Maealaa, Ahad Rafidah"
"1,650,000",Apartment,3,4,199 Sq. M.,"Al Malqa, North Riyadh, Riyadh"
"3,300,000",Villa,3,3,200 Sq. M.,"Al Narjis, North Riyadh, Riyadh"
"1,100,000",Floor,3,4,183 Sq. M.,"Alawali, West Riyadh, Riyadh"
"930,000",Floor,7,6,312 Sq. M.,"Al Khadraa, Madina"
"570,000",Apartment,4,3,208 Sq. M.,"Al Jawhara, Dammam"
"1,020,000",Villa,5,4,265 Sq. M.,"Tuwaiq, West Riyadh, Riyadh"
"850,000",Floor,6,3,212 Sq. M.,"Tuwaiq, West Riyadh, Riyadh"
"700,000",Apartment,4,3,160 Sq. M.,"Al Marwah, North Jeddah, Jeddah"
"750,000",Apartment,5,3,219 Sq. M.,"Al Manar, North Jeddah, Jeddah"
"1,700,000",Apartment,4,4,197 Sq. M.,"Qurtubah, East Riyadh, Riyadh"
"569,000",Apartment,5,3,161 Sq. M.,"Al Rayaan, North Jeddah, Jeddah"
"2,450,000",Villa,7,5,500 Sq. M.,"Al Mahdiyah, West Riyadh, Riyadh"
"380,000",Apartment,3,3,98 Sq. M.,"Batha Quraysh, Makkah"
"550,000",Apartment,5,3,171 Sq. M.,"Al Marwah, North Jeddah, Jeddah"
"1,500,000",Villa,9,7,400 Sq. M.,"Al Zahrah, West Riyadh, Riyadh"
"590,000",Apartment,3,3,894 Sq. M.,"Dhahrat Laban, West Riyadh, Riyadh"
"1,150,000",Floor,7,3,283 Sq. M.,"Tuwaiq, West Riyadh, Riyadh"
"860,000",Apartment,3,3,128 Sq. M.,"Al Rimal, East Riyadh, Riyadh"
"519,000",Apartment,4,3,130 Sq. M.,"Al Nuzhah, North Jeddah, Jeddah"
"680,000",Apartment,3,5,195 Sq. M.,"Al Rayaan, North Jeddah, Jeddah"
"750,000",Apartment,5,4,199 Sq. M.,"Al Safa, North Jeddah, Jeddah"
"695,000",Apartment,5,3,159 Sq. M.,"Al Rayaan, North Jeddah, Jeddah"
"1,100,000",Floor,3,4,167 Sq. M.,"Al Rimal, East Riyadh, Riyadh"
"1,050,000",Apartment,4,4,153 Sq. M.,"Al Salamah, North Jeddah, Jeddah"
"430,000",Apartment,4,3,129 Sq. M.,"Al Mraikh, North Jeddah, Jeddah"
"850,000",Apartment,3,3,124 Sq. M.,"Al Nahdah, East Riyadh, Riyadh"
"950,000",Apartment,6,5,266 Sq. M.,"Alawali, West Riyadh, Riyadh"
"600,000",Apartment,4,3,132 Sq. M.,"Al Faisaliyah, Central Jeddah, Jeddah"
"800,000",Apartment,3,3,155 Sq. M.,"Al Nahdah, East Riyadh, Riyadh"
"1,200,000",Floor,4,3,196 Sq. M.,"Al Khaleej, East Riyadh, Riyadh"
"780,000",Apartment,3,2,116 Sq. M.,"Tuwaiq, West Riyadh, Riyadh"
"1,250,000",Floor,5,6,337 Sq. M.,"Al Rimal, East Riyadh, Riyadh"
"1,650,000",Floor,4,4,195 Sq. M.,"Qurtubah, East Riyadh, Riyadh"
"14,000,000",Villa,5,4,952 Sq. M.,"King Salman, Riyadh"
"690,000",Villa,5,4,174 Sq. M.,"Al Safa, North Jeddah, Jeddah"
"1,000,000",Apartment,3,4,165 Sq. M.,"Al Rimal, East Riyadh, Riyadh"
"3,750,000",Villa,4,4,276 Sq. M.,"Al Narjis, North Riyadh, Riyadh"
"560,000",Apartment,5,3,172 Sq. M.,"Al Marwah, North Jeddah, Jeddah"
"820,000",Floor,3,6,179 Sq. M.,"Al Janadriyah, East Riyadh, Riyadh"
"1,000,000",Rest House,4,4,432 Sq. M.,"Al Dar Al Baida, South Riyadh, Riyadh"
"431,827,500",Residential Land,1,1,664 Sq. M.,"Al Matar District, Madina"
"1,600,000",Rest House,4,3,625 Sq. M.,"Taiba District, North Jeddah, Jeddah"
"3,000,000",Villa,7,7,576 Sq. M.,"Al Janadriyah, East Riyadh, Riyadh"
"1,400,000",Apartment,4,4,208 Sq. M.,"Al Nahdah, North Jeddah, Jeddah"
"1,700,000",Apartment,4,4,164 Sq. M.,"Al Nahdah, North Jeddah, Jeddah"
"560,000",Apartment,4,4,135 Sq. M.,"Al Salamah, North Jeddah, Jeddah"
"375,000",Apartment,3,3,108 Sq. M.,"Al Rayaan, North Jeddah, Jeddah"
"840,000",Apartment,7,4,252 Sq. M.,"Governmental1, Jeddah"
"520,000",Apartment,5,3,174 Sq. M.,"Governmental1, Jeddah"
"450,000",Apartment,4,3,121 Sq. M.,"Al Rayaan, North Jeddah, Jeddah"
"830,000",Apartment,4,3,136 Sq. M.,"Al Rimal, East Riyadh, Riyadh"
"930,000",Apartment,4,3,133 Sq. M.,"Al Rimal, East Riyadh, Riyadh"
"560,000",Apartment,5,3,162 Sq. M.,"Al Safa, North Jeddah, Jeddah"
"1,350,000",Floor,4,4,196 Sq. M.,"Al Munsiyah, East Riyadh, Riyadh"
"1,350,000",Floor,4,4,196 Sq. M.,"Al Munsiyah, East Riyadh, Riyadh"
"1,600,000",Floor,4,4,292 Sq. M.,"Al Rimal, East Riyadh, Riyadh"
"1,650,000",Villa,5,6,356 Sq. M.,"Al Bayan Neighborhood, East Riyadh, Riyadh"
"730,000",Apartment,5,3,130 Sq. M.,"Al Naim, North Jeddah, Jeddah"
"730,000",Apartment,4,3,112 Sq. M.,"Al Rawdah, North Jeddah, Jeddah"
"900,000",Apartment,4,3,158 Sq. M.,"Al Naim, North Jeddah, Jeddah"
"830,000",Apartment,4,4,189 Sq. M.,"Al Zahraa, North Jeddah, Jeddah"
"560,000",Apartment,4,8,123 Sq. M.,"Al Salamah, North Jeddah, Jeddah"
"850,000",Apartment,2,3,124 Sq. M.,"Al Nahdah, East Riyadh, Riyadh"
"1,500,000",Floor,4,3,141 Sq. M.,"Al Munsiyah, East Riyadh, Riyadh"
"1,600,000",Floor,6,5,206 Sq. M.,"Al Munsiyah, East Riyadh, Riyadh"
"1,450,000",Floor,4,3,141 Sq. M.,"Al Munsiyah, East Riyadh, Riyadh"
"950,000",Floor,4,3,271 Sq. M.,"Al Janadriyah, East Riyadh, Riyadh"
"1,650,000",Floor,4,5,183 Sq. M.,"Al Munsiyah, East Riyadh, Riyadh"
"1,400,000",Floor,3,4,201 Sq. M.,"Al Nahdah, East Riyadh, Riyadh"
"1,000,000",Apartment,3,3,108 Sq. M.,"King Faisal, East Riyadh, Riyadh"
"930,000",Apartment,3,3,133 Sq. M.,"Al Munsiyah, East Riyadh, Riyadh"
"900,000",Floor,4,3,197 Sq. M.,"Al Qadisiyah, East Riyadh, Riyadh"
"700,000",Apartment,4,3,112 Sq. M.,"Al Rawdah, North Jeddah, Jeddah"
"490,000",Apartment,3,2,58 Sq. M.,"Wadi Jalil, Makkah"
"1,450,000",Floor,3,4,236 Sq. M.,"Al Nahdah, East Riyadh, Riyadh"
"830,000",Apartment,3,3,136 Sq. M.,"Al Rimal, East Riyadh, Riyadh"
"950,000",Apartment,3,3,143 Sq. M.,"Al Rimal, East Riyadh, Riyadh"
"2,600,000",Villa,5,5,378 Sq. M.,"Al Yarmuk, East Riyadh, Riyadh"
"820,000",Apartment,3,3,128 Sq. M.,"Al Rimal, East Riyadh, Riyadh"
"820,000",Apartment,3,3,128 Sq. M.,"Al Rimal, East Riyadh, Riyadh"
"850,000",Apartment,5,4,158 Sq. M.,"Al Rimal, East Riyadh, Riyadh"
"11,275,000",Residential Building,11,7,900 Sq. M.,"Dhahrat Laban, West Riyadh, Riyadh"
"4,150,000",Villa,7,7,371 Sq. M.,"Al Munsiyah, East Riyadh, Riyadh"
"1,350,000",Floor,5,4,186 Sq. M.,"Al Munsiyah, East Riyadh, Riyadh"
"1,050,000",Apartment,3,3,172 Sq. M.,"Al Qadisiyah, East Riyadh, Riyadh"
"950,000",Apartment,3,4,163 Sq. M.,"Al Rimal, East Riyadh, Riyadh"
"570,000",Apartment,3,3,142 Sq. M.,"Tuwaiq, West Riyadh, Riyadh"
"650,000",Apartment,4,3,111 Sq. M.,"Al Salamah, North Jeddah, Jeddah"
"1,850,000",Apartment,3,5,213 Sq. M.,"Al Malqa, North Riyadh, Riyadh"
"770,000",Apartment,4,4,630 Sq. M.,"Badr, South Riyadh, Riyadh"
"860,000",Apartment,3,3,128 Sq. M.,"Al Rimal, East Riyadh, Riyadh"
"860,000",Apartment,3,3,128 Sq. M.,"Al Rimal, East Riyadh, Riyadh"
"830,000",Apartment,3,3,136 Sq. M.,"Al Rimal, East Riyadh, Riyadh"
"930,000",Apartment,3,3,133 Sq. M.,"Al Rimal, East Riyadh, Riyadh"
"950,000",Apartment,3,3,143 Sq. M.,"Al Rimal, East Riyadh, Riyadh"
"950,000",Apartment,3,3,143 Sq. M.,"Al Rimal, East Riyadh, Riyadh"
"2,000,000",Villa,6,4,200 Sq. M.,"Al Mahdiyah, West Riyadh, Riyadh"
"2,700,000",Villa,4,6,580 Sq. M.,"Al Rimal, East Riyadh, Riyadh"
"1,100,000",Residential Building,6,4,400 Sq. M.,"Al Sikkah Al Hadid, Madina"
"790,000",Apartment,5,3,175 Sq. M.,"Al Salamah, North Jeddah, Jeddah"
"1,100,000",Apartment,7,5,301 Sq. M.,"Al Rayaan, North Jeddah, Jeddah"
"470,000",Apartment,5,3,136 Sq. M.,"Al Mraikh, North Jeddah, Jeddah"
"530,000",Apartment,4,3,124 Sq. M.,"Al Waha, North Jeddah, Jeddah"
"730,000",Apartment,5,4,188 Sq. M.,"Al Safa, North Jeddah, Jeddah"
"685,000",Apartment,5,4,179 Sq. M.,"Al Safa, North Jeddah, Jeddah"
"645,000",Apartment,4,3,158 Sq. M.,"Al Safa, North Jeddah, Jeddah"
"720,000",Apartment,5,4,164 Sq. M.,"Al Sawari, North Jeddah, Jeddah"
"680,000",Apartment,5,4,169 Sq. M.,"Al Sawari, North Jeddah, Jeddah"
"2,000,000",Floor,4,4,264 Sq. M.,"Al Munsiyah, East Riyadh, Riyadh"
"1,380,000",Apartment,4,3,128 Sq. M.,"Qurtubah, East Riyadh, Riyadh"
"3,500,000",Villa,5,4,525 Sq. M.,"Ishbiliyah, East Riyadh, Riyadh"
"1,300,000",Floor,5,3,180 Sq. M.,"Al Nahdah, East Riyadh, Riyadh"
"950,000",Floor,4,3,185 Sq. M.,"Al Nahdah, East Riyadh, Riyadh"
"2,500,000",Villa,5,6,250 Sq. M.,"King Faisal, East Riyadh, Riyadh"
"480,000",Apartment,5,3,167 Sq. M.,"Governmental1, Jeddah"
"350,000",Apartment,3,3,616 Sq. M.,"Al Rabwa, North Jeddah, Jeddah"
"333,000",Apartment,3,3,662 Sq. M.,"Al Rabwa, North Jeddah, Jeddah"
"430,000",Apartment,2,2,"1,049 Sq. M.","Al Hamraa, Central Jeddah, Jeddah"
"760,000",Apartment,5,4,170 Sq. M.,"Al Qusor, Dammam"
"590,000",Apartment,5,4,177 Sq. M.,"Al Zuhur, Dammam"
"3,500,000",Villa,4,4,400 Sq. M.,"Sidra, Riyadh"
"1,600,000",Villa,5,4,326 Sq. M.,"Al Rayyan, Al Hofuf Eastern Region"
"1,130,000",Apartment,3,3,146 Sq. M.,"Al Munsiyah, East Riyadh, Riyadh"
"1,150,000",Apartment,3,3,129 Sq. M.,"Al Munsiyah, East Riyadh, Riyadh"
"800,000",Apartment,3,2,169 Sq. M.,"Al Nahdah, East Riyadh, Riyadh"
"1,050,000",Floor,5,3,178 Sq. M.,"Al Bayan Neighborhood, East Riyadh, Riyadh"
"800,000",Apartment,3,2,389 Sq. M.,"Al Rimal, East Riyadh, Riyadh"
"840,000",Apartment,3,3,127 Sq. M.,"Al Zahraa, North Jeddah, Jeddah"
"700,000",Apartment,4,4,"2,400 Sq. M.","Al Rawdah, North Jeddah, Jeddah"
"585,000",Apartment,2,3,"2,000 Sq. M.","Al Nahdah, North Jeddah, Jeddah"
525,Apartment,3,3,520 Sq. M.,"Al Salamah, North Jeddah, Jeddah"
"340,000",Apartment,4,4,142 Sq. M.,"Prince Abdulmajeed, South Jeddah, Jeddah"
"2,000,000",Villa,8,6,350 Sq. M.,"Al Janadriyah, East Riyadh, Riyadh"
"3,400,000",Villa,9,9,450 Sq. M.,"Al Mahdiyah, West Riyadh, Riyadh"
"2,400,000",Apartment,1,1,99 Sq. M.,"Al Olaya, North Riyadh, Riyadh"
"1,350,000",Apartment,2,2,109 Sq. M.,"Al Arid, North Riyadh, Riyadh"
"3,850,000",Villa,5,3,312 Sq. M.,"Al Narjis, North Riyadh, Riyadh"
"4,000,000",Villa,4,7,312 Sq. M.,"Al Munsiyah, East Riyadh, Riyadh"
"1,980,000",Floor,4,6,"1,288 Sq. M.","Al Wurud, North Riyadh, Riyadh"
"850,000",Apartment,5,4,207 Sq. M.,"Al Sawari, North Jeddah, Jeddah"
"800,000",Apartment,2,2,139 Sq. M.,"Al Rimal, East Riyadh, Riyadh"
"1,250,000",Apartment,3,4,149 Sq. M.,"Al Rawdah, North Jeddah, Jeddah"
"1,150,000",Apartment,3,2,110 Sq. M.,"Al Arid, North Riyadh, Riyadh"
"3,000,000",Villa,11,7,630 Sq. M.,"Agruba, Al Jubaylah"
"1,450,000",Villa,8,7,303 Sq. M.,"Al Lulu, Al Khobar"
"1,500,000",Floor,3,3,129 Sq. M.,"Al Narjis, North Riyadh, Riyadh"
"950,000",Floor,4,4,192 Sq. M.,"Al Qadisiyah, East Riyadh, Riyadh"
"830,000",Apartment,3,3,136 Sq. M.,"Al Rimal, East Riyadh, Riyadh"
"950,000",Apartment,3,3,143 Sq. M.,"Al Rimal, East Riyadh, Riyadh"
"1,400,000",Apartment,4,4,208 Sq. M.,"Al Nahdah, North Jeddah, Jeddah"
"1,700,000",Apartment,4,4,164 Sq. M.,"Al Nahdah, North Jeddah, Jeddah"
"950,000",Apartment,3,4,143 Sq. M.,"Al Rimal, East Riyadh, Riyadh"
"3,400,000",Villa,11,9,738 Sq. M.,"Obhur Al Shamaliyah, North Jeddah, Jeddah"
"750,000",Apartment,4,3,114 Sq. M.,"Al Rawdah, North Jeddah, Jeddah"
"900,000",Floor,5,4,200 Sq. M.,"Al Shifa, South Riyadh, Riyadh"
"900,000",Floor,7,4,216 Sq. M.,"Al Shifa, South Riyadh, Riyadh"
"3,049,000",Villa,4,4,"6,682 Sq. M.","Al Bahar, Al Khobar"
"499,000",Apartment,3,2,154 Sq. M.,"Al Sakb, Madina"
"1,600,000",Villa,5,3,200 Sq. M.,"Al Lulu, North Jeddah, Jeddah"
"1,250,000",Apartment,3,3,177 Sq. M.,"Al Malqa, North Riyadh, Riyadh"
"1,750,000",Villa,6,4,420 Sq. M.,"Al Hamdaniyah, North Jeddah, Jeddah"
"1,250,000",Floor,3,4,202 Sq. M.,"Al Munsiyah, East Riyadh, Riyadh"
"1,150,000",Floor,3,4,144 Sq. M.,"Al Munsiyah, East Riyadh, Riyadh"
"6,490,000",Villa,11,11,990 Sq. M.,"Al Rayyan, East Riyadh, Riyadh"
"1,500,000",Villa,11,7,375 Sq. M.,"Al Nahdah, East Riyadh, Riyadh"
"950,000",Floor,5,5,192 Sq. M.,"Al Qadisiyah, East Riyadh, Riyadh"
"450,000",Apartment,3,1,170 Sq. M.,"Al Hazm, West Riyadh, Riyadh"
"4,900,000",Villa,6,4,450 Sq. M.,"Al Aqiq, North Riyadh, Riyadh"
"760,000",Apartment,4,3,148 Sq. M.,"Al Saadah, East Riyadh, Riyadh"
"2,800,000",Villa,5,5,345 Sq. M.,"Qurtubah, East Riyadh, Riyadh"
"2,700,000",Villa,11,11,384 Sq. M.,"Al Bayan Neighborhood, East Riyadh, Riyadh"
"1,990,000",Apartment,3,3,174 Sq. M.,"Al Malqa, North Riyadh, Riyadh"
"880,000",Apartment,4,3,139 Sq. M.,"Al Saadah, East Riyadh, Riyadh"
"850,000",Apartment,3,3,123 Sq. M.,"Al Saadah, East Riyadh, Riyadh"
"1,800,000",Villa,10,10,700 Sq. M.,"Ar Rawdah, Al-wadeen 3"
"560,000",Apartment,4,3,130 Sq. M.,"Al Manar, North Jeddah, Jeddah"
"520,000",Apartment,4,3,124 Sq. M.,"Al Waha, North Jeddah, Jeddah"
"550,000",Apartment,3,3,104 Sq. M.,"Alawali, West Riyadh, Riyadh"
"3,000,000",Villa,7,5,850 Sq. M.,"Al Nadwa District, East Riyadh, Riyadh"
"540,000",Apartment,4,3,132 Sq. M.,"Al Rabwa, North Jeddah, Jeddah"
"800,000",Floor,3,4,212 Sq. M.,"Al Dar Al Baida, South Riyadh, Riyadh"
"545,000",Apartment,3,3,119 Sq. M.,"Okaz, South Riyadh, Riyadh"
"605,000",Apartment,3,3,167 Sq. M.,"Okaz, South Riyadh, Riyadh"
"2,500,000",Villa,4,4,265 Sq. M.,"Al Arid, North Riyadh, Riyadh"
"1,200,000",Villa,4,3,547 Sq. M.,"Dhahrat Laban, West Riyadh, Riyadh"
"635,000",Apartment,4,3,115 Sq. M.,"Al Hazm, West Riyadh, Riyadh"
"3,500,000",Villa,7,5,350 Sq. M.,"Al Nafal, North Riyadh, Riyadh"
"20,000,000",Villa,11,7,"1,500 Sq. M.","Al Nafal, North Riyadh, Riyadh"
"20,250,000",Rest House,2,2,"2,700 Sq. M.","Al Nafal, North Riyadh, Riyadh"
"500,000",Rest House,1,2,260 Sq. M.,"Al Naqeeb Al Janubi, Buraydah Al Qassim Region"
"1,700,000",Villa,4,2,225 Sq. M.,"Al Rimal, East Riyadh, Riyadh"
"1,800,000",Villa,4,5,285 Sq. M.,"Al Qadisiyah, East Riyadh, Riyadh"
"20,000,000",Villa,11,7,"1,500 Sq. M.","Al Nafal, North Riyadh, Riyadh"
"3,500,000",Villa,7,7,350 Sq. M.,"Al Nafal, North Riyadh, Riyadh"
"3,800,000",Villa,7,6,348 Sq. M.,"Al Yasmin, North Riyadh, Riyadh"
"1,500,000",Apartment,3,3,98 Sq. M.,"Al Malqa, North Riyadh, Riyadh"
"600,000",Floor,2,2,74 Sq. M.,"Al Rimal, East Riyadh, Riyadh"
"850,000",Floor,3,4,138 Sq. M.,"Al Rimal, East Riyadh, Riyadh"
"1,150,000",Apartment,3,3,147 Sq. M.,"Al Munsiyah, East Riyadh, Riyadh"
"770,000",Apartment,3,2,"1,578 Sq. M.","Al Qadisiyah, East Riyadh, Riyadh"
"1,900,000",Villa,4,5,315 Sq. M.,"Al Maizilah, East Riyadh, Riyadh"
"2,100,000",Floor,4,5,343 Sq. M.,"Al Yarmuk, East Riyadh, Riyadh"
"1,700,000",Floor,4,5,292 Sq. M.,"Al Rimal, East Riyadh, Riyadh"
"1,300,000",Floor,3,4,167 Sq. M.,"Al Rimal, East Riyadh, Riyadh"
"1,500,000",Floor,3,4,225 Sq. M.,"Al Yarmuk, East Riyadh, Riyadh"
"1,150,000",Floor,3,4,196 Sq. M.,"Al Nahdah, East Riyadh, Riyadh"
"1,450,000",Floor,3,5,236 Sq. M.,"Al Nahdah, East Riyadh, Riyadh"
"1,500,000",Villa,5,6,195 Sq. M.,"King Khalid International Airport, North Riyadh, Riyadh"
"2,350,000",Villa,8,7,360 Sq. M.,"Al Janadriyah, East Riyadh, Riyadh"
"1,050,000",Villa,3,5,385 Sq. M.,"Tuwaiq, West Riyadh, Riyadh"
"2,000,000",Villa,5,4,270 Sq. M.,"Al Rimal, East Riyadh, Riyadh"
"1,550,000",Floor,4,3,57 Sq. M.,"Al Arid, North Riyadh, Riyadh"
"1,100,000",Apartment,2,2,94 Sq. M.,"Al Malqa, North Riyadh, Riyadh"
"2,100,000",Villa,5,5,354 Sq. M.,"Al Mahdiyah, West Riyadh, Riyadh"
"540,000",Apartment,4,4,163 Sq. M.,"Al Hamra, Al Khobar"
"540,000",Apartment,3,4,163 Sq. M.,"Al Hamra, Al Khobar"
"2,500,000",Floor,3,4,600 Sq. M.,"Al Arid, North Riyadh, Riyadh"
"540,000",Apartment,4,3,131 Sq. M.,"Al Marwah, North Jeddah, Jeddah"
"1,450,000",Floor,3,3,"1,832 Sq. M.","Al Arid, North Riyadh, Riyadh"
"1,170,000",Floor,4,4,233 Sq. M.,"Al Rimal, East Riyadh, Riyadh"
"850,000",Floor,5,4,250 Sq. M.,"Dirab, West Riyadh, Riyadh"
"1,450,000",Floor,3,4,188 Sq. M.,"Al Safa, East Riyadh, Riyadh"
"1,200,000",Apartment,5,4,170 Sq. M.,"Al Salamah, North Jeddah, Jeddah"
470,Apartment,3,2,114 Sq. M.,"Tuwaiq, West Riyadh, Riyadh"
"540,000",Residential Building,5,3,158 Sq. M.,"Al Nasriyah, Dammam"
"2,500,000",Rest House,2,3,560 Sq. M.,"Al Kair District, North Riyadh, Riyadh"
"1,000,000",Floor,3,2,159 Sq. M.,"Al Qadisiyah, East Riyadh, Riyadh"
"5,200,000",Villa,6,11,556 Sq. M.,"Al Muhammadiyah, North Jeddah, Jeddah"
"1,750,000",Villa,5,5,375 Sq. M.,"Tuwaiq, West Riyadh, Riyadh"
"1,350,000",Apartment,5,5,257 Sq. M.,"Al Rimal, East Riyadh, Riyadh"
"2,300,000",Villa,6,5,221 Sq. M.,"Al Munsiyah, East Riyadh, Riyadh"
"978,000",Apartment,4,3,118 Sq. M.,"Al Munsiyah, East Riyadh, Riyadh"
"1,250,000",Apartment,4,3,257 Sq. M.,"Al Rimal, East Riyadh, Riyadh"
"1,650,000",Floor,4,3,190 Sq. M.,"Qurtubah, East Riyadh, Riyadh"
"800,000",Floor,3,3,155 Sq. M.,"Al Rimal, East Riyadh, Riyadh"
"1,800,000",Villa,8,11,437 Sq. M.,"Al Sheraa, Al Khobar"
"560,000",Apartment,5,4,174 Sq. M.,"Al Zuhur, Dammam"
"1,000,000",Apartment,4,5,233 Sq. M.,"Dhahrat Laban, West Riyadh, Riyadh"
"900,000",Apartment,4,3,141 Sq. M.,"Al Rawdah, North Jeddah, Jeddah"
"2,800,000",Apartment,4,3,136 Sq. M.,"Al Olaya, North Riyadh, Riyadh"
"6,000,000",Villa,8,5,900 Sq. M.,"Al Quds, East Riyadh, Riyadh"
"1,080,000",Villa,5,3,359 Sq. M.,"Al Dar Al Baida, South Riyadh, Riyadh"
"1,650,000",Villa,6,5,392 Sq. M.,Al Jubail
"580,000",Apartment,6,4,"3,225 Sq. M.","Al Shulah, Dammam"
"600,000",Apartment,6,4,220 Sq. M.,"Al Shulah, Dammam"
"490,000",Apartment,4,4,172 Sq. M.,"Badr, Dammam"
"800,000",Apartment,4,5,630 Sq. M.,"Badr, South Riyadh, Riyadh"
"2,900,000",Villa,5,6,409 Sq. M.,"Al Yarmuk, East Riyadh, Riyadh"
"680,000",Floor,6,4,185 Sq. M.,"Okaz, South Riyadh, Riyadh"
"850,000",Floor,10,5,145 Sq. M.,"Al Dar Al Baida, South Riyadh, Riyadh"
"590,000",Apartment,3,3,133 Sq. M.,"Al Hazm, West Riyadh, Riyadh"
"840,000",Apartment,5,4,192 Sq. M.,"Al Faisaliyah, Central Jeddah, Jeddah"
"550,000",Apartment,3,3,145 Sq. M.,"Batha Quraysh, Makkah"
"780,000",Floor,6,5,259 Sq. M.,"Okaz, South Riyadh, Riyadh"
"820,000",Apartment,3,3,128 Sq. M.,"Al Rimal, East Riyadh, Riyadh"
"820,000",Apartment,3,3,128 Sq. M.,"Al Rimal, East Riyadh, Riyadh"
"820,000",Apartment,3,3,128 Sq. M.,"Al Rimal, East Riyadh, Riyadh"
"860,000",Apartment,3,3,128 Sq. M.,"Al Rimal, East Riyadh, Riyadh"
"830,000",Apartment,3,3,136 Sq. M.,"Al Rimal, East Riyadh, Riyadh"
"600,000",Apartment,4,3,127 Sq. M.,"Batha Quraysh, Makkah"
"1,650,000",Villa,5,5,356 Sq. M.,"Al Bayan Neighborhood, East Riyadh, Riyadh"
"1,800,000",Villa,6,6,307 Sq. M.,"Al Rimal, East Riyadh, Riyadh"
"900,000",Floor,3,3,169 Sq. M.,"Al Nadwa District, East Riyadh, Riyadh"
"1,700,000",Villa,5,6,225 Sq. M.,"Al Rimal, East Riyadh, Riyadh"
"2,300,000",Villa,5,6,420 Sq. M.,"Al Bayan Neighborhood, East Riyadh, Riyadh"
"950,000",Floor,3,4,156 Sq. M.,"Al Rimal, East Riyadh, Riyadh"
"1,450,000",Apartment,4,3,174 Sq. M.,"Qurtubah, East Riyadh, Riyadh"
"2,000,000",Villa,4,5,400 Sq. M.,"Al Mahdiyah, West Riyadh, Riyadh"
"1,050,000",Floor,3,3,270 Sq. M.,"Al Nadwa District, East Riyadh, Riyadh"
"3,700,000",Villa,6,5,500 Sq. M.,"Agruba, Al Jubaylah"
"1,150,000",Apartment,3,3,144 Sq. M.,"Al Mahdiyah, West Riyadh, Riyadh"
"2,250,000",Apartment,3,3,168 Sq. M.,"Al Mahdiyah, West Riyadh, Riyadh"
"560,000",Apartment,4,3,135 Sq. M.,"Al Salamah, North Jeddah, Jeddah"
"695,000",Apartment,5,3,159 Sq. M.,"Al Rayaan, North Jeddah, Jeddah"
"375,000",Apartment,3,3,108 Sq. M.,"Al Rayaan, North Jeddah, Jeddah"
"519,000",Apartment,4,3,130 Sq. M.,"Al Nuzhah, North Jeddah, Jeddah"
"840,000",Apartment,7,4,252 Sq. M.,"Governmental1, Jeddah"
"520,000",Apartment,5,4,174 Sq. M.,"Governmental1, Jeddah"
"2,200,000",Villa,5,6,339 Sq. M.,"Al Mahdiyah, West Riyadh, Riyadh"
"2,500,000",Villa,5,6,499 Sq. M.,"Al Mahdiyah, West Riyadh, Riyadh"
"2,600,000",Villa,7,7,319 Sq. M.,"Al Mahdiyah, West Riyadh, Riyadh"
"610,000",Floor,5,4,182 Sq. M.,"Badr, South Riyadh, Riyadh"
"550,000",Floor,5,3,139 Sq. M.,"Badr, South Riyadh, Riyadh"
"1,100,000",Floor,3,3,209 Sq. M.,"Tuwaiq, West Riyadh, Riyadh"
"970,000",Villa,6,3,265 Sq. M.,"Tuwaiq, West Riyadh, Riyadh"
"2,200,000",Villa,5,5,366 Sq. M.,"Al Mahdiyah, West Riyadh, Riyadh"
"1,450,000",Apartment,3,3,765 Sq. M.,"Al Qirawan, North Riyadh, Riyadh"
"1,700,000",Residential Building,11,11,325 Sq. M.,"Al Badiyah, Dammam"
"1,100,000",Villa,5,4,250 Sq. M.,"Uhud, South Riyadh, Riyadh"
"1,700,000",Apartment,3,3,197 Sq. M.,"Qurtubah, East Riyadh, Riyadh"
"550,000",Floor,3,5,450 Sq. M.,"Badr, South Riyadh, Riyadh"
"3,200,000",Villa,8,5,565 Sq. M.,"Mishrifah, North Jeddah, Jeddah"
"2,500,000",Villa,7,6,600 Sq. M.,"Al Zumorrud, North Jeddah, Jeddah"
"1,100,000",Residential Building,11,7,116 Sq. M.,"Al Marqab, Central Riyadh, Riyadh"
"5,000,000",Villa,11,6,969 Sq. M.,"Al Safa, North Jeddah, Jeddah"
"480,000",Apartment,5,3,167 Sq. M.,"Governmental1, Jeddah"
"490,000",Apartment,4,3,"1,079 Sq. M.","Ayn Al Khif, Madina"
"2,200,000",Floor,4,4,220 Sq. M.,"Qurtubah, East Riyadh, Riyadh"
"470,000",Apartment,3,3,114 Sq. M.,"Tuwaiq, West Riyadh, Riyadh"
"296,000",Apartment,3,3,887 Sq. M.,"Al Rayaan, North Jeddah, Jeddah"
"296,000",Apartment,4,3,887 Sq. M.,"Al Rayaan, North Jeddah, Jeddah"
"1,000,000",Residential Building,10,10,425 Sq. M.,"Ghirnatah, Dammam"
"6,000,000",Villa,4,7,420 Sq. M.,"Al Qirawan, North Riyadh, Riyadh"
"2,000,000",Villa,3,4,270 Sq. M.,"Al Rimal, East Riyadh, Riyadh"
"1,700,000",Apartment,2,1,117 Sq. M.,"Al Raid, West Riyadh, Riyadh"
"5,400,000",Rest House,1,1,"2,520 Sq. M.","Al Kair District, North Riyadh, Riyadh"
"1,350,000",Villa,5,5,303 Sq. M.,"Al Rimal, East Riyadh, Riyadh"
"2,200,000",Villa,9,7,400 Sq. M.,"Shubra, West Riyadh, Riyadh"
"3,050,000",Villa,4,8,200 Sq. M.,"Al Narjis, North Riyadh, Riyadh"
"2,200,000",Villa,6,3,364 Sq. M.,"Al Janadriyah, East Riyadh, Riyadh"
"989,000",Apartment,4,3,120 Sq. M.,"Al Munsiyah, East Riyadh, Riyadh"
"480,000",Apartment,2,2,"1,511 Sq. M.","Al Qaswa, Madina"
"1,200,000",Villa,9,6,268 Sq. M.,"Okaz, South Riyadh, Riyadh"
"620,000",Apartment,5,4,175 Sq. M.,"Al Zuhur, Dammam"
"800,000",Apartment,5,3,186 Sq. M.,"Alawali, West Riyadh, Riyadh"
"580,000",Apartment,6,4,"3,225 Sq. M.","Al Shulah, Dammam"
"520,000",Apartment,5,4,177 Sq. M.,"Badr, Dammam"
"600,000",Apartment,6,4,220 Sq. M.,"Al Shulah, Dammam"
"1,100,000",Villa,4,3,272 Sq. M.,"Tuwaiq, West Riyadh, Riyadh"
"1,550,000",Villa,11,8,400 Sq. M.,"Al Fadeylah, South Jeddah, Jeddah"
"1,050,000",Apartment,4,4,153 Sq. M.,"Al Salamah, North Jeddah, Jeddah"
"1,300,000",Villa,4,4,202 Sq. M.,"Al Qadisiyah, East Riyadh, Riyadh"
"590,000",Apartment,5,4,177 Sq. M.,"Al Zuhur, Dammam"
"590,000",Apartment,5,4,177 Sq. M.,"Al Zuhur, Dammam"
"590,000",Apartment,5,4,17 Sq. M.,"Al Zuhur, Dammam"
"590,000",Apartment,5,4,177 Sq. M.,"Al Zuhur, Dammam"
"590,000",Apartment,5,4,175 Sq. M.,"Al Zuhur, Dammam"
"610,000",Apartment,5,4,177 Sq. M.,"Al Zuhur, Dammam"
"720,000",Floor,4,4,157 Sq. M.,"Al Murjan, East Riyadh, Riyadh"
"700,000",Apartment,3,2,389 Sq. M.,"Al Rimal, East Riyadh, Riyadh"
"1,200,000",Villa,9,7,403 Sq. M.,"Shuran, Madina"
"700,000",Apartment,4,3,112 Sq. M.,"Al Rawdah, North Jeddah, Jeddah"
"1,200,000",Villa,5,6,400 Sq. M.,"Al Uraija Al Wusta, West Riyadh, Riyadh"
"1,950,000",Floor,4,4,250 Sq. M.,"Al Sulimaniyah, North Riyadh, Riyadh"
"950,000",Villa,3,3,328 Sq. M.,"Nubala, Madina"
"2,800,000",Villa,8,8,330 Sq. M.,"Al Wurud, North Riyadh, Riyadh"
"980,000",Floor,4,3,168 Sq. M.,"Al Rimal, East Riyadh, Riyadh"
"2,000,000",Villa,7,4,309 Sq. M.,"Al Rimal, East Riyadh, Riyadh"
"1,900,000",Villa,5,4,275 Sq. M.,"Al Qadisiyah, East Riyadh, Riyadh"
"2,900,000",Villa,11,8,325 Sq. M.,"Al Munsiyah, East Riyadh, Riyadh"
"2,000,000",Villa,4,4,630 Sq. M.,"Al Birriyyah, South Riyadh, Riyadh"
"2,650,000",Villa,5,4,375 Sq. M.,"Al Rimal, East Riyadh, Riyadh"
"510,000",Apartment,5,4,202 Sq. M.,"Badr, Dammam"
"2,000,000",Rest House,3,6,875 Sq. M.,"Dst C7, Huraymila"
"1,300,000",Villa,4,5,437 Sq. M.,"Al Bayan Neighborhood, East Riyadh, Riyadh"
"590,000",Apartment,5,4,177 Sq. M.,"Al Zuhur, Dammam"
"590,000",Apartment,5,4,177 Sq. M.,"Al Zuhur, Dammam"
"590,000",Apartment,5,4,177 Sq. M.,"Al Zuhur, Dammam"
"590,000",Apartment,5,4,177 Sq. M.,"Al Zuhur, Dammam"
"590,000",Apartment,5,4,175 Sq. M.,"Al Zuhur, Dammam"
"620,000",Apartment,5,4,175 Sq. M.,"Al Zuhur, Dammam"
"590,000",Apartment,5,4,177 Sq. M.,"Al Zuhur, Dammam"
"590,000",Apartment,5,5,177 Sq. M.,"Al Zuhur, Dammam"
"590,000",Apartment,5,5,177 Sq. M.,"Al Zuhur, Dammam"
"590,000",Apartment,5,3,177 Sq. M.,"Al Zuhur, Dammam"
"590,000",Apartment,4,4,177 Sq. M.,"Al Zuhur, Dammam"
"590,000",Apartment,4,4,177 Sq. M.,"Al Zuhur, Dammam"
"590,000",Apartment,5,4,177 Sq. M.,"Al Zuhur, Dammam"
"590,000",Apartment,4,4,177 Sq. M.,"Al Zuhur, Dammam"
"590,000",Apartment,4,4,177 Sq. M.,"Al Zuhur, Dammam"
"590,000",Apartment,4,4,177 Sq. M.,"Al Zuhur, Dammam"
"760,000",Apartment,5,4,163 Sq. M.,Dhahran
"760,000",Apartment,5,4,163 Sq. M.,Dhahran
"760,000",Apartment,4,3,163 Sq. M.,Dhahran
"560,000",Apartment,5,4,177 Sq. M.,"Al Zuhur, Dammam"
"760,000",Apartment,5,4,170 Sq. M.,"Al Qusor, Dammam"
"590,000",Apartment,5,4,177 Sq. M.,"Al Zuhur, Dammam"
"760,000",Apartment,5,4,170 Sq. M.,"Al Qusor, Dammam"
"590,000",Apartment,5,4,175 Sq. M.,"Al Zuhur, Dammam"
"590,000",Apartment,5,4,175 Sq. M.,"Al Zuhur, Dammam"
"510,000",Apartment,5,4,160 Sq. M.,"Al Zuhur, Dammam"
"520,000",Apartment,5,4,160 Sq. M.,"Al Zuhur, Dammam"
"780,000",Apartment,5,4,170 Sq. M.,Dhahran
"780,000",Apartment,5,5,170 Sq. M.,Dhahran
"760,000",Apartment,5,4,170 Sq. M.,Dhahran
"760,000",Apartment,5,4,170 Sq. M.,Dhahran
"760,000",Apartment,5,4,170 Sq. M.,Dhahran
"830,000",Apartment,5,4,140 Sq. M.,Dhahran
"760,000",Apartment,5,5,170 Sq. M.,Dhahran
"760,000",Apartment,5,5,170 Sq. M.,Dhahran
"760,000",Apartment,5,5,170 Sq. M.,Dhahran
"780,000",Apartment,5,5,170 Sq. M.,Dhahran
"780,000",Apartment,5,5,170 Sq. M.,Dhahran
"780,000",Apartment,5,5,170 Sq. M.,Dhahran
"830,000",Apartment,5,5,140 Sq. M.,Dhahran
"560,000",Apartment,5,5,177 Sq. M.,"Al Zuhur, Dammam"
"560,000",Apartment,5,4,177 Sq. M.,"Al Zuhur, Dammam"
"560,000",Apartment,4,4,177 Sq. M.,"Al Zuhur, Dammam"
"590,000",Apartment,5,4,177 Sq. M.,"Al Zuhur, Dammam"
"760,000",Apartment,5,4,163 Sq. M.,Dhahran
"760,000",Apartment,5,4,163 Sq. M.,Dhahran
"760,000",Apartment,5,4,163 Sq. M.,Dhahran
"760,000",Apartment,5,4,163 Sq. M.,Dhahran
"760,000",Apartment,5,4,163 Sq. M.,Dhahran
"760,000",Apartment,5,4,163 Sq. M.,Dhahran
"760,000",Apartment,5,4,163 Sq. M.,Dhahran
"760,000",Apartment,5,4,163 Sq. M.,Dhahran
"830,000",Apartment,3,4,136 Sq. M.,"Al Rimal, East Riyadh, Riyadh"
"720,000",Apartment,4,3,117 Sq. M.,"Al Rawdah, North Jeddah, Jeddah"
"800,000",Apartment,4,3,137 Sq. M.,"Al Rawdah, North Jeddah, Jeddah"
"700,000",Apartment,4,3,112 Sq. M.,"Al Rawdah, North Jeddah, Jeddah"
"750,000",Floor,6,5,213 Sq. M.,"Shamasan, Abha"
"1,200,000",Floor,4,3,157 Sq. M.,"Al Rimal, East Riyadh, Riyadh"
"20,250,000",Rest House,2,2,"2,700 Sq. M.","Al Nafal, North Riyadh, Riyadh"
"700,000",Apartment,4,3,117 Sq. M.,"Al Rawdah, North Jeddah, Jeddah"
"296,000",Apartment,3,3,887 Sq. M.,"Al Rayaan, North Jeddah, Jeddah"
"680,000",Apartment,4,3,128 Sq. M.,"Al Zahrah, West Riyadh, Riyadh"
"730,000",Apartment,5,3,130 Sq. M.,"Al Naim, North Jeddah, Jeddah"
"2,400,000",Villa,7,7,325 Sq. M.,"Al Amwaj, North Jeddah, Jeddah"
"1,750,000",Floor,4,4,405 Sq. M.,"Al Yarmuk, East Riyadh, Riyadh"
"1,000,000",Floor,3,3,344 Sq. M.,"Al Qadisiyah, East Riyadh, Riyadh"
"520,000",Apartment,3,3,"1,511 Sq. M.","Al Qaswa, Madina"
"610,000",Apartment,6,4,220 Sq. M.,"Al Shulah, Dammam"
"510,000",Apartment,5,4,177 Sq. M.,"Badr, Dammam"
"520,000",Apartment,5,4,202 Sq. M.,"Badr, Dammam"
"770,000",Apartment,3,3,630 Sq. M.,"Badr, South Riyadh, Riyadh"
"760,000",Floor,4,4,214 Sq. M.,"Badr, South Riyadh, Riyadh"
"770,000",Apartment,3,3,630 Sq. M.,"Badr, South Riyadh, Riyadh"
"540,000",Apartment,3,4,105 Sq. M.,"Al Murjan, East Riyadh, Riyadh"
"350,000",Apartment,3,2,111 Sq. M.,"Badr, South Riyadh, Riyadh"
"2,100,000",Floor,4,3,238 Sq. M.,"Al Arid, North Riyadh, Riyadh"
"1,800,000",Floor,3,2,188 Sq. M.,"Al Arid, North Riyadh, Riyadh"
"849,000",Apartment,5,3,156 Sq. M.,"Al Rimal, East Riyadh, Riyadh"
"1,000,000",Floor,4,4,250 Sq. M.,"Al Rimal, East Riyadh, Riyadh"
"250,000",Apartment,2,3,706 Sq. M.,"Al Mraikh, North Jeddah, Jeddah"
"1,300,000",Apartment,2,2,102 Sq. M.,"Al Malqa, North Riyadh, Riyadh"
"1,450,000",Villa,4,3,240 Sq. M.,"Dahiat Namar, West Riyadh, Riyadh"
"1,380,000",Villa,5,5,230 Sq. M.,"Dahiat Namar, West Riyadh, Riyadh"
"625,000",Apartment,3,2,144 Sq. M.,"Al Khadra Neighborhood, Makkah"
"6,000,000",Villa,4,2,637 Sq. M.,"Al Jazeera, East Riyadh, Riyadh"
"1,200,000",Apartment,3,3,104 Sq. M.,"Al Narjis, North Riyadh, Riyadh"
"1,550,000",Apartment,9,4,213 Sq. M.,"Al Salamah, North Jeddah, Jeddah"
"940,000",Apartment,4,4,169 Sq. M.,"Al Rawdah, North Jeddah, Jeddah"
"670,000",Apartment,5,3,162 Sq. M.,"Al Nuzhah, North Jeddah, Jeddah"
"1,070,000",Apartment,5,4,203 Sq. M.,"Al Nuzhah, North Jeddah, Jeddah"
"760,000",Apartment,5,3,166 Sq. M.,"Al Nuzhah, North Jeddah, Jeddah"
"540,000",Apartment,4,3,131 Sq. M.,"Al Marwah, North Jeddah, Jeddah"
"450,000",Apartment,3,2,102 Sq. M.,"Al Marwah, North Jeddah, Jeddah"
"7,000,000",Villa,10,7,325 Sq. M.,"King Abduallah, North Riyadh, Riyadh"
"3,000,000",Villa,3,3,253 Sq. M.,"Al Wadi, North Riyadh, Riyadh"
"530,000",Apartment,4,3,129 Sq. M.,"Al Faisaliyah, Central Jeddah, Jeddah"
"8,000,000",Villa,5,9,393 Sq. M.,"Al Malqa, North Riyadh, Riyadh"
"2,000,000",Villa,10,6,415 Sq. M.,"Taiba District, North Jeddah, Jeddah"
"500,000",Apartment,4,3,128 Sq. M.,"Al Waha, North Jeddah, Jeddah"
"590,000",Apartment,5,4,177 Sq. M.,"Al Zuhur, Dammam"
"365,000",Apartment,3,4,625 Sq. M.,"Al Faisaliyah, Central Jeddah, Jeddah"
"5,500,000",Villa,4,4,432 Sq. M.,"Qurtubah, East Riyadh, Riyadh"
"360,000",Apartment,3,3,875 Sq. M.,"Al Salamah, North Jeddah, Jeddah"
"1,070,000",Villa,5,5,263 Sq. M.,"Tuwaiq, West Riyadh, Riyadh"
"4,200,000",Villa,8,8,450 Sq. M.,"Al Mahdiyah, West Riyadh, Riyadh"
"800,000",Apartment,4,3,176 Sq. M.,"Al Saif, Dammam"
"1,180,000",Apartment,4,3,148 Sq. M.,"Al Munsiyah, East Riyadh, Riyadh"
"750,000",Apartment,3,4,166 Sq. M.,"Al Saif, Dammam"
"950,000",Floor,4,3,192 Sq. M.,"Al Qadisiyah, East Riyadh, Riyadh"
"1,300,000",Villa,8,7,312 Sq. M.,"Al Dar Al Baida, South Riyadh, Riyadh"
"2,800,000",Villa,4,4,268 Sq. M.,"Al Narjis, North Riyadh, Riyadh"
"2,350,000",Rest House,1,2,600 Sq. M.,"Al Shifa, South Riyadh, Riyadh"
"3,000,000",Villa,6,7,312 Sq. M.,"Al Rawdah, East Riyadh, Riyadh"
"1,300,000",Apartment,5,4,205 Sq. M.,"Qurtubah, East Riyadh, Riyadh"
"780,000",Apartment,5,3,189 Sq. M.,"Batha Quraysh, Makkah"
"950,000",Floor,3,4,171 Sq. M.,"Al Rimal, East Riyadh, Riyadh"
"900,000",Floor,3,4,179 Sq. M.,"Al Rimal, East Riyadh, Riyadh"
"1,180,000",Apartment,4,3,148 Sq. M.,"Al Munsiyah, East Riyadh, Riyadh"
"850,000",Floor,3,3,192 Sq. M.,"Al Rimal, East Riyadh, Riyadh"
"1,100,000",Floor,3,3,208 Sq. M.,"Al Rimal, East Riyadh, Riyadh"
"14,000,000",Villa,7,10,499 Sq. M.,"Al Malqa, North Riyadh, Riyadh"
"800,000",Apartment,3,3,98 Sq. M.,"Al Rimal, East Riyadh, Riyadh"
"685,000",Apartment,5,3,201 Sq. M.,"Al Shawqiyyah, Makkah"
"550,000",Apartment,4,3,138 Sq. M.,"Al Hamraa District, Makkah"
"1,300,000",Floor,3,4,167 Sq. M.,"Al Rimal, East Riyadh, Riyadh"
"2,100,000",Floor,4,5,343 Sq. M.,"Al Yarmuk, East Riyadh, Riyadh"
"1,055,000",Apartment,3,4,106 Sq. M.,"Al Munsiyah, East Riyadh, Riyadh"
"470,000",Apartment,2,3,61 Sq. M.,"Al Murjan, East Riyadh, Riyadh"
"700,000",Apartment,3,4,152 Sq. M.,"Al Bayan Neighborhood, East Riyadh, Riyadh"
"470,000",Apartment,2,4,61 Sq. M.,"Al Murjan, East Riyadh, Riyadh"
"2,100,000",Floor,4,5,343 Sq. M.,"Al Yarmuk, East Riyadh, Riyadh"
"1,400,000",Villa,5,2,200 Sq. M.,"Tuwaiq, West Riyadh, Riyadh"
"440,000",Apartment,3,3,94 Sq. M.,"Tuwaiq, West Riyadh, Riyadh"
"3,500,000",Villa,6,10,300 Sq. M.,"Al Arid, North Riyadh, Riyadh"
"1,100,000",Villa,7,6,200 Sq. M.,"Tuwaiq, West Riyadh, Riyadh"
"2,390,000",Villa,11,7,"1,305 Sq. M.","Ar Rehab, Taif"
"600,000",Apartment,2,3,115 Sq. M.,"Al Hazm, West Riyadh, Riyadh"
"1,250,000",Apartment,5,3,131 Sq. M.,"Al Yasmin, North Riyadh, Riyadh"
"296,000",Apartment,3,3,887 Sq. M.,"Al Rayaan, North Jeddah, Jeddah"
"971,000",Apartment,3,3,134 Sq. M.,"Al Munsiyah, East Riyadh, Riyadh"
"900,000",Floor,4,5,156 Sq. M.,"Al Bayan Neighborhood, East Riyadh, Riyadh"
"2,650,000",Villa,6,5,375 Sq. M.,"Al Rimal, East Riyadh, Riyadh"
"1,400,000",Villa,6,6,397 Sq. M.,"Al Rahmanyah, North Jeddah, Jeddah"
"3,900,000",Villa,4,4,333 Sq. M.,"Al Narjis, North Riyadh, Riyadh"
"6,500,000",Rest House,6,3,"1,625 Sq. M.","Al Saadah, East Riyadh, Riyadh"
"1,000,000",Floor,3,4,202 Sq. M.,"Al Maizilah, East Riyadh, Riyadh"
"600,000",Apartment,5,3,154 Sq. M.,"Mishrifah, North Jeddah, Jeddah"
"4,500,000",Villa,8,7,375 Sq. M.,"Al Narjis, North Riyadh, Riyadh"
"4,500,000",Villa,7,7,307 Sq. M.,"Al Narjis, North Riyadh, Riyadh"
"765,000",Apartment,4,4,"1,000 Sq. M.","Tuwaiq, West Riyadh, Riyadh"
"2,500,000",Villa,8,7,750 Sq. M.,"King Faisal, East Riyadh, Riyadh"
"1,450,000",Floor,5,4,235 Sq. M.,"Al Khaleej, East Riyadh, Riyadh"
"1,150,000",Floor,4,4,222 Sq. M.,"Al Qadisiyah, East Riyadh, Riyadh"
"770,000",Apartment,4,3,600 Sq. M.,"Al Nahdah, North Jeddah, Jeddah"
"800,000",Apartment,4,4,696 Sq. M.,"Al Nahdah, North Jeddah, Jeddah"
"625,000",Apartment,3,3,696 Sq. M.,"Al Nahdah, North Jeddah, Jeddah"
"680,000",Apartment,4,4,"2,400 Sq. M.","Al Rawdah, North Jeddah, Jeddah"
"5,300,000",Apartment,5,3,184 Sq. M.,"Tuwaiq, West Riyadh, Riyadh"
"2,000,000",Villa,6,6,264 Sq. M.,"Al Rimal, East Riyadh, Riyadh"
"3,000,000",Villa,5,4,420 Sq. M.,"Al Bayan Neighborhood, East Riyadh, Riyadh"
"2,600,000",Villa,4,8,750 Sq. M.,"King Faisal, East Riyadh, Riyadh"
"670,000",Apartment,2,2,93 Sq. M.,"Al Rimal, East Riyadh, Riyadh"
"2,400,000",Villa,11,7,375 Sq. M.,"Al Saadah, East Riyadh, Riyadh"
"670,000",Apartment,5,3,166 Sq. M.,"Al Safa, North Jeddah, Jeddah"
"1,150,000",Apartment,3,4,197 Sq. M.,"Al Nahdah, North Jeddah, Jeddah"
"1,375,000",Apartment,2,2,94 Sq. M.,"Hittin, North Riyadh, Riyadh"
"1,150,000",Floor,4,4,230 Sq. M.,"Al Khaleej, East Riyadh, Riyadh"
"1,350,000",Floor,5,5,251 Sq. M.,"Al Khaleej, East Riyadh, Riyadh"
"750,000",Apartment,3,4,128 Sq. M.,"Al Rimal, East Riyadh, Riyadh"
"1,100,000",Floor,3,4,208 Sq. M.,"Al Rimal, East Riyadh, Riyadh"
"1,200,000",Apartment,3,4,153 Sq. M.,"Al Munsiyah, East Riyadh, Riyadh"
"850,000",Apartment,2,2,60 Sq. M.,"Al Munsiyah, East Riyadh, Riyadh"
"2,150,000",Villa,5,7,225 Sq. M.,"Al Rimal, East Riyadh, Riyadh"
"1,750,000",Floor,3,5,222 Sq. M.,"Al Munsiyah, East Riyadh, Riyadh"
"1,650,000",Floor,3,4,172 Sq. M.,"Qurtubah, East Riyadh, Riyadh"
"1,300,000",Floor,4,3,189 Sq. M.,"Al Rimal, East Riyadh, Riyadh"
"1,380,000",Apartment,3,4,128 Sq. M.,"Qurtubah, East Riyadh, Riyadh"
"2,000,000",Floor,4,5,264 Sq. M.,"Al Munsiyah, East Riyadh, Riyadh"
"2,800,000",Villa,5,7,257 Sq. M.,"Qurtubah, East Riyadh, Riyadh"
"1,750,000",Floor,3,4,223 Sq. M.,"Al Munsiyah, East Riyadh, Riyadh"
"3,650,000",Villa,6,7,324 Sq. M.,"Al Munsiyah, East Riyadh, Riyadh"
"1,200,000",Floor,2,2,222 Sq. M.,"Al Rimal, East Riyadh, Riyadh"
"1,512,000",Villa,6,7,351 Sq. M.,"King Fahd, Madina"
"3,700,000",Villa,5,6,675 Sq. M.,"Al Rawabi, East Riyadh, Riyadh"
"1,800,000",Apartment,3,3,152 Sq. M.,"Al Malqa, North Riyadh, Riyadh"
"1,150,000",Apartment,2,3,120 Sq. M.,"Jarir, Central Riyadh, Riyadh"
"850,000",Apartment,5,3,214 Sq. M.,"Al Sulaymaniyah, North Jeddah, Jeddah"
"1,545,000",Apartment,3,3,116 Sq. M.,"Al Malqa, North Riyadh, Riyadh"
"2,400,000",Villa,6,8,344 Sq. M.,"Al Rimal, East Riyadh, Riyadh"
"1,300,000",Villa,4,4,225 Sq. M.,"Al Qadisiyah, East Riyadh, Riyadh"
"1,900,000",Villa,5,7,348 Sq. M.,"Al Maizilah, East Riyadh, Riyadh"
"3,500,000",Villa,7,9,357 Sq. M.,"Qurtubah, East Riyadh, Riyadh"
"1,900,000",Floor,3,3,257 Sq. M.,"Qurtubah, East Riyadh, Riyadh"
"4,500,000",Villa,10,7,864 Sq. M.,"Ash Shamiya Al Jadid, Makkah"
"990,000",Villa,6,5,376 Sq. M.,"Shihar, Taif"
"2,700,000",Villa,4,5,411 Sq. M.,"Al Yarmuk, East Riyadh, Riyadh"
"1,300,000",Villa,5,4,202 Sq. M.,"Al Qadisiyah, East Riyadh, Riyadh"
"1,200,000",Floor,4,3,196 Sq. M.,"Al Khaleej, East Riyadh, Riyadh"
"1,200,000",Villa,4,4,270 Sq. M.,"Al Nadwa District, East Riyadh, Riyadh"
"3,300,000",Villa,5,6,300 Sq. M.,"Al Narjis, North Riyadh, Riyadh"
"1,350,000",Floor,4,4,165 Sq. M.,"Al Munsiyah, East Riyadh, Riyadh"
"1,000,000",Floor,5,3,202 Sq. M.,"Al Maizilah, East Riyadh, Riyadh"
"2,900,000",Villa,5,8,409 Sq. M.,"Al Yarmuk, East Riyadh, Riyadh"
"971,000",Apartment,3,3,134 Sq. M.,"Al Munsiyah, East Riyadh, Riyadh"
"1,244,000",Apartment,3,2,82 Sq. M.,"Al Munsiyah, East Riyadh, Riyadh"
"1,300,000",Floor,3,4,167 Sq. M.,"Al Rimal, East Riyadh, Riyadh"
"1,500,000",Floor,3,4,225 Sq. M.,"Al Yarmuk, East Riyadh, Riyadh"
"1,700,000",Floor,4,5,292 Sq. M.,"Al Rimal, East Riyadh, Riyadh"
"1,900,000",Villa,5,7,315 Sq. M.,"Al Maizilah, East Riyadh, Riyadh"
"1,550,000",Floor,4,4,213 Sq. M.,"Ishbiliyah, East Riyadh, Riyadh"
"1,900,000",Villa,6,5,315 Sq. M.,"Al Maizilah, East Riyadh, Riyadh"
"1,200,000",Villa,5,6,270 Sq. M.,"Al Nadwa District, East Riyadh, Riyadh"
"4,050,000",Villa,4,3,280 Sq. M.,"Al Arid, North Riyadh, Riyadh"
"3,000,000",Villa,3,2,209 Sq. M.,"Al Narjis, North Riyadh, Riyadh"
"4,200,000",Villa,8,7,450 Sq. M.,"Al Mahdiyah, West Riyadh, Riyadh"
"1,800,000",Floor,4,3,158 Sq. M.,"Al Nada, North Riyadh, Riyadh"
"3,800,000",Villa,5,5,900 Sq. M.,"Al Sheraa, North Jeddah, Jeddah"
"450,000",Apartment,4,3,119 Sq. M.,"Al Marwah, North Jeddah, Jeddah"
"2,000,000",Villa,7,6,266 Sq. M.,"Al Murjan, North Jeddah, Jeddah"
"3,500,000",Villa,11,7,750 Sq. M.,"Al Rabwa, North Jeddah, Jeddah"
"950,000",Apartment,4,3,525 Sq. M.,"Al Naim, North Jeddah, Jeddah"
"1,100,000",Apartment,4,3,506 Sq. M.,"Al Rawdah, North Jeddah, Jeddah"
"1,600,000",Floor,5,5,142 Sq. M.,"Al Narjis, North Riyadh, Riyadh"
"1,500,000",Apartment,3,3,120 Sq. M.,"Al Malqa, North Riyadh, Riyadh"
"1,170,000",Apartment,3,3,93 Sq. M.,"Al Rawdah, East Riyadh, Riyadh"
"350,000",Apartment,3,2,92 Sq. M.,"Al Kakiyyah, Makkah"
"430,000",Apartment,4,3,115 Sq. M.,"Al Rayaan, North Jeddah, Jeddah"
"1,400,000",Villa,10,8,300 Sq. M.,"Al Rahmanyah, North Jeddah, Jeddah"
"1,100,000",Villa,6,8,414 Sq. M.,"Ash Shamiya Al Jadid, Makkah"
"12,000,000",Villa,10,7,"1,031 Sq. M.","Al Basateen, North Jeddah, Jeddah"
"2,500,000",Villa,6,4,450 Sq. M.,"Al Nadwa District, East Riyadh, Riyadh"
"2,500,000",Villa,11,8,606 Sq. M.,"Al Zahrah, West Riyadh, Riyadh"
"490,000",Apartment,3,3,135 Sq. M.,"Al Salamah, North Jeddah, Jeddah"
"2,000,000",Villa,4,4,370 Sq. M.,"Al Mahdiyah, West Riyadh, Riyadh"
"5,200,000",Villa,11,11,840 Sq. M.,"Al Rayyan, East Riyadh, Riyadh"
"800,000",Floor,3,4,205 Sq. M.,"Al Janadriyah, East Riyadh, Riyadh"
"1,000,000",Apartment,3,3,141 Sq. M.,"Al Nahdah, North Jeddah, Jeddah"
"1,599,000",Apartment,2,2,92 Sq. M.,"Al Izdihar, East Riyadh, Riyadh"
"1,750,000",Apartment,3,3,166 Sq. M.,"Al Izdihar, East Riyadh, Riyadh"
"700,000",Apartment,4,4,157 Sq. M.,"Batha Quraysh, Makkah"
"1,500,000",Apartment,5,4,196 Sq. M.,"Al Hamraa, Central Jeddah, Jeddah"
"575,000",Apartment,4,3,121 Sq. M.,"Al Bawadi, North Jeddah, Jeddah"
"690,000",Apartment,4,3,151 Sq. M.,"Al Nuzhah, Makkah"
"530,000",Apartment,3,3,135 Sq. M.,"Al Hazm, West Riyadh, Riyadh"
"800,000",Villa,8,6,350 Sq. M.,"Mishrifah, Al Hayathem"
"700,000",Villa,9,6,300 Sq. M.,"Mishrifah, Al Hayathem"
"700,000",Villa,9,6,334 Sq. M.,"Mishrifah, Al Hayathem"
"480,000",Apartment,4,3,600 Sq. M.,"Al Sawari, North Jeddah, Jeddah"
"750,000",Apartment,4,3,142 Sq. M.,"Al Jameah District, South Jeddah, Jeddah"
"405,000",Apartment,3,2,129 Sq. M.,"Al Ajwad, North Jeddah, Jeddah"
"970,000",Apartment,5,4,162 Sq. M.,"Al Zahraa, North Jeddah, Jeddah"
"760,000",Apartment,5,3,161 Sq. M.,"Al Ukayshiyyah, Makkah"
"3,200,000",Villa,8,7,500 Sq. M.,"King Faisal, East Riyadh, Riyadh"
"650,000",Apartment,4,3,125 Sq. M.,"Dhahrat Laban, West Riyadh, Riyadh"
"1,350,000",Villa,5,6,303 Sq. M.,"Al Rimal, East Riyadh, Riyadh"
"970,000",Apartment,2,3,124 Sq. M.,"Al Munsiyah, East Riyadh, Riyadh"
"1,050,000",Villa,4,6,171 Sq. M.,"Al Nadwa District, East Riyadh, Riyadh"
"4,000,000",Villa,8,7,360 Sq. M.,"Al Narjis, North Riyadh, Riyadh"
"1,300,000",Apartment,3,2,179 Sq. M.,"Obhur Al Janoubiyah, North Jeddah, Jeddah"
"1,650,000",Floor,3,4,183 Sq. M.,"Al Munsiyah, East Riyadh, Riyadh"
"1,100,000",Villa,6,4,297 Sq. M.,"Ash Shamiya Al Jadid, Makkah"
"950,000",Apartment,3,4,160 Sq. M.,"Al Rimal, East Riyadh, Riyadh"
"2,400,000",Villa,5,6,507 Sq. M.,"Al Mahdiyah, West Riyadh, Riyadh"
"2,800,000",Villa,3,3,212 Sq. M.,"Al Narjis, North Riyadh, Riyadh"
"830,000",Apartment,4,3,189 Sq. M.,"Al Zahraa, North Jeddah, Jeddah"
"650,000",Apartment,5,3,184 Sq. M.,"Tuwaiq, West Riyadh, Riyadh"
"1,700,000",Villa,8,7,286 Sq. M.,"Al Zumorrud, North Jeddah, Jeddah"
"395,000",Apartment,3,2,780 Sq. M.,"Al Salamah, North Jeddah, Jeddah"
"830,000",Apartment,4,4,140 Sq. M.,"Al Salamah, North Jeddah, Jeddah"
"4,000,000",Villa,7,6,390 Sq. M.,"Al Khalidiyah, North Jeddah, Jeddah"
"1,200,000",Apartment,3,3,153 Sq. M.,"Al Munsiyah, East Riyadh, Riyadh"
"395,000",Apartment,3,2,104 Sq. M.,"Al Nakheel, North Jeddah, Jeddah"
"1,400,000",Apartment,3,3,146 Sq. M.,"Al Bahar, Al Khobar"
"1,100,000",Villa,6,4,275 Sq. M.,"Al Rahmanyah, North Jeddah, Jeddah"
"1,125,000",Villa,4,5,313 Sq. M.,"Al Fakhriyyah, Unayzah"
"3,200,000",Villa,5,7,383 Sq. M.,"Qurtubah, East Riyadh, Riyadh"
"260,000",Floor,6,3,197 Sq. M.,"Wairah, Madina"
"680,000",Apartment,4,4,"2,720 Sq. M.","Mishrifah, North Jeddah, Jeddah"
"1,250,000",Apartment,2,2,115 Sq. M.,"Al Malqa, North Riyadh, Riyadh"
"1,650,000",Floor,3,3,172 Sq. M.,"Qurtubah, East Riyadh, Riyadh"
"1,850,000",Floor,3,4,186 Sq. M.,"Qurtubah, East Riyadh, Riyadh"
"680,000",Apartment,5,4,177 Sq. M.,"Al Woroud, North Jeddah, Jeddah"
"1,700,000",Villa,7,7,625 Sq. M.,"Badr, South Riyadh, Riyadh"
"900,000",Apartment,3,3,130 Sq. M.,"Al Mahdiyah, West Riyadh, Riyadh"
"900,000",Apartment,3,3,137 Sq. M.,"Al Mahdiyah, West Riyadh, Riyadh"
"900,000",Apartment,3,3,137 Sq. M.,"Al Mahdiyah, West Riyadh, Riyadh"
"1,900,000",Villa,5,5,691 Sq. M.,"Al Jisr, Al Khobar"
"850,000",Apartment,4,3,129 Sq. M.,"Al Mahdiyah, West Riyadh, Riyadh"
"800,000",Apartment,3,4,140 Sq. M.,"Al Mahdiyah, West Riyadh, Riyadh"
"950,000",Apartment,4,3,163 Sq. M.,"Al Mahdiyah, West Riyadh, Riyadh"
"820,000",Apartment,3,3,108 Sq. M.,"Al Mahdiyah, West Riyadh, Riyadh"
"830,000",Apartment,3,3,128 Sq. M.,"Al Mahdiyah, West Riyadh, Riyadh"
"1,200,000",Floor,4,3,230 Sq. M.,"Al Khaleej, East Riyadh, Riyadh"
"2,100,000",Villa,5,6,328 Sq. M.,"Al Rimal, East Riyadh, Riyadh"
"900,000",Floor,3,3,750 Sq. M.,"Tuwaiq, West Riyadh, Riyadh"
"1,450,000",Villa,7,5,289 Sq. M.,"Al Janadriyah, East Riyadh, Riyadh"
"1,350,000",Villa,10,6,295 Sq. M.,"Al Hamdaniyah, North Jeddah, Jeddah"
"840,000",Floor,3,3,167 Sq. M.,"Al Murjan, East Riyadh, Riyadh"
"1,150,000",Apartment,4,3,142 Sq. M.,"Al Munsiyah, East Riyadh, Riyadh"
"850,000",Villa,5,5,250 Sq. M.,"Uhud, South Riyadh, Riyadh"
"1,130,000",Apartment,3,3,142 Sq. M.,"Al Munsiyah, East Riyadh, Riyadh"
"1,150,000",Apartment,3,4,142 Sq. M.,"Al Munsiyah, East Riyadh, Riyadh"
"1,350,000",Villa,5,6,303 Sq. M.,"Al Rimal, East Riyadh, Riyadh"
"1,000,000",Villa,7,5,200 Sq. M.,"Al Frosyah, South Jeddah, Jeddah"
"971,000",Apartment,3,3,110 Sq. M.,"Al Munsiyah, East Riyadh, Riyadh"
"1,550,000",Villa,6,5,600 Sq. M.,"Al Janadriyah, East Riyadh, Riyadh"
"550,000",Floor,11,4,681 Sq. M.,"Wairah, Madina"
"1,200,000",Floor,3,4,219 Sq. M.,"Al Bayan Neighborhood, East Riyadh, Riyadh"
"700,000",Apartment,3,3,199 Sq. M.,"Al Janadriyah, East Riyadh, Riyadh"
"750,000",Floor,3,3,215 Sq. M.,"Al Janadriyah, East Riyadh, Riyadh"
"550,000",Apartment,3,2,128 Sq. M.,"Harat Al Bab Al Jadid, Makkah"
"950,000",Floor,3,3,105 Sq. M.,"Al Rimal, East Riyadh, Riyadh"
"1,600,000",Floor,3,4,206 Sq. M.,"Al Munsiyah, East Riyadh, Riyadh"
"1,100,000",Floor,3,4,201 Sq. M.,"Al Maizilah, East Riyadh, Riyadh"
"1,150,000",Villa,9,7,220 Sq. M.,"Al Salehiyah, North Jeddah, Jeddah"
"1,550,000",Villa,9,9,478 Sq. M.,"Al Hajla Al Jadid, Makkah"
"1,250,000",Villa,6,8,527 Sq. M.,"Al Amwaj, Al Khobar"
"480,000",Apartment,4,3,"1,794 Sq. M.","Badr, South Riyadh, Riyadh"
"1,100,000",Floor,3,3,210 Sq. M.,"Al Bayan Neighborhood, East Riyadh, Riyadh"
"980,000",Floor,3,3,173 Sq. M.,"Al Bayan Neighborhood, East Riyadh, Riyadh"
"650,000",Villa,4,5,600 Sq. M.,"Taibah, Al Duwadimi"
"700,000",Floor,3,3,196 Sq. M.,"Al Bayan Neighborhood, East Riyadh, Riyadh"
"750,000",Apartment,6,4,223 Sq. M.,"Al Hamdaniyah, North Jeddah, Jeddah"
"2,250,000",Villa,5,6,325 Sq. M.,"Al Mahdiyah, West Riyadh, Riyadh"
"780,000",Apartment,5,4,242 Sq. M.,"Badr, South Riyadh, Riyadh"
"660,000",Floor,3,4,160 Sq. M.,"Okaz, South Riyadh, Riyadh"
"2,600,000",Apartment,3,3,174 Sq. M.,"Obhur Al Janoubiyah, North Jeddah, Jeddah"
"790,000",Apartment,4,3,120 Sq. M.,"Al Mahdiyah, West Riyadh, Riyadh"
"1,200,000",Floor,7,4,637 Sq. M.,AlAsfar 3
"680,000",Floor,3,3,342 Sq. M.,"Al Bayan Neighborhood, East Riyadh, Riyadh"
"2,300,000",Villa,7,7,300 Sq. M.,"Al Mahdiyah, West Riyadh, Riyadh"
"5,300,000",Villa,5,3,375 Sq. M.,"Irqah, West Riyadh, Riyadh"
"2,000,000",Villa,5,5,345 Sq. M.,"Obhur Al Shamaliyah, North Jeddah, Jeddah"
"1,899,000",Floor,3,3,126 Sq. M.,"Al Izdihar, East Riyadh, Riyadh"
"666,250",Apartment,5,3,187 Sq. M.,"Al Mraikh, North Jeddah, Jeddah"
"420,000",Apartment,4,2,118 Sq. M.,"Al Nur, Dammam"
"1,100,000",Floor,5,3,157 Sq. M.,"Al Nahdah, East Riyadh, Riyadh"
"1,300,000",Floor,7,5,232 Sq. M.,"Al Nahdah, East Riyadh, Riyadh"
"1,339,000",Apartment,3,3,218 Sq. M.,"King Faisal, East Riyadh, Riyadh"
"4,000,000",Building,1,5,"1,191 Sq. M.","Albandariyah, Al Hofuf Eastern Region"
"666,250",Apartment,5,3,173 Sq. M.,"Al Waha, North Jeddah, Jeddah"
"4,200,000",Building,10,10,620 Sq. M.,"Al Faisaliyah, Central Jeddah, Jeddah"
"1,070,000",Villa,4,5,346 Sq. M.,"Al Wahlan, Unayzah"
"4,200,000",Villa,4,3,300 Sq. M.,"Al Arid, North Riyadh, Riyadh"
"7,200,000",Villa,7,7,909 Sq. M.,"Al Olaya, North Riyadh, Riyadh"
"7,500,000",Villa,4,5,325 Sq. M.,"King Abduallah, North Riyadh, Riyadh"
"980,000",Villa,5,5,650 Sq. M.,"Al Wurud, Rumah"
"1,500,000",Floor,4,4,251 Sq. M.,"Al Khaleej, East Riyadh, Riyadh"
"550,000",Floor,3,5,450 Sq. M.,"Badr, South Riyadh, Riyadh"
"1,000,000",Floor,4,2,159 Sq. M.,"Al Rimal, East Riyadh, Riyadh"
"700,000",Apartment,3,3,117 Sq. M.,"Al Bayan Neighborhood, East Riyadh, Riyadh"
"950,000",Floor,3,3,237 Sq. M.,"Al Janadriyah, East Riyadh, Riyadh"
"2,200,000",Villa,6,5,625 Sq. M.,"Al Riyadh, North Jeddah, Jeddah"
"900,000",Apartment,3,5,179 Sq. M.,"Al Rimal, East Riyadh, Riyadh"
"800,000",Apartment,3,3,158 Sq. M.,"Al Rimal, East Riyadh, Riyadh"
"1,150,000",Villa,3,3,158 Sq. M.,"Al Rimal, East Riyadh, Riyadh"
"1,150,000",Apartment,3,5,179 Sq. M.,"Al Rimal, East Riyadh, Riyadh"
"940,000",Floor,4,3,193 Sq. M.,"Al Janadriyah, East Riyadh, Riyadh"
"650,000",Apartment,4,3,111 Sq. M.,"Al Rawdah, North Jeddah, Jeddah"
"685,000",Apartment,5,3,184 Sq. M.,"Al Mohamdya, Makkah"
"650,000",Apartment,5,4,155 Sq. M.,"Al Hamraa District, Makkah"
"500,000",Apartment,5,3,143 Sq. M.,"Dhahrat Laban, West Riyadh, Riyadh"
"550,000",Apartment,5,4,162 Sq. M.,"Al Hamra, Al Khobar"
"850,000",Apartment,4,3,164 Sq. M.,"Al Zahraa, North Jeddah, Jeddah"
"950,000",Villa,7,5,168 Sq. M.,"Tuwaiq, West Riyadh, Riyadh"
"480,000",Apartment,4,3,150 Sq. M.,"Dirab, West Riyadh, Riyadh"
"880,000",Villa,3,3,318 Sq. M.,"Al Nujum, Sabya Jazan Region"
"830,000",Floor,5,3,243 Sq. M.,"Dahiat Namar, West Riyadh, Riyadh"
"950,000",Villa,7,5,272 Sq. M.,"Tuwaiq, West Riyadh, Riyadh"
"1,000,000",Villa,4,3,320 Sq. M.,Abu Arish
"900,000",Apartment,3,4,171 Sq. M.,"Al Rimal, East Riyadh, Riyadh"
"720,000",Floor,3,3,179 Sq. M.,"Dahiat Namar, West Riyadh, Riyadh"
"1,050,000",Villa,6,6,300 Sq. M.,"Al Noor District, Khamis Mushait"
"550,000",Apartment,3,3,191 Sq. M.,"Al Faisaliyah, Sabya Jazan Region"
"750,000",Apartment,3,3,191 Sq. M.,"Al Faisaliyah, Sabya Jazan Region"
"550,000",Apartment,3,3,191 Sq. M.,"Al Faisaliyah, Sabya Jazan Region"
"550,000",Apartment,3,2,211 Sq. M.,"Al Sharaf, Khamis Mushait"
"19,000,000",Villa,5,5,"2,500 Sq. M.","King Abduallah, North Riyadh, Riyadh"
"3,000,000",Villa,5,5,300 Sq. M.,"King Abduallah, North Riyadh, Riyadh"
"1,650,000",Floor,4,5,203 Sq. M.,"Al Munsiyah, East Riyadh, Riyadh"
"5,200,000",Villa,4,3,400 Sq. M.,"Al Nafal, North Riyadh, Riyadh"
"1,100,000",Apartment,3,2,116 Sq. M.,"Al Shuhada, East Riyadh, Riyadh"
"1,330,000",Apartment,3,3,111 Sq. M.,"Al Malqa, North Riyadh, Riyadh"
"1,400,000",Apartment,2,2,202 Sq. M.,"Al Mahdiyah, West Riyadh, Riyadh"
"1,400,000",Villa,4,7,309 Sq. M.,"Al Lulu, Al Khobar"
"3,000,000",Villa,3,2,500 Sq. M.,"King Faisal, East Riyadh, Riyadh"
"3,500,000",Villa,8,6,875 Sq. M.,"Al Zahir, Makkah"
"930,000",Apartment,Studio,3,133 Sq. M.,"Al Munsiyah, East Riyadh, Riyadh"
"1,650,000",Villa,4,5,356 Sq. M.,"Al Bayan Neighborhood, East Riyadh, Riyadh"
"2,500,000",Villa,4,4,420 Sq. M.,"Tuwaiq, West Riyadh, Riyadh"
"790,000",Apartment,4,3,127 Sq. M.,"Al Rawdah, North Jeddah, Jeddah"
"3,500,000",Villa,5,5,960 Sq. M.,"Al Awali, Makkah"
"570,000",Apartment,5,3,175 Sq. M.,"Al Nwwariyah, Makkah"
"1,050,000",Villa,6,5,300 Sq. M.,"Al Noor District, Khamis Mushait"
"6,600,000",Villa,8,7,875 Sq. M.,"Al Munsiyah, East Riyadh, Riyadh"
"2,500,000",Villa,4,2,360 Sq. M.,"Al Yarmuk, East Riyadh, Riyadh"
"1,000,000",Villa,6,4,402 Sq. M.,"Al Aqrabiyah, Al Khobar"
"620,000",Villa,6,5,163 Sq. M.,"Okaz, South Riyadh, Riyadh"
"11,600,000",Rest House,5,4,"2,940 Sq. M.","Al Rimal, East Riyadh, Riyadh"
"1,250,000",Villa,4,5,188 Sq. M.,"Al Qadisiyah, East Riyadh, Riyadh"
"550,000",Villa,7,5,400 Sq. M.,"Al Ulayya, Unayzah"
"940,000",Villa,4,5,371 Sq. M.,"Al Manar, Unayzah"
"1,300,000",Villa,6,8,527 Sq. M.,"Al Amwaj, Al Khobar"
"1,150,000",Villa,3,5,170 Sq. M.,"Al Rimal, East Riyadh, Riyadh"
"595,000",Apartment,3,2,144 Sq. M.,"Al Hazm, West Riyadh, Riyadh"
"450,000",Apartment,4,3,102 Sq. M.,"Al Marwah, North Jeddah, Jeddah"
"15,000,000",Residential Building,11,11,674 Sq. M.,"Al Amal, Central Riyadh, Riyadh"
"760,000",Apartment,2,2,121 Sq. M.,"Al Yarmuk, East Riyadh, Riyadh"
"2,500,000",Villa,10,9,312 Sq. M.,"Al Saadah, East Riyadh, Riyadh"
"3,500,000",Villa,6,5,276 Sq. M.,"Al Arid, North Riyadh, Riyadh"
"700,000",Apartment,4,3,162 Sq. M.,"Al Janadriyah, East Riyadh, Riyadh"
"1,180,000",Apartment,4,5,148 Sq. M.,"Al Munsiyah, East Riyadh, Riyadh"
"1,200,000",Apartment,3,4,153 Sq. M.,"Al Munsiyah, East Riyadh, Riyadh"
"700,000",Apartment,4,3,177 Sq. M.,"Al Hamra, Al Khobar"
"1,850,000",Apartment,6,6,"2,000 Sq. M.","Al Nahdah, North Jeddah, Jeddah"
"4,000,000",Villa,3,3,490 Sq. M.,"Al Rawabi, East Riyadh, Riyadh"
"1,600,000",Villa,6,4,371 Sq. M.,"Tuwaiq, West Riyadh, Riyadh"
"8,500,000",Villa,6,6,651 Sq. M.,"Al Qadisiyah, East Riyadh, Riyadh"
"570,000",Apartment,5,3,177 Sq. M.,"Okaz, South Riyadh, Riyadh"
"780,000",Apartment,4,3,124 Sq. M.,"Al Rawdah, North Jeddah, Jeddah"
"4,500,000",Villa,8,8,312 Sq. M.,"Al Narjis, North Riyadh, Riyadh"
"3,800,000",Villa,7,5,600 Sq. M.,"Dhahrat Laban, West Riyadh, Riyadh"
"1,650,000",Floor,4,4,183 Sq. M.,"Al Munsiyah, East Riyadh, Riyadh"
"2,150,000",Villa,5,7,328 Sq. M.,"Al Rimal, East Riyadh, Riyadh"
"770,000",Apartment,4,4,630 Sq. M.,"Badr, South Riyadh, Riyadh"
"3,000,000",Villa,10,5,500 Sq. M.,"Al Muhammadiyah, North Jeddah, Jeddah"
"900,000",Apartment,3,3,142 Sq. M.,"Ghirnatah, East Riyadh, Riyadh"
"900,000",Villa,8,6,235 Sq. M.,"Al Qashashia Al Jadid, Makkah"
"650,000",Apartment,4,3,110 Sq. M.,"Dhahrat Laban, West Riyadh, Riyadh"
"1,900,000",Villa,11,10,500 Sq. M.,"Al Zahrah, West Riyadh, Riyadh"
"920,000",Apartment,4,4,166 Sq. M.,"Al Zahraa, North Jeddah, Jeddah"
"590,000",Apartment,3,4,168 Sq. M.,"Al Hamra, Al Khobar"
"950,000",Apartment,3,4,163 Sq. M.,"Al Rimal, East Riyadh, Riyadh"
"700,000",Apartment,4,3,114 Sq. M.,"Al Rawdah, North Jeddah, Jeddah"
"900,000",Floor,4,4,175 Sq. M.,"Dahiat Namar, West Riyadh, Riyadh"
"1,050,000",Floor,5,4,177 Sq. M.,"Al Suwaidi Al Gharabi, West Riyadh, Riyadh"
"1,250,000",Villa,5,4,341 Sq. M.,"Badr, South Riyadh, Riyadh"
"6,250,000",Rest House,2,2,"2,520 Sq. M.","Al Rimal, East Riyadh, Riyadh"
"1,350,000",Villa,4,4,300 Sq. M.,"Al Yaqout, North Jeddah, Jeddah"
"3,000,000",Villa,9,7,360 Sq. M.,"Al Qadisiyah, East Riyadh, Riyadh"
"4,000,000",Villa,4,3,350 Sq. M.,"King Abduallah, North Riyadh, Riyadh"
"6,250,000",Rest House,5,5,"2,520 Sq. M.","Al Rimal, East Riyadh, Riyadh"
"640,000",Apartment,3,3,154 Sq. M.,"Alawali, West Riyadh, Riyadh"
"3,700,000",Villa,4,5,703 Sq. M.,"Al Nahdah, East Riyadh, Riyadh"
"24,000,000",Building,10,10,900 Sq. M.,"Al Narjis, North Riyadh, Riyadh"
"750,000",Apartment,3,3,89 Sq. M.,"Al Uraija Al Gharbiyah, West Riyadh, Riyadh"
"1,050,000",Villa,4,4,269 Sq. M.,"Tuwaiq, West Riyadh, Riyadh"
"620,000",Villa,4,4,160 Sq. M.,"Okaz, South Riyadh, Riyadh"
"4,500,000",Apartment,4,3,365 Sq. M.,"Obhur Al Janoubiyah, North Jeddah, Jeddah"
"1,700,000",Villa,5,6,225 Sq. M.,"Al Rimal, East Riyadh, Riyadh"
"390,000",Apartment,3,3,99 Sq. M.,"Al Dar Al Baida, South Riyadh, Riyadh"
"650,000",Apartment,3,3,56 Sq. M.,"Al Rimal, East Riyadh, Riyadh"
"3,600,000",Villa,11,5,375 Sq. M.,"Al Mahdiyah, West Riyadh, Riyadh"
"1,350,000",Villa,5,5,311 Sq. M.,"Tuwaiq, West Riyadh, Riyadh"
"820,000",Floor,3,3,157 Sq. M.,"Tuwaiq, West Riyadh, Riyadh"
"5,200,000",Villa,5,5,360 Sq. M.,"Al Khalidiyah, North Jeddah, Jeddah"
"630,000",Apartment,3,3,123 Sq. M.,"Dhahrat Laban, West Riyadh, Riyadh"
"1,300,000",Floor,3,2,232 Sq. M.,"Al Nahdah, East Riyadh, Riyadh"
"760,000",Apartment,5,4,163 Sq. M.,Dhahran
"760,000",Apartment,5,4,163 Sq. M.,Dhahran
"760,000",Apartment,4,4,163 Sq. M.,Dhahran
"760,000",Apartment,5,4,163 Sq. M.,Dhahran
"590,000",Apartment,4,3,177 Sq. M.,"Al Zuhur, Dammam"
"590,000",Apartment,5,4,177 Sq. M.,"Al Zuhur, Dammam"
"990,000",Apartment,3,3,121 Sq. M.,"Al Yarmuk, East Riyadh, Riyadh"
"590,000",Apartment,4,4,177 Sq. M.,"Al Zuhur, Dammam"
"590,000",Apartment,4,4,177 Sq. M.,"Al Zuhur, Dammam"
"590,000",Apartment,5,4,177 Sq. M.,"Al Zuhur, Dammam"
"590,000",Apartment,5,4,177 Sq. M.,"Al Zuhur, Dammam"
"850,000",Floor,6,3,212 Sq. M.,"Tuwaiq, West Riyadh, Riyadh"
"950,000",Floor,4,4,192 Sq. M.,"Al Qadisiyah, East Riyadh, Riyadh"
"720,000",Apartment,4,3,117 Sq. M.,"Al Rawdah, North Jeddah, Jeddah"
"938,000",Apartment,3,3,135 Sq. M.,"Al Munsiyah, East Riyadh, Riyadh"
"620,000",Apartment,5,3,205 Sq. M.,"Ash Shamiya Al Jadid, Makkah"
"970,000",Floor,3,3,184 Sq. M.,"Al Rimal, East Riyadh, Riyadh"
"930,000",Floor,3,3,156 Sq. M.,"Al Rimal, East Riyadh, Riyadh"
"1,150,000",Floor,3,3,195 Sq. M.,"Al Rimal, East Riyadh, Riyadh"
"750,000",Apartment,2,2,113 Sq. M.,"Al Rimal, East Riyadh, Riyadh"
"1,200,000",Floor,3,3,222 Sq. M.,"Al Rimal, East Riyadh, Riyadh"
"700,000",Apartment,4,3,112 Sq. M.,"Al Rawdah, North Jeddah, Jeddah"
"1,200,000",Villa,3,3,157 Sq. M.,"Al Rimal, East Riyadh, Riyadh"
"720,000",Apartment,4,3,117 Sq. M.,"Al Rawdah, North Jeddah, Jeddah"
"1,650,000",Floor,4,5,183 Sq. M.,"Al Munsiyah, East Riyadh, Riyadh"
"1,300,000",Floor,3,4,167 Sq. M.,"Al Rimal, East Riyadh, Riyadh"
"2,450,000",Villa,5,6,500 Sq. M.,"Al Mahdiyah, West Riyadh, Riyadh"
"1,765,000",Apartment,3,4,129 Sq. M.,"Al Narjis, North Riyadh, Riyadh"
"950,000",Floor,3,3,195 Sq. M.,"Al Janadriyah, East Riyadh, Riyadh"
"1,100,000",Floor,3,3,276 Sq. M.,"Al Maizilah, East Riyadh, Riyadh"
"900,000",Floor,3,3,276 Sq. M.,"Al Maizilah, East Riyadh, Riyadh"
"490,000",Apartment,3,2,93 Sq. M.,"Al Zahraa, North Jeddah, Jeddah"
"650,000",Apartment,4,3,125 Sq. M.,"Dhahrat Laban, West Riyadh, Riyadh"
"1,250,000",Villa,8,7,289 Sq. M.,"Al Rimal, East Riyadh, Riyadh"
"800,000",Apartment,2,3,98 Sq. M.,"Al Rimal, East Riyadh, Riyadh"
"550,000",Apartment,3,3,191 Sq. M.,"Al Faisaliyah, Sabya Jazan Region"
"950,000",Floor,4,4,192 Sq. M.,"Al Qadisiyah, East Riyadh, Riyadh"
"900,000",Apartment,3,3,123 Sq. M.,"Dhahrat Laban, West Riyadh, Riyadh"
"770,000",Apartment,3,3,630 Sq. M.,"Badr, South Riyadh, Riyadh"
"760,000",Floor,4,4,214 Sq. M.,"Badr, South Riyadh, Riyadh"
"700,000",Apartment,4,3,112 Sq. M.,"Al Rawdah, North Jeddah, Jeddah"
"1,600,000",Floor,4,5,206 Sq. M.,"Al Munsiyah, East Riyadh, Riyadh"
"5,600,000",Villa,4,7,560 Sq. M.,"Al Ghadir, North Riyadh, Riyadh"
"850,000",Apartment,3,3,129 Sq. M.,"Al Mahdiyah, West Riyadh, Riyadh"
"800,000",Apartment,3,3,140 Sq. M.,"Al Mahdiyah, West Riyadh, Riyadh"
"950,000",Apartment,4,3,163 Sq. M.,"Al Mahdiyah, West Riyadh, Riyadh"
"820,000",Apartment,3,3,108 Sq. M.,"Al Mahdiyah, West Riyadh, Riyadh"
"800,000",Apartment,3,3,478 Sq. M.,"Al Mahdiyah, West Riyadh, Riyadh"
"3,100,000",Villa,5,6,312 Sq. M.,"Al Rimal, East Riyadh, Riyadh"
"3,000,000",Villa,6,7,343 Sq. M.,"Al Rimal, East Riyadh, Riyadh"
"800,000",Apartment,4,4,630 Sq. M.,"Badr, South Riyadh, Riyadh"
"530,000",Residential Building,4,3,120 Sq. M.,"Al Waha, North Jeddah, Jeddah"
"700,000",Apartment,2,3,104 Sq. M.,"Al Saadah, East Riyadh, Riyadh"
"980,000",Apartment,3,3,143 Sq. M.,"Al Suwaidi, West Riyadh, Riyadh"
"980,000",Apartment,3,3,143 Sq. M.,"Al Suwaidi, West Riyadh, Riyadh"
"800,000",Apartment,4,4,630 Sq. M.,"Badr, South Riyadh, Riyadh"
"1,150,000",Apartment,3,3,147 Sq. M.,"Al Munsiyah, East Riyadh, Riyadh"
"1,350,000",Villa,4,4,311 Sq. M.,"Tuwaiq, West Riyadh, Riyadh"
"800,000",Apartment,6,4,229 Sq. M.,"Al Safa, North Jeddah, Jeddah"
"740,000",Apartment,5,3,166 Sq. M.,"Al Nuzhah, North Jeddah, Jeddah"
"1,500,000",Apartment,8,5,330 Sq. M.,"Al Hamdaniyah, North Jeddah, Jeddah"
"780,000",Apartment,4,3,121 Sq. M.,"Al Rawdah, North Jeddah, Jeddah"
"1,550,000",Villa,6,6,381 Sq. M.,"Al Sawari, North Jeddah, Jeddah"
"2,350,000",Villa,11,5,625 Sq. M.,"Al Zahrah, West Riyadh, Riyadh"
"900,000",Floor,3,3,177 Sq. M.,"Al Janadriyah, East Riyadh, Riyadh"
"1,600,000",Floor,5,5,223 Sq. M.,"Al Munsiyah, East Riyadh, Riyadh"
"1,200,000",Floor,4,3,208 Sq. M.,"Al Rimal, East Riyadh, Riyadh"
"1,600,000",Floor,4,5,575 Sq. M.,"Al Rawdah, East Riyadh, Riyadh"
"1,550,000",Apartment,4,3,138 Sq. M.,"Al Malqa, North Riyadh, Riyadh"
"700,000",Apartment,4,3,728 Sq. M.,"Al Zahraa, North Jeddah, Jeddah"
"1,700,000",Apartment,5,4,"2,000 Sq. M.","Al Nahdah, North Jeddah, Jeddah"
"795,000",Apartment,4,4,"2,000 Sq. M.","Al Nahdah, North Jeddah, Jeddah"
"550,000",Apartment,2,2,600 Sq. M.,"Al Nahdah, North Jeddah, Jeddah"
"625,000",Apartment,3,4,763 Sq. M.,"Al Nahdah, North Jeddah, Jeddah"
"900,000",Apartment,4,4,763 Sq. M.,"Al Nahdah, North Jeddah, Jeddah"
"494,000",Apartment,4,4,"3,200 Sq. M.","Al Faisaliyah, Central Jeddah, Jeddah"
"475,000",Apartment,3,4,660 Sq. M.,"Al Salamah, North Jeddah, Jeddah"
"3,000,000",Villa,9,7,"1,320 Sq. M.","Dhahrat Al Badiah, West Riyadh, Riyadh"
"6,700,000",Villa,8,7,900 Sq. M.,"Al Quds, East Riyadh, Riyadh"
"2,000,000",Villa,6,5,220 Sq. M.,"Al Yarmuk, East Riyadh, Riyadh"
"4,000,000",Villa,7,5,339 Sq. M.,"Al Hamdaniyah, North Jeddah, Jeddah"
"950,000",Floor,3,4,185 Sq. M.,"Al Nahdah, East Riyadh, Riyadh"
"1,850,000",Floor,4,4,200 Sq. M.,"Qurtubah, East Riyadh, Riyadh"
"2,150,000",Villa,5,8,275 Sq. M.,"Al Qadisiyah, East Riyadh, Riyadh"
"2,400,000",Villa,5,8,250 Sq. M.,"Al Yarmuk, East Riyadh, Riyadh"
"2,150,000",Villa,5,8,225 Sq. M.,"Al Rimal, East Riyadh, Riyadh"
"4,200,000",Villa,6,5,371 Sq. M.,"Al Munsiyah, East Riyadh, Riyadh"
"1,003,000",Apartment,4,3,132 Sq. M.,"Al Munsiyah, East Riyadh, Riyadh"
"16,000,000",Villa,10,10,500 Sq. M.,"Al Malqa, North Riyadh, Riyadh"
"3,900,000",Villa,5,5,312 Sq. M.,"Al Arid, North Riyadh, Riyadh"
"1,350,000",Villa,8,7,303 Sq. M.,"Al Rimal, East Riyadh, Riyadh"
"1,250,000",Floor,4,3,210 Sq. M.,"Al Rimal, East Riyadh, Riyadh"
"971,000",Apartment,4,3,110 Sq. M.,"Al Munsiyah, East Riyadh, Riyadh"
"1,300,000",Floor,4,4,180 Sq. M.,"Al Nahdah, East Riyadh, Riyadh"
"850,000",Apartment,3,3,162 Sq. M.,"Al Rimal, East Riyadh, Riyadh"
"1,380,000",Apartment,4,4,128 Sq. M.,"Qurtubah, East Riyadh, Riyadh"
"1,600,000",Floor,5,4,223 Sq. M.,"Al Munsiyah, East Riyadh, Riyadh"
"1,350,000",Floor,4,3,205 Sq. M.,"Al Rimal, East Riyadh, Riyadh"
"1,100,000",Apartment,6,5,189 Sq. M.,"Alawali, West Riyadh, Riyadh"
"2,650,000",Villa,6,5,80 Sq. M.,"Al Nahdah, East Riyadh, Riyadh"
"1,350,000",Floor,3,4,193 Sq. M.,"Al Khaleej, East Riyadh, Riyadh"
"1,700,000",Apartment,4,3,197 Sq. M.,"Qurtubah, East Riyadh, Riyadh"
"1,250,000",Floor,4,5,307 Sq. M.,"Al Janadriyah, East Riyadh, Riyadh"
"950,000",Floor,4,4,271 Sq. M.,"Al Janadriyah, East Riyadh, Riyadh"
"945,000",Apartment,4,3,120 Sq. M.,"Al Munsiyah, East Riyadh, Riyadh"
"3,650,000",Villa,6,5,324 Sq. M.,"Al Munsiyah, East Riyadh, Riyadh"
"1,250,000",Floor,4,3,260 Sq. M.,"Al Qadisiyah, East Riyadh, Riyadh"
"1,350,000",Floor,5,5,232 Sq. M.,"Al Qadisiyah, East Riyadh, Riyadh"
"2,750,000",Villa,5,7,317 Sq. M.,"Al Khaleej, East Riyadh, Riyadh"
"1,650,000",Floor,4,4,198 Sq. M.,"Qurtubah, East Riyadh, Riyadh"
"1,450,000",Apartment,4,3,156 Sq. M.,"Qurtubah, East Riyadh, Riyadh"
"1,650,000",Floor,3,4,172 Sq. M.,"Qurtubah, East Riyadh, Riyadh"
"3,050,000",Villa,5,7,390 Sq. M.,"Al Nahdah, East Riyadh, Riyadh"
"1,250,000",Floor,4,4,230 Sq. M.,"Al Khaleej, East Riyadh, Riyadh"
"2,100,000",Villa,5,8,328 Sq. M.,"Al Rimal, East Riyadh, Riyadh"
"2,600,000",Villa,5,6,411 Sq. M.,"Al Yarmuk, East Riyadh, Riyadh"
"3,600,000",Villa,6,9,320 Sq. M.,"Al Munsiyah, East Riyadh, Riyadh"
"1,700,000",Villa,5,8,225 Sq. M.,"Al Rimal, East Riyadh, Riyadh"
"1,200,000",Floor,4,4,222 Sq. M.,"Al Qadisiyah, East Riyadh, Riyadh"
"2,400,000",Villa,7,8,460 Sq. M.,"Al Nahdah, East Riyadh, Riyadh"
"850,000",Apartment,3,3,88 Sq. M.,"Al Qadisiyah, East Riyadh, Riyadh"
"1,550,000",Floor,4,5,251 Sq. M.,"Al Khaleej, East Riyadh, Riyadh"
"4,200,000",Villa,6,8,371 Sq. M.,"Al Munsiyah, East Riyadh, Riyadh"
"3,650,000",Villa,6,8,324 Sq. M.,"Al Munsiyah, East Riyadh, Riyadh"
"1,500,000",Floor,4,5,213 Sq. M.,"Al Yarmuk, East Riyadh, Riyadh"
"1,450,000",Floor,3,4,141 Sq. M.,"Al Munsiyah, East Riyadh, Riyadh"
"3,700,000",Villa,7,8,343 Sq. M.,"Qurtubah, East Riyadh, Riyadh"
"3,500,000",Villa,5,8,264 Sq. M.,"Qurtubah, East Riyadh, Riyadh"
"1,350,000",Floor,3,4,193 Sq. M.,"Al Khaleej, East Riyadh, Riyadh"
"5,700,000",Villa,7,7,525 Sq. M.,"Al Rabi, North Riyadh, Riyadh"
"1,200,000",Apartment,5,4,193 Sq. M.,"Al Nahdah, North Jeddah, Jeddah"
"4,000,000",Villa,8,4,345 Sq. M.,"Al Wadi, North Riyadh, Riyadh"
"830,000",Apartment,4,3,140 Sq. M.,"Al Salamah, North Jeddah, Jeddah"
"650,000",Apartment,5,3,133 Sq. M.,"Dhahrat Laban, West Riyadh, Riyadh"
"3,200,000",Villa,11,11,418 Sq. M.,"Al Mahdiyah, West Riyadh, Riyadh"
"1,200,000",Floor,4,4,206 Sq. M.,"Al Rimal, East Riyadh, Riyadh"
"1,400,000",Floor,4,4,201 Sq. M.,"Al Nahdah, East Riyadh, Riyadh"
"1,800,000",Floor,3,4,197 Sq. M.,"Qurtubah, East Riyadh, Riyadh"
"2,700,000",Villa,6,7,300 Sq. M.,"Al Shati, North Jeddah, Jeddah"
"3,000,000",Villa,6,7,270 Sq. M.,"Al Narjis, North Riyadh, Riyadh"
"820,000",Apartment,5,4,210 Sq. M.,"Al Safa, North Jeddah, Jeddah"
"620,000",Apartment,5,4,174 Sq. M.,"Al Safa, North Jeddah, Jeddah"
"4,000,000",Apartment,3,4,137 Sq. M.,"Al Olaya, North Riyadh, Riyadh"
"790,000",Apartment,6,5,252 Sq. M.,"Al Manar, North Jeddah, Jeddah"
"805,000",Apartment,7,4,276 Sq. M.,"Al Zuhur, Abha"
"510,000",Apartment,4,3,157 Sq. M.,"Al Qayam Al Aala, Taif"
"560,000",Apartment,3,3,132 Sq. M.,"Al Qalt, Taif"
"660,000",Apartment,6,5,244 Sq. M.,"Akhbab, Taif"
"630,000",Apartment,5,4,172 Sq. M.,"As Salamah, Makkah"
"660,000",Apartment,5,3,179 Sq. M.,"Al Mohamdya, Makkah"
"1,200,000",Apartment,3,4,233 Sq. M.,"Al Rimal, East Riyadh, Riyadh"
"4,500,000",Villa,4,7,333 Sq. M.,"Al Arid, North Riyadh, Riyadh"
"4,000,000",Villa,11,7,420 Sq. M.,"Al Mahdiyah, West Riyadh, Riyadh"
"700,000",Apartment,4,4,"2,400 Sq. M.","Al Rawdah, North Jeddah, Jeddah"
"1,700,000",Apartment,5,4,"2,000 Sq. M.","Al Nahdah, North Jeddah, Jeddah"
"494,000",Apartment,4,4,"3,200 Sq. M.","Al Faisaliyah, Central Jeddah, Jeddah"
"475,000",Apartment,3,4,660 Sq. M.,"Al Salamah, North Jeddah, Jeddah"
"580,000",Apartment,4,4,660 Sq. M.,"Al Salamah, North Jeddah, Jeddah"
"730,000",Apartment,4,4,763 Sq. M.,"Al Nahdah, North Jeddah, Jeddah"
"795,000",Apartment,4,4,"2,000 Sq. M.","Al Nahdah, North Jeddah, Jeddah"
"240,000",Apartment,1,1,"3,200 Sq. M.","Al Faisaliyah, Central Jeddah, Jeddah"
"360,000",Apartment,3,4,"3,200 Sq. M.","Al Faisaliyah, Central Jeddah, Jeddah"
"1,550,000",Apartment,6,5,235 Sq. M.,"Al Zahraa, North Jeddah, Jeddah"
"700,000",Apartment,4,3,728 Sq. M.,"Al Zahraa, North Jeddah, Jeddah"
"550,000",Apartment,2,3,763 Sq. M.,"Al Nahdah, North Jeddah, Jeddah"
"770,000",Apartment,4,3,600 Sq. M.,"Al Nahdah, North Jeddah, Jeddah"
"550,000",Apartment,2,2,600 Sq. M.,"Al Nahdah, North Jeddah, Jeddah"
"800,000",Apartment,4,4,696 Sq. M.,"Al Nahdah, North Jeddah, Jeddah"
"1,130,000",Apartment,6,5,660 Sq. M.,"Al Salamah, North Jeddah, Jeddah"
"490,000",Apartment,4,3,132 Sq. M.,"Al Rayaan, North Jeddah, Jeddah"
"20,000,000",Villa,7,8,540 Sq. M.,"Al Malqa, North Riyadh, Riyadh"
"1,500,000",Floor,2,2,108 Sq. M.,"Al Olaya, North Riyadh, Riyadh"
"570,000",Apartment,5,3,146 Sq. M.,"Al Safa, North Jeddah, Jeddah"
"750,000",Apartment,3,3,159 Sq. M.,"Tuwaiq, West Riyadh, Riyadh"
"420,000",Apartment,3,3,143 Sq. M.,"Al Naim, North Jeddah, Jeddah"
"549,000",Apartment,3,3,120 Sq. M.,"Mishrifah, North Jeddah, Jeddah"
"6,800,000",Villa,9,6,450 Sq. M.,"Al Malqa, North Riyadh, Riyadh"
"840,000",Apartment,5,3,121 Sq. M.,"Al Bawadi, North Jeddah, Jeddah"
"650,000",Apartment,3,3,115 Sq. M.,"Al Zahraa, North Jeddah, Jeddah"
"700,000",Apartment,5,4,173 Sq. M.,"Al Rayaan, North Jeddah, Jeddah"
"460,000",Apartment,3,3,110 Sq. M.,"Dirab, West Riyadh, Riyadh"
"2,100,000",Villa,7,7,360 Sq. M.,"Al Rimal, East Riyadh, Riyadh"
590,Apartment,4,3,229 Sq. M.,"Al Hazm, West Riyadh, Riyadh"
"5,100,000",Villa,7,6,450 Sq. M.,"Al Yasmin, North Riyadh, Riyadh"
"550,000",Apartment,4,3,900 Sq. M.,"Badr, South Riyadh, Riyadh"
"5,400,000",Villa,8,5,450 Sq. M.,"Al Narjis, North Riyadh, Riyadh"
"1,000,000",Floor,3,3,177 Sq. M.,"Al Janadriyah, East Riyadh, Riyadh"
"1,800,000",Villa,4,5,875 Sq. M.,"Al Sheraa, Al Khobar"
"1,400,000",Villa,5,5,200 Sq. M.,"Tuwaiq, West Riyadh, Riyadh"
"600,000",Apartment,4,2,105 Sq. M.,"Dhahrat Laban, West Riyadh, Riyadh"
"1,850,000",Apartment,3,3,141 Sq. M.,"Hittin, North Riyadh, Riyadh"
"660,000",Apartment,5,4,175 Sq. M.,"Al Safa, North Jeddah, Jeddah"
"550,000",Apartment,4,4,144 Sq. M.,"Al Safa, North Jeddah, Jeddah"
"1,000,000",Apartment,3,4,106 Sq. M.,"Al Khaleej, East Riyadh, Riyadh"
"1,150,000",Floor,4,4,230 Sq. M.,"Al Khaleej, East Riyadh, Riyadh"
"1,700,000",Floor,3,4,242 Sq. M.,"Al Munsiyah, East Riyadh, Riyadh"
"870,000",Villa,3,5,235 Sq. M.,"Okaz, South Riyadh, Riyadh"
"3,200,000",Villa,5,5,258 Sq. M.,"Al Narjis, North Riyadh, Riyadh"
"930,000",Villa,5,3,310 Sq. M.,"Al Wafa Scheme, North Jeddah, Jeddah"
"800,000",Apartment,2,4,120 Sq. M.,"Al Mahdiyah, West Riyadh, Riyadh"
"2,600,000",Villa,5,5,415 Sq. M.,"Al Maizilah, East Riyadh, Riyadh"
"6,000,000",Apartment,4,4,441 Sq. M.,"Al Shati, North Jeddah, Jeddah"
"1,450,000",Villa,5,5,252 Sq. M.,"Al Rimal, East Riyadh, Riyadh"
"900,000",Apartment,5,4,257 Sq. M.,"Al Shawqiyyah, Makkah"
"1,150,000",Floor,3,4,196 Sq. M.,"Al Nahdah, East Riyadh, Riyadh"
"1,500,000",Floor,4,3,185 Sq. M.,"Al Munsiyah, East Riyadh, Riyadh"
"1,350,000",Villa,5,5,303 Sq. M.,"Al Rimal, East Riyadh, Riyadh"
"3,100,000",Villa,5,6,312 Sq. M.,"Al Rimal, East Riyadh, Riyadh"
"1,100,000",Floor,3,4,206 Sq. M.,"Al Qadisiyah, East Riyadh, Riyadh"
"880,000",Floor,3,4,204 Sq. M.,"Al Qadisiyah, East Riyadh, Riyadh"
"1,250,000",Villa,4,4,274 Sq. M.,"Al Janadriyah, East Riyadh, Riyadh"
"950,000",Floor,4,4,192 Sq. M.,"Al Qadisiyah, East Riyadh, Riyadh"
"1,500,000",Floor,3,4,189 Sq. M.,"King Faisal, East Riyadh, Riyadh"
"2,100,000",Villa,5,5,332 Sq. M.,"Al Mahdiyah, West Riyadh, Riyadh"
"1,531,000",Villa,5,6,344 Sq. M.,"Ayn Al Khif, Madina"
"395,000",Apartment,3,3,104 Sq. M.,"Al Rayaan, North Jeddah, Jeddah"
"7,000,000",Rest House,4,5,"5,000 Sq. M.","Al Afjah, Al Kharj Riyadh Region"
"1,950,000",Villa,5,5,400 Sq. M.,"Al Mahdiyah, West Riyadh, Riyadh"
"2,250,000",Rest House,3,5,487 Sq. M.,"Al Kair District, North Riyadh, Riyadh"
"970,000",Floor,3,4,220 Sq. M.,"Tuwaiq, West Riyadh, Riyadh"
"3,099,000",Villa,5,4,301 Sq. M.,"Al Quds, East Riyadh, Riyadh"
"590,000",Apartment,5,4,177 Sq. M.,"Al Zuhur, Dammam"
"780,000",Floor,5,4,149 Sq. M.,"Okaz, South Riyadh, Riyadh"
"1,200,000",Floor,4,4,196 Sq. M.,"Al Yarmuk, East Riyadh, Riyadh"
"7,000,000",Villa,5,7,625 Sq. M.,"Al Masif, North Riyadh, Riyadh"
"590,000",Apartment,5,4,177 Sq. M.,"Al Zuhur, Dammam"
"1,250,000",Floor,3,4,196 Sq. M.,"Al Khaleej, East Riyadh, Riyadh"
"1,550,000",Floor,4,5,206 Sq. M.,"Al Munsiyah, East Riyadh, Riyadh"
"990,000",Apartment,3,2,157 Sq. M.,"Al Khaleej, East Riyadh, Riyadh"
"1,300,000",Floor,4,4,255 Sq. M.,"Al Qadisiyah, East Riyadh, Riyadh"
"590,000",Apartment,3,3,123 Sq. M.,"Al Sawari, North Jeddah, Jeddah"
"1,600,000",Villa,7,6,437 Sq. M.,"Al Sheraa, Al Khobar"
"550,000",Apartment,5,4,195 Sq. M.,"Al Zaitoon, Ahad Rafidah"
"1,350,000",Villa,11,10,300 Sq. M.,"Al Rahmanyah, North Jeddah, Jeddah"
"680,000",Apartment,4,4,228 Sq. M.,"Badr, Dammam"
"759,000",Apartment,5,3,267 Sq. M.,"Umm Al Rasf, Taif"
"1,150,000",Floor,7,5,260 Sq. M.,"Al Dar Al Baida, South Riyadh, Riyadh"
"900,000",Villa,6,5,481 Sq. M.,"Al Maealaa, Ahad Rafidah"
"780,000",Villa,5,3,323 Sq. M.,"Al Waslya, Taif"
"950,000",Villa,7,5,422 Sq. M.,"As Sail Al Kabeer, Taif"
"550,000",Apartment,4,5,197 Sq. M.,"Okaz, South Riyadh, Riyadh"
"780,000",Floor,4,4,227 Sq. M.,"Al Aziziyah, South Riyadh, Riyadh"
"650,000",Apartment,5,4,217 Sq. M.,"Al Rayaan, North Jeddah, Jeddah"
"640,000",Apartment,5,4,217 Sq. M.,"Al Rayaan, North Jeddah, Jeddah"
"575,000",Apartment,5,3,151 Sq. M.,"Al Marwah, North Jeddah, Jeddah"
"2,500,000",Villa,10,8,600 Sq. M.,"Al Nahdah, East Riyadh, Riyadh"
"2,200,000",Villa,5,4,416 Sq. M.,"Jarir, Central Riyadh, Riyadh"
"2,000,000",Villa,7,7,437 Sq. M.,"Al Saif, Dammam"
"730,000",Floor,4,4,131 Sq. M.,"Al Saadah, East Riyadh, Riyadh"
"560,000",Apartment,3,3,226 Sq. M.,"Al Dhurfah, Khamis Mushait"
"520,000",Apartment,4,4,139 Sq. M.,"Al Safa, North Jeddah, Jeddah"
"4,000,000",Rest House,5,5,"1,143 Sq. M.",Sedous
"1,000,000",Floor,8,5,300 Sq. M.,"Al Shifa, South Riyadh, Riyadh"
"829,000",Apartment,3,3,207 Sq. M.,"Al Rayyan, East Riyadh, Riyadh"
"1,450,000",Villa,4,8,510 Sq. M.,"Al Narjis, North Riyadh, Riyadh"
"1,350,000",Villa,5,5,303 Sq. M.,"Al Rimal, East Riyadh, Riyadh"
"2,208,000",Villa,5,6,552 Sq. M.,"Al Safa, East Riyadh, Riyadh"
"2,713,000",Villa,5,7,296 Sq. M.,"Al Narjis, North Riyadh, Riyadh"
"520,000",Apartment,4,3,126 Sq. M.,"Al Shawqiyyah, Makkah"
"950,000",Villa,6,6,300 Sq. M.,"Al Lulu, Al Khobar"
"940,000",Villa,5,5,286 Sq. M.,"Al Janadriyah, East Riyadh, Riyadh"
"940,000",Villa,6,6,174 Sq. M.,"Al Janadriyah, East Riyadh, Riyadh"
"1,290,000",Villa,6,6,302 Sq. M.,"Al Janadriyah, East Riyadh, Riyadh"
"900,000",Villa,6,5,178 Sq. M.,"Al Janadriyah, East Riyadh, Riyadh"
"3,000,000",Villa,10,7,600 Sq. M.,"Al Nasim Al Gharbi, East Riyadh, Riyadh"
"21,000,000",Villa,11,7,"1,400 Sq. M.","King Salman, Riyadh"
"1,550,000",Floor,4,4,206 Sq. M.,"Al Munsiyah, East Riyadh, Riyadh"
"2,150,000",Villa,5,8,225 Sq. M.,"Al Rimal, East Riyadh, Riyadh"
"868,000",Apartment,3,3,132 Sq. M.,"Al Munsiyah, East Riyadh, Riyadh"
"320,000",Apartment,3,2,93 Sq. M.,"Al Mraikh, North Jeddah, Jeddah"
"2,600,000",Villa,3,4,600 Sq. M.,"Al Bayan Neighborhood, East Riyadh, Riyadh"
"4,000,000",Villa,10,7,750 Sq. M.,"Al Mahdiyah, West Riyadh, Riyadh"
"2,600,000",Villa,7,7,424 Sq. M.,"Al Bayan Neighborhood, East Riyadh, Riyadh"
"580,000",Apartment,3,3,157 Sq. M.,"Wadi Jalil, Makkah"
"3,500,000",Villa,3,4,250 Sq. M.,"Sidra, Riyadh"
"620,000",Apartment,4,4,209 Sq. M.,"Al Ranuna, Madina"
"350,000",Apartment,3,2,111 Sq. M.,"Al Ranuna, Madina"
"650,000",Villa,3,3,240 Sq. M.,"Al Muruj, Unayzah"
"950,000",Floor,4,3,158 Sq. M.,"Al Saadah, East Riyadh, Riyadh"
"700,434",Residential Land,10,4,918 Sq. M.,"Al Nakhbah, Riyadh"
"3,700,000",Villa,7,8,357 Sq. M.,"Qurtubah, East Riyadh, Riyadh"
"3,000,000",Villa,5,6,343 Sq. M.,"Al Rimal, East Riyadh, Riyadh"
"880,000",Floor,3,4,204 Sq. M.,"Al Qadisiyah, East Riyadh, Riyadh"
"2,750,000",Villa,5,7,317 Sq. M.,"Al Khaleej, East Riyadh, Riyadh"
"2,100,000",Villa,5,8,328 Sq. M.,"Al Rimal, East Riyadh, Riyadh"
"2,850,000",Villa,4,8,312 Sq. M.,"Al Rimal, East Riyadh, Riyadh"
"3,500,000",Villa,7,8,357 Sq. M.,"Qurtubah, East Riyadh, Riyadh"
"2,750,000",Villa,5,8,376 Sq. M.,"Al Yarmuk, East Riyadh, Riyadh"
"700,000",Apartment,4,3,112 Sq. M.,"Al Rawdah, North Jeddah, Jeddah"
"2,450,000",Villa,5,6,500 Sq. M.,"Al Mahdiyah, West Riyadh, Riyadh"
"730,000",Apartment,5,3,130 Sq. M.,"Al Naim, North Jeddah, Jeddah"
"670,000",Villa,5,7,240 Sq. M.,"Al Muruj, Unayzah"
"700,000",Apartment,5,4,186 Sq. M.,"Al Hamdaniyah, North Jeddah, Jeddah"
"600,000",Villa,5,7,260 Sq. M.,"Al Muruj, Unayzah"
"980,000",Apartment,3,3,143 Sq. M.,"Al Suwaidi, West Riyadh, Riyadh"
"980,000",Apartment,3,3,143 Sq. M.,"Al Suwaidi, West Riyadh, Riyadh"
"770,000",Apartment,4,4,630 Sq. M.,"Badr, South Riyadh, Riyadh"
"900,000",Floor,3,5,177 Sq. M.,"Al Wasam, Riyadh"
"1,650,000",Apartment,3,3,148 Sq. M.,"Al Malqa, North Riyadh, Riyadh"
"1,850,000",Villa,5,5,191 Sq. M.,"Al Arid, North Riyadh, Riyadh"
"700,000",Apartment,5,3,169 Sq. M.,"Al Sawari, North Jeddah, Jeddah"
"1,500,000",Rest House,5,2,"2,000 Sq. M.",Qarih Dirab
"2,099,000",Floor,3,4,204 Sq. M.,"Al Nafal, North Riyadh, Riyadh"
"800,000",Floor,3,2,147 Sq. M.,"Al Bayan Neighborhood, East Riyadh, Riyadh"
"4,224,000",Villa,7,7,528 Sq. M.,"Al Olaya, North Riyadh, Riyadh"
"560,000",Apartment,5,4,146 Sq. M.,"Al Zuhur, Dammam"
"1,100,000",Apartment,4,4,181 Sq. M.,"Dhahrat Laban, West Riyadh, Riyadh"
"1,380,000",Villa,4,3,341 Sq. M.,"Al Saadah, East Riyadh, Riyadh"
"1,950,000",Villa,8,7,400 Sq. M.,"Tuwaiq, West Riyadh, Riyadh"
"1,800,000",Villa,9,6,200 Sq. M.,"Al Mahdiyah, West Riyadh, Riyadh"
"700,000",Apartment,3,3,"1,050 Sq. M.","Dhahrat Laban, West Riyadh, Riyadh"
"2,300,000",Villa,7,5,310 Sq. M.,"Al Naim, North Jeddah, Jeddah"
"690,000",Apartment,3,3,312 Sq. M.,"Al Rimal, East Riyadh, Riyadh"
"4,000,000",Villa,4,4,300 Sq. M.,"Al Arid, North Riyadh, Riyadh"
"285,000",Apartment,2,2,"1,251 Sq. M.","Al Jameah District, South Jeddah, Jeddah"
"600,000",Floor,3,3,909 Sq. M.,"Badr, South Riyadh, Riyadh"
"4,500,000",Villa,4,8,523 Sq. M.,"Qurtubah, East Riyadh, Riyadh"
790,Building,6,5,195 Sq. M.,"Al Faisaliyah, Central Jeddah, Jeddah"
"850,000",Floor,4,3,138 Sq. M.,"Al Rimal, East Riyadh, Riyadh"
"895,000",Apartment,2,1,116 Sq. M.,"Al Badiah, West Riyadh, Riyadh"
"480,000",Apartment,3,4,180 Sq. M.,"Badr, South Riyadh, Riyadh"
"850,000",Villa,6,6,429 Sq. M.,"Ar Rehab 3, Jazan"
"1,150,000",Villa,9,6,435 Sq. M.,"Harat Al Bab Al Jadid, Makkah"
"900,000",Apartment,4,4,203 Sq. M.,"Al Janadriyah, East Riyadh, Riyadh"
"770,000",Apartment,5,4,211 Sq. M.,"Al Naseem, Taif"
"22,000,000",Villa,8,7,"1,000 Sq. M.","Al Malqa, North Riyadh, Riyadh"
"650,000",Apartment,4,3,174 Sq. M.,"Bani Harithah, Madina"
"600,000",Apartment,4,3,126 Sq. M.,"Batha Quraysh, Makkah"
"3,750,000",Villa,3,3,"3,283 Sq. M.","Al Izdihar, East Riyadh, Riyadh"
"695,000",Apartment,4,4,640 Sq. M.,"Al Zahraa, North Jeddah, Jeddah"
"625,000",Apartment,3,4,640 Sq. M.,"Al Zahraa, North Jeddah, Jeddah"
"3,400,000",Villa,5,5,300 Sq. M.,"Al Sahafah, North Riyadh, Riyadh"
"800,000",Apartment,3,2,252 Sq. M.,"Al Rimal, East Riyadh, Riyadh"
"1,030,000",Floor,3,2,150 Sq. M.,"Al Rimal, East Riyadh, Riyadh"
"1,030,000",Floor,3,3,150 Sq. M.,"Al Rimal, East Riyadh, Riyadh"
"3,500,000",Villa,11,10,550 Sq. M.,"Al Andalus, East Riyadh, Riyadh"
"700,000",Apartment,5,4,170 Sq. M.,"Al Sawari, North Jeddah, Jeddah"
"3,900,000",Villa,4,6,312 Sq. M.,"Al Arid, North Riyadh, Riyadh"
"1,100,000",Apartment,2,2,104 Sq. M.,"Al Arid, North Riyadh, Riyadh"
"6,500,000",Villa,9,6,396 Sq. M.,"Al Qirawan, North Riyadh, Riyadh"
"900,000",Floor,3,4,177 Sq. M.,"Al Janadriyah, East Riyadh, Riyadh"
"5,900,000",Villa,5,6,525 Sq. M.,"Al Rabi, North Riyadh, Riyadh"
"1,050,000",Villa,4,6,900 Sq. M.,"Tuwaiq, West Riyadh, Riyadh"
"900,000",Rest House,7,4,477 Sq. M.,"Al Aziziyah, Al Qasab Riyadh Region"
"3,200,000",Villa,4,2,300 Sq. M.,"Al Mahdiyah, West Riyadh, Riyadh"
"1,350,000",Villa,11,4,500 Sq. M.,"Wadi Al Battan, Madina"
"2,700,000",Villa,5,9,420 Sq. M.,"Al Bahar, Al Khobar"
"2,650,000",Villa,5,6,482 Sq. M.,"Al Saif, Dammam"
"800,000",Floor,3,3,177 Sq. M.,"Al Murjan, East Riyadh, Riyadh"
"1,950,000",Villa,4,5,500 Sq. M.,"Agruba, Al Jubaylah"
"800,000",Floor,3,3,177 Sq. M.,"Al Murjan, East Riyadh, Riyadh"
"1,195,000",Villa,6,5,261 Sq. M.,"Dhahrat Laban, West Riyadh, Riyadh"
"1,350,000",Villa,6,5,200 Sq. M.,"Tuwaiq, West Riyadh, Riyadh"
"820,000",Apartment,6,4,218 Sq. M.,"Batha Quraysh, Makkah"
"9,800,000",Rest House,5,6,"3,000 Sq. M.",Mukhtat Rest Houses Al Omariyah
"660,000",Floor,3,3,152 Sq. M.,"Al Murjan, East Riyadh, Riyadh"
"850,000",Floor,7,5,375 Sq. M.,"Al Rimal, East Riyadh, Riyadh"
"1,195,000",Apartment,6,4,640 Sq. M.,"Al Zahraa, North Jeddah, Jeddah"
"2,400,000",Villa,5,7,466 Sq. M.,"Al Murjan, North Jeddah, Jeddah"
"1,450,000",Apartment,6,4,216 Sq. M.,"Al Zahraa, North Jeddah, Jeddah"
"2,200,000",Villa,6,6,287 Sq. M.,"Al Qadisiyah, East Riyadh, Riyadh"
"700,000",Apartment,5,4,72 Sq. M.,"Al Janadriyah, East Riyadh, Riyadh"
"750,000",Apartment,3,3,119 Sq. M.,"Dhahrat Laban, West Riyadh, Riyadh"
"1,100,000",Villa,3,3,"1,079 Sq. M.","Al Janadriyah, East Riyadh, Riyadh"
"700,000",Apartment,4,3,112 Sq. M.,"Al Rawdah, North Jeddah, Jeddah"
"730,000",Apartment,5,3,130 Sq. M.,"Al Naim, North Jeddah, Jeddah"
"720,000",Apartment,4,3,117 Sq. M.,"Al Rawdah, North Jeddah, Jeddah"
"1,765,000",Apartment,2,4,122 Sq. M.,"Al Narjis, North Riyadh, Riyadh"
"950,000",Apartment,4,4,160 Sq. M.,"Al Rawdah, North Jeddah, Jeddah"
"1,600,000",Floor,3,3,157 Sq. M.,"Al Narjis, North Riyadh, Riyadh"
"980,000",Apartment,3,3,143 Sq. M.,"Al Suwaidi, West Riyadh, Riyadh"
"630,000",Apartment,4,4,152 Sq. M.,"Tuwaiq, West Riyadh, Riyadh"
"4,000,000",Villa,4,8,250 Sq. M.,"Al Narjis, North Riyadh, Riyadh"
"1,100,000",Villa,4,6,268 Sq. M.,"Al Janadriyah, East Riyadh, Riyadh"
"1,900,000",Villa,5,7,360 Sq. M.,"Al Rimal, East Riyadh, Riyadh"
"950,000",Apartment,3,6,240 Sq. M.,"Al Janadriyah, East Riyadh, Riyadh"
"900,000",Apartment,5,6,195 Sq. M.,"Okaz, South Riyadh, Riyadh"
"720,000",Apartment,3,2,97 Sq. M.,"Alawali, West Riyadh, Riyadh"
"560,000",Apartment,4,3,126 Sq. M.,"Al Manar, North Jeddah, Jeddah"
"640,000",Apartment,4,3,146 Sq. M.,"Al Nuzhah, North Jeddah, Jeddah"
"850,000",Apartment,5,4,194 Sq. M.,"Al Manar, North Jeddah, Jeddah"
"620,000",Apartment,5,3,157 Sq. M.,"Al Manar, North Jeddah, Jeddah"
"620,000",Apartment,5,4,160 Sq. M.,"Al Nuzhah, North Jeddah, Jeddah"
"250,000",Apartment,2,2,706 Sq. M.,"Al Mraikh, North Jeddah, Jeddah"
"250,000",Apartment,2,2,706 Sq. M.,"Al Mraikh, North Jeddah, Jeddah"
"1,150,000",Villa,4,3,215 Sq. M.,"Al Hazm, West Riyadh, Riyadh"
"650,000",Apartment,5,3,164 Sq. M.,"Al Rehab, North Jeddah, Jeddah"
"250,000",Apartment,2,2,706 Sq. M.,"Al Mraikh, North Jeddah, Jeddah"
"2,700,000",Villa,5,4,536 Sq. M.,"Dhahrat Laban, West Riyadh, Riyadh"
"2,500,000",Villa,7,7,519 Sq. M.,"Al Shati Al Gharbi, Dammam"
"640,000",Apartment,4,4,600 Sq. M.,"Al Salamah, North Jeddah, Jeddah"
"1,400,000",Apartment,2,3,152 Sq. M.,"Al Qirawan, North Riyadh, Riyadh"
"400,000",Apartment,3,3,"1,440 Sq. M.","Taybah, South Riyadh, Riyadh"
"15,000,000",Residential Building,11,7,900 Sq. M.,"Qurtubah, East Riyadh, Riyadh"
"780,000",Apartment,4,3,127 Sq. M.,"Al Salamah, North Jeddah, Jeddah"
"450,000",Apartment,2,2,102 Sq. M.,"Al Marwah, North Jeddah, Jeddah"
"1,400,000",Villa,5,5,350 Sq. M.,"Ash Shifa, Al Khobar"
"650,000",Apartment,5,3,181 Sq. M.,"Al Nuzhah, North Jeddah, Jeddah"
"549,000",Apartment,4,3,525 Sq. M.,"Al Rawdah, North Jeddah, Jeddah"
"470,000",Apartment,4,3,137 Sq. M.,"Al Mraikh, North Jeddah, Jeddah"
"830,000",Apartment,5,4,177 Sq. M.,"Al Marwah, North Jeddah, Jeddah"
"1,650,000",Apartment,3,3,112 Sq. M.,"Al Arid, North Riyadh, Riyadh"
"670,000",Apartment,5,4,162 Sq. M.,"Al Safa, North Jeddah, Jeddah"
"1,650,000",Floor,3,3,131 Sq. M.,"Al Arid, North Riyadh, Riyadh"
"1,500,000",Residential Building,3,3,312 Sq. M.,"Al Rimal, East Riyadh, Riyadh"
"5,000,000",Rest House,7,7,"5,245 Sq. M.","Al Luluah, Al Muzahimiyah Riyadh Region"
"2,400,000",Villa,9,5,434 Sq. M.,"Al Shulah, Dammam"
"1,300,000",Villa,8,6,405 Sq. M.,"Taybay, Dammam"
"680,000",Apartment,5,3,175 Sq. M.,"Al Aziziyah, North Jeddah, Jeddah"
"680,000",Apartment,5,3,175 Sq. M.,"Al Aziziyah, North Jeddah, Jeddah"
"1,700,000",Villa,6,7,368 Sq. M.,"Al Tahliyah, Al Khobar"
"6,000,000",Villa,5,5,375 Sq. M.,"Al Arid, North Riyadh, Riyadh"
"2,700,000",Apartment,3,2,184 Sq. M.,"Al Sahafah, North Riyadh, Riyadh"
"850,000",Floor,5,5,353 Sq. M.,"Al Rihab, Buraydah Al Qassim Region"
"1,170,000",Villa,7,5,240 Sq. M.,"Al Dar Al Baida, South Riyadh, Riyadh"
"2,400,000",Floor,6,4,450 Sq. M.,"Al Mahdiyah, West Riyadh, Riyadh"
"1,800,000",Building,10,10,500 Sq. M.,"Al Furqan, Makkah"
"490,000",Apartment,3,3,163 Sq. M.,"Badr, Dammam"
"1,850,000",Floor,3,4,161 Sq. M.,"Qurtubah, East Riyadh, Riyadh"
"800,000",Floor,5,2,64 Sq. M.,"Al Janadriyah, East Riyadh, Riyadh"
"1,500,000",Rest House,6,6,"4,133 Sq. M.",Al Quwaiiyah
"1,400,000",Villa,10,8,312 Sq. M.,"Al Rahmanyah, North Jeddah, Jeddah"
"1,750,000",Villa,4,6,303 Sq. M.,"Al Janadriyah, East Riyadh, Riyadh"
"2,350,000",Villa,5,4,308 Sq. M.,"Al Sawari, North Jeddah, Jeddah"
"790,000",Villa,7,6,660 Sq. M.,"Amal District, Al Bukayriyah"
"1,400,000",Rest House,10,9,"3,000 Sq. M.",Qarih Dirab
"10,000,000",Rest House,10,10,"8,060 Sq. M.","Dirab, West Riyadh, Riyadh"
"750,000",Floor,5,4,245 Sq. M.,"Badr, South Riyadh, Riyadh"
"1,300,000",Floor,4,4,132 Sq. M.,"Al Narjis, North Riyadh, Riyadh"
"850,000",Apartment,5,4,174 Sq. M.,"Al Safa, North Jeddah, Jeddah"
"1,400,000",Rest House,11,11,"1,177 Sq. M.","Al Abidiyah, Makkah"
"3,000,000",Villa,6,7,300 Sq. M.,"Al Munsiyah, East Riyadh, Riyadh"
"3,500,000",Villa,5,3,300 Sq. M.,"Al Manar, East Riyadh, Riyadh"
"3,800,000",Villa,6,6,300 Sq. M.,"Al Narjis, North Riyadh, Riyadh"
"1,100,000",Villa,11,5,386 Sq. M.,"Uhud, South Riyadh, Riyadh"
"1,140,000",Villa,7,7,241 Sq. M.,"King Fahd Suburb, Dammam"
"1,180,000",Villa,6,6,250 Sq. M.,"King Fahd Suburb, Dammam"
"1,800,000",Floor,3,3,172 Sq. M.,"Qurtubah, East Riyadh, Riyadh"
"500,000",Apartment,4,3,149 Sq. M.,"Okaz, South Riyadh, Riyadh"
"550,000",Apartment,3,3,130 Sq. M.,"Alawali, West Riyadh, Riyadh"
"7,200,000",Villa,5,5,500 Sq. M.,"Al Narjis, North Riyadh, Riyadh"
"2,850,000",Villa,4,5,299 Sq. M.,"Al Basateen, North Jeddah, Jeddah"
"1,150,000",Apartment,5,4,155 Sq. M.,"Al Rawdah, North Jeddah, Jeddah"
"400,000",Apartment,4,2,79 Sq. M.,"Al Nuzhah, North Jeddah, Jeddah"
"450,000",Apartment,3,2,102 Sq. M.,"Al Marwah, North Jeddah, Jeddah"
"1,450,000",Floor,5,4,220 Sq. M.,"Al Zahraa, North Jeddah, Jeddah"
"2,200,000",Villa,5,6,540 Sq. M.,"Al Rimal, East Riyadh, Riyadh"
"540,000",Apartment,4,3,131 Sq. M.,"Al Marwah, North Jeddah, Jeddah"
"1,200,000",Villa,4,4,675 Sq. M.,"Al Adamah, Al Kharj Riyadh Region"
"1,550,000",Villa,5,6,217 Sq. M.,"Al Janadriyah, East Riyadh, Riyadh"
"10,000,000",Villa,11,10,450 Sq. M.,"Hittin, North Riyadh, Riyadh"
"1,339,000",Apartment,3,3,218 Sq. M.,"King Faisal, East Riyadh, Riyadh"
"980,000",Floor,3,3,177 Sq. M.,"Al Rimal, East Riyadh, Riyadh"
"850,000",Floor,3,2,138 Sq. M.,"Al Rimal, East Riyadh, Riyadh"
"820,000",Floor,5,3,147 Sq. M.,"Al Murjan, East Riyadh, Riyadh"
"3,300,000",Villa,4,3,327 Sq. M.,"Al Arid, North Riyadh, Riyadh"
"1,300,000",Floor,5,7,600 Sq. M.,"Al Wurud, Al Muzahimiyah Riyadh Region"
"8,250,000",Villa,6,6,"1,250 Sq. M.","Al Dhubbat, Central Riyadh, Riyadh"
"1,250,000",Apartment,3,2,180 Sq. M.,"Al Nada, North Riyadh, Riyadh"
"700,000",Apartment,3,3,100 Sq. M.,"Al Rawdah, North Jeddah, Jeddah"
"1,450,000",Villa,6,5,250 Sq. M.,"King Fahd Suburb, Dammam"
"450,000",Apartment,4,3,136 Sq. M.,"Bryman, North Jeddah, Jeddah"
"1,800,000",Apartment,7,6,302 Sq. M.,"Al Zahraa, North Jeddah, Jeddah"
"600,000",Apartment,5,3,169 Sq. M.,"Prince Abdulmajeed, South Jeddah, Jeddah"
"1,400,000",Apartment,6,5,262 Sq. M.,"Al Rawdah, North Jeddah, Jeddah"
"1,750,000",Villa,11,7,450 Sq. M.,"Al Falah, North Jeddah, Jeddah"
"550,000",Apartment,4,3,133 Sq. M.,"Al Waha, North Jeddah, Jeddah"
"1,399,999",Villa,6,7,275 Sq. M.,"Al Rahmanyah, North Jeddah, Jeddah"
"2,250,000",Villa,7,7,405 Sq. M.,Dhahran
"550,000",Apartment,3,3,151 Sq. M.,"Al Hamra, Al Khobar"
"1,100,000",Apartment,4,5,300 Sq. M.,"Al Janadriyah, East Riyadh, Riyadh"
"1,200,000",Villa,3,1,215 Sq. M.,"Al Rimal, East Riyadh, Riyadh"
"950,000",Floor,3,3,201 Sq. M.,"Tuwaiq, West Riyadh, Riyadh"
"390,000",Apartment,4,3,113 Sq. M.,"Al Marwah, North Jeddah, Jeddah"
"3,300,000",Villa,7,6,312 Sq. M.,"Al Munsiyah, East Riyadh, Riyadh"
"1,650,000",Villa,9,6,200 Sq. M.,"Al Lulu, North Jeddah, Jeddah"
"8,500,000",Villa,11,11,574 Sq. M.,"Al Rawdah, North Jeddah, Jeddah"
"1,050,000",Apartment,3,2,119 Sq. M.,"Al Rimal, East Riyadh, Riyadh"
"2,600,000",Villa,6,6,200 Sq. M.,"Al Nuzhah, North Riyadh, Riyadh"
"6,000,000",Villa,10,8,450 Sq. M.,"Al Narjis, North Riyadh, Riyadh"
"2,200,000",Floor,3,3,169 Sq. M.,"Qurtubah, East Riyadh, Riyadh"
"3,500,000",Villa,6,5,418 Sq. M.,"Ishbiliyah, East Riyadh, Riyadh"
"500,000",Apartment,4,3,131 Sq. M.,"Batha Quraysh, Makkah"
"1,700,000",Villa,8,6,754 Sq. M.,"Al Hajla Al Jadid, Makkah"
"650,000",Apartment,6,4,206 Sq. M.,"Al Shulah, Dammam"
"670,000",Floor,3,3,190 Sq. M.,"Badr, South Riyadh, Riyadh"
"2,950,000",Villa,6,5,250 Sq. M.,"Al Yasmin, North Riyadh, Riyadh"
"3,400,000",Villa,6,7,418 Sq. M.,"Ishbiliyah, East Riyadh, Riyadh"
"1,350,000",Floor,7,6,203 Sq. M.,"Al Rawdah, North Jeddah, Jeddah"
"3,000,000",Building,6,9,635 Sq. M.,"Al Falah, North Jeddah, Jeddah"
"1,400,000",Villa,7,6,300 Sq. M.,"Tuwaiq, West Riyadh, Riyadh"
"1,800,000",Villa,5,6,200 Sq. M.,"Al Mahdiyah, West Riyadh, Riyadh"
"1,500,000",Rest House,5,5,"1,078 Sq. M.","Daras, Al Basr Al Qassim Region"
"3,300,000",Villa,4,5,550 Sq. M.,"Al Khaleej, East Riyadh, Riyadh"
"700,000",Villa,6,4,441 Sq. M.,"Ar Rabwah, Al Bukayriyah"
"6,800,000",Villa,6,5,510 Sq. M.,"Al Malqa, North Riyadh, Riyadh"
"950,000",Floor,3,4,312 Sq. M.,"Al Rimal, East Riyadh, Riyadh"
"2,100,000",Villa,7,8,390 Sq. M.,"Obhur Al Shamaliyah, North Jeddah, Jeddah"
"3,000,000",Villa,10,6,630 Sq. M.,"Agruba, Al Jubaylah"
"2,300,000",Villa,10,6,750 Sq. M.,"Dhahrat Al Badiah, West Riyadh, Riyadh"
"15,000,000",Villa,11,6,"1,350 Sq. M.","Al Malqa, North Riyadh, Riyadh"
"1,400,000",Villa,5,5,245 Sq. M.,"Al Dar Al Baida, South Riyadh, Riyadh"
"800,000",Floor,5,3,212 Sq. M.,"Al Dar Al Baida, South Riyadh, Riyadh"
"2,000,000",Villa,4,6,300 Sq. M.,"Alawali, West Riyadh, Riyadh"
"1,250,000",Apartment,7,6,339 Sq. M.,"Al Sawari, North Jeddah, Jeddah"
"490,000",Floor,4,3,144 Sq. M.,"Al Dar Al Baida, South Riyadh, Riyadh"
"480,000",Apartment,4,2,148 Sq. M.,"Badr, South Riyadh, Riyadh"
"8,900,000",Villa,11,11,"1,249 Sq. M.","Al Awali, Makkah"
"600,000",Apartment,5,3,176 Sq. M.,"Tuwaiq, West Riyadh, Riyadh"
"600,000",Apartment,Studio,1,210 Sq. M.,"Al Hazm, West Riyadh, Riyadh"
"920,000",Floor,4,5,157 Sq. M.,"Badr, South Riyadh, Riyadh"
"1,185,000",Apartment,4,5,175 Sq. M.,"Al Rimal, East Riyadh, Riyadh"
"1,300,000",Apartment,5,3,186 Sq. M.,"Al Yarmuk, East Riyadh, Riyadh"
"700,000",Apartment,3,3,176 Sq. M.,"Tuwaiq, West Riyadh, Riyadh"
"1,250,000",Apartment,3,4,171 Sq. M.,"Al Salam, East Riyadh, Riyadh"
"760,000",Villa,7,5,660 Sq. M.,"Al Qadisiyah, Al Bukayriyah"
"760,000",Apartment,4,4,152 Sq. M.,"Al Salamah, North Jeddah, Jeddah"
"1,400,000",Floor,4,4,191 Sq. M.,"King Faisal, East Riyadh, Riyadh"
"1,200,000",Floor,3,3,168 Sq. M.,"Al Rimal, East Riyadh, Riyadh"
"520,000",Apartment,4,3,121 Sq. M.,"Al Manar, North Jeddah, Jeddah"
"1,500,000",Villa,7,5,655 Sq. M.,"Dst C9, Huraymila"
"650,000",Apartment,5,3,164 Sq. M.,"Al Rehab, North Jeddah, Jeddah"
"535,000",Apartment,4,4,128 Sq. M.,"Al Manar, North Jeddah, Jeddah"
"1,200,000",Apartment,5,4,199 Sq. M.,"Al Zahraa, North Jeddah, Jeddah"
"900,000",Apartment,3,4,183 Sq. M.,"Al Khaleej, East Riyadh, Riyadh"
"2,900,000",Villa,3,5,250 Sq. M.,"Sidra, Riyadh"
"3,200,000",Villa,6,5,250 Sq. M.,"Al Yasmin, North Riyadh, Riyadh"
"1,100,000",Apartment,3,3,122 Sq. M.,"Al Narjis, North Riyadh, Riyadh"
"1,700,000",Villa,7,7,550 Sq. M.,"Al Fanar, North Jeddah, Jeddah"
"2,100,000",Villa,4,4,395 Sq. M.,"Al Nadwa District, East Riyadh, Riyadh"
"650,000",Apartment,5,3,157 Sq. M.,"Al Nuzhah, North Jeddah, Jeddah"
"650,000",Apartment,3,2,112 Sq. M.,"Al Nasim Al Sharqi, East Riyadh, Riyadh"
"1,100,000",Villa,7,5,251 Sq. M.,"Tuwaiq, West Riyadh, Riyadh"
"6,000,000",Villa,8,7,580 Sq. M.,"Al Rabi, North Riyadh, Riyadh"
"3,500,000",Residential Building,11,11,660 Sq. M.,"Al Hamdaniyah, North Jeddah, Jeddah"
"750,000",Apartment,6,4,205 Sq. M.,"King Fahd, Makkah"
"1,000,000",Apartment,5,4,186 Sq. M.,"Al Zahraa, North Jeddah, Jeddah"
"850,000",Villa,8,7,550 Sq. M.,"Amal District, Al Bukayriyah"
"650,000",Apartment,6,3,181 Sq. M.,"Al Sharafeyah, North Jeddah, Jeddah"
"640,000",Apartment,4,4,143 Sq. M.,"Al Safa, North Jeddah, Jeddah"
"3,500,000",Villa,5,5,357 Sq. M.,"Al Narjis, North Riyadh, Riyadh"
"900,000",Floor,3,5,179 Sq. M.,"Al Rimal, East Riyadh, Riyadh"
"800,000",Apartment,3,3,158 Sq. M.,"Al Rimal, East Riyadh, Riyadh"
"900,000",Floor,3,3,179 Sq. M.,"Al Rimal, East Riyadh, Riyadh"
"1,150,000",Villa,3,5,170 Sq. M.,"Al Rimal, East Riyadh, Riyadh"
"700,000",Rest House,3,2,493 Sq. M.,"Al Hamra, Unayzah"
"495,000",Apartment,3,3,143 Sq. M.,"Al Firdaws, Dammam"
"1,200,000",Villa,10,7,390 Sq. M.,"Badr, South Riyadh, Riyadh"
"545,000",Apartment,3,3,"1,049 Sq. M.","Al Rawdah, North Jeddah, Jeddah"
"1,700,000",Villa,7,6,275 Sq. M.,"Ishbiliyah, East Riyadh, Riyadh"
"1,350,000",Floor,4,4,204 Sq. M.,"Al Rimal, East Riyadh, Riyadh"
"1,250,000",Apartment,5,4,193 Sq. M.,"Al Rawdah, North Jeddah, Jeddah"
"1,500,000",Apartment,5,5,171 Sq. M.,"Al Rawdah, North Jeddah, Jeddah"
"3,500,000",Villa,7,7,375 Sq. M.,"Al Nahdah, East Riyadh, Riyadh"
"2,300,000",Villa,6,8,300 Sq. M.,"Al Sheraa, North Jeddah, Jeddah"
"700,000",Apartment,4,3,204 Sq. M.,"Mishrifah, North Jeddah, Jeddah"
"1,000,000",Apartment,4,3,204 Sq. M.,"Mishrifah, North Jeddah, Jeddah"
"870,000",Floor,6,4,245 Sq. M.,"Badr, South Riyadh, Riyadh"
"2,350,000",Villa,4,5,288 Sq. M.,"Al Rimal, East Riyadh, Riyadh"
"2,350,000",Floor,3,5,258 Sq. M.,"Al Arid, North Riyadh, Riyadh"
"3,500,000",Villa,11,7,525 Sq. M.,"Ishbiliyah, East Riyadh, Riyadh"
"820,000",Floor,3,2,152 Sq. M.,"Al Suwaidi, West Riyadh, Riyadh"
"2,300,000",Apartment,1,2,99 Sq. M.,"Al Olaya, North Riyadh, Riyadh"
"880,000",Apartment,4,3,186 Sq. M.,"Al Shati Al Sharqi, Dammam"
"880,000",Apartment,4,3,223 Sq. M.,"King Fahd Suburb, Dammam"
"530,000",Apartment,3,3,148 Sq. M.,"Al Hamra, Al Khobar"
"10,000,000",Villa,7,7,900 Sq. M.,"Al Mahdiyah, West Riyadh, Riyadh"
"750,000",Apartment,3,3,133 Sq. M.,"Hajr, Dammam"
"4,200,000",Villa,5,5,337 Sq. M.,"Al Shuhada, East Riyadh, Riyadh"
"8,000,000",Villa,7,8,650 Sq. M.,"Al Rabi, North Riyadh, Riyadh"
"450,000",Apartment,4,3,134 Sq. M.,"Al Mraikh, North Jeddah, Jeddah"
"1,600,000",Apartment,5,5,206 Sq. M.,"Al Munsiyah, East Riyadh, Riyadh"
"1,450,000",Floor,3,3,141 Sq. M.,"Al Munsiyah, East Riyadh, Riyadh"
"1,950,000",Apartment,3,4,192 Sq. M.,"Al Zahraa, North Jeddah, Jeddah"
"1,950,000",Villa,5,7,241 Sq. M.,"Al Sheraa, North Jeddah, Jeddah"
"1,050,000",Apartment,4,3,165 Sq. M.,"Al Nahdah, North Jeddah, Jeddah"
"2,700,000",Apartment,2,3,180 Sq. M.,"Al Shati, North Jeddah, Jeddah"
"1,500,000",Apartment,3,3,88 Sq. M.,"Al Wadi, North Riyadh, Riyadh"
"320,000",Apartment,3,3,659 Sq. M.,"Al Mraikh, North Jeddah, Jeddah"
"320,000",Apartment,3,3,659 Sq. M.,"Al Mraikh, North Jeddah, Jeddah"
"3,500,000",Villa,4,5,450 Sq. M.,"Dhahrat Laban, West Riyadh, Riyadh"
"6,500,000",Villa,8,8,625 Sq. M.,"Al Nafal, North Riyadh, Riyadh"
"2,912,000",Apartment,4,3,141 Sq. M.,"Al Olaya, North Riyadh, Riyadh"
"1,700,000",Villa,8,7,660 Sq. M.,"Al Riyadh, North Jeddah, Jeddah"
"500,000",Apartment,3,3,199 Sq. M.,"Badr, South Riyadh, Riyadh"
"519,000",Apartment,3,3,582 Sq. M.,"Al Hamraa, Central Jeddah, Jeddah"
"1,400,000",Floor,4,4,312 Sq. M.,"Al Rimal, East Riyadh, Riyadh"
"2,500,000",Villa,10,7,442 Sq. M.,"Al Sawari, North Jeddah, Jeddah"
"720,000",Apartment,3,4,143 Sq. M.,"Tuwaiq, West Riyadh, Riyadh"
"560,000",Apartment,3,3,675 Sq. M.,"Al Hazm, West Riyadh, Riyadh"
"7,000,000",Villa,9,9,475 Sq. M.,"King Fahd, North Riyadh, Riyadh"
"1,700,000",Villa,10,7,285 Sq. M.,"Aljafijif District, Taif"
"320,000",Apartment,3,3,659 Sq. M.,"Al Mraikh, North Jeddah, Jeddah"
"1,200,000",Apartment,5,4,177 Sq. M.,"Al Zahraa, North Jeddah, Jeddah"
"1,500,000",Apartment,3,3,132 Sq. M.,"Al Rahmaniyah, North Riyadh, Riyadh"
"1,150,000",Villa,7,7,427 Sq. M.,"King Fahd Suburb, Dammam"
"4,400,000",Villa,6,5,598 Sq. M.,"Al Basateen, North Jeddah, Jeddah"
"1,200,000",Villa,8,5,233 Sq. M.,"Shubra, West Riyadh, Riyadh"
"390,000",Apartment,3,3,133 Sq. M.,"Al Nur, Dammam"
"3,700,000",Villa,9,7,525 Sq. M.,"Al Saadah, East Riyadh, Riyadh"
"2,200,000",Villa,8,11,400 Sq. M.,"Al Sawari, North Jeddah, Jeddah"
"670,000",Apartment,5,3,162 Sq. M.,"Al Nuzhah, North Jeddah, Jeddah"
"650,000",Apartment,5,3,164 Sq. M.,"Al Rehab, North Jeddah, Jeddah"
"560,000",Apartment,2,3,176 Sq. M.,"Al Faisaliyah, Central Jeddah, Jeddah"
"2,075,000",Villa,4,5,194 Sq. M.,"Al Arid, North Riyadh, Riyadh"
"475,000",Apartment,3,4,660 Sq. M.,"Al Salamah, North Jeddah, Jeddah"
"494,000",Apartment,4,4,"3,200 Sq. M.","Al Faisaliyah, Central Jeddah, Jeddah"
"730,000",Apartment,4,4,763 Sq. M.,"Al Nahdah, North Jeddah, Jeddah"
"770,000",Apartment,4,3,600 Sq. M.,"Al Nahdah, North Jeddah, Jeddah"
"480,000",Apartment,2,3,"2,400 Sq. M.","Al Rawdah, North Jeddah, Jeddah"
"475,000",Apartment,3,4,660 Sq. M.,"Al Salamah, North Jeddah, Jeddah"
"494,000",Apartment,4,4,"3,200 Sq. M.","Al Faisaliyah, Central Jeddah, Jeddah"
"950,000",Apartment,4,3,127 Sq. M.,"Al Zahraa, North Jeddah, Jeddah"
"360,000",Apartment,3,4,"3,200 Sq. M.","Al Faisaliyah, Central Jeddah, Jeddah"
"11,000,000",Villa,5,8,491 Sq. M.,"Al Mohammadiyah, North Riyadh, Riyadh"
"3,000,000",Villa,7,5,520 Sq. M.,"Al Basateen, North Jeddah, Jeddah"
"1,150,000",Apartment,3,3,155 Sq. M.,"Al Rabi, North Riyadh, Riyadh"
"719,000",Apartment,5,4,166 Sq. M.,"Al Sawari, North Jeddah, Jeddah"
"820,000",Villa,6,4,600 Sq. M.,"Al Qadisiyah, Al Bukayriyah"
"2,400,000",Villa,5,10,200 Sq. M.,"Al Mahdiyah, West Riyadh, Riyadh"
"690,000",Floor,3,3,639 Sq. M.,"Al Dar Al Baida, South Riyadh, Riyadh"
"4,350,000",Villa,6,6,371 Sq. M.,"Al Munsiyah, East Riyadh, Riyadh"
"900,000",Rest House,4,2,418 Sq. M.,"Al Ghadir, Jeddah"
"3,200,000",Villa,6,8,375 Sq. M.,"Al Mahdiyah, West Riyadh, Riyadh"
"600,000",Apartment,4,3,173 Sq. M.,"Al Rayaan, North Jeddah, Jeddah"
"650,000",Apartment,5,4,164 Sq. M.,"Al Rehab, North Jeddah, Jeddah"
"680,000",Apartment,5,3,161 Sq. M.,"Al Marwah, North Jeddah, Jeddah"
"650,000",Apartment,5,4,164 Sq. M.,"Al Rehab, North Jeddah, Jeddah"
"625,000",Apartment,3,4,763 Sq. M.,"Al Nahdah, North Jeddah, Jeddah"
"900,000",Apartment,4,4,763 Sq. M.,"Al Nahdah, North Jeddah, Jeddah"
"585,000",Apartment,2,3,"2,000 Sq. M.","Al Nahdah, North Jeddah, Jeddah"
"795,000",Apartment,4,4,"2,000 Sq. M.","Al Nahdah, North Jeddah, Jeddah"
"840,000",Apartment,3,3,127 Sq. M.,"Al Zahraa, North Jeddah, Jeddah"
"700,000",Apartment,4,3,728 Sq. M.,"Al Zahraa, North Jeddah, Jeddah"
"1,700,000",Apartment,5,4,"2,000 Sq. M.","Al Nahdah, North Jeddah, Jeddah"
"1,150,000",Apartment,5,4,696 Sq. M.,"Al Nahdah, North Jeddah, Jeddah"
"2,200,000",Apartment,7,8,600 Sq. M.,"Al Nahdah, North Jeddah, Jeddah"
"450,000",Apartment,3,2,102 Sq. M.,"Al Marwah, North Jeddah, Jeddah"
"650,000",Apartment,5,3,164 Sq. M.,"Al Rehab, North Jeddah, Jeddah"
"490,000",Apartment,5,4,203 Sq. M.,"Al Danah, Al Hofuf Eastern Region"
"500,000",Apartment,3,3,123 Sq. M.,"Al Hamra, Al Khobar"
"3,500,000",Villa,8,5,720 Sq. M.,"Al Basateen, North Jeddah, Jeddah"
"800,000",Apartment,3,3,114 Sq. M.,"Al Rimal, East Riyadh, Riyadh"
"900,000",Apartment,4,4,763 Sq. M.,"Al Nahdah, North Jeddah, Jeddah"
"585,000",Apartment,2,3,"2,000 Sq. M.","Al Nahdah, North Jeddah, Jeddah"
"795,000",Apartment,4,4,"2,000 Sq. M.","Al Nahdah, North Jeddah, Jeddah"
"840,000",Apartment,3,3,127 Sq. M.,"Al Zahraa, North Jeddah, Jeddah"
"700,000",Apartment,4,3,728 Sq. M.,"Al Zahraa, North Jeddah, Jeddah"
"1,700,000",Apartment,5,4,"2,000 Sq. M.","Al Nahdah, North Jeddah, Jeddah"
"1,150,000",Apartment,5,4,696 Sq. M.,"Al Nahdah, North Jeddah, Jeddah"
"700,000",Apartment,4,4,"2,400 Sq. M.","Al Rawdah, North Jeddah, Jeddah"
"550,000",Apartment,2,2,600 Sq. M.,"Al Nahdah, North Jeddah, Jeddah"
"2,200,000",Apartment,7,8,600 Sq. M.,"Al Nahdah, North Jeddah, Jeddah"
"625,000",Apartment,3,4,763 Sq. M.,"Al Nahdah, North Jeddah, Jeddah"
"850,000",Apartment,3,4,121 Sq. M.,"Al Zahraa, North Jeddah, Jeddah"
"1,450,000",Apartment,6,4,203 Sq. M.,"Al Zahraa, North Jeddah, Jeddah"
"1,200,000",Apartment,6,6,728 Sq. M.,"Al Zahraa, North Jeddah, Jeddah"
"1,550,000",Apartment,6,5,235 Sq. M.,"Al Zahraa, North Jeddah, Jeddah"
"1,700,000",Apartment,5,4,"2,000 Sq. M.","Al Nahdah, North Jeddah, Jeddah"
"660,000",Apartment,3,4,"2,000 Sq. M.","Al Nahdah, North Jeddah, Jeddah"
"450,000",Apartment,1,2,"2,000 Sq. M.","Al Nahdah, North Jeddah, Jeddah"
"730,000",Apartment,4,4,763 Sq. M.,"Al Nahdah, North Jeddah, Jeddah"
"770,000",Apartment,4,3,600 Sq. M.,"Al Nahdah, North Jeddah, Jeddah"
"480,000",Apartment,2,3,"2,400 Sq. M.","Al Rawdah, North Jeddah, Jeddah"
"475,000",Apartment,3,4,660 Sq. M.,"Al Salamah, North Jeddah, Jeddah"
"494,000",Apartment,4,4,"3,200 Sq. M.","Al Faisaliyah, Central Jeddah, Jeddah"
"950,000",Apartment,4,3,127 Sq. M.,"Al Zahraa, North Jeddah, Jeddah"
"360,000",Apartment,3,4,"3,200 Sq. M.","Al Faisaliyah, Central Jeddah, Jeddah"
"900,000",Apartment,4,4,763 Sq. M.,"Al Nahdah, North Jeddah, Jeddah"
"494,000",Apartment,4,4,"3,200 Sq. M.","Al Faisaliyah, Central Jeddah, Jeddah"
"270,000",Apartment,2,3,"3,200 Sq. M.","Al Faisaliyah, Central Jeddah, Jeddah"
"475,000",Apartment,3,4,660 Sq. M.,"Al Salamah, North Jeddah, Jeddah"
"480,000",Apartment,2,3,"2,400 Sq. M.","Al Rawdah, North Jeddah, Jeddah"
"660,000",Apartment,3,4,"2,000 Sq. M.","Al Nahdah, North Jeddah, Jeddah"
"450,000",Apartment,1,2,"2,000 Sq. M.","Al Nahdah, North Jeddah, Jeddah"
"600,000",Apartment,3,3,728 Sq. M.,"Al Zahraa, North Jeddah, Jeddah"
"950,000",Apartment,4,3,127 Sq. M.,"Al Zahraa, North Jeddah, Jeddah"
"1,450,000",Apartment,6,4,203 Sq. M.,"Al Zahraa, North Jeddah, Jeddah"
"770,000",Apartment,4,3,600 Sq. M.,"Al Nahdah, North Jeddah, Jeddah"
"650,000",Apartment,3,3,600 Sq. M.,"Al Nahdah, North Jeddah, Jeddah"
"580,000",Apartment,4,4,660 Sq. M.,"Al Salamah, North Jeddah, Jeddah"
"625,000",Apartment,3,3,119 Sq. M.,"Al Nahdah, North Jeddah, Jeddah"
"700,000",Apartment,4,4,196 Sq. M.,"Al Hamra, Al Khobar"
"1,600,000",Villa,5,5,400 Sq. M.,"Al Sawari, Al Khobar"
"1,040,000",Apartment,5,4,176 Sq. M.,"Al Rawdah, North Jeddah, Jeddah"
"740,000",Apartment,3,3,50 Sq. M.,"Al Qadisiyah, East Riyadh, Riyadh"
"4,000,000",Building,10,10,402 Sq. M.,"Dhahrat Laban, West Riyadh, Riyadh"
"900,000",Apartment,3,4,155 Sq. M.,"Qurtubah, East Riyadh, Riyadh"
"850,000",Villa,6,5,346 Sq. M.,"Al Nada, Dammam"
"1,500,000",Apartment,5,4,182 Sq. M.,"Al Nuzhah, North Jeddah, Jeddah"
"800,000",Apartment,10,6,410 Sq. M.,"Al Ajwad, North Jeddah, Jeddah"
"1,650,000",Villa,7,7,875 Sq. M.,"Al Sheraa, Al Khobar"
"750,000",Apartment,4,4,167 Sq. M.,"Al Marwah, North Jeddah, Jeddah"
"680,000",Apartment,5,3,161 Sq. M.,"Al Marwah, North Jeddah, Jeddah"
"680,000",Apartment,5,3,161 Sq. M.,"Al Marwah, North Jeddah, Jeddah"
"1,750,000",Villa,7,7,312 Sq. M.,"Al Yaqout, North Jeddah, Jeddah"
"1,800,000",Villa,5,6,240 Sq. M.,"Al Rimal, East Riyadh, Riyadh"
"1,300,000",Villa,7,6,312 Sq. M.,"Al Hamdaniyah, North Jeddah, Jeddah"
"3,800,000",Villa,9,7,324 Sq. M.,"Al Arid, North Riyadh, Riyadh"
"720,000",Apartment,3,4,179 Sq. M.,"Tuwaiq, West Riyadh, Riyadh"
600,Apartment,4,3,178 Sq. M.,"Al Hazm, West Riyadh, Riyadh"
"1,000,000",Villa,6,5,900 Sq. M.,"Alawali, West Riyadh, Riyadh"
"555,000",Apartment,3,4,181 Sq. M.,"Tuwaiq, West Riyadh, Riyadh"
"1,200,000",Villa,6,6,275 Sq. M.,"Badr, Dammam"
"1,500,000",Villa,5,5,200 Sq. M.,"Al Sawari, North Jeddah, Jeddah"
"550,000",Apartment,3,3,136 Sq. M.,"Al Jawhara, Dammam"
"560,000",Apartment,4,3,138 Sq. M.,"Al Marwah, North Jeddah, Jeddah"
"595,000",Apartment,5,4,197 Sq. M.,"Al Marwah, North Jeddah, Jeddah"
"570,000",Apartment,5,3,167 Sq. M.,"Al Waha, North Jeddah, Jeddah"
"3,100,000",Villa,5,4,450 Sq. M.,"Qurtubah, East Riyadh, Riyadh"
"540,000",Apartment,4,3,131 Sq. M.,"Al Marwah, North Jeddah, Jeddah"
"680,000",Apartment,5,3,161 Sq. M.,"Al Marwah, North Jeddah, Jeddah"
"600,000",Apartment,4,4,401 Sq. M.,"Al Hamra, Al Khobar"
"2,600,000",Villa,11,7,625 Sq. M.,"Al Samer, North Jeddah, Jeddah"
"5,900,000",Villa,6,6,720 Sq. M.,"Al Muhammadiyah, North Jeddah, Jeddah"
"980,000",Apartment,4,4,153 Sq. M.,"Al Salamah, North Jeddah, Jeddah"
"1,000,000",Apartment,6,4,206 Sq. M.,"Al Salamah, North Jeddah, Jeddah"
"700,000",Apartment,5,4,182 Sq. M.,"Mishrifah, North Jeddah, Jeddah"
"850,000",Apartment,5,4,186 Sq. M.,"Al Waha, North Jeddah, Jeddah"
"1,100,000",Apartment,5,4,172 Sq. M.,"Al Rawdah, North Jeddah, Jeddah"
"2,000,000",Apartment,3,3,166 Sq. M.,"Hittin, North Riyadh, Riyadh"
"1,500,000",Villa,10,6,295 Sq. M.,"Al Hamdaniyah, North Jeddah, Jeddah"
"390,000",Apartment,3,3,150 Sq. M.,"Al Nur, Dammam"
"1,350,000",Villa,6,4,250 Sq. M.,"Taybay, Dammam"
"450,000",Apartment,3,2,102 Sq. M.,"Al Marwah, North Jeddah, Jeddah"
"540,000",Apartment,4,3,131 Sq. M.,"Al Marwah, North Jeddah, Jeddah"
"680,000",Apartment,5,3,161 Sq. M.,"Al Marwah, North Jeddah, Jeddah"
"670,000",Apartment,5,3,162 Sq. M.,"Al Nuzhah, North Jeddah, Jeddah"
"450,000",Apartment,3,2,102 Sq. M.,"Al Marwah, North Jeddah, Jeddah"
"1,800,000",Floor,4,5,126 Sq. M.,"Al Olaya, North Riyadh, Riyadh"
"760,000",Apartment,5,3,166 Sq. M.,"Al Nuzhah, North Jeddah, Jeddah"
"900,000",Floor,6,4,199 Sq. M.,"Al Qadisiyah, East Riyadh, Riyadh"
"2,500,000",Villa,5,6,330 Sq. M.,"Al Lulu, North Jeddah, Jeddah"
"625,000",Apartment,3,4,763 Sq. M.,"Al Nahdah, North Jeddah, Jeddah"
"1,350,000",Apartment,5,4,194 Sq. M.,"Al Zahraa, North Jeddah, Jeddah"
"700,000",Apartment,4,3,728 Sq. M.,"Al Zahraa, North Jeddah, Jeddah"
"900,000",Apartment,4,4,763 Sq. M.,"Al Nahdah, North Jeddah, Jeddah"
"450,000",Apartment,1,2,"2,000 Sq. M.","Al Nahdah, North Jeddah, Jeddah"
"660,000",Apartment,3,4,"2,000 Sq. M.","Al Nahdah, North Jeddah, Jeddah"
"1,200,000",Apartment,6,6,728 Sq. M.,"Al Zahraa, North Jeddah, Jeddah"
"360,000",Apartment,3,4,"3,200 Sq. M.","Al Faisaliyah, Central Jeddah, Jeddah"
"580,000",Apartment,4,4,660 Sq. M.,"Al Salamah, North Jeddah, Jeddah"
"550,000",Apartment,2,2,600 Sq. M.,"Al Nahdah, North Jeddah, Jeddah"
"770,000",Apartment,4,3,600 Sq. M.,"Al Nahdah, North Jeddah, Jeddah"
"840,000",Apartment,3,3,127 Sq. M.,"Al Zahraa, North Jeddah, Jeddah"
"1,550,000",Apartment,6,5,235 Sq. M.,"Al Zahraa, North Jeddah, Jeddah"
"1,450,000",Apartment,6,4,203 Sq. M.,"Al Zahraa, North Jeddah, Jeddah"
"850,000",Apartment,3,4,121 Sq. M.,"Al Zahraa, North Jeddah, Jeddah"
"1,550,000",Apartment,6,5,235 Sq. M.,"Al Zahraa, North Jeddah, Jeddah"
"840,000",Apartment,3,3,127 Sq. M.,"Al Zahraa, North Jeddah, Jeddah"
"580,000",Apartment,4,4,660 Sq. M.,"Al Salamah, North Jeddah, Jeddah"
"770,000",Apartment,4,3,600 Sq. M.,"Al Nahdah, North Jeddah, Jeddah"
"480,000",Apartment,2,3,"2,400 Sq. M.","Al Rawdah, North Jeddah, Jeddah"
"730,000",Apartment,4,4,763 Sq. M.,"Al Nahdah, North Jeddah, Jeddah"
"450,000",Apartment,1,2,"2,000 Sq. M.","Al Nahdah, North Jeddah, Jeddah"
"660,000",Apartment,3,4,"2,000 Sq. M.","Al Nahdah, North Jeddah, Jeddah"
"1,700,000",Apartment,5,4,"2,000 Sq. M.","Al Nahdah, North Jeddah, Jeddah"
"1,350,000",Apartment,5,4,194 Sq. M.,"Al Zahraa, North Jeddah, Jeddah"
"494,000",Apartment,4,4,"3,200 Sq. M.","Al Faisaliyah, Central Jeddah, Jeddah"
"900,000",Apartment,4,4,763 Sq. M.,"Al Nahdah, North Jeddah, Jeddah"
"360,000",Apartment,3,4,"3,200 Sq. M.","Al Faisaliyah, Central Jeddah, Jeddah"
"650,000",Apartment,3,3,600 Sq. M.,"Al Nahdah, North Jeddah, Jeddah"
"770,000",Apartment,4,3,600 Sq. M.,"Al Nahdah, North Jeddah, Jeddah"
"1,450,000",Apartment,6,4,203 Sq. M.,"Al Zahraa, North Jeddah, Jeddah"
"840,000",Apartment,4,3,127 Sq. M.,"Al Zahraa, North Jeddah, Jeddah"
"600,000",Apartment,3,3,728 Sq. M.,"Al Zahraa, North Jeddah, Jeddah"
"450,000",Apartment,1,2,"2,000 Sq. M.","Al Nahdah, North Jeddah, Jeddah"
"660,000",Apartment,3,4,"2,000 Sq. M.","Al Nahdah, North Jeddah, Jeddah"
"480,000",Apartment,2,3,"2,400 Sq. M.","Al Rawdah, North Jeddah, Jeddah"
"475,000",Apartment,3,4,660 Sq. M.,"Al Salamah, North Jeddah, Jeddah"
"270,000",Apartment,2,3,"3,200 Sq. M.","Al Faisaliyah, Central Jeddah, Jeddah"
"625,000",Apartment,3,3,119 Sq. M.,"Al Nahdah, North Jeddah, Jeddah"
"580,000",Apartment,4,4,660 Sq. M.,"Al Salamah, North Jeddah, Jeddah"
"795,000",Apartment,4,4,"2,000 Sq. M.","Al Nahdah, North Jeddah, Jeddah"
"270,000",Apartment,2,3,"3,200 Sq. M.","Al Faisaliyah, Central Jeddah, Jeddah"
"360,000",Apartment,3,4,"3,200 Sq. M.","Al Faisaliyah, Central Jeddah, Jeddah"
"580,000",Apartment,4,4,660 Sq. M.,"Al Salamah, North Jeddah, Jeddah"
"730,000",Apartment,4,4,763 Sq. M.,"Al Nahdah, North Jeddah, Jeddah"
"1,700,000",Apartment,5,4,"2,000 Sq. M.","Al Nahdah, North Jeddah, Jeddah"
"1,150,000",Apartment,5,4,696 Sq. M.,"Al Nahdah, North Jeddah, Jeddah"
"1,130,000",Apartment,6,5,660 Sq. M.,"Al Salamah, North Jeddah, Jeddah"
"770,000",Apartment,4,3,600 Sq. M.,"Al Nahdah, North Jeddah, Jeddah"
"550,000",Apartment,2,2,600 Sq. M.,"Al Nahdah, North Jeddah, Jeddah"
"1,550,000",Apartment,6,5,235 Sq. M.,"Al Zahraa, North Jeddah, Jeddah"
"700,000",Apartment,4,3,728 Sq. M.,"Al Zahraa, North Jeddah, Jeddah"
"550,000",Apartment,2,3,763 Sq. M.,"Al Nahdah, North Jeddah, Jeddah"
"2,200,000",Apartment,7,8,600 Sq. M.,"Al Nahdah, North Jeddah, Jeddah"
"550,000",Apartment,2,3,600 Sq. M.,"Al Nahdah, North Jeddah, Jeddah"
"375,000",Apartment,2,3,660 Sq. M.,"Al Salamah, North Jeddah, Jeddah"
"2,100,000",Apartment,8,10,"2,400 Sq. M.","Al Rawdah, North Jeddah, Jeddah"
"550,000",Apartment,2,3,763 Sq. M.,"Al Nahdah, North Jeddah, Jeddah"
"1,250,000",Apartment,8,8,"3,200 Sq. M.","Al Faisaliyah, Central Jeddah, Jeddah"
"1,200,000",Apartment,6,6,728 Sq. M.,"Al Zahraa, North Jeddah, Jeddah"
"950,000",Apartment,4,3,127 Sq. M.,"Al Zahraa, North Jeddah, Jeddah"
"625,000",Apartment,3,3,696 Sq. M.,"Al Nahdah, North Jeddah, Jeddah"
"1,450,000",Apartment,6,4,203 Sq. M.,"Al Zahraa, North Jeddah, Jeddah"
"795,000",Apartment,4,4,"2,000 Sq. M.","Al Nahdah, North Jeddah, Jeddah"
"850,000",Apartment,3,4,467 Sq. M.,"Al Zahraa, North Jeddah, Jeddah"
"840,000",Apartment,3,3,127 Sq. M.,"Al Zahraa, North Jeddah, Jeddah"
"1,850,000",Apartment,6,6,"2,000 Sq. M.","Al Nahdah, North Jeddah, Jeddah"
"1,150,000",Apartment,5,4,696 Sq. M.,"Al Nahdah, North Jeddah, Jeddah"
"600,000",Apartment,3,3,728 Sq. M.,"Al Zahraa, North Jeddah, Jeddah"
"1,200,000",Apartment,6,6,728 Sq. M.,"Al Zahraa, North Jeddah, Jeddah"
"680,000",Apartment,5,3,161 Sq. M.,"Al Marwah, North Jeddah, Jeddah"
"550,000",Apartment,7,7,241 Sq. M.,"Al Wasayif, Abha"
"750,000",Apartment,7,7,245 Sq. M.,"Al Safa, Abha"
"20,000,000",Villa,2,2,904 Sq. M.,"Al Malqa, North Riyadh, Riyadh"
"4,300,000",Villa,4,3,530 Sq. M.,"Al Rawabi, East Riyadh, Riyadh"
"830,000",Apartment,4,4,224 Sq. M.,"Al Sawari, North Jeddah, Jeddah"
"680,000",Villa,7,7,480 Sq. M.,"Al Baida, Al Bukayriyah"
"650,000",Apartment,5,3,164 Sq. M.,"Al Rehab, North Jeddah, Jeddah"
"650,000",Apartment,5,3,164 Sq. M.,"Al Rehab, North Jeddah, Jeddah"
"650,000",Apartment,5,3,164 Sq. M.,"Al Rehab, North Jeddah, Jeddah"
"3,500,000",Villa,11,9,349 Sq. M.,"Al Munsiyah, East Riyadh, Riyadh"
"5,900,000",Villa,8,8,770 Sq. M.,"Al Nahdah, North Jeddah, Jeddah"
"540,000",Apartment,4,3,131 Sq. M.,"Al Marwah, North Jeddah, Jeddah"
"680,000",Apartment,5,3,161 Sq. M.,"Al Marwah, North Jeddah, Jeddah"
"680,000",Apartment,5,3,161 Sq. M.,"Al Marwah, North Jeddah, Jeddah"
"540,000",Apartment,4,3,131 Sq. M.,"Al Marwah, North Jeddah, Jeddah"
"540,000",Apartment,4,3,131 Sq. M.,"Al Marwah, North Jeddah, Jeddah"
"1,500,000",Villa,5,3,575 Sq. M.,"Al Suwaidi, West Riyadh, Riyadh"
"680,000",Apartment,5,3,161 Sq. M.,"Al Marwah, North Jeddah, Jeddah"
"680,000",Apartment,5,3,161 Sq. M.,"Al Marwah, North Jeddah, Jeddah"
"2,900,000",Villa,8,7,345 Sq. M.,"Al Basateen, North Jeddah, Jeddah"
"2,450,000",Villa,4,6,500 Sq. M.,"Al Mahdiyah, West Riyadh, Riyadh"
"800,000",Apartment,3,3,192 Sq. M.,"Al Nada, Dammam"
"1,800,000",Villa,6,5,490 Sq. M.,"Al Shulah, Dammam"
"1,550,000",Villa,6,6,438 Sq. M.,"Al Amanah, Dammam"
"1,300,000",Villa,6,5,383 Sq. M.,"Al Shulah, Dammam"
"1,350,000",Villa,6,6,250 Sq. M.,"Taybay, Dammam"
"780,000",Apartment,4,3,450 Sq. M.,"Al Mahdiyah, West Riyadh, Riyadh"
"800,000",Apartment,4,4,450 Sq. M.,"Al Mahdiyah, West Riyadh, Riyadh"
"2,300,000",Floor,9,7,327 Sq. M.,"Al Bayan Neighborhood, East Riyadh, Riyadh"
"570,000",Floor,4,4,120 Sq. M.,"Badr, South Riyadh, Riyadh"
"1,540,000",Villa,9,6,216 Sq. M.,"Al Rimal, East Riyadh, Riyadh"
"450,000",Apartment,3,2,102 Sq. M.,"Al Marwah, North Jeddah, Jeddah"
"3,000,000",Villa,5,4,360 Sq. M.,"Al Naim, North Jeddah, Jeddah"
"2,450,000",Villa,4,4,466 Sq. M.,"Al Murjan, North Jeddah, Jeddah"
"1,200,000",Floor,6,4,222 Sq. M.,"Al Qadisiyah, East Riyadh, Riyadh"
"620,000",Apartment,3,3,111 Sq. M.,"Al Naim, North Jeddah, Jeddah"
"920,000",Apartment,5,3,173 Sq. M.,"Al Naim, North Jeddah, Jeddah"
"680,000",Apartment,5,3,161 Sq. M.,"Al Marwah, North Jeddah, Jeddah"
"920,000",Apartment,5,4,177 Sq. M.,"Al Zahraa, North Jeddah, Jeddah"
"1,950,000",Villa,10,6,242 Sq. M.,"Al Bawadi, North Jeddah, Jeddah"
"1,650,000",Villa,5,4,200 Sq. M.,"Al Sheraa, North Jeddah, Jeddah"
"920,000",Apartment,3,4,175 Sq. M.,"Al Rawdah, North Jeddah, Jeddah"
"800,000",Apartment,3,3,175 Sq. M.,"Al Rawdah, North Jeddah, Jeddah"
"1,600,000",Villa,6,5,387 Sq. M.,"Al Rimal, East Riyadh, Riyadh"
"1,400,000",Villa,4,4,275 Sq. M.,"Al Yaqout, North Jeddah, Jeddah"
"4,200,000",Villa,7,6,891 Sq. M.,"Al Salehiyah, North Jeddah, Jeddah"
"750,000",Villa,7,4,300 Sq. M.,"Al Manar, Al Bukayriyah"
"2,500,000",Villa,7,5,300 Sq. M.,"Al Yarmuk, East Riyadh, Riyadh"
"1,300,000",Villa,6,5,400 Sq. M.,"Al Uraija Al Wusta, West Riyadh, Riyadh"
"670,000",Apartment,5,3,162 Sq. M.,"Al Nuzhah, North Jeddah, Jeddah"
"650,000",Apartment,3,4,200 Sq. M.,"Al Safa, North Jeddah, Jeddah"
"2,550,000",Villa,9,5,240 Sq. M.,"Al Safa, East Riyadh, Riyadh"
"1,250,000",Apartment,5,4,195 Sq. M.,"Al Rawdah, North Jeddah, Jeddah"
"1,600,000",Villa,5,6,231 Sq. M.,"Al Sheraa, North Jeddah, Jeddah"
"1,050,000",Apartment,3,3,117 Sq. M.,"Al Fayhaa, North Jeddah, Jeddah"
"690,000",Apartment,4,4,188 Sq. M.,"Al Safa, North Jeddah, Jeddah"
"6,950,000",Villa,11,7,700 Sq. M.,"Al Rawdah, East Riyadh, Riyadh"
"440,000",Apartment,2,3,135 Sq. M.,"Al Rayaan, North Jeddah, Jeddah"
"520,000",Apartment,4,3,121 Sq. M.,"Al Rehab, North Jeddah, Jeddah"
"720,000",Apartment,4,3,147 Sq. M.,"Al Ajwad, North Jeddah, Jeddah"
"5,500,000",Villa,7,7,402 Sq. M.,"Al Muhammadiyah, North Jeddah, Jeddah"
"1,130,000",Apartment,6,5,245 Sq. M.,"Al Faisaliyah, Central Jeddah, Jeddah"
"860,000",Apartment,6,4,203 Sq. M.,"Al Faisaliyah, Central Jeddah, Jeddah"
"695,000",Apartment,5,3,159 Sq. M.,"Al Rayaan, North Jeddah, Jeddah"
"5,200,000",Villa,10,9,400 Sq. M.,"Al Nafal, North Riyadh, Riyadh"
"2,400,000",Villa,5,4,420 Sq. M.,"Al Bayan Neighborhood, East Riyadh, Riyadh"
"1,700,000",Apartment,4,4,231 Sq. M.,"Hittin, North Riyadh, Riyadh"
"2,000,000",Villa,5,6,270 Sq. M.,"Al Munsiyah, East Riyadh, Riyadh"
"2,000,000",Villa,4,7,275 Sq. M.,"Al Qadisiyah, East Riyadh, Riyadh"
"1,050,000",Rest House,2,1,829 Sq. M.,"Warqan, Madina"
"4,200,000",Villa,7,5,320 Sq. M.,"Al Narjis, North Riyadh, Riyadh"
"1,250,000",Apartment,2,3,134 Sq. M.,"Al Munsiyah, East Riyadh, Riyadh"
"1,300,000",Villa,10,7,405 Sq. M.,"Taybay, Dammam"
"660,000",Apartment,5,3,198 Sq. M.,"Ash Shamiya Al Jadid, Makkah"
"250,000",Apartment,2,2,706 Sq. M.,"Al Mraikh, North Jeddah, Jeddah"
"1,300,000",Villa,9,5,673 Sq. M.,"Uhud, Dammam"
"650,000",Apartment,4,3,111 Sq. M.,"Al Salamah, North Jeddah, Jeddah"
"395,000",Apartment,3,3,750 Sq. M.,"Al Safa, North Jeddah, Jeddah"
"790,000",Apartment,6,5,252 Sq. M.,"Al Manar, North Jeddah, Jeddah"
"660,000",Apartment,4,3,139 Sq. M.,"Al Rimal, East Riyadh, Riyadh"
"3,700,000",Villa,10,11,560 Sq. M.,"Al Rimal, East Riyadh, Riyadh"
"1,950,000",Villa,6,6,300 Sq. M.,"Taiba District, North Jeddah, Jeddah"
"989,000",Apartment,3,3,131 Sq. M.,"Al Munsiyah, East Riyadh, Riyadh"
"1,050,000",Apartment,2,3,93 Sq. M.,"Al Munsiyah, East Riyadh, Riyadh"
"1,150,000",Floor,4,4,315 Sq. M.,"Al Janadriyah, East Riyadh, Riyadh"
"6,000,000",Apartment,3,4,276 Sq. M.,"Al Shati, North Jeddah, Jeddah"
"750,000",Apartment,3,3,130 Sq. M.,"Al Maizilah, East Riyadh, Riyadh"
"1,100,000",Floor,6,5,249 Sq. M.,"Al Qadisiyah, East Riyadh, Riyadh"
"750,000",Villa,4,4,153 Sq. M.,"Al Salamah, North Jeddah, Jeddah"
"1,560,000",Apartment,6,4,230 Sq. M.,"Al Salamah, North Jeddah, Jeddah"
"938,000",Apartment,3,3,135 Sq. M.,"Al Munsiyah, East Riyadh, Riyadh"
"971,000",Apartment,4,3,134 Sq. M.,"Al Munsiyah, East Riyadh, Riyadh"
"550,000",Apartment,3,4,194 Sq. M.,"Al yarmuk, Khamis Mushait"
"2,350,000",Villa,5,8,250 Sq. M.,"Al Yarmuk, East Riyadh, Riyadh"
"900,000",Apartment,4,3,142 Sq. M.,"Al Mahdiyah, West Riyadh, Riyadh"
"6,000,000",Apartment,Studio,4,276 Sq. M.,"Al Shati, North Jeddah, Jeddah"
"580,000",Apartment,5,3,198 Sq. M.,"Ar Rehab 3, Jazan"
"550,000",Apartment,5,3,204 Sq. M.,"Al Muhammadiyah 2, Jazan"
"440,000",Apartment,4,4,182 Sq. M.,"Ar Rehab 3, Jazan"
"14,000,000",Villa,9,8,490 Sq. M.,"Hittin, North Riyadh, Riyadh"
"750,000",Floor,5,4,367 Sq. M.,"Al Hadari, Khamis Mushait"
"599,000",Apartment,5,3,184 Sq. M.,"Al Nuzhah, North Jeddah, Jeddah"
"550,000",Apartment,3,3,100 Sq. M.,"Umm Al Jud, Makkah"
"830,000",Floor,4,3,189 Sq. M.,"Al Janadriyah, East Riyadh, Riyadh"
"590,000",Apartment,3,3,121 Sq. M.,"Al Manar, North Jeddah, Jeddah"
"600,000",Apartment,5,3,176 Sq. M.,"Al Rayaan, North Jeddah, Jeddah"
"780,000",Villa,5,6,361 Sq. M.,"Rahba District, Taif"
"1,100,000",Rest House,3,5,"10,050 Sq. M.",Jilah 2
"1,900,000",Floor,3,5,550 Sq. M.,"Qurtubah, East Riyadh, Riyadh"
"1,150,000",Floor,4,5,267 Sq. M.,"Al Janadriyah, East Riyadh, Riyadh"
"1,150,000",Floor,4,5,267 Sq. M.,"Al Janadriyah, East Riyadh, Riyadh"
"2,000,000",Villa,4,4,256 Sq. M.,"Dhahrat Laban, West Riyadh, Riyadh"
"1,000,000",Floor,3,3,141 Sq. M.,"Al Munsiyah, East Riyadh, Riyadh"
"1,000,000",Floor,3,3,141 Sq. M.,"Al Munsiyah, East Riyadh, Riyadh"
"1,050,000",Villa,7,5,200 Sq. M.,"Al Frosyah, South Jeddah, Jeddah"
"330,000",Apartment,3,2,60 Sq. M.,"Al Sharafeyah, North Jeddah, Jeddah"
"2,200,000",Villa,5,4,540 Sq. M.,"Al Rimal, East Riyadh, Riyadh"
"1,332,000",Floor,3,3,900 Sq. M.,"Al Narjis, North Riyadh, Riyadh"
"600,000",Floor,3,4,500 Sq. M.,"Shubra, West Riyadh, Riyadh"
"1,400,000",Villa,9,5,275 Sq. M.,"Al Rahmanyah, North Jeddah, Jeddah"
"600,000",Apartment,2,2,102 Sq. M.,"Al Nadhim, East Riyadh, Riyadh"
"850,000",Villa,6,4,297 Sq. M.,"Al Falaq Al Jadid, Makkah"
"1,000,000",Floor,4,3,271 Sq. M.,"Al Janadriyah, East Riyadh, Riyadh"
"1,150,000",Villa,9,6,435 Sq. M.,"Harat Al Bab Al Jadid, Makkah"
"365,000",Apartment,3,3,704 Sq. M.,"Al Sawari, North Jeddah, Jeddah"
"780,000",Apartment,3,3,130 Sq. M.,"Al Rawdah, North Jeddah, Jeddah"
"1,370,000",Floor,4,4,300 Sq. M.,"Al Janadriyah, East Riyadh, Riyadh"
"1,100,000",Floor,3,4,166 Sq. M.,"Al Bayan Neighborhood, East Riyadh, Riyadh"
"950,000",Apartment,4,3,160 Sq. M.,"Al Rimal, East Riyadh, Riyadh"
"3,550,000",Villa,6,5,200 Sq. M.,"Al Narjis, North Riyadh, Riyadh"
"3,000,000",Villa,5,5,338 Sq. M.,"Al Rimal, East Riyadh, Riyadh"
"2,500,000",Villa,4,5,370 Sq. M.,"Al Munsiyah, East Riyadh, Riyadh"
"520,000",Apartment,4,4,127 Sq. M.,"Dirab, West Riyadh, Riyadh"
"5,300,000",Villa,4,3,375 Sq. M.,"Al Malqa, North Riyadh, Riyadh"
"11,625,000",Villa,4,2,750 Sq. M.,"Al Rabi, North Riyadh, Riyadh"
"4,200,000",Villa,6,6,371 Sq. M.,"Al Munsiyah, East Riyadh, Riyadh"
"1,000,000",Floor,3,4,177 Sq. M.,"Al Rimal, East Riyadh, Riyadh"
"1,250,000",Villa,4,5,274 Sq. M.,"Al Janadriyah, East Riyadh, Riyadh"
"2,250,000",Villa,10,8,312 Sq. M.,"Al Zumorrud, North Jeddah, Jeddah"
"1,250,000",Villa,7,7,220 Sq. M.,"Al Yaqout, North Jeddah, Jeddah"
"5,000,000",Building,10,10,350 Sq. M.,"Al Malaz, Central Riyadh, Riyadh"
"900,000",Apartment,5,4,179 Sq. M.,"Al Rabwa, North Jeddah, Jeddah"
"3,000,000",Villa,5,5,343 Sq. M.,"Al Rimal, East Riyadh, Riyadh"
"1,100,000",Floor,4,4,307 Sq. M.,"Al Janadriyah, East Riyadh, Riyadh"
"900,000",Floor,4,5,271 Sq. M.,"Al Janadriyah, East Riyadh, Riyadh"
"820,000",Floor,5,4,160 Sq. M.,"Al Janadriyah, East Riyadh, Riyadh"
"1,400,000",Floor,5,5,190 Sq. M.,"Al Munsiyah, East Riyadh, Riyadh"
"1,000,000",Apartment,3,3,157 Sq. M.,"Al Khaleej, East Riyadh, Riyadh"
"850,000",Apartment,3,4,134 Sq. M.,"Al Rimal, East Riyadh, Riyadh"
"1,100,000",Floor,4,4,167 Sq. M.,"Al Rimal, East Riyadh, Riyadh"
"1,600,000",Floor,5,5,292 Sq. M.,"Al Rimal, East Riyadh, Riyadh"
"1,250,000",Floor,4,4,210 Sq. M.,"Al Rimal, East Riyadh, Riyadh"
"1,000,000",Floor,4,4,165 Sq. M.,"Al Janadriyah, East Riyadh, Riyadh"
"990,000",Floor,4,3,177 Sq. M.,"Al Rimal, East Riyadh, Riyadh"
"950,000",Floor,4,3,185 Sq. M.,"Al Nahdah, East Riyadh, Riyadh"
"1,000,000",Apartment,3,3,108 Sq. M.,"King Faisal, East Riyadh, Riyadh"
"2,000,000",Villa,5,6,275 Sq. M.,"Al Qadisiyah, East Riyadh, Riyadh"
"950,000",Floor,4,4,156 Sq. M.,"Al Rimal, East Riyadh, Riyadh"
"450,000",Apartment,3,2,500 Sq. M.,"Al Uroba, Safwa Eastern Region"
"2,750,000",Villa,9,9,450 Sq. M.,"Dhahrat Laban, West Riyadh, Riyadh"
"780,000",Apartment,4,2,133 Sq. M.,"Al Rawdah, North Jeddah, Jeddah"
"780,000",Apartment,4,3,124 Sq. M.,"Al Rawdah, North Jeddah, Jeddah"
"790,000",Apartment,4,3,127 Sq. M.,"Al Rawdah, North Jeddah, Jeddah"
"750,000",Apartment,4,3,120 Sq. M.,"Al Rawdah, North Jeddah, Jeddah"
"950,000",Apartment,4,4,195 Sq. M.,"Al Rimal, East Riyadh, Riyadh"
"590,000",Apartment,3,3,893 Sq. M.,"Dhahrat Laban, West Riyadh, Riyadh"
"700,000",Apartment,5,4,201 Sq. M.,"Al Mohamdya, Makkah"
"2,000,000",Apartment,10,7,444 Sq. M.,"Al Salamah, North Jeddah, Jeddah"
"980,000",Apartment,7,6,307 Sq. M.,"Al Aziziyah, North Jeddah, Jeddah"
"950,000",Apartment,4,5,201 Sq. M.,"Al Aziziyah, North Jeddah, Jeddah"
"600,000",Apartment,5,4,152 Sq. M.,"Al Mraikh, North Jeddah, Jeddah"
"6,000,000",Villa,6,6,715 Sq. M.,"Al Amwaj, North Jeddah, Jeddah"
"640,000",Apartment,3,3,149 Sq. M.,"Tuwaiq, West Riyadh, Riyadh"
"1,050,000",Apartment,6,5,219 Sq. M.,"Tuwaiq, West Riyadh, Riyadh"
"900,000",Floor,5,4,191 Sq. M.,"Al Maizilah, East Riyadh, Riyadh"
"1,300,000",Apartment,6,5,227 Sq. M.,"Al Maizilah, East Riyadh, Riyadh"
"1,250,000",Floor,5,5,207 Sq. M.,"Al Maizilah, East Riyadh, Riyadh"
"1,500,000",Apartment,7,6,227 Sq. M.,"Al Maizilah, East Riyadh, Riyadh"
"1,400,000",Villa,8,8,515 Sq. M.,"Al Amn, Buraydah Al Qassim Region"
"4,500,000",Villa,5,4,504 Sq. M.,"Al Arid, North Riyadh, Riyadh"
"540,000",Apartment,3,3,143 Sq. M.,"Al Rabwa, North Jeddah, Jeddah"
"650,000",Apartment,4,3,123 Sq. M.,"Al Salamah, North Jeddah, Jeddah"
"1,200,000",Apartment,5,4,167 Sq. M.,"Al Rawdah, North Jeddah, Jeddah"
"1,250,000",Apartment,3,3,180 Sq. M.,"Al Nada, North Riyadh, Riyadh"
"320,000",Apartment,3,3,659 Sq. M.,"Al Mraikh, North Jeddah, Jeddah"
"1,200,000",Villa,6,5,335 Sq. M.,"Al Buhayrat, Makkah"
"950,000",Apartment,5,4,149 Sq. M.,"Al Sad, Madina"
"365,000",Apartment,3,3,625 Sq. M.,"Al Faisaliyah, Central Jeddah, Jeddah"
"5,300,000",Villa,8,5,375 Sq. M.,"Irqah, West Riyadh, Riyadh"
"1,300,000",Villa,6,6,409 Sq. M.,"Al Rahmanyah, North Jeddah, Jeddah"
"1,090,000",Apartment,5,5,237 Sq. M.,"Al Faisaliyah, Central Jeddah, Jeddah"
"1,350,000",Floor,5,4,227 Sq. M.,"Al Faisaliyah, Central Jeddah, Jeddah"
"760,000",Apartment,5,4,210 Sq. M.,"Batha Quraysh, Makkah"
"650,000",Apartment,5,4,192 Sq. M.,"Ash Shamiya Al Jadid, Makkah"
"740,000",Apartment,4,3,223 Sq. M.,"Quba, Jeddah"
"690,000",Apartment,3,3,177 Sq. M.,"Al Hamra, Al Khobar"
"345,000",Apartment,4,3,"1,200 Sq. M.","Al Rayaan, North Jeddah, Jeddah"
"450,000",Apartment,4,3,113 Sq. M.,"Al Rayaan, North Jeddah, Jeddah"
"750,000",Apartment,3,3,113 Sq. M.,"Al Rawdah, North Jeddah, Jeddah"
"790,000",Apartment,5,5,179 Sq. M.,"Al Fayhaa, North Jeddah, Jeddah"
"6,500,000",Villa,7,8,375 Sq. M.,"Al Basateen, North Jeddah, Jeddah"
"660,000",Apartment,5,4,192 Sq. M.,"Al Waha, North Jeddah, Jeddah"
"1,025,000",Apartment,3,3,123 Sq. M.,"Al Rawdah, North Jeddah, Jeddah"
"590,000",Apartment,3,3,106 Sq. M.,"Al Zahraa, North Jeddah, Jeddah"
"490,000",Apartment,4,3,133 Sq. M.,"Umm Hablain Al Gharbia, Jeddah"
"550,000",Apartment,4,3,124 Sq. M.,"Al Marwah, North Jeddah, Jeddah"
"950,000",Apartment,6,4,243 Sq. M.,"Al Marwah, North Jeddah, Jeddah"
"770,000",Apartment,5,4,178 Sq. M.,"Al Salamah, North Jeddah, Jeddah"
"580,000",Apartment,3,2,115 Sq. M.,"Al Waha, North Jeddah, Jeddah"
"880,000",Apartment,6,4,215 Sq. M.,"Al Waha, North Jeddah, Jeddah"
"499,000",Apartment,4,3,126 Sq. M.,"Al Waha, North Jeddah, Jeddah"
"720,000",Apartment,4,3,127 Sq. M.,"Al Zahraa, North Jeddah, Jeddah"
"750,000",Apartment,6,3,204 Sq. M.,"Al Safa, North Jeddah, Jeddah"
"1,300,000",Apartment,4,5,200 Sq. M.,"Al Zahraa, North Jeddah, Jeddah"
"530,000",Apartment,3,4,189 Sq. M.,"An Nuzhah 1, Ahad Rafidah"
"1,100,000",Floor,3,1,187 Sq. M.,"Al Rimal, East Riyadh, Riyadh"
"670,000",Apartment,5,4,179 Sq. M.,"Mishrifah, North Jeddah, Jeddah"
"850,000",Floor,3,3,900 Sq. M.,"Alawali, West Riyadh, Riyadh"
"660,000",Floor,3,3,202 Sq. M.,"Taybah, South Riyadh, Riyadh"
"1,660,000",Villa,6,6,385 Sq. M.,"Ayn Al Khif, Madina"
"540,000",Apartment,5,3,185 Sq. M.,"Umm Al Jud, Makkah"
"735,000",Apartment,6,2,200 Sq. M.,"Al Shawqiyyah, Makkah"
"680,000",Apartment,4,3,155 Sq. M.,"Ayn Al Khif, Madina"
"750,000",Apartment,5,4,196 Sq. M.,"Ayn Al Khif, Madina"
"670,000",Apartment,3,3,139 Sq. M.,"Al Rimal, East Riyadh, Riyadh"
"2,900,000",Villa,7,7,719 Sq. M.,"Al Khaleej, East Riyadh, Riyadh"
"880,000",Apartment,4,3,152 Sq. M.,"Al Rawdah, North Jeddah, Jeddah"
"2,400,000",Villa,5,6,466 Sq. M.,"Al Murjan, North Jeddah, Jeddah"
"950,000",Floor,6,4,287 Sq. M.,"Al Qutbiah Al Gharbia, Taif"
"1,225,000",Floor,3,3,145 Sq. M.,"Al Arid, North Riyadh, Riyadh"
"520,000",Apartment,5,3,174 Sq. M.,"Al Suways 1, Jazan"
"590,000",Apartment,3,3,893 Sq. M.,"Dhahrat Laban, West Riyadh, Riyadh"
"1,050,000",Floor,3,2,172 Sq. M.,"Al Rimal, East Riyadh, Riyadh"
"3,400,000",Villa,10,7,434 Sq. M.,"Al Arid, North Riyadh, Riyadh"
"540,000",Apartment,3,3,141 Sq. M.,"Al Hamra, Al Khobar"
"540,000",Apartment,3,3,159 Sq. M.,"Al Hamra, Al Khobar"
"629,000",Apartment,3,3,146 Sq. M.,"Mudhainib, Madina"
"448,000",Apartment,4,3,575 Sq. M.,"Al Nuzhah, North Jeddah, Jeddah"
"850,000",Apartment,3,3,131 Sq. M.,"Al Rimal, East Riyadh, Riyadh"
"450,000",Apartment,3,2,102 Sq. M.,"Al Marwah, North Jeddah, Jeddah"
"660,000",Apartment,7,4,181 Sq. M.,"Mishrifah, North Jeddah, Jeddah"
"1,500,000",Villa,6,7,326 Sq. M.,"Al Rahmanyah, North Jeddah, Jeddah"
"1,500,000",Villa,6,6,290 Sq. M.,"Al Salehiyah, North Jeddah, Jeddah"
"1,000,000",Apartment,6,4,206 Sq. M.,"Al Zahraa, North Jeddah, Jeddah"
"600,000",Apartment,5,2,157 Sq. M.,"Ad Danah Ash Shamaliyah, Dammam"
"770,000",Floor,4,4,172 Sq. M.,"Al Rahmanyah, North Jeddah, Jeddah"
"950,000",Villa,6,6,287 Sq. M.,"Al Rahmanyah, North Jeddah, Jeddah"
"880,000",Floor,4,4,249 Sq. M.,"Al Rahmanyah, North Jeddah, Jeddah"
"1,150,000",Villa,6,6,315 Sq. M.,"Al Rahmanyah, North Jeddah, Jeddah"
"580,000",Apartment,3,3,165 Sq. M.,"Governmental1, Jeddah"
"1,150,000",Villa,6,6,322 Sq. M.,"Al Hamdaniyah, North Jeddah, Jeddah"
"1,100,000",Villa,6,6,300 Sq. M.,"Al Falah, North Jeddah, Jeddah"
"1,750,000",Villa,7,7,312 Sq. M.,"Al Zumorrud, North Jeddah, Jeddah"
"1,800,000",Villa,6,6,300 Sq. M.,"Al Yaqout, North Jeddah, Jeddah"
"550,000",Apartment,6,5,226 Sq. M.,"Al Dhurfah, Khamis Mushait"
"1,550,000",Villa,6,6,273 Sq. M.,"Al Yaqout, North Jeddah, Jeddah"
"2,200,000",Villa,7,5,735 Sq. M.,"Al Nahdah, Buraydah Al Qassim Region"
"7,500,000",Villa,10,7,600 Sq. M.,"Al Olaya, North Riyadh, Riyadh"
"1,380,000",Apartment,2,2,100 Sq. M.,"Al Mughrizat, North Riyadh, Riyadh"
"1,790,000",Apartment,3,4,180 Sq. M.,"Al Mughrizat, North Riyadh, Riyadh"
"800,000",Apartment,2,4,186 Sq. M.,"Tuwaiq, West Riyadh, Riyadh"
"1,000,000",Villa,5,6,218 Sq. M.,"Al Shifa, South Riyadh, Riyadh"
"1,600,000",Floor,6,5,179 Sq. M.,"Al Rafiah, West Riyadh, Riyadh"
"840,000",Apartment,5,3,194 Sq. M.,"Al Marwah, North Jeddah, Jeddah"
"1,380,000",Apartment,5,4,172 Sq. M.,"Al Nahdah, North Jeddah, Jeddah"
"850,000",Apartment,6,4,202 Sq. M.,"Al Marwah, North Jeddah, Jeddah"
732,Apartment,5,4,225 Sq. M.,"Governmental1, Jeddah"
"740,000",Apartment,4,3,130 Sq. M.,"Al Salamah, North Jeddah, Jeddah"
"650,000",Apartment,4,3,137 Sq. M.,"Al Rabwa, North Jeddah, Jeddah"
"550,000",Apartment,4,4,224 Sq. M.,"Umm Hablain Al Gharbia, Jeddah"
"599,000",Apartment,3,3,488 Sq. M.,"Mudhainib, Madina"
"599,000",Apartment,3,3,131 Sq. M.,"Al Hamra, Al Khobar"
"499,000",Apartment,3,3,165 Sq. M.,"Al Hamra, Al Khobar"
"950,000",Villa,4,5,209 Sq. M.,"Al Rakah Al Shamaliyah, Dammam"
"2,600,000",Floor,5,6,152 Sq. M.,"Al Narjis, North Riyadh, Riyadh"
"4,600,000",Villa,5,7,372 Sq. M.,"Al Aqiq, North Riyadh, Riyadh"
"595,000",Apartment,5,3,144 Sq. M.,"Al Manar, North Jeddah, Jeddah"
"1,200,000",Villa,5,2,376 Sq. M.,"Ash Shamiya Al Jadid, Makkah"
"2,000,000",Villa,4,6,250 Sq. M.,"King Khalid International Airport, North Riyadh, Riyadh"
"4,400,000",Building,3,3,630 Sq. M.,"Al Aziziyah, North Jeddah, Jeddah"
"845,000",Floor,3,3,123 Sq. M.,"Al Nahdah, North Jeddah, Jeddah"
"600,000",Apartment,3,2,118 Sq. M.,"Al Janadriyah, East Riyadh, Riyadh"
"950,000",Floor,6,4,221 Sq. M.,"Al Janadriyah, East Riyadh, Riyadh"
"950,000",Apartment,5,3,219 Sq. M.,"Al Janadriyah, East Riyadh, Riyadh"
"900,000",Apartment,5,3,203 Sq. M.,"Al Janadriyah, East Riyadh, Riyadh"
"1,120,000",Floor,5,3,242 Sq. M.,"Al Bayan Neighborhood, East Riyadh, Riyadh"
"880,000",Floor,5,3,215 Sq. M.,"Al Bayan Neighborhood, East Riyadh, Riyadh"
"1,550,000",Villa,6,4,261 Sq. M.,"Laban, West Riyadh, Riyadh"
"530,000",Apartment,3,3,101 Sq. M.,"Al Janadriyah, East Riyadh, Riyadh"
"1,200,000",Villa,6,4,324 Sq. M.,"Badr, South Riyadh, Riyadh"
"1,900,000",Villa,5,5,516 Sq. M.,"Al Hussam, Dammam"
"730,000",Apartment,5,3,100 Sq. M.,"Al Naim, North Jeddah, Jeddah"
"750,000",Apartment,4,3,114 Sq. M.,"Al Rawdah, North Jeddah, Jeddah"
"650,000",Apartment,4,3,111 Sq. M.,"Al Salamah, North Jeddah, Jeddah"
"1,300,000",Floor,5,3,405 Sq. M.,"Al Jabirah, Madina"
"1,750,000",Villa,5,6,225 Sq. M.,"Al Rimal, East Riyadh, Riyadh"
"1,250,000",Villa,6,6,409 Sq. M.,"Al Rahmanyah, North Jeddah, Jeddah"
"8,750,000",Villa,5,5,450 Sq. M.,"Al Ghadir, North Riyadh, Riyadh"
"740,000",Apartment,7,5,653 Sq. M.,"Al Shifa District, Khamis Mushait"
"1,500,000",Apartment,3,1,164 Sq. M.,"Al Malqa, North Riyadh, Riyadh"
"550,000",Apartment,4,2,147 Sq. M.,"Badr, South Riyadh, Riyadh"
"700,000",Apartment,5,3,157 Sq. M.,"Al Waha, North Jeddah, Jeddah"
"2,700,000",Floor,3,3,195 Sq. M.,"Al Narjis, North Riyadh, Riyadh"
"1,000,000",Villa,3,3,310 Sq. M.,"Al Wafa Scheme, North Jeddah, Jeddah"
"1,250,000",Villa,6,7,269 Sq. M.,"Al Salehiyah, North Jeddah, Jeddah"
"720,000",Apartment,4,3,223 Sq. M.,"Governmental1, Jeddah"
"500,000",Apartment,3,3,98 Sq. M.,"Al Zahraa, North Jeddah, Jeddah"
"320,000",Apartment,3,3,659 Sq. M.,"Al Mraikh, North Jeddah, Jeddah"
"540,000",Apartment,4,3,131 Sq. M.,"Al Marwah, North Jeddah, Jeddah"
"1,350,000",Floor,3,3,196 Sq. M.,"Al Munsiyah, East Riyadh, Riyadh"
"3,650,000",Villa,5,5,324 Sq. M.,"Al Munsiyah, East Riyadh, Riyadh"
"2,200,000",Floor,4,5,220 Sq. M.,"Qurtubah, East Riyadh, Riyadh"
"1,650,000",Floor,4,2,183 Sq. M.,"Al Munsiyah, East Riyadh, Riyadh"
"1,500,000",Floor,4,3,131 Sq. M.,"Al Munsiyah, East Riyadh, Riyadh"
"1,850,000",Floor,3,4,200 Sq. M.,"Qurtubah, East Riyadh, Riyadh"
"1,300,000",Floor,4,5,255 Sq. M.,"Al Qadisiyah, East Riyadh, Riyadh"
"1,050,000",Apartment,2,3,93 Sq. M.,"Al Munsiyah, East Riyadh, Riyadh"
"1,150,000",Floor,2,3,144 Sq. M.,"Al Munsiyah, East Riyadh, Riyadh"
"1,350,000",Floor,3,4,196 Sq. M.,"Al Munsiyah, East Riyadh, Riyadh"
"770,000",Villa,6,5,264 Sq. M.,"Ar Rehab, Taif"
"500,000",Apartment,5,4,141 Sq. M.,"Waset, Taif"
"950,000",Villa,6,5,284 Sq. M.,"Al Qashashia Al Jadid, Makkah"
"1,500,000",Floor,4,4,131 Sq. M.,"Al Munsiyah, East Riyadh, Riyadh"
"1,300,000",Apartment,4,3,580 Sq. M.,"Qurtubah, East Riyadh, Riyadh"
"900,000",Floor,3,4,197 Sq. M.,"Al Qadisiyah, East Riyadh, Riyadh"
"1,150,000",Floor,3,4,230 Sq. M.,"Al Khaleej, East Riyadh, Riyadh"
"1,650,000",Floor,5,5,203 Sq. M.,"Al Munsiyah, East Riyadh, Riyadh"
"2,300,000",Villa,5,6,276 Sq. M.,"Al Maizilah, East Riyadh, Riyadh"
"650,000",Apartment,4,3,111 Sq. M.,"Al Salamah, North Jeddah, Jeddah"
"1,380,000",Floor,6,4,274 Sq. M.,"Al Qadisiyah, East Riyadh, Riyadh"
"1,100,000",Floor,6,4,249 Sq. M.,"Al Qadisiyah, East Riyadh, Riyadh"
"900,000",Floor,5,4,164 Sq. M.,"Al Qadisiyah, East Riyadh, Riyadh"
"1,400,000",Floor,4,5,251 Sq. M.,"Al Khaleej, East Riyadh, Riyadh"
"1,150,000",Floor,4,4,230 Sq. M.,"Al Khaleej, East Riyadh, Riyadh"
"1,200,000",Floor,4,4,492 Sq. M.,"Al Rimal, East Riyadh, Riyadh"
"1,300,000",Floor,4,5,307 Sq. M.,"Al Janadriyah, East Riyadh, Riyadh"
"1,000,000",Floor,4,5,271 Sq. M.,"Al Janadriyah, East Riyadh, Riyadh"
"570,000",Apartment,6,3,197 Sq. M.,"Ar Rehab 3, Jazan"
"850,000",Villa,5,6,345 Sq. M.,"Ar Rehab, Taif"
"700,000",Floor,3,3,170 Sq. M.,"Al Janadriyah, East Riyadh, Riyadh"
"900,000",Floor,3,3,210 Sq. M.,"Al Janadriyah, East Riyadh, Riyadh"
"3,700,000",Villa,10,10,350 Sq. M.,"Al Munsiyah, East Riyadh, Riyadh"
"800,000",Floor,3,3,159 Sq. M.,"Al Rimal, East Riyadh, Riyadh"
"550,000",Apartment,2,3,58 Sq. M.,"Al Saadah, East Riyadh, Riyadh"
"4,350,000",Villa,5,6,371 Sq. M.,"Al Munsiyah, East Riyadh, Riyadh"
"3,650,000",Villa,5,7,324 Sq. M.,"Al Munsiyah, East Riyadh, Riyadh"
"1,350,000",Floor,3,3,138 Sq. M.,"Al Munsiyah, East Riyadh, Riyadh"
"3,500,000",Villa,6,7,357 Sq. M.,"Qurtubah, East Riyadh, Riyadh"
"499,000",Apartment,3,3,879 Sq. M.,"Al Rawdah, North Jeddah, Jeddah"
"868,000",Apartment,2,3,132 Sq. M.,"Al Munsiyah, East Riyadh, Riyadh"
"1,300,000",Villa,4,7,313 Sq. M.,"Al Sawari, Al Khobar"
"1,250,000",Villa,5,8,314 Sq. M.,"Al Sheraa, Al Khobar"
"2,900,000",Villa,4,9,395 Sq. M.,"Al Sheraa, Al Khobar"
"1,300,000",Villa,4,7,312 Sq. M.,"Al Sawari, Al Khobar"
"3,000,000",Villa,7,9,436 Sq. M.,"Al Sheraa, Al Khobar"
"1,350,000",Floor,3,4,185 Sq. M.,"Al Munsiyah, East Riyadh, Riyadh"
"1,400,000",Villa,6,8,513 Sq. M.,"Al Sheraa, Al Khobar"
"1,350,000",Floor,4,4,600 Sq. M.,"Al Khaleej, East Riyadh, Riyadh"
"700,000",Apartment,6,4,203 Sq. M.,"Asharai, Makkah"
"3,500,000",Villa,4,4,525 Sq. M.,"Ishbiliyah, East Riyadh, Riyadh"
"1,600,000",Floor,4,5,206 Sq. M.,"Al Munsiyah, East Riyadh, Riyadh"
"1,650,000",Floor,4,4,183 Sq. M.,"Al Munsiyah, East Riyadh, Riyadh"
"1,650,000",Floor,4,4,183 Sq. M.,"Al Munsiyah, East Riyadh, Riyadh"
"540,000",Apartment,4,3,131 Sq. M.,"Al Marwah, North Jeddah, Jeddah"
"1,300,000",Floor,5,4,287 Sq. M.,"Al Maizilah, East Riyadh, Riyadh"
"1,000,000",Apartment,3,3,106 Sq. M.,"Al Khaleej, East Riyadh, Riyadh"
"1,475,000",Floor,4,4,251 Sq. M.,"Al Khaleej, East Riyadh, Riyadh"
"2,900,000",Villa,5,6,409 Sq. M.,"Al Yarmuk, East Riyadh, Riyadh"
"1,450,000",Apartment,4,4,206 Sq. M.,"Al Rimal, East Riyadh, Riyadh"
"1,200,000",Floor,3,4,360 Sq. M.,"Al Qadisiyah, East Riyadh, Riyadh"
"1,450,000",Villa,6,4,208 Sq. M.,"Al Janadriyah, East Riyadh, Riyadh"
"1,050,000",Apartment,3,4,172 Sq. M.,"Al Qadisiyah, East Riyadh, Riyadh"
"2,400,000",Villa,6,5,276 Sq. M.,"Al Maizilah, East Riyadh, Riyadh"
"1,100,000",Floor,3,4,201 Sq. M.,"Al Maizilah, East Riyadh, Riyadh"
"1,450,000",Floor,3,4,156 Sq. M.,"Qurtubah, East Riyadh, Riyadh"
"1,400,000",Floor,3,5,287 Sq. M.,"Al Maizilah, East Riyadh, Riyadh"
"1,100,000",Floor,3,4,200 Sq. M.,"Al Janadriyah, East Riyadh, Riyadh"
"750,000",Villa,7,5,309 Sq. M.,"Al Nafl, Hail"
"1,150,000",Floor,4,5,315 Sq. M.,"Al Janadriyah, East Riyadh, Riyadh"
"1,900,000",Villa,4,5,348 Sq. M.,"Al Maizilah, East Riyadh, Riyadh"
"950,000",Floor,3,4,245 Sq. M.,"Al Janadriyah, East Riyadh, Riyadh"
"600,000",Apartment,6,3,214 Sq. M.,"Al Nada, Dammam"
"1,150,000",Floor,3,5,315 Sq. M.,"Al Janadriyah, East Riyadh, Riyadh"
"750,000",Apartment,5,4,191 Sq. M.,"Al Difa, Madina"
"1,050,000",Floor,3,4,171 Sq. M.,"Al Janadriyah, East Riyadh, Riyadh"
"1,250,000",Floor,4,4,260 Sq. M.,"Al Janadriyah, East Riyadh, Riyadh"
"950,000",Floor,4,4,156 Sq. M.,"Al Qadisiyah, East Riyadh, Riyadh"
"2,200,000",Villa,5,5,276 Sq. M.,"Al Maizilah, East Riyadh, Riyadh"
"580,000",Apartment,5,4,163 Sq. M.,"As Salamah, Makkah"
"1,650,000",Villa,5,4,249 Sq. M.,"Al Janadriyah, East Riyadh, Riyadh"
"1,050,000",Floor,3,4,165 Sq. M.,"Al Janadriyah, East Riyadh, Riyadh"
"850,000",Villa,4,3,259 Sq. M.,"Okaz, South Riyadh, Riyadh"
"1,450,000",Villa,7,4,208 Sq. M.,"Al Janadriyah, East Riyadh, Riyadh"
"1,200,000",Floor,5,4,200 Sq. M.,"Al Janadriyah, East Riyadh, Riyadh"
"700,000",Apartment,4,3,118 Sq. M.,"Al Rimal, East Riyadh, Riyadh"
"1,000,000",Floor,5,4,177 Sq. M.,"Al Rimal, East Riyadh, Riyadh"
"1,150,000",Apartment,3,4,134 Sq. M.,"Al Munsiyah, East Riyadh, Riyadh"
"1,200,000",Floor,5,4,360 Sq. M.,"Al Qadisiyah, East Riyadh, Riyadh"
"1,900,000",Villa,4,5,528 Sq. M.,"Al Yarmuk, East Riyadh, Riyadh"
"2,350,000",Villa,5,5,250 Sq. M.,"Al Yarmuk, East Riyadh, Riyadh"
"1,250,000",Floor,6,4,600 Sq. M.,"Al Safa, Abu Arish"
"450,000",Apartment,4,3,168 Sq. M.,"Ar Rehab 1, Jazan"
"630,000",Apartment,5,3,181 Sq. M.,"Ar Rehab 3, Jazan"
"450,000",Apartment,4,3,182 Sq. M.,"Al Muhammadiyah 2, Jazan"
"1,655,000",Villa,4,3,200 Sq. M.,"Al Mahdiyah, West Riyadh, Riyadh"
"1,900,000",Villa,5,5,276 Sq. M.,"Al Maizilah, East Riyadh, Riyadh"
"1,050,000",Villa,5,5,321 Sq. M.,"Al Amwaj, Al Khobar"
"950,000",Villa,5,5,392 Sq. M.,"Al Sheraa, Al Khobar"
"1,300,000",Floor,6,4,315 Sq. M.,"Al Rimal, East Riyadh, Riyadh"
"540,000",Apartment,4,3,131 Sq. M.,"Al Marwah, North Jeddah, Jeddah"
"2,150,000",Villa,5,7,225 Sq. M.,"Al Rimal, East Riyadh, Riyadh"
"4,200,000",Villa,5,5,371 Sq. M.,"Al Munsiyah, East Riyadh, Riyadh"
"540,000",Apartment,3,3,147 Sq. M.,"Tuwaiq, West Riyadh, Riyadh"
"1,332,000",Floor,4,4,900 Sq. M.,"Al Narjis, North Riyadh, Riyadh"
"600,000",Floor,4,4,500 Sq. M.,"Shubra, West Riyadh, Riyadh"
"920,000",Apartment,5,3,166 Sq. M.,"Al Qadisiyah, East Riyadh, Riyadh"
"800,000",Floor,2,4,360 Sq. M.,"Al Qadisiyah, East Riyadh, Riyadh"
"2,000,000",Villa,5,5,276 Sq. M.,"Al Maizilah, East Riyadh, Riyadh"
"1,350,000",Apartment,4,4,437 Sq. M.,"Al Munsiyah, East Riyadh, Riyadh"
"1,600,000",Floor,5,4,621 Sq. M.,"Al Munsiyah, East Riyadh, Riyadh"
"3,400,000",Villa,5,5,250 Sq. M.,"Al Narjis, North Riyadh, Riyadh"
"7,000,000",Villa,6,5,504 Sq. M.,"Al Arid, North Riyadh, Riyadh"
"3,100,000",Villa,5,4,250 Sq. M.,"Al Arid, North Riyadh, Riyadh"
"5,600,000",Villa,7,5,458 Sq. M.,"Al Arid, North Riyadh, Riyadh"
"3,750,000",Villa,6,4,360 Sq. M.,"Al Arid, North Riyadh, Riyadh"
"4,600,000",Villa,5,4,312 Sq. M.,"Al Narjis, North Riyadh, Riyadh"
"1,200,000",Apartment,3,3,167 Sq. M.,"Al Munsiyah, East Riyadh, Riyadh"
"780,000",Villa,4,5,201 Sq. M.,"Badr, South Riyadh, Riyadh"
"1,100,000",Floor,6,5,269 Sq. M.,"Al Qutbiah Al Gharbia, Taif"
"1,300,000",Floor,3,4,300 Sq. M.,"Al Janadriyah, East Riyadh, Riyadh"
"990,000",Floor,3,6,248 Sq. M.,"Al Janadriyah, East Riyadh, Riyadh"
"575,000",Apartment,4,3,121 Sq. M.,"Al Bawadi, North Jeddah, Jeddah"
"1,550,000",Apartment,6,5,235 Sq. M.,"Al Zahraa, North Jeddah, Jeddah"
"675,000",Apartment,4,4,127 Sq. M.,"Al Salamah, North Jeddah, Jeddah"
"690,000",Floor,3,5,400 Sq. M.,"Al Yarmuk, Hafar Al Batin"
"950,000",Apartment,3,4,171 Sq. M.,"Al Rimal, East Riyadh, Riyadh"
"560,000",Apartment,5,4,192 Sq. M.,"Al Rayaan, North Jeddah, Jeddah"
"550,000",Apartment,5,4,161 Sq. M.,"Al Rayaan, North Jeddah, Jeddah"
"610,000",Apartment,6,4,220 Sq. M.,"Al Rayaan, North Jeddah, Jeddah"
"1,100,000",Villa,5,3,221 Sq. M.,"Al Janadriyah, East Riyadh, Riyadh"
"1,100,000",Villa,5,4,218 Sq. M.,"Al Shifa, South Riyadh, Riyadh"
"2,200,000",Villa,5,3,200 Sq. M.,"Jarir, Central Riyadh, Riyadh"
"577,000",Apartment,4,3,99 Sq. M.,"Al Rawdah, North Jeddah, Jeddah"
"900,000",Apartment,6,3,158 Sq. M.,"Al Naim, North Jeddah, Jeddah"
"750,000",Apartment,4,3,114 Sq. M.,"Al Rawdah, North Jeddah, Jeddah"
"650,000",Apartment,4,3,111 Sq. M.,"Al Salamah, North Jeddah, Jeddah"
"1,980,000",Floor,4,6,360 Sq. M.,"Al Arid, North Riyadh, Riyadh"
"1,450,000",Villa,5,3,312 Sq. M.,"Asharai, Makkah"
"650,000",Apartment,6,3,214 Sq. M.,"Taybay, Dammam"
"1,000,000",Apartment,5,4,169 Sq. M.,"Al Rawdah, North Jeddah, Jeddah"
"700,000",Floor,4,4,169 Sq. M.,"Al Rimal, East Riyadh, Riyadh"
"550,000",Apartment,6,4,192 Sq. M.,"Al Shifa District, Khamis Mushait"
"400,000",Apartment,3,2,144 Sq. M.,"Al Salam, East Riyadh, Riyadh"
"1,000,000",Floor,3,3,227 Sq. M.,"Al Salam, East Riyadh, Riyadh"
"1,100,000",Floor,3,3,219 Sq. M.,"Al Salam, East Riyadh, Riyadh"
"620,000",Apartment,5,3,189 Sq. M.,"Al Rayaan, North Jeddah, Jeddah"
"4,000,000",Villa,8,8,600 Sq. M.,"Al Fayha, East Riyadh, Riyadh"
"480,000",Apartment,4,3,144 Sq. M.,"Batha Quraysh, Makkah"
"500,000",Apartment,3,3,108 Sq. M.,"Al Waha, North Jeddah, Jeddah"
"680,000",Apartment,3,3,222 Sq. M.,"Al Buhayrat, Makkah"
"1,050,000",Villa,6,7,210 Sq. M.,"Al Rahmanyah, North Jeddah, Jeddah"
"500,000",Apartment,3,3,121 Sq. M.,"Al Manar, North Jeddah, Jeddah"
"480,000",Apartment,3,3,141 Sq. M.,"Asharai, Makkah"
"1,300,000",Villa,6,6,409 Sq. M.,"Al Hajla Al Jadid, Makkah"
"600,000",Floor,3,3,350 Sq. M.,"Badr, South Riyadh, Riyadh"
"550,000",Apartment,4,3,135 Sq. M.,"Al Marwah, North Jeddah, Jeddah"
"950,000",Apartment,5,4,193 Sq. M.,"Al Salamah, North Jeddah, Jeddah"
"1,000,000",Apartment,5,5,177 Sq. M.,"Al Salamah, North Jeddah, Jeddah"
"1,600,000",Villa,4,6,312 Sq. M.,"Al Zumorrud, North Jeddah, Jeddah"
"1,600,000",Apartment,3,3,144 Sq. M.,"Al Rabi, North Riyadh, Riyadh"
"850,000",Apartment,5,6,224 Sq. M.,"Al Marwah, North Jeddah, Jeddah"
"735,000",Apartment,3,4,130 Sq. M.,"Al Saif, Dammam"
"780,000",Floor,3,4,173 Sq. M.,"Al Janadriyah, East Riyadh, Riyadh"
"520,000",Floor,3,3,203 Sq. M.,"Badr, South Riyadh, Riyadh"
"4,000,000",Villa,6,6,510 Sq. M.,"Al Munsiyah, East Riyadh, Riyadh"
"1,200,000",Apartment,6,4,190 Sq. M.,"Al Nahdah, North Jeddah, Jeddah"
"1,700,000",Villa,5,5,625 Sq. M.,"Al Hazm, West Riyadh, Riyadh"
"3,200,000",Villa,5,2,300 Sq. M.,"Al Rimal, East Riyadh, Riyadh"
"900,000",Villa,5,4,218 Sq. M.,"Al Dar Al Baida, South Riyadh, Riyadh"
"720,000",Apartment,3,3,183 Sq. M.,"Tuwaiq, West Riyadh, Riyadh"
"900,000",Apartment,3,2,162 Sq. M.,"Al Yarmuk, East Riyadh, Riyadh"
"1,750,000",Apartment,3,2,219 Sq. M.,"Al Nakhil, North Riyadh, Riyadh"
"695,000",Floor,3,4,171 Sq. M.,"Okaz, South Riyadh, Riyadh"
"780,000",Apartment,4,3,124 Sq. M.,"Al Rawdah, North Jeddah, Jeddah"
"800,000",Apartment,4,3,146 Sq. M.,"Al Rawdah, North Jeddah, Jeddah"
"1,400,000",Villa,6,5,250 Sq. M.,"Dirab, West Riyadh, Riyadh"
"1,450,000",Villa,6,4,300 Sq. M.,"Al Rahmanyah, North Jeddah, Jeddah"
"700,000",Floor,5,3,176 Sq. M.,"As Samdah, Khamis Mushait"
"1,400,000",Villa,3,3,205 Sq. M.,"Al Khaleej, East Riyadh, Riyadh"
"3,000,000",Villa,6,6,450 Sq. M.,"Al Awali, Makkah"
"950,000",Floor,6,4,212 Sq. M.,"Tuwaiq, West Riyadh, Riyadh"
"720,000",Apartment,5,4,163 Sq. M.,"Al Rayaan, North Jeddah, Jeddah"
"296,000",Apartment,3,3,887 Sq. M.,"Al Rayaan, North Jeddah, Jeddah"
"2,300,000",Villa,4,3,200 Sq. M.,"Al Arid, North Riyadh, Riyadh"
"780,000",Apartment,6,5,249 Sq. M.,"Al Rayaan, North Jeddah, Jeddah"
"665,000",Villa,4,5,223 Sq. M.,"Al Marooj, Abha"
"580,000",Apartment,5,3,163 Sq. M.,"As Salamah, Makkah"
"1,030,000",Villa,6,5,225 Sq. M.,"Al Wafa Scheme, North Jeddah, Jeddah"
"450,000",Apartment,3,2,91 Sq. M.,"Al Kakiyyah, Makkah"
"2,800,000",Villa,8,7,345 Sq. M.,"Al Yarmuk, East Riyadh, Riyadh"
"1,100,000",Apartment,5,4,220 Sq. M.,"Al Salamah, North Jeddah, Jeddah"
"650,000",Apartment,5,4,181 Sq. M.,"Al Nuzhah, North Jeddah, Jeddah"
"540,000",Apartment,3,2,131 Sq. M.,"Al Marwah, North Jeddah, Jeddah"
"1,500,000",Apartment,5,3,220 Sq. M.,"Al Woroud, North Jeddah, Jeddah"
"595,000",Apartment,2,2,750 Sq. M.,"Al Zahraa, North Jeddah, Jeddah"
"1,180,000",Apartment,6,4,675 Sq. M.,"Al Zahraa, North Jeddah, Jeddah"
"650,000",Apartment,3,3,121 Sq. M.,"Al Zahraa, North Jeddah, Jeddah"
"1,350,000",Apartment,5,4,194 Sq. M.,"Al Zahraa, North Jeddah, Jeddah"
"760,000",Apartment,4,3,728 Sq. M.,"Al Zahraa, North Jeddah, Jeddah"
"600,000",Apartment,3,3,728 Sq. M.,"Al Zahraa, North Jeddah, Jeddah"
"4,500,000",Rest House,3,1,543 Sq. M.,"Al Narjis, North Riyadh, Riyadh"
"850,000",Apartment,4,3,150 Sq. M.,"Al Nahdah, North Jeddah, Jeddah"
"1,100,000",Apartment,5,4,196 Sq. M.,"Al Rawdah, North Jeddah, Jeddah"
"4,000,000",Villa,7,7,520 Sq. M.,"Ishbiliyah, East Riyadh, Riyadh"
"740,000",Apartment,3,3,128 Sq. M.,"Al Zahraa, North Jeddah, Jeddah"
"1,900,000",Villa,8,7,300 Sq. M.,"Al Yaqout, North Jeddah, Jeddah"
"10,000,000",Villa,8,11,600 Sq. M.,"Al Qirawan, North Riyadh, Riyadh"
"1,110,000",Floor,5,4,196 Sq. M.,"Al Rimal, East Riyadh, Riyadh"
"590,000",Apartment,4,3,132 Sq. M.,"Al Faisaliyah, Central Jeddah, Jeddah"
"650,000",Apartment,5,3,164 Sq. M.,"Al Rehab, North Jeddah, Jeddah"
"2,100,000",Villa,4,5,277 Sq. M.,"Al Murjan, North Jeddah, Jeddah"
"4,000,000",Villa,6,2,390 Sq. M.,"Al Arid, North Riyadh, Riyadh"
"700,000",Apartment,5,4,215 Sq. M.,"Al Difa, Madina"
"1,100,000",Floor,3,4,208 Sq. M.,"Al Rimal, East Riyadh, Riyadh"
"320,000",Apartment,3,3,659 Sq. M.,"Al Mraikh, North Jeddah, Jeddah"
"595,000",Apartment,5,3,148 Sq. M.,"Shuran, Madina"
"595,000",Apartment,5,3,148 Sq. M.,"Shuran, Madina"
"1,300,000",Villa,7,5,318 Sq. M.,"Al Sawari, Al Khobar"
"690,000",Apartment,3,3,142 Sq. M.,"Ishbiliyah, East Riyadh, Riyadh"
"790,000",Apartment,4,4,175 Sq. M.,"Al Salamah, North Jeddah, Jeddah"
"830,000",Apartment,4,2,140 Sq. M.,"Al Salamah, North Jeddah, Jeddah"
"2,300,000",Villa,5,5,325 Sq. M.,"Al Basateen, North Jeddah, Jeddah"
"1,150,000",Villa,9,6,435 Sq. M.,"Harat Al Bab Al Jadid, Makkah"
"950,000",Villa,6,5,298 Sq. M.,"Al Hajla Al Jadid, Makkah"
"1,000,000",Villa,6,5,316 Sq. M.,"Al misyal Al Jadid, Makkah"
"296,000",Apartment,3,3,887 Sq. M.,"Al Rayaan, North Jeddah, Jeddah"
"675,000",Apartment,8,5,331 Sq. M.,"An Nuzhah 1, Ahad Rafidah"
"525,000",Apartment,6,4,209 Sq. M.,"An Nuzhah 1, Ahad Rafidah"
"900,000",Villa,7,5,384 Sq. M.,"Al Barid, Ahad Rafidah"
"550,000",Apartment,6,4,203 Sq. M.,"Al Wessam, Khamis Mushait"
"3,300,000",Villa,6,7,300 Sq. M.,"Al Mahdiyah, West Riyadh, Riyadh"
"760,000",Villa,8,6,300 Sq. M.,"King Fahd District, Unayzah"
"1,600,000",Apartment,6,4,205 Sq. M.,"Al Nahdah, North Jeddah, Jeddah"
"1,650,000",Apartment,1,2,108 Sq. M.,"Al Shati, North Jeddah, Jeddah"
"2,700,000",Apartment,3,3,162 Sq. M.,"Al Shati, North Jeddah, Jeddah"
"4,400,000",Villa,11,7,450 Sq. M.,"Al Mahdiyah, West Riyadh, Riyadh"
"3,250,000",Villa,10,10,333 Sq. M.,"Al Khaleej, East Riyadh, Riyadh"
"1,350,000",Villa,5,1,250 Sq. M.,"Shubra, West Riyadh, Riyadh"
"1,000,000",Apartment,3,3,137 Sq. M.,"Al Arid, North Riyadh, Riyadh"
"850,000",Apartment,5,4,183 Sq. M.,"Al Manar, North Jeddah, Jeddah"
"1,235,000",Apartment,3,5,600 Sq. M.,"Al Nahdah, North Jeddah, Jeddah"
"1,350,000",Villa,6,6,405 Sq. M.,"Al Hajla Al Jadid, Makkah"
"520,000",Apartment,4,3,125 Sq. M.,"Al Marwah, North Jeddah, Jeddah"
"920,000",Villa,3,3,195 Sq. M.,"Al Wafa Scheme, North Jeddah, Jeddah"
"1,290,000",Villa,6,6,290 Sq. M.,"Al Frosyah, South Jeddah, Jeddah"
"820,000",Villa,6,5,262 Sq. M.,"Al Qashashia Al Jadid, Makkah"
"770,000",Villa,5,5,288 Sq. M.,"Al Qashashia Al Jadid, Makkah"
"1,150,000",Villa,6,4,400 Sq. M.,"Asharai, Makkah"
"700,000",Apartment,5,4,211 Sq. M.,"Al Qumariyyah, Taif"
"1,000,000",Villa,6,5,175 Sq. M.,"Al Qumariyyah, Taif"
"950,000",Villa,5,5,310 Sq. M.,"Al Wafa Scheme, North Jeddah, Jeddah"
"1,600,000",Villa,10,10,532 Sq. M.,"Al Rahmanyah, North Jeddah, Jeddah"
"1,100,000",Villa,6,6,300 Sq. M.,"Al Rahmanyah, North Jeddah, Jeddah"
"900,000",Villa,3,3,310 Sq. M.,"Al Wafa Scheme, North Jeddah, Jeddah"
"1,100,000",Villa,9,7,369 Sq. M.,"Ar Rehab, Taif"
"770,000",Villa,8,6,252 Sq. M.,"Ar Rehab, Taif"
"570,000",Apartment,6,4,205 Sq. M.,"Ash Shamiya Al Jadid, Makkah"
"700,000",Apartment,4,3,148 Sq. M.,"Al Aziziyah, Makkah"
"650,000",Apartment,4,3,126 Sq. M.,"Batha Quraysh, Makkah"
"1,150,000",Villa,9,7,294 Sq. M.,"Al Nwwariyah, Makkah"
"1,150,000",Villa,8,6,386 Sq. M.,"Al Nwwariyah, Makkah"
"1,500,000",Apartment,5,4,166 Sq. M.,"Al Malqa, North Riyadh, Riyadh"
"1,790,000",Villa,8,7,300 Sq. M.,"Al Hamdaniyah, North Jeddah, Jeddah"
"1,350,000",Apartment,6,4,750 Sq. M.,"Al Zahraa, North Jeddah, Jeddah"
"2,200,000",Apartment,7,8,600 Sq. M.,"Al Nahdah, North Jeddah, Jeddah"
"780,000",Apartment,4,4,600 Sq. M.,"Al Nahdah, North Jeddah, Jeddah"
"645,000",Apartment,5,4,170 Sq. M.,"Al Manar, North Jeddah, Jeddah"
"850,000",Villa,5,3,147 Sq. M.,"Al Murjan, East Riyadh, Riyadh"
"1,400,000",Villa,9,8,341 Sq. M.,"Al Hamdaniyah, North Jeddah, Jeddah"
"3,000,000",Villa,5,8,280 Sq. M.,"Al Narjis, North Riyadh, Riyadh"
"590,000",Apartment,3,3,893 Sq. M.,"Dhahrat Laban, West Riyadh, Riyadh"
"750,000",Apartment,4,3,167 Sq. M.,"Al Marwah, North Jeddah, Jeddah"
"2,350,000",Villa,4,5,360 Sq. M.,"Al Bayan Neighborhood, East Riyadh, Riyadh"
"18,450,000",Villa,11,7,750 Sq. M.,"Al Mohammadiyah, North Riyadh, Riyadh"
"3,160,000",Villa,5,5,297 Sq. M.,"Qurtubah, East Riyadh, Riyadh"
"6,000,000",Villa,10,7,615 Sq. M.,"Al Aqiq, North Riyadh, Riyadh"
"1,650,000",Villa,6,6,469 Sq. M.,"Al Shulah, Dammam"
"4,000,000",Villa,5,6,396 Sq. M.,"Al Sahafah, North Riyadh, Riyadh"
"5,500,000",Villa,5,4,462 Sq. M.,"Al Mahdiyah, West Riyadh, Riyadh"
"2,000,000",Apartment,3,3,200 Sq. M.,"Hittin, North Riyadh, Riyadh"
"600,000",Apartment,6,4,207 Sq. M.,"Al Safa, Abha"
"1,250,000",Apartment,4,3,142 Sq. M.,"Al Yasmin, North Riyadh, Riyadh"
"2,500,000",Villa,6,2,200 Sq. M.,"King Khalid International Airport, North Riyadh, Riyadh"
"3,000,000",Apartment,3,3,118 Sq. M.,"Al Olaya, North Riyadh, Riyadh"
"450,000",Apartment,3,2,102 Sq. M.,"Al Marwah, North Jeddah, Jeddah"
"5,000,000",Building,10,10,625 Sq. M.,"Al Samer, North Jeddah, Jeddah"
"1,400,000",Villa,7,5,200 Sq. M.,"Al Uraija Al Wusta, West Riyadh, Riyadh"
"500,000",Apartment,4,3,123 Sq. M.,"Al Rayaan, North Jeddah, Jeddah"
"430,000",Apartment,3,3,103 Sq. M.,"Al Waha, North Jeddah, Jeddah"
"4,999,000",Villa,6,4,600 Sq. M.,"Al Zahraa, North Jeddah, Jeddah"
"3,500,000",Building,4,3,525 Sq. M.,"Al Safa, North Jeddah, Jeddah"
"1,800,000",Villa,11,5,360 Sq. M.,"Al Falah, North Jeddah, Jeddah"
"850,000",Apartment,5,3,"1,327 Sq. M.","Al Shawqiyyah, Makkah"
"600,000",Apartment,6,4,173 Sq. M.,"Asharai, Makkah"
"850,000",Apartment,5,4,205 Sq. M.,"As Salamah, Makkah"
"495,000",Apartment,4,3,170 Sq. M.,"Al Rummanah, Madina"
"4,600,000",Villa,6,5,300 Sq. M.,"Al Narjis, North Riyadh, Riyadh"
"600,000",Apartment,3,2,86 Sq. M.,"Al Rawdah, North Jeddah, Jeddah"
"4,200,000",Villa,5,6,334 Sq. M.,"Al Narjis, North Riyadh, Riyadh"
"800,000",Apartment,4,4,696 Sq. M.,"Al Nahdah, North Jeddah, Jeddah"
"1,300,000",Apartment,6,3,696 Sq. M.,"Al Nahdah, North Jeddah, Jeddah"
"480,000",Apartment,2,3,"2,400 Sq. M.","Al Rawdah, North Jeddah, Jeddah"
"3,600,000",Villa,6,5,261 Sq. M.,"Al Arid, North Riyadh, Riyadh"
"750,000",Apartment,3,3,122 Sq. M.,"King Abduallah, North Riyadh, Riyadh"
"6,000,000",Villa,4,5,350 Sq. M.,"King Abduallah, North Riyadh, Riyadh"
"1,100,000",Villa,6,5,200 Sq. M.,"Tuwaiq, West Riyadh, Riyadh"
"1,500,000",Villa,6,4,600 Sq. M.,"Al Haer, Riyadh"
"850,000",Floor,6,6,317 Sq. M.,"Al Zahrah, West Riyadh, Riyadh"
"11,000,000",Residential Building,11,11,593 Sq. M.,"Al Jamiah, Makkah"
"4,500,000",Villa,4,7,360 Sq. M.,"King Abdulaziz District, East Riyadh, Riyadh"
"768,750",Apartment,5,3,248 Sq. M.,"Shuran, Madina"
"650,000",Apartment,5,3,164 Sq. M.,"Al Rehab, North Jeddah, Jeddah"
"650,000",Apartment,5,3,164 Sq. M.,"Al Rehab, North Jeddah, Jeddah"
"650,000",Apartment,5,3,164 Sq. M.,"Al Rehab, North Jeddah, Jeddah"
"450,000",Apartment,3,2,102 Sq. M.,"Al Marwah, North Jeddah, Jeddah"
"1,600,000",Villa,8,8,452 Sq. M.,"Al Marwah, North Jeddah, Jeddah"
"1,060,000",Villa,7,5,300 Sq. M.,"Al Dhurfah, Khamis Mushait"
"630,000",Apartment,3,3,142 Sq. M.,"Dhahrat Laban, West Riyadh, Riyadh"
"2,600,000",Villa,10,8,688 Sq. M.,"Al Rayaan, North Jeddah, Jeddah"
"26,000,000",Villa,10,10,"1,486 Sq. M.","Irqah, West Riyadh, Riyadh"
"920,000",Apartment,5,5,224 Sq. M.,"Al Marwah, North Jeddah, Jeddah"
"700,000",Apartment,4,2,118 Sq. M.,"Al Rimal, East Riyadh, Riyadh"
"12,500,000",Residential Building,4,3,900 Sq. M.,"Al Narjis, North Riyadh, Riyadh"
"499,000",Apartment,3,3,879 Sq. M.,"Al Rawdah, North Jeddah, Jeddah"
"670,000",Apartment,5,4,158 Sq. M.,"Al Safa, North Jeddah, Jeddah"
"1,050,000",Floor,7,4,225 Sq. M.,"Al Janadriyah, East Riyadh, Riyadh"
"1,400,000",Villa,6,6,300 Sq. M.,"Al Rahmanyah, North Jeddah, Jeddah"
"630,000",Apartment,3,3,130 Sq. M.,"Alawali, West Riyadh, Riyadh"
"950,000",Villa,7,6,260 Sq. M.,"Al Fanar, Bahrah 3"
"1,750,000",Villa,6,6,312 Sq. M.,"Al Yaqout, North Jeddah, Jeddah"
"1,100,000",Villa,5,5,275 Sq. M.,"Al Rahmanyah, North Jeddah, Jeddah"
"1,750,000",Villa,6,6,525 Sq. M.,"Al Yaqout, North Jeddah, Jeddah"
"570,000",Apartment,4,4,205 Sq. M.,"Ash Shamiya Al Jadid, Makkah"
"780,000",Villa,8,6,343 Sq. M.,"Rahba District, Taif"
"1,200,000",Villa,6,5,300 Sq. M.,"Al Rahmanyah, North Jeddah, Jeddah"
"1,350,000",Villa,6,6,360 Sq. M.,"Al Falah, North Jeddah, Jeddah"
"4,000,000",Villa,11,7,364 Sq. M.,"Al Yasmin, North Riyadh, Riyadh"
"2,550,000",Villa,5,6,163 Sq. M.,"Al Bayan Neighborhood, East Riyadh, Riyadh"
"1,200,000",Villa,6,6,200 Sq. M.,"Al Fadeylah, South Jeddah, Jeddah"
"1,050,000",Villa,6,6,200 Sq. M.,"Al Khomrah, South Jeddah, Jeddah"
"1,500,000",Villa,6,6,304 Sq. M.,"Al Salehiyah, North Jeddah, Jeddah"
"1,600,000",Villa,5,6,308 Sq. M.,"Al Manarat, North Jeddah, Jeddah"
"1,650,000",Villa,7,6,312 Sq. M.,"Al Falah, North Jeddah, Jeddah"
"650,000",Apartment,5,3,181 Sq. M.,"Al Nuzhah, North Jeddah, Jeddah"
"600,000",Apartment,6,3,181 Sq. M.,"Al Mraikh, North Jeddah, Jeddah"
"1,600,000",Villa,6,5,293 Sq. M.,"Al Rimal, East Riyadh, Riyadh"
"5,000,000",Villa,5,5,432 Sq. M.,"Al Arid, North Riyadh, Riyadh"
"629,000",Apartment,3,3,121 Sq. M.,"Mudhainib, Madina"
"650,000",Apartment,3,3,750 Sq. M.,"Al Nasim Al Gharbi, East Riyadh, Riyadh"
"560,000",Apartment,3,3,171 Sq. M.,"Al Hamra, Al Khobar"
"1,350,000",Villa,6,7,250 Sq. M.,"Al Yaqout, North Jeddah, Jeddah"
"650,000",Apartment,5,3,184 Sq. M.,"Namar, West Riyadh, Riyadh"
"950,000",Floor,3,3,687 Sq. M.,"Al Zuhur, Rumah"
"1,200,000",Floor,3,2,395 Sq. M.,Mulayjah
"450,000",Apartment,3,2,102 Sq. M.,"Al Marwah, North Jeddah, Jeddah"
"1,600,000",Floor,6,3,168 Sq. M.,"Al Munsiyah, East Riyadh, Riyadh"
"450,000",Apartment,3,2,102 Sq. M.,"Al Marwah, North Jeddah, Jeddah"
"1,600,000",Villa,10,9,290 Sq. M.,"Al Salehiyah, North Jeddah, Jeddah"
"385,000",Apartment,3,3,660 Sq. M.,"Al Safa, North Jeddah, Jeddah"
"2,450,000",Floor,3,3,224 Sq. M.,"Al Masif, North Riyadh, Riyadh"
"465,000",Apartment,2,2,"1,049 Sq. M.","Al Rawdah, North Jeddah, Jeddah"
"540,000",Apartment,2,2,"1,049 Sq. M.","Al Rawdah, North Jeddah, Jeddah"
"1,200,000",Villa,7,4,195 Sq. M.,"King Khalid International Airport, North Riyadh, Riyadh"
"5,000,000",Villa,6,6,553 Sq. M.,"Al Hamra, East Riyadh, Riyadh"
"950,000",Floor,3,3,183 Sq. M.,"Tuwaiq, West Riyadh, Riyadh"
"1,000,000",Villa,4,4,780 Sq. M.,"Rmaida, Taif"
"1,200,000",Villa,5,5,300 Sq. M.,"Al Rahmanyah, North Jeddah, Jeddah"
"1,700,000",Villa,4,6,338 Sq. M.,"Al Rimal, East Riyadh, Riyadh"
"790,000",Apartment,6,6,241 Sq. M.,"Al Rawabi, South Jeddah, Jeddah"
"4,500,000",Villa,6,5,472 Sq. M.,"Al Rahmaniyah, North Riyadh, Riyadh"
"3,376,600",Apartment,2,2,168 Sq. M.,"Al Olaya, North Riyadh, Riyadh"
"7,000,000",Villa,9,7,650 Sq. M.,"Al Arid, North Riyadh, Riyadh"
"499,000",Apartment,4,3,130 Sq. M.,"Al Marwah, North Jeddah, Jeddah"
"900,000",Floor,4,4,146 Sq. M.,"Al Rimal, East Riyadh, Riyadh"
"750,000",Apartment,3,3,122 Sq. M.,"Al Rimal, East Riyadh, Riyadh"
"3,450,000",Villa,5,4,270 Sq. M.,"Al Narjis, North Riyadh, Riyadh"
"4,500,000",Villa,4,3,375 Sq. M.,"King Salman, Riyadh"
"850,000",Villa,5,3,325 Sq. M.,"Mishrifah, Al Hayathem"
"1,300,000",Floor,3,3,155 Sq. M.,"Al Arid, North Riyadh, Riyadh"
"800,000",Floor,5,4,239 Sq. M.,"Al Janadriyah, East Riyadh, Riyadh"
"1,200,000",Floor,3,4,209 Sq. M.,"Al Qadisiyah, East Riyadh, Riyadh"
"1,750,000",Apartment,3,2,136 Sq. M.,"Al Malqa, North Riyadh, Riyadh"
"700,000",Floor,3,3,175 Sq. M.,"Okaz, South Riyadh, Riyadh"
"770,000",Apartment,4,4,187 Sq. M.,"King Fahd Suburb, Dammam"
"2,200,000",Villa,3,2,270 Sq. M.,"Al Nadwa District, East Riyadh, Riyadh"
"1,600,000",Villa,9,7,480 Sq. M.,"Al Amwaj, Al Khobar"
"2,100,000",Villa,8,5,507 Sq. M.,"King Fahd Suburb, Dammam"
"560,000",Apartment,3,2,147 Sq. M.,"Ishbilia, Al Khobar"
"1,350,000",Villa,6,3,314 Sq. M.,"Al Urobah, Dammam"
"530,000",Apartment,3,2,147 Sq. M.,"Ishbilia, Al Khobar"
"3,200,000",Villa,7,8,390 Sq. M.,"Obhur Al Shamaliyah, North Jeddah, Jeddah"
"3,300,000",Villa,9,9,680 Sq. M.,"Al Khaleej, East Riyadh, Riyadh"
"320,000",Apartment,3,3,659 Sq. M.,"Al Mraikh, North Jeddah, Jeddah"
"1,500,000",Rest House,2,1,"6,000 Sq. M.",Al Hazm w Bataynah
"3,000,000",Villa,9,5,971 Sq. M.,"Al Samer, North Jeddah, Jeddah"
"870,000",Floor,2,3,138 Sq. M.,"Al Rimal, East Riyadh, Riyadh"
"980,000",Villa,6,5,200 Sq. M.,"Al Frosyah, South Jeddah, Jeddah"
"1,550,000",Villa,7,5,312 Sq. M.,"Al Yaqout, North Jeddah, Jeddah"
"1,700,000",Villa,9,9,283 Sq. M.,"Al Sheraa, North Jeddah, Jeddah"
"296,000",Apartment,3,3,887 Sq. M.,"Al Rayaan, North Jeddah, Jeddah"
"750,000",Floor,6,4,230 Sq. M.,"Sharqia, Abha"
"1,200,000",Villa,7,5,418 Sq. M.,"Ar Rawabi, Abha"
"680,000",Apartment,6,4,218 Sq. M.,"Sharqia, Abha"
"560,000",Apartment,6,4,279 Sq. M.,"Al Aqeeq, Taif"
"1,350,000",Villa,8,6,347 Sq. M.,"Al Buhayrat, Makkah"
"750,000",Apartment,5,3,236 Sq. M.,"Al Sharafiyah, Taif"
"720,000",Villa,7,5,295 Sq. M.,"Al Zuhur, Abha"
"860,000",Villa,7,5,239 Sq. M.,"Al Zuhur, Abha"
"550,000",Apartment,5,4,187 Sq. M.,"Al Maealaa, Ahad Rafidah"
"1,200,000",Villa,11,7,580 Sq. M.,"Al Maealaa, Ahad Rafidah"
"730,000",Apartment,7,5,335 Sq. M.,"An Nuzhah 1, Ahad Rafidah"
"550,000",Apartment,5,4,190 Sq. M.,"Al Maealaa, Ahad Rafidah"
"560,000",Apartment,5,4,224 Sq. M.,"Al Zuhur, Abha"
"4,500,000",Villa,6,7,735 Sq. M.,"Al Hussam, Dammam"
"1,200,000",Apartment,4,2,146 Sq. M.,"Hittin, North Riyadh, Riyadh"
"680,000",Villa,5,4,197 Sq. M.,"Shadhah, Madina"
"433,000",Apartment,4,3,778 Sq. M.,"Al Rabwa, North Jeddah, Jeddah"
"635,000",Apartment,4,3,141 Sq. M.,"Al Rehab, North Jeddah, Jeddah"
"2,500,000",Villa,7,5,360 Sq. M.,"Al Muhammadiyah, North Jeddah, Jeddah"
"800,000",Apartment,5,4,177 Sq. M.,"Al Rawdah, North Jeddah, Jeddah"
"2,200,000",Villa,4,4,252 Sq. M.,"Al Rimal, East Riyadh, Riyadh"
"5,000,000",Villa,6,5,616 Sq. M.,"Al Rimal, East Riyadh, Riyadh"
"1,000,000",Floor,3,3,191 Sq. M.,"Al Rimal, East Riyadh, Riyadh"
"1,200,000",Villa,7,5,300 Sq. M.,Al Ahsa
"1,200,000",Villa,7,4,300 Sq. M.,Al Ahsa
"500,000",Apartment,4,3,129 Sq. M.,"Al Dar Al Baida, South Riyadh, Riyadh"
"1,060,000",Apartment,5,4,497 Sq. M.,"Al Zahraa, North Jeddah, Jeddah"
"2,100,000",Villa,6,5,345 Sq. M.,"Al Munsiyah, East Riyadh, Riyadh"
"1,249,000",Villa,7,8,416 Sq. M.,"Al Zahrah, Madina"
"800,000",Floor,4,4,193 Sq. M.,"Al Janadriyah, East Riyadh, Riyadh"
"800,000",Floor,4,4,239 Sq. M.,"Al Janadriyah, East Riyadh, Riyadh"
"950,000",Apartment,7,5,299 Sq. M.,"Prince Abdulmajeed, South Jeddah, Jeddah"
"2,500,000",Villa,6,5,400 Sq. M.,"Al Rakah Al Janubiyah, Al Khobar"
"850,000",Apartment,8,5,256 Sq. M.,"Al Rimal, East Riyadh, Riyadh"
"610,000",Apartment,3,4,184 Sq. M.,"Al Jamiyin, Dammam"
"577,000",Apartment,3,3,99 Sq. M.,"Al Rawdah, North Jeddah, Jeddah"
"650,000",Apartment,4,3,111 Sq. M.,"Al Salamah, North Jeddah, Jeddah"
"340,000",Apartment,2,2,550 Sq. M.,"Al Naim, North Jeddah, Jeddah"
"620,000",Apartment,3,3,111 Sq. M.,"Al Salamah, North Jeddah, Jeddah"
"645,000",Apartment,4,3,133 Sq. M.,"Al Safa, North Jeddah, Jeddah"
"1,350,000",Apartment,3,1,128 Sq. M.,"Hittin, North Riyadh, Riyadh"
"650,000",Floor,4,2,117 Sq. M.,"Al Suwaidi, West Riyadh, Riyadh"
"850,000",Apartment,4,3,176 Sq. M.,"Al Saadah, East Riyadh, Riyadh"
"1,250,000",Villa,6,6,341 Sq. M.,"Al Riyadh, North Jeddah, Jeddah"
"650,000",Apartment,3,3,149 Sq. M.,"Batha Quraysh, Makkah"
"1,450,000",Villa,8,8,300 Sq. M.,"Al Rahmanyah, North Jeddah, Jeddah"
"990,000",Villa,6,6,200 Sq. M.,"Al Fadeylah, South Jeddah, Jeddah"
"850,000",Villa,3,3,312 Sq. M.,"Al Riyadh, North Jeddah, Jeddah"
"1,800,000",Villa,6,6,300 Sq. M.,"Al Yaqout, North Jeddah, Jeddah"
"1,350,000",Villa,8,8,312 Sq. M.,"Al Riyadh, North Jeddah, Jeddah"
"1,250,000",Villa,6,6,312 Sq. M.,"Al Riyadh, North Jeddah, Jeddah"
"1,200,000",Villa,6,6,312 Sq. M.,"Al Riyadh, North Jeddah, Jeddah"
"850,000",Apartment,3,3,224 Sq. M.,"Al Marwah, North Jeddah, Jeddah"
"485,000",Apartment,4,3,124 Sq. M.,"Al Waha, North Jeddah, Jeddah"
"1,400,000",Villa,10,10,300 Sq. M.,"Al Rahmanyah, North Jeddah, Jeddah"
"1,700,000",Villa,8,4,234 Sq. M.,"Al Bayan Neighborhood, East Riyadh, Riyadh"
"990,000",Villa,7,5,220 Sq. M.,"Al Khalidiyah Al Shamaliyah, Dammam"
"4,500,000",Villa,5,7,397 Sq. M.,"Al Narjis, North Riyadh, Riyadh"
"3,600,000",Villa,10,7,660 Sq. M.,"Al Naim, North Jeddah, Jeddah"
"17,000,000",Villa,11,11,"3,341 Sq. M.","Mahzur, Madina"
"650,000",Apartment,6,4,199 Sq. M.,"Al Hamdaniyah, North Jeddah, Jeddah"
"5,300,000",Villa,10,10,796 Sq. M.,"Al Falah, North Jeddah, Jeddah"
"5,500,000",Villa,10,5,495 Sq. M.,"Al Yasmin, North Riyadh, Riyadh"
"650,000",Apartment,4,3,135 Sq. M.,"Al Salamah, North Jeddah, Jeddah"
"660,000",Apartment,5,4,192 Sq. M.,"Al Waha, North Jeddah, Jeddah"
"3,100,000",Villa,5,5,300 Sq. M.,"Al Mahdiyah, West Riyadh, Riyadh"
"2,200,000",Villa,6,6,225 Sq. M.,"Al Mahdiyah, West Riyadh, Riyadh"
"1,300,000",Apartment,3,3,"1,080 Sq. M.","Al Narjis, North Riyadh, Riyadh"
"2,300,000",Villa,11,7,438 Sq. M.,"Dahiat Namar, West Riyadh, Riyadh"
"465,000",Apartment,4,3,126 Sq. M.,"Abruq Al Rughamah, South Jeddah, Jeddah"
"1,200,000",Villa,6,4,250 Sq. M.,"Al Nadhim, East Riyadh, Riyadh"
"670,000",Apartment,5,3,162 Sq. M.,"Al Nuzhah, North Jeddah, Jeddah"
"2,250,000",Villa,10,7,500 Sq. M.,"Al Mahdiyah, West Riyadh, Riyadh"
"965,000",Apartment,4,4,"2,640 Sq. M.","Al Narjis, North Riyadh, Riyadh"
"1,750,000",Apartment,3,4,211 Sq. M.,"Al Zahraa, North Jeddah, Jeddah"
"1,750,000",Apartment,3,4,211 Sq. M.,"Al Zahraa, North Jeddah, Jeddah"
"4,200,000",Villa,7,10,598 Sq. M.,"Al Rawdah, East Riyadh, Riyadh"
"950,000",Apartment,6,4,237 Sq. M.,"Al Woroud, North Jeddah, Jeddah"
"680,000",Floor,3,4,199 Sq. M.,"Sultanah, West Riyadh, Riyadh"
"450,000",Apartment,5,3,182 Sq. M.,"Al Shati, Jazan"
"500,000",Apartment,4,3,184 Sq. M.,"Al Wurud, Abu Arish"
"550,000",Apartment,5,3,198 Sq. M.,"Al Suways 1, Jazan"
"450,000",Apartment,4,3,168 Sq. M.,"Ar Rehab 1, Jazan"
"550,000",Apartment,5,4,205 Sq. M.,"Al Muhammadiyah 2, Jazan"
"380,000",Apartment,4,3,136 Sq. M.,"Al Rawdah, Jazan"
"410,000",Apartment,4,3,136 Sq. M.,"Al Rawdah, Jazan"
"430,000",Apartment,5,3,136 Sq. M.,"Al Rawdah, Jazan"
"760,000",Apartment,7,4,237 Sq. M.,"Al Suways 1, Jazan"
"3,500,000",Villa,2,4,360 Sq. M.,"Al Narjis, North Riyadh, Riyadh"
"1,194,000",Apartment,2,1,122 Sq. M.,"Al Arid, North Riyadh, Riyadh"
"690,000",Apartment,4,3,154 Sq. M.,"As Sanabel, Makkah"
"800,000",Apartment,3,3,155 Sq. M.,"Al Nahdah, East Riyadh, Riyadh"
"1,400,000",Apartment,4,3,142 Sq. M.,"Al Shuhada, East Riyadh, Riyadh"
"740,000",Apartment,4,4,141 Sq. M.,"Al Salamah, North Jeddah, Jeddah"
"1,793,000",Apartment,2,3,103 Sq. M.,"Hittin, North Riyadh, Riyadh"
"1,250,000",Apartment,3,3,166 Sq. M.,Jeddah
"3,074,000",Apartment,3,6,214 Sq. M.,"Hittin, North Riyadh, Riyadh"
"2,280,000",Villa,3,4,250 Sq. M.,"Sidra, Riyadh"
"1,300,000",Floor,6,6,900 Sq. M.,"Al Khaleej, East Riyadh, Riyadh"
"1,200,000",Apartment,4,4,135 Sq. M.,"Al Nahdah, North Jeddah, Jeddah"
"2,400,000",Villa,3,4,250 Sq. M.,"Sidra, Riyadh"
"1,100,000",Villa,5,5,250 Sq. M.,"Al Dar Al Baida, South Riyadh, Riyadh"
"4,950,000",Villa,4,7,360 Sq. M.,"Al Rayyan, East Riyadh, Riyadh"
"1,100,000",Apartment,5,3,196 Sq. M.,"Al Rawdah, North Jeddah, Jeddah"
"750,000",Apartment,5,3,136 Sq. M.,"Al Naim, North Jeddah, Jeddah"
"920,000",Apartment,4,3,172 Sq. M.,"Al Rawdah, North Jeddah, Jeddah"
"1,600,000",Villa,5,6,312 Sq. M.,"Tuwaiq, West Riyadh, Riyadh"
"1,450,000",Villa,5,6,324 Sq. M.,"Al Naqrah, Hail"
"1,550,000",Floor,3,3,296 Sq. M.,"Al Rimal, East Riyadh, Riyadh"
"540,000",Apartment,3,3,184 Sq. M.,"Badr, Dammam"
"950,000",Apartment,4,3,157 Sq. M.,"Al Rawdah, North Jeddah, Jeddah"
"1,000,000",Floor,3,4,625 Sq. M.,"Al Nasim Al Gharbi, East Riyadh, Riyadh"
"650,000",Apartment,4,3,111 Sq. M.,"Al Salamah, North Jeddah, Jeddah"
"1,180,000",Apartment,5,5,"1,500 Sq. M.","Al Munsiyah, East Riyadh, Riyadh"
"1,750,000",Villa,5,4,222 Sq. M.,"Al Munsiyah, East Riyadh, Riyadh"
"800,000",Apartment,3,2,72 Sq. M.,"Al Munsiyah, East Riyadh, Riyadh"
"1,350,000",Floor,5,3,196 Sq. M.,"Al Munsiyah, East Riyadh, Riyadh"
"320,000",Apartment,3,3,659 Sq. M.,"Al Mraikh, North Jeddah, Jeddah"
"320,000",Apartment,3,3,659 Sq. M.,"Al Mraikh, North Jeddah, Jeddah"
"320,000",Apartment,3,3,659 Sq. M.,"Al Mraikh, North Jeddah, Jeddah"
"450,000",Apartment,3,2,102 Sq. M.,"Al Marwah, North Jeddah, Jeddah"
"3,700,000",Villa,6,5,324 Sq. M.,"Al Munsiyah, East Riyadh, Riyadh"
"600,000",Apartment,3,2,86 Sq. M.,"Al Rawdah, North Jeddah, Jeddah"
"320,000",Apartment,3,3,659 Sq. M.,"Al Mraikh, North Jeddah, Jeddah"
"320,000",Apartment,3,3,659 Sq. M.,"Al Mraikh, North Jeddah, Jeddah"
"1,450,000",Villa,3,4,660 Sq. M.,"Al Rimal, East Riyadh, Riyadh"
"1,650,000",Floor,4,5,183 Sq. M.,"Al Munsiyah, East Riyadh, Riyadh"
"850,000",Apartment,3,3,147 Sq. M.,"Dhahrat Laban, West Riyadh, Riyadh"
"800,000",Apartment,7,7,630 Sq. M.,"Badr, South Riyadh, Riyadh"
"880,000",Villa,5,5,262 Sq. M.,"Okaz, South Riyadh, Riyadh"
"2,000,000",Apartment,5,4,163 Sq. M.,"Hittin, North Riyadh, Riyadh"
"760,000",Floor,4,3,214 Sq. M.,"Badr, South Riyadh, Riyadh"
"860,000",Floor,4,4,500 Sq. M.,"Shubra, West Riyadh, Riyadh"
"860,000",Floor,2,3,500 Sq. M.,"Shubra, West Riyadh, Riyadh"
"750,000",Apartment,3,2,130 Sq. M.,"Al Rimal, East Riyadh, Riyadh"
"1,750,000",Floor,4,4,405 Sq. M.,"Al Yarmuk, East Riyadh, Riyadh"
"680,000",Apartment,3,3,150 Sq. M.,"Alawali, West Riyadh, Riyadh"
"450,000",Apartment,6,3,177 Sq. M.,"Badr, South Riyadh, Riyadh"
"685,000",Apartment,3,3,180 Sq. M.,"Alawali, West Riyadh, Riyadh"
"1,650,000",Villa,3,4,356 Sq. M.,"Al Bayan Neighborhood, East Riyadh, Riyadh"
"2,200,000",Villa,6,4,540 Sq. M.,"Al Rimal, East Riyadh, Riyadh"
"1,400,000",Floor,4,3,183 Sq. M.,"Al Khaleej, East Riyadh, Riyadh"
"700,000",Apartment,3,4,118 Sq. M.,"Al Rimal, East Riyadh, Riyadh"
"670,000",Apartment,6,4,241 Sq. M.,"Ash Shamiya Al Jadid, Makkah"
"680,000",Apartment,5,3,264 Sq. M.,"Al Khadra Neighborhood, Makkah"
"580,000",Apartment,4,3,143 Sq. M.,"Batha Quraysh, Makkah"
"650,000",Apartment,4,3,141 Sq. M.,"Harat Al Bab Al Jadid, Makkah"
"600,000",Apartment,6,4,211 Sq. M.,"Ash Shamiya Al Jadid, Makkah"
"1,100,000",Villa,6,4,200 Sq. M.,"Tuwaiq, West Riyadh, Riyadh"
"800,000",Apartment,3,5,630 Sq. M.,"Badr, South Riyadh, Riyadh"
"1,200,000",Villa,6,6,332 Sq. M.,"Al Rahmanyah, North Jeddah, Jeddah"
"1,000,000",Floor,3,3,177 Sq. M.,"Al Rimal, East Riyadh, Riyadh"
"2,800,000",Apartment,2,2,152 Sq. M.,"Al Sahafah, North Riyadh, Riyadh"
"440,000",Apartment,3,3,140 Sq. M.,Al Ahsa
"1,300,000",Apartment,4,4,169 Sq. M.,"Ghirnatah, East Riyadh, Riyadh"
"3,000,000",Villa,5,3,300 Sq. M.,"Al Mahdiyah, West Riyadh, Riyadh"
"650,000",Apartment,3,2,151 Sq. M.,"Al Zahraa, North Jeddah, Jeddah"
"3,000,000",Villa,5,3,300 Sq. M.,"Al Mahdiyah, West Riyadh, Riyadh"
"2,200,000",Villa,5,3,400 Sq. M.,"Al Mahdiyah, West Riyadh, Riyadh"
"2,000,000",Villa,5,3,400 Sq. M.,"Al Mahdiyah, West Riyadh, Riyadh"
"1,350,000",Villa,5,6,453 Sq. M.,"Al Sawari, Al Khobar"
"2,350,000",Villa,5,7,250 Sq. M.,"Al Yarmuk, East Riyadh, Riyadh"
"1,250,000",Floor,3,4,202 Sq. M.,"Al Munsiyah, East Riyadh, Riyadh"
"1,550,000",Floor,4,5,206 Sq. M.,"Al Munsiyah, East Riyadh, Riyadh"
"550,000",Apartment,2,2,75 Sq. M.,Dhahran
"2,000,000",Villa,5,3,400 Sq. M.,"Al Mahdiyah, West Riyadh, Riyadh"
"460,000",Apartment,4,3,172 Sq. M.,"Ash Shamiya Al Jadid, Makkah"
"3,100,000",Villa,8,9,309 Sq. M.,"Al Munsiyah, East Riyadh, Riyadh"
"10,000,000",Building,10,10,954 Sq. M.,"Al Rusayfah, Makkah"
"2,200,000",Floor,5,6,287 Sq. M.,"Al Maizilah, East Riyadh, Riyadh"
"1,800,000",Villa,5,7,429 Sq. M.,"Half Moon Beach, Dammam"
"970,000",Villa,9,7,397 Sq. M.,"Al Qashashia Al Jadid, Makkah"
"2,250,000",Villa,6,5,276 Sq. M.,"Al Rimal, East Riyadh, Riyadh"
"1,100,000",Floor,2,2,201 Sq. M.,"Al Maizilah, East Riyadh, Riyadh"
"750,000",Apartment,4,3,120 Sq. M.,"Al Rawdah, North Jeddah, Jeddah"
"680,000",Apartment,5,5,239 Sq. M.,"As Salamah, Makkah"
"2,800,000",Villa,5,5,200 Sq. M.,"Al Arid, North Riyadh, Riyadh"
"1,300,000",Villa,4,4,700 Sq. M.,"Uhud, South Riyadh, Riyadh"
"5,500,000",Villa,5,7,784 Sq. M.,"Mudhainib, Madina"
"1,600,000",Floor,5,5,223 Sq. M.,"Al Munsiyah, East Riyadh, Riyadh"
"1,350,000",Floor,5,5,196 Sq. M.,"Al Munsiyah, East Riyadh, Riyadh"
"3,650,000",Villa,8,6,324 Sq. M.,"Al Munsiyah, East Riyadh, Riyadh"
"850,000",Floor,5,4,375 Sq. M.,"Al Dar Al Baida, South Riyadh, Riyadh"
"4,500,000",Villa,10,9,785 Sq. M.,"Al Sulaymaniyah, North Jeddah, Jeddah"
"700,000",Floor,3,2,139 Sq. M.,"Al Nadhim, East Riyadh, Riyadh"
"1,380,000",Apartment,3,4,128 Sq. M.,"Qurtubah, East Riyadh, Riyadh"
"700,000",Apartment,3,3,155 Sq. M.,"Al Suwaidi, West Riyadh, Riyadh"
"1,150,000",Apartment,3,3,223 Sq. M.,"Al Yarmuk, East Riyadh, Riyadh"
"4,290",Villa,7,5,467 Sq. M.,"Al Sadad, Taif"
"550,000",Apartment,5,3,217 Sq. M.,"Ar Rehab 3, Jazan"
"590,000",Apartment,4,3,201 Sq. M.,"Al Aqiq, Abha"
"1,850,000",Villa,5,4,292 Sq. M.,"Al Rimal, East Riyadh, Riyadh"
"2,200,000",Villa,4,7,373 Sq. M.,"Al Mahdiyah, West Riyadh, Riyadh"
"585,000",Apartment,4,3,146 Sq. M.,"Governmental1, Jeddah"
"550,000",Apartment,5,3,217 Sq. M.,"Ar Rehab 3, Jazan"
"540,000",Apartment,5,4,217 Sq. M.,"Al Rawdah, Abu Arish"
"660,000",Apartment,5,3,210 Sq. M.,"Ar Rehab 3, Jazan"
"719,000",Apartment,6,5,223 Sq. M.,"Governmental1, Jeddah"
"680,000",Floor,6,3,151 Sq. M.,"Badr, South Riyadh, Riyadh"
"1,700,000",Villa,4,6,402 Sq. M.,"Al Shulah, Dammam"
"3,000,000",Villa,11,9,400 Sq. M.,"Shuran, Madina"
"630,000",Apartment,5,3,180 Sq. M.,"Al Rayaan, North Jeddah, Jeddah"
"650,000",Apartment,4,3,116 Sq. M.,"Alawali, West Riyadh, Riyadh"
"4,800,000",Villa,11,6,746 Sq. M.,"Obhur Al Janoubiyah, North Jeddah, Jeddah"
"1,020,000",Apartment,5,4,177 Sq. M.,"Al Rawdah, North Jeddah, Jeddah"
"2,400,000",Villa,3,4,250 Sq. M.,"Sidra, Riyadh"
"1,000,000",Villa,11,7,540 Sq. M.,"Ad Dirah, Al Bukayriyah"
"1,800,000",Apartment,5,3,157 Sq. M.,"Al Narjis, North Riyadh, Riyadh"
"730,000",Apartment,4,3,112 Sq. M.,"Al Rawdah, North Jeddah, Jeddah"
"950,000",Villa,5,7,182 Sq. M.,"Al Nadhim, East Riyadh, Riyadh"
"5,000,000",Villa,5,4,450 Sq. M.,"Al Rawabi, East Riyadh, Riyadh"
"1,420,000",Villa,6,8,371 Sq. M.,"Al Amwaj, Al Khobar"
"2,300,000",Villa,5,4,250 Sq. M.,"Sidra, Riyadh"
"13,500,000",Residential Building,7,7,625 Sq. M.,"Al Aqiq, North Riyadh, Riyadh"
"1,250,000",Villa,6,6,371 Sq. M.,"Al Amwaj, Al Khobar"
"1,200,000",Villa,6,5,215 Sq. M.,"Al Rimal, East Riyadh, Riyadh"
"2,750,000",Villa,7,6,488 Sq. M.,"Al Narjis, North Riyadh, Riyadh"
"3,500,000",Villa,6,5,400 Sq. M.,"Sidra, Riyadh"
"650,000",Apartment,3,4,"1,183 Sq. M.","Al Maealaa, Ahad Rafidah"
"1,050,000",Apartment,2,2,61 Sq. M.,"Al Arid, North Riyadh, Riyadh"
"1,375,000",Floor,3,3,163 Sq. M.,"Al Arid, North Riyadh, Riyadh"
"797,000",Apartment,3,3,88 Sq. M.,"Al Qadisiyah, East Riyadh, Riyadh"
"1,200,000",Floor,4,5,222 Sq. M.,"Al Qadisiyah, East Riyadh, Riyadh"
"540,000",Floor,3,3,193 Sq. M.,"Badr, South Riyadh, Riyadh"
"1,200,000",Villa,6,7,317 Sq. M.,"Al Amwaj, Al Khobar"
"1,450,000",Villa,5,8,437 Sq. M.,"Al Sheraa, Al Khobar"
"1,600,000",Villa,6,4,600 Sq. M.,"Al Janadriyah, East Riyadh, Riyadh"
"4,700,000",Villa,5,2,400 Sq. M.,"Al Sahafah, North Riyadh, Riyadh"
"1,350,000",Apartment,4,5,223 Sq. M.,"Al Nahdah, North Jeddah, Jeddah"
"800,000",Apartment,4,4,696 Sq. M.,"Al Nahdah, North Jeddah, Jeddah"
"700,000",Apartment,4,3,728 Sq. M.,"Al Zahraa, North Jeddah, Jeddah"
"600,000",Apartment,3,3,728 Sq. M.,"Al Zahraa, North Jeddah, Jeddah"
"600,000",Apartment,3,3,728 Sq. M.,"Al Zahraa, North Jeddah, Jeddah"
"950,000",Apartment,4,3,127 Sq. M.,"Al Zahraa, North Jeddah, Jeddah"
"1,450,000",Apartment,6,4,203 Sq. M.,"Al Zahraa, North Jeddah, Jeddah"
"770,000",Apartment,4,3,600 Sq. M.,"Al Nahdah, North Jeddah, Jeddah"
"650,000",Apartment,3,3,600 Sq. M.,"Al Nahdah, North Jeddah, Jeddah"
"580,000",Apartment,4,4,660 Sq. M.,"Al Salamah, North Jeddah, Jeddah"
"625,000",Apartment,3,3,119 Sq. M.,"Al Nahdah, North Jeddah, Jeddah"
"730,000",Apartment,4,3,112 Sq. M.,"Al Rawdah, North Jeddah, Jeddah"
"900,000",Apartment,4,4,763 Sq. M.,"Al Nahdah, North Jeddah, Jeddah"
"494,000",Apartment,4,4,"3,200 Sq. M.","Al Faisaliyah, Central Jeddah, Jeddah"
"670,000",Apartment,6,3,198 Sq. M.,"Al Hamra, Al Khobar"
"850,000",Apartment,4,3,76 Sq. M.,"Al Bayan Neighborhood, East Riyadh, Riyadh"
"9,000,000",Villa,6,9,450 Sq. M.,"Hittin, North Riyadh, Riyadh"
"1,100,000",Apartment,2,3,124 Sq. M.,"Al Rimal, East Riyadh, Riyadh"
"780,000",Apartment,6,4,214 Sq. M.,"Al Hamdaniyah, North Jeddah, Jeddah"
"1,030,000",Apartment,5,5,241 Sq. M.,"Al Faisaliyah, Central Jeddah, Jeddah"
"380,000",Apartment,3,3,145 Sq. M.,"Al Suways 1, Jazan"
"435,000",Apartment,3,3,100 Sq. M.,"Al Manar, North Jeddah, Jeddah"
"4,700,000",Villa,4,4,475 Sq. M.,"Al Yasmin, North Riyadh, Riyadh"
"740,000",Apartment,4,3,112 Sq. M.,"Al Rawdah, North Jeddah, Jeddah"
"540,000",Apartment,3,3,143 Sq. M.,"Al Rabwa, North Jeddah, Jeddah"
"3,300,000",Villa,9,7,728 Sq. M.,"Mudhainib, Madina"
"1,630,000",Villa,7,7,470 Sq. M.,"Al Hamdaniyah, North Jeddah, Jeddah"
"1,350,000",Villa,6,6,400 Sq. M.,"Al Janadriyah, East Riyadh, Riyadh"
"390,000",Apartment,3,3,133 Sq. M.,"Al Nur, Dammam"
"2,300,000",Villa,6,7,343 Sq. M.,"Al Saif, Dammam"
"630,000",Apartment,4,3,112 Sq. M.,"Al Salamah, North Jeddah, Jeddah"
"8,000,000",Villa,5,5,472 Sq. M.,"King Abduallah, North Riyadh, Riyadh"
"530,000",Apartment,5,5,301 Sq. M.,"Al Khalij, Ahad Rafidah"
"2,000,000",Villa,3,3,200 Sq. M.,"Sidra, Riyadh"
"470,000",Apartment,3,2,114 Sq. M.,"Tuwaiq, West Riyadh, Riyadh"
"2,200,000",Villa,6,5,225 Sq. M.,"Al Mahdiyah, West Riyadh, Riyadh"
"700,000",Apartment,2,2,68 Sq. M.,"Al Rimal, East Riyadh, Riyadh"
"3,500,000",Villa,3,3,418 Sq. M.,"Al Mahdiyah, West Riyadh, Riyadh"
"4,000,000",Villa,11,5,377 Sq. M.,"Al Rafiah, West Riyadh, Riyadh"
"750,000",Apartment,4,2,118 Sq. M.,"Al Rimal, East Riyadh, Riyadh"
"800,000",Villa,4,6,240 Sq. M.,"Al Jamiah, Al Kharj Riyadh Region"
"780,000",Villa,5,6,450 Sq. M.,"Al Yarmuk, Al Kharj Riyadh Region"
"450,000",Apartment,3,2,102 Sq. M.,"Al Marwah, North Jeddah, Jeddah"
"1,100,000",Floor,4,3,186 Sq. M.,"Al Rimal, East Riyadh, Riyadh"
"1,900,000",Villa,4,6,387 Sq. M.,"Al Maizilah, East Riyadh, Riyadh"
"1,148,000",Apartment,3,3,118 Sq. M.,"Al Munsiyah, East Riyadh, Riyadh"
"2,400,000",Villa,5,7,343 Sq. M.,"Al Rimal, East Riyadh, Riyadh"
"1,600,000",Floor,3,5,690 Sq. M.,"Al Yarmuk, East Riyadh, Riyadh"
"3,500,000",Villa,7,9,357 Sq. M.,"Qurtubah, East Riyadh, Riyadh"
"1,450,000",Apartment,3,3,"4,980 Sq. M.","Qurtubah, East Riyadh, Riyadh"
"1,000,000",Floor,3,5,271 Sq. M.,"Al Janadriyah, East Riyadh, Riyadh"
"1,450,000",Apartment,4,3,"4,980 Sq. M.","Qurtubah, East Riyadh, Riyadh"
"1,055,000",Apartment,3,3,106 Sq. M.,"Al Munsiyah, East Riyadh, Riyadh"
"800,000",Apartment,3,3,393 Sq. M.,"Al Nahdah, East Riyadh, Riyadh"
"800,000",Apartment,3,3,393 Sq. M.,"Al Nahdah, East Riyadh, Riyadh"
"1,130,000",Apartment,3,3,147 Sq. M.,"Al Munsiyah, East Riyadh, Riyadh"
"1,800,000",Villa,7,4,312 Sq. M.,"Al Nadhim, East Riyadh, Riyadh"
"1,450,000",Floor,3,3,156 Sq. M.,"Qurtubah, East Riyadh, Riyadh"
"2,500,000",Villa,4,6,221 Sq. M.,"Al Munsiyah, East Riyadh, Riyadh"
"1,800,000",Villa,6,6,300 Sq. M.,"Ishbiliyah, East Riyadh, Riyadh"
"5,700,000",Villa,6,5,405 Sq. M.,"Al Narjis, North Riyadh, Riyadh"
"3,300,000",Villa,9,10,383 Sq. M.,"Qurtubah, East Riyadh, Riyadh"
"2,800,000",Villa,4,4,325 Sq. M.,"Al Munsiyah, East Riyadh, Riyadh"
"420,000",Apartment,4,3,128 Sq. M.,"Al Safa, North Jeddah, Jeddah"
"420,000",Apartment,4,3,128 Sq. M.,"Al Safa, North Jeddah, Jeddah"
"420,000",Apartment,4,3,128 Sq. M.,"Al Safa, North Jeddah, Jeddah"
"445,000",Apartment,4,3,128 Sq. M.,"Al Safa, North Jeddah, Jeddah"
"445,000",Apartment,4,3,128 Sq. M.,"Al Safa, North Jeddah, Jeddah"
"445,000",Apartment,4,3,128 Sq. M.,"Al Safa, North Jeddah, Jeddah"
"445,000",Apartment,4,3,128 Sq. M.,"Al Safa, North Jeddah, Jeddah"
"465,000",Apartment,4,3,128 Sq. M.,"Al Safa, North Jeddah, Jeddah"
"465,000",Apartment,4,3,128 Sq. M.,"Al Safa, North Jeddah, Jeddah"
"460,000",Apartment,4,3,128 Sq. M.,"Al Safa, North Jeddah, Jeddah"
"460,000",Apartment,4,3,128 Sq. M.,"Al Safa, North Jeddah, Jeddah"
"399,000",Apartment,3,3,400 Sq. M.,"Al Marwah, North Jeddah, Jeddah"
"399,000",Apartment,3,3,400 Sq. M.,"Al Marwah, North Jeddah, Jeddah"
"399,000",Apartment,3,3,400 Sq. M.,"Al Marwah, North Jeddah, Jeddah"
"399,000",Apartment,3,3,400 Sq. M.,"Al Marwah, North Jeddah, Jeddah"
"650,000",Apartment,4,3,750 Sq. M.,"Al Zahraa, North Jeddah, Jeddah"
"740,000",Apartment,4,3,117 Sq. M.,"Al Rawdah, North Jeddah, Jeddah"
"800,000",Villa,8,6,370 Sq. M.,"Waset, Taif"
"1,250,000",Floor,4,3,257 Sq. M.,"Al Rimal, East Riyadh, Riyadh"
"1,850,000",Villa,5,5,270 Sq. M.,"Al Nadwa District, East Riyadh, Riyadh"
"540,000",Apartment,5,3,163 Sq. M.,"Al Hamra, Al Khobar"
"650,000",Apartment,5,4,164 Sq. M.,"Al Rehab, North Jeddah, Jeddah"
"650,000",Apartment,5,4,164 Sq. M.,"Al Rehab, North Jeddah, Jeddah"
"650,000",Apartment,5,3,164 Sq. M.,"Al Rehab, North Jeddah, Jeddah"
"650,000",Apartment,5,3,164 Sq. M.,"Al Rehab, North Jeddah, Jeddah"
"450,000",Apartment,3,2,102 Sq. M.,"Al Marwah, North Jeddah, Jeddah"
"650,000",Apartment,5,3,164 Sq. M.,"Al Rehab, North Jeddah, Jeddah"
"1,350,000",Apartment,7,5,264 Sq. M.,"Al Masif, Tabuk"
"650,000",Apartment,6,3,264 Sq. M.,"Al Masif, Tabuk"
"580,000",Apartment,3,3,138 Sq. M.,"Al Jawhara, Dammam"
"1,200,000",Apartment,6,6,728 Sq. M.,"Al Zahraa, North Jeddah, Jeddah"
"1,700,000",Apartment,5,4,"2,000 Sq. M.","Al Nahdah, North Jeddah, Jeddah"
"950,000",Apartment,4,3,127 Sq. M.,"Al Zahraa, North Jeddah, Jeddah"
"850,000",Apartment,3,4,467 Sq. M.,"Al Zahraa, North Jeddah, Jeddah"
"700,000",Apartment,4,3,728 Sq. M.,"Al Zahraa, North Jeddah, Jeddah"
"700,000",Apartment,4,3,728 Sq. M.,"Al Zahraa, North Jeddah, Jeddah"
"1,700,000",Apartment,5,4,"2,000 Sq. M.","Al Nahdah, North Jeddah, Jeddah"
"600,000",Apartment,3,3,728 Sq. M.,"Al Zahraa, North Jeddah, Jeddah"
"690,000",Apartment,4,5,159 Sq. M.,"Al Janadriyah, East Riyadh, Riyadh"
"900,000",Villa,7,5,340 Sq. M.,"Al Qashashia Al Jadid, Makkah"
"2,800,000",Villa,10,6,510 Sq. M.,"Al Hussam, Dammam"
"650,000",Apartment,5,3,261 Sq. M.,"Al Raqi, Khamis Mushait"
"1,180,000",Villa,5,2,392 Sq. M.,Al Oyun
"3,800,000",Villa,10,5,"1,250 Sq. M.","Al Nasim Al Gharbi, East Riyadh, Riyadh"
"4,350,000",Villa,7,6,371 Sq. M.,"Al Munsiyah, East Riyadh, Riyadh"
"850,000",Floor,4,3,138 Sq. M.,"Al Rimal, East Riyadh, Riyadh"
"1,400,000",Floor,4,4,292 Sq. M.,"Al Janadriyah, East Riyadh, Riyadh"
"2,750,000",Villa,5,5,376 Sq. M.,"Al Yarmuk, East Riyadh, Riyadh"
"1,200,000",Floor,4,4,213 Sq. M.,"Al Janadriyah, East Riyadh, Riyadh"
"4,300,000",Villa,4,7,225 Sq. M.,"Al Malqa, North Riyadh, Riyadh"
"529,000",Apartment,3,3,582 Sq. M.,"Al Hamraa, Central Jeddah, Jeddah"
"2,200,000",Rest House,10,7,"2,000 Sq. M.",Qarih Dirab
"530,000",Apartment,4,3,126 Sq. M.,"Al Manar, North Jeddah, Jeddah"
"5,500,000",Villa,10,7,600 Sq. M.,"Al Yarmuk, East Riyadh, Riyadh"
"1,400,000",Apartment,3,3,138 Sq. M.,"Al Narjis, North Riyadh, Riyadh"
"2,600,000",Villa,5,4,413 Sq. M.,"Al Bayan Neighborhood, East Riyadh, Riyadh"
"1,600,000",Floor,3,4,223 Sq. M.,"Al Munsiyah, East Riyadh, Riyadh"
"1,000,000",Floor,3,4,219 Sq. M.,"Al Qadisiyah, East Riyadh, Riyadh"
"3,300,000",Villa,6,6,383 Sq. M.,"Qurtubah, East Riyadh, Riyadh"
"4,500,000",Villa,5,5,525 Sq. M.,"Al Bahar, Al Khobar"
"5,250,000",Villa,6,5,656 Sq. M.,"Al Shati, North Jeddah, Jeddah"
"868,000",Apartment,3,3,132 Sq. M.,"Al Munsiyah, East Riyadh, Riyadh"
"1,850,000",Floor,4,4,200 Sq. M.,"Qurtubah, East Riyadh, Riyadh"
"1,750,000",Floor,4,5,405 Sq. M.,"Al Yarmuk, East Riyadh, Riyadh"
"1,600,000",Floor,4,5,206 Sq. M.,"Al Munsiyah, East Riyadh, Riyadh"
"1,850,000",Floor,6,6,405 Sq. M.,"Al Yarmuk, East Riyadh, Riyadh"
"1,250,000",Apartment,6,4,674 Sq. M.,"Al Zahraa, North Jeddah, Jeddah"
"2,500,000",Villa,5,5,370 Sq. M.,"Al Munsiyah, East Riyadh, Riyadh"
"1,600,000",Floor,5,4,223 Sq. M.,"Al Munsiyah, East Riyadh, Riyadh"
"1,350,000",Floor,3,3,196 Sq. M.,"Al Munsiyah, East Riyadh, Riyadh"
"1,150,000",Apartment,4,3,134 Sq. M.,"Al Munsiyah, East Riyadh, Riyadh"
"820,000",Villa,5,4,178 Sq. M.,"Al Waha, North Jeddah, Jeddah"
"950,000",Villa,6,4,203 Sq. M.,"Al Waha, North Jeddah, Jeddah"
"499,000",Apartment,4,4,133 Sq. M.,"Al Waha, North Jeddah, Jeddah"
"410,000",Apartment,5,3,148 Sq. M.,"Al Muhammadiyah 3, Jazan"
"430,000",Apartment,3,2,109 Sq. M.,"Al Nur, Dammam"
"720,000",Apartment,4,3,220 Sq. M.,"Al Murjan, East Riyadh, Riyadh"
"730,000",Floor,7,3,275 Sq. M.,"Al Qayam Al Aala, Taif"
"1,200,000",Floor,4,4,200 Sq. M.,"Al Rimal, East Riyadh, Riyadh"
"1,000,000",Floor,4,3,168 Sq. M.,"Al Rimal, East Riyadh, Riyadh"
"1,400,000",Floor,6,6,305 Sq. M.,"Al Qadisiyah, East Riyadh, Riyadh"
"3,500,000",Villa,5,6,264 Sq. M.,"Qurtubah, East Riyadh, Riyadh"
"625,000",Apartment,3,4,763 Sq. M.,"Al Nahdah, North Jeddah, Jeddah"
"900,000",Apartment,4,4,763 Sq. M.,"Al Nahdah, North Jeddah, Jeddah"
"450,000",Apartment,1,2,"2,000 Sq. M.","Al Nahdah, North Jeddah, Jeddah"
"660,000",Apartment,3,4,"2,000 Sq. M.","Al Nahdah, North Jeddah, Jeddah"
"360,000",Apartment,3,4,"3,200 Sq. M.","Al Faisaliyah, Central Jeddah, Jeddah"
"375,000",Apartment,2,3,660 Sq. M.,"Al Salamah, North Jeddah, Jeddah"
"550,000",Apartment,2,2,600 Sq. M.,"Al Nahdah, North Jeddah, Jeddah"
"580,000",Apartment,4,4,660 Sq. M.,"Al Salamah, North Jeddah, Jeddah"
"840,000",Apartment,3,3,127 Sq. M.,"Al Zahraa, North Jeddah, Jeddah"
"1,550,000",Apartment,6,5,235 Sq. M.,"Al Zahraa, North Jeddah, Jeddah"
"1,350,000",Apartment,5,4,194 Sq. M.,"Al Zahraa, North Jeddah, Jeddah"
"700,000",Apartment,4,3,728 Sq. M.,"Al Zahraa, North Jeddah, Jeddah"
"770,000",Apartment,4,3,600 Sq. M.,"Al Nahdah, North Jeddah, Jeddah"
"850,000",Apartment,3,4,121 Sq. M.,"Al Zahraa, North Jeddah, Jeddah"
"1,200,000",Apartment,6,6,728 Sq. M.,"Al Zahraa, North Jeddah, Jeddah"
"450,000",Apartment,1,2,"2,000 Sq. M.","Al Nahdah, North Jeddah, Jeddah"
"660,000",Apartment,3,4,"2,000 Sq. M.","Al Nahdah, North Jeddah, Jeddah"
"480,000",Apartment,2,3,"2,400 Sq. M.","Al Rawdah, North Jeddah, Jeddah"
"475,000",Apartment,3,4,660 Sq. M.,"Al Salamah, North Jeddah, Jeddah"
"270,000",Apartment,2,3,"3,200 Sq. M.","Al Faisaliyah, Central Jeddah, Jeddah"
"494,000",Apartment,4,4,"3,200 Sq. M.","Al Faisaliyah, Central Jeddah, Jeddah"
"900,000",Apartment,4,4,763 Sq. M.,"Al Nahdah, North Jeddah, Jeddah"
"840,000",Apartment,3,3,127 Sq. M.,"Al Zahraa, North Jeddah, Jeddah"
"900,000",Apartment,4,4,763 Sq. M.,"Al Nahdah, North Jeddah, Jeddah"
"585,000",Apartment,2,3,"2,000 Sq. M.","Al Nahdah, North Jeddah, Jeddah"
"1,700,000",Apartment,5,4,"2,000 Sq. M.","Al Nahdah, North Jeddah, Jeddah"
"550,000",Apartment,2,2,600 Sq. M.,"Al Nahdah, North Jeddah, Jeddah"
"480,000",Apartment,2,3,"2,400 Sq. M.","Al Rawdah, North Jeddah, Jeddah"
"1,130,000",Apartment,6,5,660 Sq. M.,"Al Salamah, North Jeddah, Jeddah"
"1,250,000",Apartment,8,8,"3,200 Sq. M.","Al Faisaliyah, Central Jeddah, Jeddah"
"620,000",Apartment,3,4,"2,400 Sq. M.","Al Rawdah, North Jeddah, Jeddah"
"730,000",Apartment,4,4,763 Sq. M.,"Al Nahdah, North Jeddah, Jeddah"
"580,000",Apartment,4,4,660 Sq. M.,"Al Salamah, North Jeddah, Jeddah"
"1,130,000",Apartment,6,5,660 Sq. M.,"Al Salamah, North Jeddah, Jeddah"
"770,000",Apartment,4,3,600 Sq. M.,"Al Nahdah, North Jeddah, Jeddah"
"550,000",Apartment,2,2,600 Sq. M.,"Al Nahdah, North Jeddah, Jeddah"
"1,550,000",Apartment,6,5,235 Sq. M.,"Al Zahraa, North Jeddah, Jeddah"
"550,000",Apartment,2,3,763 Sq. M.,"Al Nahdah, North Jeddah, Jeddah"
"795,000",Apartment,4,4,"2,000 Sq. M.","Al Nahdah, North Jeddah, Jeddah"
"240,000",Apartment,1,1,"3,200 Sq. M.","Al Faisaliyah, Central Jeddah, Jeddah"
"360,000",Apartment,3,4,"3,200 Sq. M.","Al Faisaliyah, Central Jeddah, Jeddah"
"750,000",Floor,4,5,167 Sq. M.,"Al Janadriyah, East Riyadh, Riyadh"
"1,000,000",Apartment,4,4,124 Sq. M.,"Al Khaleej, East Riyadh, Riyadh"
"1,200,000",Apartment,3,3,180 Sq. M.,"Al Munsiyah, East Riyadh, Riyadh"
"4,000,000",Villa,11,11,420 Sq. M.,"Ishbiliyah, East Riyadh, Riyadh"
"1,400,000",Floor,5,7,292 Sq. M.,"Al Janadriyah, East Riyadh, Riyadh"
"765,000",Apartment,3,3,152 Sq. M.,"Tuwaiq, West Riyadh, Riyadh"
"720,000",Apartment,5,3,130 Sq. M.,"Al Naim, North Jeddah, Jeddah"
"4,200,000",Villa,7,6,400 Sq. M.,"Al Arid, North Riyadh, Riyadh"
"7,000,000",Villa,6,6,405 Sq. M.,"Al Qirawan, North Riyadh, Riyadh"
"1,700,000",Floor,4,3,116 Sq. M.,"Al Narjis, North Riyadh, Riyadh"
"1,100,000",Apartment,4,3,186 Sq. M.,"Al Yasmin, North Riyadh, Riyadh"
"2,850,000",Villa,4,8,312 Sq. M.,"Al Rimal, East Riyadh, Riyadh"
"1,550,000",Floor,4,6,206 Sq. M.,"Al Munsiyah, East Riyadh, Riyadh"
"720,000",Apartment,5,3,152 Sq. M.,"Al Faisaliyah, Central Jeddah, Jeddah"
"930,000",Apartment,5,5,900 Sq. M.,"Dhahrat Laban, West Riyadh, Riyadh"
"750,000",Apartment,5,3,136 Sq. M.,"Al Naim, North Jeddah, Jeddah"
"780,000",Apartment,4,3,136 Sq. M.,"Al Rawdah, North Jeddah, Jeddah"
"680,000",Apartment,5,3,161 Sq. M.,"Al Marwah, North Jeddah, Jeddah"
"2,500,000",Apartment,3,3,107 Sq. M.,"Al Sahafah, North Riyadh, Riyadh"
"650,000",Apartment,5,4,164 Sq. M.,"Al Rehab, North Jeddah, Jeddah"
"680,000",Apartment,5,3,161 Sq. M.,"Al Marwah, North Jeddah, Jeddah"
"1,250,000",Villa,9,5,300 Sq. M.,"Ash Shamiya Al Jadid, Makkah"
"730,000",Apartment,4,3,112 Sq. M.,"Al Rawdah, North Jeddah, Jeddah"
"515,000",Apartment,4,4,148 Sq. M.,"Al Marwah, North Jeddah, Jeddah"
"795,000",Apartment,5,4,195 Sq. M.,"Al Faisaliyah, Central Jeddah, Jeddah"
"800,000",Apartment,5,4,203 Sq. M.,"Al Safa, North Jeddah, Jeddah"
"750,000",Apartment,4,3,120 Sq. M.,"Al Rawdah, North Jeddah, Jeddah"
"750,000",Apartment,4,4,167 Sq. M.,"Al Marwah, North Jeddah, Jeddah"
"3,000,000",Villa,11,6,750 Sq. M.,"Al Manar, North Jeddah, Jeddah"
"5,000,000",Villa,11,6,450 Sq. M.,"Al Narjis, North Riyadh, Riyadh"
"850,000",Apartment,6,6,221 Sq. M.,"Dhahrat Laban, West Riyadh, Riyadh"
"750,000",Apartment,4,3,114 Sq. M.,"Al Rawdah, North Jeddah, Jeddah"
"1,550,000",Floor,4,4,206 Sq. M.,"Al Munsiyah, East Riyadh, Riyadh"
"1,650,000",Floor,3,4,198 Sq. M.,"Qurtubah, East Riyadh, Riyadh"
"2,300,000",Villa,5,5,420 Sq. M.,"Al Bayan Neighborhood, East Riyadh, Riyadh"
"2,600,000",Villa,6,7,413 Sq. M.,"Al Bayan Neighborhood, East Riyadh, Riyadh"
"670,000",Apartment,5,3,162 Sq. M.,"Al Nuzhah, North Jeddah, Jeddah"
"499,000",Apartment,4,4,154 Sq. M.,"Al Sakb, Madina"
"600,000",Apartment,4,4,538 Sq. M.,"Al Bayan Neighborhood, East Riyadh, Riyadh"
"1,300,000",Floor,4,4,315 Sq. M.,"Al Rimal, East Riyadh, Riyadh"
"650,000",Apartment,5,3,164 Sq. M.,"Al Rehab, North Jeddah, Jeddah"
"575,000",Apartment,5,3,150 Sq. M.,"Al Marwah, North Jeddah, Jeddah"
"1,550,000",Apartment,5,3,135 Sq. M.,"Al Yasmin, North Riyadh, Riyadh"
"8,500,000",Villa,9,7,930 Sq. M.,"Al Rawdah, East Riyadh, Riyadh"
"1,850,000",Apartment,3,4,213 Sq. M.,"Qurtubah, East Riyadh, Riyadh"
"1,000,000",Floor,3,3,159 Sq. M.,"Al Rimal, East Riyadh, Riyadh"
"2,400,000",Villa,5,6,250 Sq. M.,"Al Yarmuk, East Riyadh, Riyadh"
"669,000",Apartment,3,3,127 Sq. M.,"Al Rimal, East Riyadh, Riyadh"
"669,000",Apartment,3,3,127 Sq. M.,"Al Rimal, East Riyadh, Riyadh"
"770,000",Villa,5,5,250 Sq. M.,"Mishrifah, Al Hayathem"
"830,000",Floor,7,5,220 Sq. M.,"Al Murjan, East Riyadh, Riyadh"
"590,000",Apartment,3,3,893 Sq. M.,"Dhahrat Laban, West Riyadh, Riyadh"
"2,400,000",Villa,7,6,460 Sq. M.,"Al Nahdah, East Riyadh, Riyadh"
"1,200,000",Floor,5,4,196 Sq. M.,"Al Yarmuk, East Riyadh, Riyadh"
"1,500,000",Floor,6,5,213 Sq. M.,"Al Yarmuk, East Riyadh, Riyadh"
"750,000",Apartment,5,4,166 Sq. M.,"Mishrifah, North Jeddah, Jeddah"
"700,000",Apartment,5,4,182 Sq. M.,"Al Fayhaa, North Jeddah, Jeddah"
"950,000",Apartment,4,3,126 Sq. M.,"Al Munsiyah, East Riyadh, Riyadh"
"1,180,000",Apartment,4,3,180 Sq. M.,"Al Munsiyah, East Riyadh, Riyadh"
"1,050,000",Apartment,3,4,172 Sq. M.,"Al Qadisiyah, East Riyadh, Riyadh"
"1,500,000",Floor,3,3,621 Sq. M.,"Al Munsiyah, East Riyadh, Riyadh"
"950,000",Residential Building,5,4,170 Sq. M.,"Al Rawdah, North Jeddah, Jeddah"
"1,180,000",Apartment,4,3,"1,500 Sq. M.","Al Munsiyah, East Riyadh, Riyadh"
"1,200,000",Floor,5,4,196 Sq. M.,"Al Yarmuk, East Riyadh, Riyadh"
"1,500,000",Floor,5,4,213 Sq. M.,"Al Yarmuk, East Riyadh, Riyadh"
"1,200,000",Floor,5,4,196 Sq. M.,"Al Yarmuk, East Riyadh, Riyadh"
"860,000",Apartment,6,5,225 Sq. M.,"Al Faisaliyah, Central Jeddah, Jeddah"
"750,000",Apartment,5,4,166 Sq. M.,"Mishrifah, North Jeddah, Jeddah"
"1,180,000",Apartment,4,3,"1,500 Sq. M.","Al Munsiyah, East Riyadh, Riyadh"
"1,000,000",Floor,4,4,162 Sq. M.,"Al Rimal, East Riyadh, Riyadh"
"1,300,000",Floor,4,4,175 Sq. M.,"Al Rimal, East Riyadh, Riyadh"
"2,600,000",Villa,10,10,750 Sq. M.,"Dhahrat Al Badiah, West Riyadh, Riyadh"
"3,500,000",Villa,9,9,426 Sq. M.,"Obhur Al Janoubiyah, North Jeddah, Jeddah"
"670,000",Apartment,3,3,205 Sq. M.,"Al Waha, North Jeddah, Jeddah"
"2,800,000",Villa,6,7,317 Sq. M.,"Al Khaleej, East Riyadh, Riyadh"
"1,200,000",Villa,4,4,200 Sq. M.,"Tuwaiq, West Riyadh, Riyadh"
"875,000",Floor,5,3,199 Sq. M.,"Al Marwah, North Jeddah, Jeddah"
"450,000",Apartment,4,3,126 Sq. M.,"Abruq Al Rughamah, South Jeddah, Jeddah"
"1,050,000",Apartment,3,4,172 Sq. M.,"Al Qadisiyah, East Riyadh, Riyadh"
"849,000",Apartment,3,3,145 Sq. M.,"Al Rimal, East Riyadh, Riyadh"
"1,400,000",Floor,4,4,305 Sq. M.,"Al Qadisiyah, East Riyadh, Riyadh"
"1,950,000",Villa,5,8,241 Sq. M.,"Al Sheraa, North Jeddah, Jeddah"
"1,900,000",Villa,5,4,528 Sq. M.,"Al Yarmuk, East Riyadh, Riyadh"
"420,000",Apartment,3,3,132 Sq. M.,"Al Dar Al Baida, South Riyadh, Riyadh"
"750,000",Floor,3,3,249 Sq. M.,"Tuwaiq, West Riyadh, Riyadh"
"650,000",Apartment,3,3,184 Sq. M.,"Tuwaiq, West Riyadh, Riyadh"
"2,200,000",Villa,5,5,225 Sq. M.,"Al Mahdiyah, West Riyadh, Riyadh"
"1,300,000",Villa,4,4,200 Sq. M.,"Al Munsiyah, East Riyadh, Riyadh"
"2,200,000",Villa,3,6,296 Sq. M.,"Al Rimal, East Riyadh, Riyadh"
"1,150,000",Floor,4,3,570 Sq. M.,"Al Qadisiyah, East Riyadh, Riyadh"
"950,000",Villa,6,5,396 Sq. M.,"Al Aqiq, Al Khobar"
"6,100,000",Rest House,1,1,"3,000 Sq. M.","Al Ammariyah Farms, Al Ammariyah Riyadh Region"
"1,600,000",Villa,6,5,300 Sq. M.,"Al Zumorrud, North Jeddah, Jeddah"
"1,000,000",Rest House,2,1,"10,000 Sq. M.",Hijrat Alzhwh Walbayan
"2,500,000",Villa,5,7,504 Sq. M.,"Al Munsiyah, East Riyadh, Riyadh"
"1,200,000",Villa,4,4,200 Sq. M.,"Tuwaiq, West Riyadh, Riyadh"
"710,000",Floor,3,3,159 Sq. M.,"Alawali, West Riyadh, Riyadh"
"11,800,000",Villa,4,4,200 Sq. M.,"Tuwaiq, West Riyadh, Riyadh"
"480,000",Apartment,5,3,181 Sq. M.,"Al Shati, Jazan"
"4,000,000",Building,10,10,600 Sq. M.,"Quba, Jeddah"
"732,000",Apartment,5,3,225 Sq. M.,"Governmental1, Jeddah"
"380,000",Apartment,3,3,135 Sq. M.,"Al Matar District, Jazan"
"670,000",Floor,3,2,165 Sq. M.,"Al Hazm, West Riyadh, Riyadh"
"4,000,000",Villa,7,6,650 Sq. M.,"Ghirnatah, East Riyadh, Riyadh"
"1,700,000",Villa,7,5,225 Sq. M.,"Al Rimal, East Riyadh, Riyadh"
"1,150,000",Floor,4,4,198 Sq. M.,"Tuwaiq, West Riyadh, Riyadh"
"1,380,000",Floor,5,3,141 Sq. M.,"Al Munsiyah, East Riyadh, Riyadh"
"1,100,000",Apartment,2,2,106 Sq. M.,King Abdullah Economic City
"1,375,000",Floor,3,4,163 Sq. M.,"Al Arid, North Riyadh, Riyadh"
"470,000",Apartment,4,4,114 Sq. M.,"Tuwaiq, West Riyadh, Riyadh"
"2,200,000",Villa,5,6,225 Sq. M.,"Al Mahdiyah, West Riyadh, Riyadh"
"650,000",Apartment,3,2,219 Sq. M.,"Al Dar Al Baida, South Riyadh, Riyadh"
"900,000",Villa,3,4,143 Sq. M.,"Ulaishah, West Riyadh, Riyadh"
"1,800,000",Villa,6,7,250 Sq. M.,"King Khalid International Airport, North Riyadh, Riyadh"
"380,000",Apartment,4,2,132 Sq. M.,"As Salamah, Makkah"
"1,200,000",Floor,4,4,200 Sq. M.,"Al Qadisiyah, East Riyadh, Riyadh"
"440,000",Apartment,4,3,103 Sq. M.,"Al Faisaliyah, Central Jeddah, Jeddah"
"440,000",Apartment,3,2,99 Sq. M.,"Al Faisaliyah, Central Jeddah, Jeddah"
"1,500,000",Floor,4,3,160 Sq. M.,"Al Rimal, East Riyadh, Riyadh"
"1,150,000",Floor,3,4,570 Sq. M.,"Al Qadisiyah, East Riyadh, Riyadh"
"7,000,000",Villa,7,7,600 Sq. M.,"Madinat Al Bohairat, North Jeddah, Jeddah"
"900,000",Apartment,6,4,188 Sq. M.,"Al Naim, North Jeddah, Jeddah"
"1,250,000",Floor,4,4,203 Sq. M.,"Al Qadisiyah, East Riyadh, Riyadh"
"2,500,000",Villa,4,5,504 Sq. M.,"Al Munsiyah, East Riyadh, Riyadh"
"2,200,000",Rest House,4,5,"10,000 Sq. M.",Al Hazm w Bataynah
"800,000",Apartment,4,3,89 Sq. M.,"Al Qadisiyah, East Riyadh, Riyadh"
"2,500,000",Villa,8,5,796 Sq. M.,"Tuwaiq, West Riyadh, Riyadh"
"420,000",Apartment,3,3,170 Sq. M.,"Badr, South Riyadh, Riyadh"
"900,000",Apartment,3,3,400 Sq. M.,"Al Mahdiyah, West Riyadh, Riyadh"
"2,450,000",Villa,6,6,504 Sq. M.,"Al Munsiyah, East Riyadh, Riyadh"
"1,050,000",Floor,5,4,219 Sq. M.,"Al Qadisiyah, East Riyadh, Riyadh"
"950,000",Floor,4,3,219 Sq. M.,"Al Qadisiyah, East Riyadh, Riyadh"
"900,000",Apartment,5,4,214 Sq. M.,"Al Sulaymaniyah, North Jeddah, Jeddah"
"1,250,000",Floor,5,3,203 Sq. M.,"Al Qadisiyah, East Riyadh, Riyadh"
"4,000,000",Villa,6,7,440 Sq. M.,"Al Sulimaniyah, North Riyadh, Riyadh"
"1,000,000",Floor,5,3,219 Sq. M.,"Al Qadisiyah, East Riyadh, Riyadh"
"1,600,000",Villa,11,6,250 Sq. M.,"Al Fardoos, North Jeddah, Jeddah"
"1,800,000",Floor,3,5,390 Sq. M.,"Al Narjis, North Riyadh, Riyadh"
"1,000,000",Apartment,5,3,177 Sq. M.,"Al Munsiyah, East Riyadh, Riyadh"
"740,000",Apartment,5,3,155 Sq. M.,Jeddah
"680,000",Apartment,5,4,213 Sq. M.,"Al Shawqiyyah, Makkah"
"3,350,000",Villa,4,5,828 Sq. M.,"Al Khaleej, East Riyadh, Riyadh"
"943,000",Apartment,4,3,190 Sq. M.,"Al Munsiyah, East Riyadh, Riyadh"
"1,550,000",Floor,4,4,206 Sq. M.,"Al Munsiyah, East Riyadh, Riyadh"
"650,000",Apartment,5,3,164 Sq. M.,"Al Rehab, North Jeddah, Jeddah"
"830,000",Apartment,4,3,140 Sq. M.,"Al Salamah, North Jeddah, Jeddah"
"1,340,000",Apartment,3,3,119 Sq. M.,"Al Arid, North Riyadh, Riyadh"
"980,000",Floor,4,4,233 Sq. M.,"Al Janadriyah, East Riyadh, Riyadh"
"1,650,000",Floor,5,4,198 Sq. M.,"Qurtubah, East Riyadh, Riyadh"
"1,250,000",Floor,3,3,177 Sq. M.,"Al Rimal, East Riyadh, Riyadh"
"1,000,000",Apartment,4,3,750 Sq. M.,"King Faisal, East Riyadh, Riyadh"
"3,500,000",Villa,5,7,351 Sq. M.,"Al Narjis, North Riyadh, Riyadh"
"599,000",Villa,4,3,778 Sq. M.,"Al Rabwa, North Jeddah, Jeddah"
"629,000",Apartment,4,3,176 Sq. M.,"Tuwaiq, West Riyadh, Riyadh"
"790,000",Apartment,5,3,175 Sq. M.,"Al Salamah, North Jeddah, Jeddah"
"1,050,000",Apartment,5,4,172 Sq. M.,"Al Qadisiyah, East Riyadh, Riyadh"
"2,700,000",Villa,10,5,444 Sq. M.,"Al Bayan Neighborhood, East Riyadh, Riyadh"
"1,050,000",Apartment,6,3,172 Sq. M.,"Al Qadisiyah, East Riyadh, Riyadh"
"1,550,000",Villa,4,5,262 Sq. M.,"Al Yaqout, North Jeddah, Jeddah"
"3,500,000",Villa,10,7,448 Sq. M.,"Al Khaleej, East Riyadh, Riyadh"
"1,300,000",Apartment,3,2,124 Sq. M.,"Al Taawun, North Riyadh, Riyadh"
"399,000",Apartment,3,3,107 Sq. M.,"Al Manar, North Jeddah, Jeddah"
"750,000",Apartment,4,4,167 Sq. M.,"Al Marwah, North Jeddah, Jeddah"
"540,000",Apartment,4,3,131 Sq. M.,"Al Marwah, North Jeddah, Jeddah"
"630,000",Apartment,4,3,112 Sq. M.,"Al Salamah, North Jeddah, Jeddah"
"1,500,000",Floor,4,4,213 Sq. M.,"Al Yarmuk, East Riyadh, Riyadh"
"900,000",Apartment,6,4,188 Sq. M.,"Al Naim, North Jeddah, Jeddah"
"460,000",Apartment,3,3,104 Sq. M.,"Al Rabwa, North Jeddah, Jeddah"
"520,000",Apartment,4,3,125 Sq. M.,"Al Marwah, North Jeddah, Jeddah"
"4,050,985",Villa,4,10,312 Sq. M.,"Qurtubah, East Riyadh, Riyadh"
"1,200,000",Villa,7,7,233 Sq. M.,"Nubala, Madina"
"4,000,000",Villa,7,6,371 Sq. M.,"Al Munsiyah, East Riyadh, Riyadh"
"1,450,000",Apartment,4,4,128 Sq. M.,"Qurtubah, East Riyadh, Riyadh"
"3,500,000",Villa,5,6,324 Sq. M.,"Al Munsiyah, East Riyadh, Riyadh"
"1,450,000",Apartment,4,4,128 Sq. M.,"Qurtubah, East Riyadh, Riyadh"
"1,650,000",Floor,4,4,172 Sq. M.,"Qurtubah, East Riyadh, Riyadh"
"1,850,000",Floor,4,4,186 Sq. M.,"Qurtubah, East Riyadh, Riyadh"
"5,500,000",Villa,10,9,715 Sq. M.,"Al Munsiyah, East Riyadh, Riyadh"
"2,230,000",Floor,5,4,257 Sq. M.,"Qurtubah, East Riyadh, Riyadh"
"2,230,000",Floor,7,4,257 Sq. M.,"Qurtubah, East Riyadh, Riyadh"
"1,850,000",Floor,5,4,186 Sq. M.,"Qurtubah, East Riyadh, Riyadh"
"1,450,000",Apartment,6,4,128 Sq. M.,"Qurtubah, East Riyadh, Riyadh"
"2,400,000",Villa,6,7,250 Sq. M.,"Al Yarmuk, East Riyadh, Riyadh"
"2,400,000",Villa,6,6,250 Sq. M.,"Al Yarmuk, East Riyadh, Riyadh"
"1,650,000",Floor,6,4,172 Sq. M.,"Qurtubah, East Riyadh, Riyadh"
"1,850,000",Floor,7,4,186 Sq. M.,"Qurtubah, East Riyadh, Riyadh"
"1,450,000",Apartment,7,4,128 Sq. M.,"Qurtubah, East Riyadh, Riyadh"
"1,180,000",Villa,5,6,215 Sq. M.,"Nubala, Madina"
"2,350,000",Villa,5,5,250 Sq. M.,"Al Yarmuk, East Riyadh, Riyadh"
"3,200,000",Villa,7,8,383 Sq. M.,"Qurtubah, East Riyadh, Riyadh"
"1,380,000",Villa,6,8,300 Sq. M.,Al Ahsa
"540,000",Apartment,4,3,131 Sq. M.,"Al Marwah, North Jeddah, Jeddah"
"650,000",Apartment,3,3,600 Sq. M.,"Al Nahdah, North Jeddah, Jeddah"
"770,000",Apartment,4,3,600 Sq. M.,"Al Nahdah, North Jeddah, Jeddah"
"1,450,000",Apartment,6,4,203 Sq. M.,"Al Zahraa, North Jeddah, Jeddah"
"840,000",Apartment,4,3,127 Sq. M.,"Al Zahraa, North Jeddah, Jeddah"
"600,000",Apartment,3,3,728 Sq. M.,"Al Zahraa, North Jeddah, Jeddah"
"450,000",Apartment,1,2,"2,000 Sq. M.","Al Nahdah, North Jeddah, Jeddah"
"660,000",Apartment,3,4,"2,000 Sq. M.","Al Nahdah, North Jeddah, Jeddah"
"480,000",Apartment,2,3,"2,400 Sq. M.","Al Rawdah, North Jeddah, Jeddah"
"270,000",Apartment,2,3,"3,200 Sq. M.","Al Faisaliyah, Central Jeddah, Jeddah"
"625,000",Apartment,3,3,119 Sq. M.,"Al Nahdah, North Jeddah, Jeddah"
"580,000",Apartment,4,4,660 Sq. M.,"Al Salamah, North Jeddah, Jeddah"
"795,000",Apartment,4,4,"2,000 Sq. M.","Al Nahdah, North Jeddah, Jeddah"
"625,000",Apartment,3,3,119 Sq. M.,"Al Nahdah, North Jeddah, Jeddah"
"840,000",Apartment,3,3,127 Sq. M.,"Al Zahraa, North Jeddah, Jeddah"
"840,000",Apartment,4,3,127 Sq. M.,"Al Zahraa, North Jeddah, Jeddah"
"1,450,000",Apartment,6,4,203 Sq. M.,"Al Zahraa, North Jeddah, Jeddah"
"850,000",Apartment,3,4,121 Sq. M.,"Al Zahraa, North Jeddah, Jeddah"
"600,000",Apartment,3,3,728 Sq. M.,"Al Zahraa, North Jeddah, Jeddah"
"625,000",Apartment,3,4,763 Sq. M.,"Al Nahdah, North Jeddah, Jeddah"
"1,700,000",Apartment,5,4,"2,000 Sq. M.","Al Nahdah, North Jeddah, Jeddah"
"550,000",Apartment,2,3,763 Sq. M.,"Al Nahdah, North Jeddah, Jeddah"
"494,000",Apartment,4,4,"3,200 Sq. M.","Al Faisaliyah, Central Jeddah, Jeddah"
"1,130,000",Apartment,6,5,660 Sq. M.,"Al Salamah, North Jeddah, Jeddah"
"770,000",Apartment,4,3,600 Sq. M.,"Al Nahdah, North Jeddah, Jeddah"
"650,000",Apartment,3,3,600 Sq. M.,"Al Nahdah, North Jeddah, Jeddah"
"270,000",Apartment,2,3,"3,200 Sq. M.","Al Faisaliyah, Central Jeddah, Jeddah"
"360,000",Apartment,3,4,"3,200 Sq. M.","Al Faisaliyah, Central Jeddah, Jeddah"
"580,000",Apartment,4,4,660 Sq. M.,"Al Salamah, North Jeddah, Jeddah"
"620,000",Apartment,3,4,"2,400 Sq. M.","Al Rawdah, North Jeddah, Jeddah"
"840,000",Apartment,3,3,127 Sq. M.,"Al Zahraa, North Jeddah, Jeddah"
"450,000",Apartment,1,2,"2,000 Sq. M.","Al Nahdah, North Jeddah, Jeddah"
"660,000",Apartment,3,4,"2,000 Sq. M.","Al Nahdah, North Jeddah, Jeddah"
"1,150,000",Apartment,5,4,696 Sq. M.,"Al Nahdah, North Jeddah, Jeddah"
"494,000",Apartment,4,4,"3,200 Sq. M.","Al Faisaliyah, Central Jeddah, Jeddah"
"620,000",Apartment,3,4,"2,400 Sq. M.","Al Rawdah, North Jeddah, Jeddah"
"840,000",Apartment,4,3,127 Sq. M.,"Al Zahraa, North Jeddah, Jeddah"
"2,100,000",Apartment,8,10,"2,400 Sq. M.","Al Rawdah, North Jeddah, Jeddah"
"1,350,000",Apartment,5,4,194 Sq. M.,"Al Zahraa, North Jeddah, Jeddah"
"600,000",Apartment,3,3,728 Sq. M.,"Al Zahraa, North Jeddah, Jeddah"
"770,000",Apartment,4,3,600 Sq. M.,"Al Nahdah, North Jeddah, Jeddah"
"625,000",Apartment,3,4,763 Sq. M.,"Al Nahdah, North Jeddah, Jeddah"
"730,000",Apartment,4,4,763 Sq. M.,"Al Nahdah, North Jeddah, Jeddah"
"475,000",Apartment,3,4,660 Sq. M.,"Al Salamah, North Jeddah, Jeddah"
"580,000",Apartment,4,4,660 Sq. M.,"Al Salamah, North Jeddah, Jeddah"
"494,000",Apartment,4,4,"3,200 Sq. M.","Al Faisaliyah, Central Jeddah, Jeddah"
"1,130,000",Apartment,6,5,660 Sq. M.,"Al Salamah, North Jeddah, Jeddah"
"770,000",Apartment,4,3,600 Sq. M.,"Al Nahdah, North Jeddah, Jeddah"
"550,000",Apartment,2,2,600 Sq. M.,"Al Nahdah, North Jeddah, Jeddah"
"1,550,000",Apartment,6,5,235 Sq. M.,"Al Zahraa, North Jeddah, Jeddah"
"700,000",Apartment,4,3,728 Sq. M.,"Al Zahraa, North Jeddah, Jeddah"
"550,000",Apartment,2,3,763 Sq. M.,"Al Nahdah, North Jeddah, Jeddah"
"795,000",Apartment,4,4,"2,000 Sq. M.","Al Nahdah, North Jeddah, Jeddah"
"240,000",Apartment,1,1,"3,200 Sq. M.","Al Faisaliyah, Central Jeddah, Jeddah"
"360,000",Apartment,3,4,"3,200 Sq. M.","Al Faisaliyah, Central Jeddah, Jeddah"
"1,700,000",Apartment,5,4,"2,000 Sq. M.","Al Nahdah, North Jeddah, Jeddah"
"240,000",Apartment,1,1,"3,200 Sq. M.","Al Faisaliyah, Central Jeddah, Jeddah"
"270,000",Apartment,2,3,"3,200 Sq. M.","Al Faisaliyah, Central Jeddah, Jeddah"
"494,000",Apartment,4,4,"3,200 Sq. M.","Al Faisaliyah, Central Jeddah, Jeddah"
"240,000",Apartment,1,1,"3,200 Sq. M.","Al Faisaliyah, Central Jeddah, Jeddah"
"494,000",Apartment,4,4,"3,200 Sq. M.","Al Faisaliyah, Central Jeddah, Jeddah"
"1,130,000",Apartment,6,5,660 Sq. M.,"Al Salamah, North Jeddah, Jeddah"
"550,000",Apartment,2,2,600 Sq. M.,"Al Nahdah, North Jeddah, Jeddah"
"625,000",Apartment,3,3,696 Sq. M.,"Al Nahdah, North Jeddah, Jeddah"
"1,250,000",Apartment,8,8,"3,200 Sq. M.","Al Faisaliyah, Central Jeddah, Jeddah"
"475,000",Apartment,3,4,660 Sq. M.,"Al Salamah, North Jeddah, Jeddah"
"480,000",Apartment,2,3,"2,400 Sq. M.","Al Rawdah, North Jeddah, Jeddah"
"550,000",Apartment,2,2,600 Sq. M.,"Al Nahdah, North Jeddah, Jeddah"
"550,000",Apartment,3,4,763 Sq. M.,"Al Nahdah, North Jeddah, Jeddah"
"294,000",Apartment,2,2,726 Sq. M.,"Al Safa, North Jeddah, Jeddah"
"1,850,000",Apartment,6,6,"2,000 Sq. M.","Al Nahdah, North Jeddah, Jeddah"
"1,550,000",Apartment,6,5,235 Sq. M.,"Al Zahraa, North Jeddah, Jeddah"
"1,450,000",Apartment,6,4,203 Sq. M.,"Al Zahraa, North Jeddah, Jeddah"
"800,000",Apartment,3,4,467 Sq. M.,"Al Zahraa, North Jeddah, Jeddah"
"1,250,000",Apartment,6,6,728 Sq. M.,"Al Zahraa, North Jeddah, Jeddah"
"1,700,000",Apartment,6,6,"2,000 Sq. M.","Al Nahdah, North Jeddah, Jeddah"
"625,000",Apartment,3,3,696 Sq. M.,"Al Nahdah, North Jeddah, Jeddah"
"1,150,000",Apartment,5,4,696 Sq. M.,"Al Nahdah, North Jeddah, Jeddah"
"950,000",Apartment,4,3,127 Sq. M.,"Al Zahraa, North Jeddah, Jeddah"
"850,000",Apartment,3,4,467 Sq. M.,"Al Zahraa, North Jeddah, Jeddah"
"600,000",Apartment,3,3,124 Sq. M.,"Al Zahraa, North Jeddah, Jeddah"
"1,700,000",Apartment,5,4,"2,000 Sq. M.","Al Nahdah, North Jeddah, Jeddah"
"1,550,000",Apartment,6,5,235 Sq. M.,"Al Zahraa, North Jeddah, Jeddah"
"1,200,000",Apartment,6,6,728 Sq. M.,"Al Zahraa, North Jeddah, Jeddah"
"600,000",Apartment,3,3,728 Sq. M.,"Al Zahraa, North Jeddah, Jeddah"
"1,200,000",Apartment,6,6,728 Sq. M.,"Al Zahraa, North Jeddah, Jeddah"
"1,250,000",Apartment,6,6,696 Sq. M.,"Al Nahdah, North Jeddah, Jeddah"
"625,000",Apartment,3,3,140 Sq. M.,"Al Nahdah, North Jeddah, Jeddah"
"680,000",Apartment,5,3,161 Sq. M.,"Al Marwah, North Jeddah, Jeddah"
"750,000",Apartment,4,3,167 Sq. M.,"Al Marwah, North Jeddah, Jeddah"
"540,000",Apartment,4,3,131 Sq. M.,"Al Marwah, North Jeddah, Jeddah"
"3,200,000",Villa,6,6,383 Sq. M.,"Qurtubah, East Riyadh, Riyadh"
"6,500,000",Villa,4,5,600 Sq. M.,"Al Arid, North Riyadh, Riyadh"
"750,000",Villa,6,4,600 Sq. M.,"Subdivision No 0941, Jilah 2"
"680,000",Apartment,4,3,137 Sq. M.,"Al Salamah, North Jeddah, Jeddah"
"650,000",Apartment,5,3,161 Sq. M.,"Batha Quraysh, Makkah"
"650,000",Apartment,5,3,162 Sq. M.,"Batha Quraysh, Makkah"
"630,000",Apartment,5,3,191 Sq. M.,"Governmental1, Jeddah"
"3,500,000",Villa,7,7,408 Sq. M.,"Qurtubah, East Riyadh, Riyadh"
"1,300,000",Floor,4,4,307 Sq. M.,"Al Janadriyah, East Riyadh, Riyadh"
"1,450,000",Apartment,4,3,"4,980 Sq. M.","Qurtubah, East Riyadh, Riyadh"
"550,000",Apartment,5,3,197 Sq. M.,"Ash Shamiya Al Jadid, Makkah"
"770,000",Apartment,3,3,"1,414 Sq. M.","Dhahrat Laban, West Riyadh, Riyadh"
"1,500,000",Villa,9,7,387 Sq. M.,"Al Wurud, Al Kharj Riyadh Region"
"950,000",Villa,6,4,203 Sq. M.,"Al Waha, North Jeddah, Jeddah"
"700,000",Apartment,3,3,118 Sq. M.,"Al Rimal, East Riyadh, Riyadh"
"850,000",Floor,4,3,155 Sq. M.,"Al Rimal, East Riyadh, Riyadh"
"1,850,000",Villa,6,6,453 Sq. M.,"Al Rimal, East Riyadh, Riyadh"
"1,000,000",Floor,4,4,177 Sq. M.,"Al Bayan Neighborhood, East Riyadh, Riyadh"
"1,300,000",Floor,4,4,315 Sq. M.,"Al Janadriyah, East Riyadh, Riyadh"
"600,000",Apartment,5,4,163 Sq. M.,"As Salamah, Makkah"
"535,000",Apartment,4,3,144 Sq. M.,"Al Marwah, North Jeddah, Jeddah"
"1,600,000",Villa,8,6,412 Sq. M.,"Al Yaqout, North Jeddah, Jeddah"
"600,000",Apartment,5,4,163 Sq. M.,"As Salamah, Makkah"
"750,000",Floor,4,4,538 Sq. M.,"Al Murjan, East Riyadh, Riyadh"
"750,000",Apartment,4,3,120 Sq. M.,"Al Rawdah, North Jeddah, Jeddah"
"750,000",Apartment,4,3,120 Sq. M.,"Al Rawdah, North Jeddah, Jeddah"
"2,800,000",Villa,7,9,312 Sq. M.,"Al Rimal, East Riyadh, Riyadh"
"680,000",Apartment,5,3,161 Sq. M.,"Al Marwah, North Jeddah, Jeddah"
"800,000",Apartment,2,2,72 Sq. M.,"Al Munsiyah, East Riyadh, Riyadh"
"1,750,000",Villa,4,4,222 Sq. M.,"Al Munsiyah, East Riyadh, Riyadh"
"1,750,000",Villa,4,4,222 Sq. M.,"Al Munsiyah, East Riyadh, Riyadh"
"2,500,000",Villa,11,8,494 Sq. M.,"Al Uraija Al Gharbiyah, West Riyadh, Riyadh"
"600,000",Apartment,5,3,179 Sq. M.,"Al Rayaan, North Jeddah, Jeddah"
"900,000",Villa,8,6,235 Sq. M.,"Al Qashashia Al Jadid, Makkah"
"950,000",Villa,8,6,235 Sq. M.,"Al Qashashia Al Jadid, Makkah"
"1,300,000",Villa,9,7,254 Sq. M.,"Taiba District, North Jeddah, Jeddah"
"470,000",Apartment,5,3,136 Sq. M.,"Al Mraikh, North Jeddah, Jeddah"
"750,000",Apartment,6,4,185 Sq. M.,"Al Shawqiyyah, Makkah"
"1,700,000",Villa,6,7,312 Sq. M.,"Al Zumorrud, North Jeddah, Jeddah"
"970,000",Apartment,4,5,"1,200 Sq. M.","Dhahrat Laban, West Riyadh, Riyadh"
"3,200,000",Villa,8,7,383 Sq. M.,"Qurtubah, East Riyadh, Riyadh"
"450,000",Apartment,3,2,102 Sq. M.,"Al Marwah, North Jeddah, Jeddah"
"650,000",Apartment,5,3,164 Sq. M.,"Al Rehab, North Jeddah, Jeddah"
"650,000",Apartment,5,3,164 Sq. M.,"Al Rehab, North Jeddah, Jeddah"
"650,000",Apartment,5,3,164 Sq. M.,"Al Rehab, North Jeddah, Jeddah"
"650,000",Apartment,5,3,164 Sq. M.,"Al Rehab, North Jeddah, Jeddah"
"650,000",Apartment,5,4,164 Sq. M.,"Al Rehab, North Jeddah, Jeddah"
"540,000",Apartment,4,3,131 Sq. M.,"Al Marwah, North Jeddah, Jeddah"
"670,000",Apartment,5,3,162 Sq. M.,"Al Nuzhah, North Jeddah, Jeddah"
"680,000",Apartment,5,3,161 Sq. M.,"Al Marwah, North Jeddah, Jeddah"
"800,000",Apartment,4,3,72 Sq. M.,"Al Munsiyah, East Riyadh, Riyadh"
"1,750,000",Villa,6,5,222 Sq. M.,"Al Munsiyah, East Riyadh, Riyadh"
"1,150,000",Apartment,4,3,134 Sq. M.,"Al Munsiyah, East Riyadh, Riyadh"
"1,350,000",Floor,5,4,196 Sq. M.,"Al Munsiyah, East Riyadh, Riyadh"
"1,600,000",Floor,6,5,223 Sq. M.,"Al Munsiyah, East Riyadh, Riyadh"
"1,350,000",Floor,5,4,196 Sq. M.,"Al Munsiyah, East Riyadh, Riyadh"
"3,050,000",Villa,5,4,390 Sq. M.,"Al Nahdah, East Riyadh, Riyadh"
"540,000",Apartment,4,3,131 Sq. M.,"Al Marwah, North Jeddah, Jeddah"
"780,000",Apartment,3,3,150 Sq. M.,"Al Rimal, East Riyadh, Riyadh"
"3,600,000",Villa,6,8,320 Sq. M.,"Al Munsiyah, East Riyadh, Riyadh"
"620,000",Apartment,5,3,183 Sq. M.,"Al Jisr, Al Khobar"
"640,000",Apartment,3,3,184 Sq. M.,"Al Jisr, Al Khobar"
"2,300,000",Apartment,8,5,147 Sq. M.,"Al Rawdah, North Jeddah, Jeddah"
"3,200,000",Villa,6,6,383 Sq. M.,"Qurtubah, East Riyadh, Riyadh"
"680,000",Apartment,5,3,161 Sq. M.,"Al Marwah, North Jeddah, Jeddah"
"750,000",Apartment,4,4,167 Sq. M.,"Al Marwah, North Jeddah, Jeddah"
"750,000",Apartment,4,4,167 Sq. M.,"Al Marwah, North Jeddah, Jeddah"
"750,000",Apartment,4,4,167 Sq. M.,"Al Marwah, North Jeddah, Jeddah"
"680,000",Apartment,5,3,161 Sq. M.,"Al Marwah, North Jeddah, Jeddah"
"540,000",Apartment,4,3,131 Sq. M.,"Al Marwah, North Jeddah, Jeddah"
"1,400,000",Villa,5,5,200 Sq. M.,"Dhahrat Laban, West Riyadh, Riyadh"
"1,550,000",Apartment,5,5,213 Sq. M.,"Al Salamah, North Jeddah, Jeddah"
"680,000",Apartment,5,3,161 Sq. M.,"Al Marwah, North Jeddah, Jeddah"
"680,000",Apartment,5,3,161 Sq. M.,"Al Marwah, North Jeddah, Jeddah"
"2,000,000",Villa,6,6,264 Sq. M.,"Al Rimal, East Riyadh, Riyadh"
"1,350,000",Floor,3,3,185 Sq. M.,"Al Munsiyah, East Riyadh, Riyadh"
"680,000",Apartment,5,3,161 Sq. M.,"Al Marwah, North Jeddah, Jeddah"
"640,000",Apartment,5,4,154 Sq. M.,"Al Waha, North Jeddah, Jeddah"
"1,350,000",Floor,4,3,185 Sq. M.,"Al Munsiyah, East Riyadh, Riyadh"
"680,000",Apartment,5,3,161 Sq. M.,"Al Marwah, North Jeddah, Jeddah"
"680,000",Apartment,5,3,161 Sq. M.,"Al Marwah, North Jeddah, Jeddah"
"680,000",Apartment,5,3,161 Sq. M.,"Al Marwah, North Jeddah, Jeddah"
"680,000",Apartment,5,3,161 Sq. M.,"Al Marwah, North Jeddah, Jeddah"
"3,300,000",Villa,5,7,345 Sq. M.,"Obhur Al Shamaliyah, North Jeddah, Jeddah"
"3,500,000",Villa,9,8,357 Sq. M.,"Qurtubah, East Riyadh, Riyadh"
"5,200,000",Villa,6,6,319 Sq. M.,"Al Narjis, North Riyadh, Riyadh"
"680,000",Apartment,5,3,161 Sq. M.,"Al Marwah, North Jeddah, Jeddah"
"680,000",Apartment,5,3,161 Sq. M.,"Al Marwah, North Jeddah, Jeddah"
"550,000",Apartment,5,4,217 Sq. M.,"Ar Rehab 3, Jazan"
"1,300,000",Villa,9,6,347 Sq. M.,"Al Buhayrat, Makkah"
"660,000",Apartment,5,3,210 Sq. M.,"Ar Rehab 3, Jazan"
"370,000",Apartment,3,3,145 Sq. M.,"Al Suways 1, Jazan"
"550,000",Apartment,5,4,217 Sq. M.,"Ar Rehab 3, Jazan"
"750,000",Apartment,4,4,167 Sq. M.,"Al Marwah, North Jeddah, Jeddah"
"1,600,000",Villa,6,7,360 Sq. M.,"Al Tahliyah, Al Khobar"
"2,300,000",Villa,7,6,318 Sq. M.,"Al Saadah, East Riyadh, Riyadh"
"2,300,000",Villa,7,7,319 Sq. M.,"Al Saadah, East Riyadh, Riyadh"
"800,000",Floor,3,4,205 Sq. M.,"Al Janadriyah, East Riyadh, Riyadh"
"750,000",Apartment,4,3,450 Sq. M.,"Al Mahdiyah, West Riyadh, Riyadh"
"790,000",Apartment,4,6,450 Sq. M.,"Al Mahdiyah, West Riyadh, Riyadh"
"800,000",Apartment,4,4,450 Sq. M.,"Al Mahdiyah, West Riyadh, Riyadh"
"770,000",Apartment,4,5,450 Sq. M.,"Al Mahdiyah, West Riyadh, Riyadh"
"800,000",Apartment,4,3,450 Sq. M.,"Al Mahdiyah, West Riyadh, Riyadh"
"732,000",Apartment,5,4,225 Sq. M.,"Governmental1, Jeddah"
"470,000",Apartment,3,4,186 Sq. M.,"Al Manar, North Jeddah, Jeddah"
"5,300,000",Residential Building,11,10,336 Sq. M.,"Al Wurud, North Riyadh, Riyadh"
"540,000",Apartment,4,3,131 Sq. M.,"Al Marwah, North Jeddah, Jeddah"
"490,000",Floor,5,3,160 Sq. M.,"Badr, South Riyadh, Riyadh"
"630,000",Floor,5,3,201 Sq. M.,"Badr, South Riyadh, Riyadh"
"1,750,000",Villa,7,9,312 Sq. M.,"Al Yaqout, North Jeddah, Jeddah"
"680,000",Apartment,5,4,161 Sq. M.,"Al Marwah, North Jeddah, Jeddah"
"670,000",Apartment,5,3,162 Sq. M.,"Al Nuzhah, North Jeddah, Jeddah"
"750,000",Apartment,4,4,167 Sq. M.,"Al Marwah, North Jeddah, Jeddah"
"1,550,000",Floor,4,5,206 Sq. M.,"Al Munsiyah, East Riyadh, Riyadh"
"1,550,000",Floor,5,5,251 Sq. M.,"Al Khaleej, East Riyadh, Riyadh"
"2,000,000",Villa,5,6,276 Sq. M.,"Al Maizilah, East Riyadh, Riyadh"
"2,300,000",Villa,5,5,420 Sq. M.,"Al Bayan Neighborhood, East Riyadh, Riyadh"
"950,000",Apartment,5,4,120 Sq. M.,"Al Nahdah, East Riyadh, Riyadh"
"800,000",Floor,4,4,206 Sq. M.,"Al Janadriyah, East Riyadh, Riyadh"
"780,000",Floor,7,5,223 Sq. M.,"Al Muhammadiyah 2, Jazan"
"1,200,000",Floor,4,3,233 Sq. M.,"Al Rimal, East Riyadh, Riyadh"
"1,500,000",Villa,6,4,275 Sq. M.,"Al Hazm, West Riyadh, Riyadh"
"550,000",Apartment,3,3,128 Sq. M.,"Al Zahrah, West Riyadh, Riyadh"
"490,000",Apartment,4,3,184 Sq. M.,"Al Suways 2, Jazan"
"2,350,000",Villa,5,5,250 Sq. M.,"Al Yarmuk, East Riyadh, Riyadh"
"530,000",Apartment,5,3,198 Sq. M.,"Al Suways 1, Jazan"
"500,000",Apartment,4,4,199 Sq. M.,"Badr, South Riyadh, Riyadh"
"700,000",Apartment,4,3,136 Sq. M.,"Al Rehab, North Jeddah, Jeddah"
"590,000",Apartment,4,3,138 Sq. M.,"Al Safa, North Jeddah, Jeddah"
"800,000",Apartment,7,5,630 Sq. M.,"Badr, South Riyadh, Riyadh"
"1,070,000",Villa,5,5,269 Sq. M.,"Tuwaiq, West Riyadh, Riyadh"
"5,500,000",Apartment,2,3,217 Sq. M.,"Al Shati, North Jeddah, Jeddah"
"2,850,000",Floor,4,4,206 Sq. M.,"Al Munsiyah, East Riyadh, Riyadh"
"680,000",Apartment,5,3,161 Sq. M.,"Al Marwah, North Jeddah, Jeddah"
"1,850,000",Floor,5,3,"4,980 Sq. M.","Qurtubah, East Riyadh, Riyadh"
"1,450,000",Villa,9,6,300 Sq. M.,"Al Rahmanyah, North Jeddah, Jeddah"
"1,100,000",Floor,3,4,141 Sq. M.,"Al Munsiyah, East Riyadh, Riyadh"
"650,000",Apartment,8,4,264 Sq. M.,"Al Masif, Tabuk"
"6,800,000",Villa,4,3,377 Sq. M.,"Al Nakhil, North Riyadh, Riyadh"
"1,500,000",Floor,4,5,234 Sq. M.,"Al Khaleej, East Riyadh, Riyadh"
"2,100,000",Villa,7,5,328 Sq. M.,"Al Rimal, East Riyadh, Riyadh"
"700,000",Apartment,5,3,"4,115 Sq. M.","Al Rayaan, North Jeddah, Jeddah"
"3,200,000",Villa,7,7,"4,980 Sq. M.","Qurtubah, East Riyadh, Riyadh"
"1,050,000",Villa,9,6,441 Sq. M.,"Al Shati, Jazan"
"470,000",Apartment,5,4,248 Sq. M.,"Qurtubah, Buraydah Al Qassim Region"
"8,000,000",Villa,6,5,537 Sq. M.,"Al Narjis, North Riyadh, Riyadh"
"1,650,000",Floor,7,5,217 Sq. M.,"Al Yarmuk, East Riyadh, Riyadh"
"1,300,000",Floor,7,4,222 Sq. M.,"Al Qadisiyah, East Riyadh, Riyadh"
"3,200,000",Villa,6,6,"4,980 Sq. M.","Qurtubah, East Riyadh, Riyadh"
"770,000",Apartment,3,3,150 Sq. M.,"Al Rimal, East Riyadh, Riyadh"
"539,000",Apartment,2,3,135 Sq. M.,"Okaz, South Riyadh, Riyadh"
"720,000",Apartment,6,4,197 Sq. M.,"Al Shawqiyyah, Makkah"
"10,000,000",Villa,11,7,"1,450 Sq. M.","Al Andalus, North Jeddah, Jeddah"
"500,000",Rest House,2,2,630 Sq. M.,"As Salam, Rumah"
"650,000",Apartment,5,3,164 Sq. M.,"Al Rehab, North Jeddah, Jeddah"
"1,500,000",Residential Building,11,7,454 Sq. M.,"Al Badi Al Gharbi, Dhurma"
"4,090,000",Villa,8,6,400 Sq. M.,"Sidra, Riyadh"
"1,200,000",Apartment,3,3,167 Sq. M.,"Al Munsiyah, East Riyadh, Riyadh"
"1,500,000",Floor,3,5,234 Sq. M.,"Al Khaleej, East Riyadh, Riyadh"
"1,550,000",Villa,7,6,300 Sq. M.,"Al Manarat, North Jeddah, Jeddah"
"1,650,000",Floor,3,4,"4,980 Sq. M.","Qurtubah, East Riyadh, Riyadh"
"1,200,000",Apartment,3,3,167 Sq. M.,"Al Munsiyah, East Riyadh, Riyadh"
"2,100,000",Villa,6,7,328 Sq. M.,"Al Rimal, East Riyadh, Riyadh"
"1,450,000",Floor,5,4,252 Sq. M.,"Al Qadisiyah, East Riyadh, Riyadh"
"1,100,000",Rest House,3,2,625 Sq. M.,"Al Salam, Madina"
"950,000",Villa,6,4,220 Sq. M.,"Nubala, Madina"
"1,150,000",Villa,5,4,262 Sq. M.,"Nubala, Madina"
"1,000,000",Villa,4,3,359 Sq. M.,"Al Aqoul, Madina"
"920,000",Villa,6,5,200 Sq. M.,"Nubala, Madina"
"2,500,000",Villa,5,5,400 Sq. M.,"King Fahd, Makkah"
"1,300,000",Floor,3,4,412 Sq. M.,"Al Nahdah, East Riyadh, Riyadh"
"785,000",Floor,4,3,192 Sq. M.,"Okaz, South Riyadh, Riyadh"
"4,300,000",Residential Building,4,4,925 Sq. M.,"Okaz, South Riyadh, Riyadh"
"1,450,000",Apartment,6,4,216 Sq. M.,"Al Zahraa, North Jeddah, Jeddah"
"2,500,000",Villa,4,6,500 Sq. M.,"Al Salam, East Riyadh, Riyadh"
"5,400,000",Villa,11,5,450 Sq. M.,"Al Narjis, North Riyadh, Riyadh"
"650,000",Apartment,5,3,164 Sq. M.,"Al Rehab, North Jeddah, Jeddah"
"480,000",Apartment,4,4,750 Sq. M.,"Al Nuzhah, North Jeddah, Jeddah"
"2,000,000",Villa,6,5,276 Sq. M.,"Al Maizilah, East Riyadh, Riyadh"
"1,000,000",Floor,2,3,185 Sq. M.,"Al Munsiyah, East Riyadh, Riyadh"
"550,000",Apartment,3,3,122 Sq. M.,"Batha Quraysh, Makkah"
"1,400,000",Apartment,5,3,197 Sq. M.,"Al Shawqiyyah, Makkah"
"570,000",Apartment,4,3,125 Sq. M.,"Bani Malik, North Jeddah, Jeddah"
"920,000",Floor,3,4,160 Sq. M.,"Al Hazm, West Riyadh, Riyadh"
"920,000",Apartment,4,3,172 Sq. M.,"Al Rawdah, North Jeddah, Jeddah"
"780,000",Apartment,4,3,136 Sq. M.,"Al Rawdah, North Jeddah, Jeddah"
"900,000",Floor,4,4,279 Sq. M.,"Tuwaiq, West Riyadh, Riyadh"
"1,450,000",Villa,6,6,300 Sq. M.,"Al Rahmanyah, North Jeddah, Jeddah"
"3,450,000",Villa,5,4,500 Sq. M.,"Al Qadisiyah, East Riyadh, Riyadh"
"1,300,000",Villa,6,6,500 Sq. M.,"Al Aqiq, Al Khobar"
"1,950,000",Villa,5,6,241 Sq. M.,"Al Sheraa, North Jeddah, Jeddah"
"2,500,000",Villa,10,8,458 Sq. M.,"Al Fanar, North Jeddah, Jeddah"
"6,000,000",Rest House,3,3,"3,000 Sq. M.","Al Ammariyah Farms, Al Ammariyah Riyadh Region"
"1,800,000",Apartment,3,4,139 Sq. M.,"Al Munsiyah, East Riyadh, Riyadh"
"829,000",Apartment,5,3,194 Sq. M.,"Al Marwah, North Jeddah, Jeddah"
"499,000",Apartment,3,3,127 Sq. M.,"Al Rayaan, North Jeddah, Jeddah"
"700,000",Apartment,6,3,165 Sq. M.,"Al Nuzhah, North Jeddah, Jeddah"
"2,200,000",Villa,5,4,300 Sq. M.,"Ishbiliyah, East Riyadh, Riyadh"
"680,000",Apartment,4,1,133 Sq. M.,"Al Faisaliyah, Central Jeddah, Jeddah"
"720,000",Apartment,3,4,129 Sq. M.,"Al Qadisiyah, East Riyadh, Riyadh"
"580,000",Apartment,5,4,232 Sq. M.,"Al Wafa, Khamis Mushait"
"680,000",Apartment,5,3,161 Sq. M.,"Al Marwah, North Jeddah, Jeddah"
"595,000",Apartment,5,3,163 Sq. M.,"Al Rabwa, North Jeddah, Jeddah"
"650,000",Apartment,6,6,379 Sq. M.,"Al Zuhur, Abha"
"900,000",Floor,3,3,172 Sq. M.,"Al Salam, East Riyadh, Riyadh"
"680,000",Apartment,5,3,210 Sq. M.,"Ar Rehab 1, Jazan"
"3,200,000",Residential Building,10,7,875 Sq. M.,"Al Kawthar, Al Khobar"
"750,000",Apartment,5,3,900 Sq. M.,"Dhahrat Laban, West Riyadh, Riyadh"
"750,000",Apartment,4,3,167 Sq. M.,"Al Marwah, North Jeddah, Jeddah"
"1,650,000",Floor,3,3,198 Sq. M.,"Qurtubah, East Riyadh, Riyadh"
"450,000",Apartment,3,3,165 Sq. M.,"Al Jawhara, Dammam"
"640,000",Apartment,6,4,208 Sq. M.,"Al Rayaan, North Jeddah, Jeddah"
"868,000",Apartment,3,3,132 Sq. M.,"Al Munsiyah, East Riyadh, Riyadh"
"868,000",Apartment,2,3,132 Sq. M.,"Al Munsiyah, East Riyadh, Riyadh"
"4,900,000",Building,10,10,500 Sq. M.,"Al Naim, North Jeddah, Jeddah"
"2,000,000",Villa,6,7,200 Sq. M.,"Al Mahdiyah, West Riyadh, Riyadh"
"700,000",Apartment,4,2,135 Sq. M.,"Dhahrat Laban, West Riyadh, Riyadh"
"620,000",Apartment,2,3,166 Sq. M.,"Dhahrat Laban, West Riyadh, Riyadh"
"770,000",Apartment,4,3,630 Sq. M.,"Badr, South Riyadh, Riyadh"
"670,000",Apartment,3,2,93 Sq. M.,"Al Saadah, East Riyadh, Riyadh"
"770,000",Apartment,4,4,630 Sq. M.,"Badr, South Riyadh, Riyadh"
"860,000",Floor,3,3,500 Sq. M.,"Shubra, West Riyadh, Riyadh"
"760,000",Floor,3,3,214 Sq. M.,"Badr, South Riyadh, Riyadh"
"1,350,000",Floor,5,4,"1,056 Sq. M.","Al Yarmuk, East Riyadh, Riyadh"
"440,000",Apartment,4,3,128 Sq. M.,"Al Mraikh, North Jeddah, Jeddah"
"860,000",Floor,4,3,500 Sq. M.,"Shubra, West Riyadh, Riyadh"
"3,500,000",Villa,8,7,300 Sq. M.,"Al Sahafah, North Riyadh, Riyadh"
"620,000",Apartment,3,3,111 Sq. M.,"Al Naim, North Jeddah, Jeddah"
"2,700,000",Villa,8,7,375 Sq. M.,"Al Mahdiyah, West Riyadh, Riyadh"
"7,000,000",Rest House,4,4,"2,520 Sq. M.","Al Rimal, East Riyadh, Riyadh"
"2,200,000",Residential Building,3,3,600 Sq. M.,"Al Rashidiyyah Neighborhood, Makkah"
"850,000",Apartment,3,3,183 Sq. M.,"Al Manar, North Jeddah, Jeddah"
"1,650,000",Villa,6,7,396 Sq. M.,"Ash Shamiya Al Jadid, Makkah"
"1,400,000",Villa,6,5,839 Sq. M.,Al Shafaa 8
"1,050,000",Floor,3,3,141 Sq. M.,"Al Munsiyah, East Riyadh, Riyadh"
"950,000",Floor,4,3,199 Sq. M.,"Al Qadisiyah, East Riyadh, Riyadh"
"1,550,000",Floor,3,3,206 Sq. M.,"Al Munsiyah, East Riyadh, Riyadh"
"1,070,000",Apartment,3,3,991 Sq. M.,"Al Munsiyah, East Riyadh, Riyadh"
"1,650,000",Floor,3,4,195 Sq. M.,"Qurtubah, East Riyadh, Riyadh"
"1,550,000",Floor,4,5,206 Sq. M.,"Al Munsiyah, East Riyadh, Riyadh"
"1,000,000",Floor,4,4,168 Sq. M.,"Al Rimal, East Riyadh, Riyadh"
"950,000",Floor,3,4,244 Sq. M.,"Al Janadriyah, East Riyadh, Riyadh"
"1,350,000",Floor,4,3,206 Sq. M.,"Al Munsiyah, East Riyadh, Riyadh"
"1,350,000",Floor,5,4,"1,056 Sq. M.","Al Yarmuk, East Riyadh, Riyadh"
"1,550,000",Floor,4,4,183 Sq. M.,"Al Munsiyah, East Riyadh, Riyadh"
"1,200,000",Floor,3,4,505 Sq. M.,"Al Qadisiyah, East Riyadh, Riyadh"
"620,000",Apartment,5,3,179 Sq. M.,"Al Nuzhah, North Jeddah, Jeddah"
"760,000",Floor,3,3,181 Sq. M.,"Badr, South Riyadh, Riyadh"
"730,000",Apartment,4,3,112 Sq. M.,"Al Rawdah, North Jeddah, Jeddah"
"1,550,000",Floor,3,4,206 Sq. M.,"Al Munsiyah, East Riyadh, Riyadh"
"1,150,000",Floor,3,3,393 Sq. M.,"Al Nahdah, East Riyadh, Riyadh"
"2,350,000",Villa,5,7,250 Sq. M.,"Al Yarmuk, East Riyadh, Riyadh"
"2,500,000",Villa,6,4,458 Sq. M.,"Al Fanar, North Jeddah, Jeddah"
"1,900,000",Apartment,3,3,179 Sq. M.,"Al Salamah, North Jeddah, Jeddah"
"2,400,000",Villa,5,6,600 Sq. M.,"Al Mahdiyah, West Riyadh, Riyadh"
"950,000",Apartment,3,5,226 Sq. M.,"Al Hamraa, Central Jeddah, Jeddah"
"360,000",Apartment,2,2,126 Sq. M.,"Okaz, South Riyadh, Riyadh"
"1,350,000",Floor,3,4,185 Sq. M.,"Al Munsiyah, East Riyadh, Riyadh"
"1,350,000",Floor,3,4,185 Sq. M.,"Al Munsiyah, East Riyadh, Riyadh"
"1,350,000",Floor,3,5,185 Sq. M.,"Al Munsiyah, East Riyadh, Riyadh"
"12,000,000",Villa,5,7,412 Sq. M.,"Hittin, North Riyadh, Riyadh"
"440,000",Apartment,4,3,125 Sq. M.,"Al Rayaan, North Jeddah, Jeddah"
"680,000",Apartment,5,3,136 Sq. M.,"Al Salamah, North Jeddah, Jeddah"
"1,650,000",Villa,5,7,274 Sq. M.,"Al Rimal, East Riyadh, Riyadh"
"750,000",Apartment,5,3,196 Sq. M.,"Al Nuzhah, Makkah"
"670,000",Apartment,5,3,186 Sq. M.,"King Fahd, Makkah"
"600,000",Apartment,5,3,161 Sq. M.,"Al Ukayshiyyah, Makkah"
"670,000",Apartment,5,3,162 Sq. M.,"Al Nuzhah, North Jeddah, Jeddah"
"780,000",Apartment,4,3,136 Sq. M.,"Al Rawdah, North Jeddah, Jeddah"
"2,500,000",Villa,6,6,370 Sq. M.,"Al Munsiyah, East Riyadh, Riyadh"
"2,500,000",Villa,4,3,370 Sq. M.,"Al Munsiyah, East Riyadh, Riyadh"
"2,470,000",Villa,4,7,250 Sq. M.,"Al Yarmuk, East Riyadh, Riyadh"
"2,450,000",Villa,4,5,250 Sq. M.,"Al Yarmuk, East Riyadh, Riyadh"
"1,550,000",Floor,4,5,206 Sq. M.,"Al Munsiyah, East Riyadh, Riyadh"
"2,900,000",Villa,6,9,395 Sq. M.,"Al Sheraa, Al Khobar"
"750,000",Floor,3,3,206 Sq. M.,"Al Janadriyah, East Riyadh, Riyadh"
"2,450,000",Villa,4,6,250 Sq. M.,"Al Yarmuk, East Riyadh, Riyadh"
"1,900,000",Apartment,3,3,179 Sq. M.,"Al Salamah, North Jeddah, Jeddah"
"200,000,000",Residential Building,10,10,339 Sq. M.,"Al Ud, Central Riyadh, Riyadh"
"908,000",Apartment,4,3,159 Sq. M.,"Al Qadisiyah, East Riyadh, Riyadh"
"1,600,000",Villa,4,6,264 Sq. M.,"Al Janadriyah, East Riyadh, Riyadh"
"880,000",Villa,5,3,125 Sq. M.,"Al Rimal, East Riyadh, Riyadh"
"730,000",Building,5,8,547 Sq. M.,"Al Dowhah, Khamis Mushait"
"2,500,000",Villa,5,5,370 Sq. M.,"Al Munsiyah, East Riyadh, Riyadh"
"730,000",Apartment,4,3,112 Sq. M.,"Al Rawdah, North Jeddah, Jeddah"
"1,650,000",Apartment,3,3,133 Sq. M.,"Al Aqiq, North Riyadh, Riyadh"
"395,000",Apartment,3,3,103 Sq. M.,"Al Jameah District, South Jeddah, Jeddah"
"970,000",Villa,10,5,638 Sq. M.,"An Nahdah, Muhayil"
"2,100,000",Villa,6,6,240 Sq. M.,"Al Khaleej, East Riyadh, Riyadh"
"780,000",Floor,8,6,259 Sq. M.,"Okaz, South Riyadh, Riyadh"
"2,400,000",Villa,5,5,250 Sq. M.,"Al Yarmuk, East Riyadh, Riyadh"
"800,000",Floor,3,3,131 Sq. M.,"Al Saadah, East Riyadh, Riyadh"
"1,050,000",Floor,3,3,131 Sq. M.,"Al Munsiyah, East Riyadh, Riyadh"
"1,800,000",Villa,3,4,285 Sq. M.,"Al Qadisiyah, East Riyadh, Riyadh"
"2,500,000",Villa,6,6,250 Sq. M.,"Al Yarmuk, East Riyadh, Riyadh"
"2,600,000",Villa,5,7,250 Sq. M.,"King Faisal, East Riyadh, Riyadh"
"2,000,000",Villa,3,4,275 Sq. M.,"Al Rimal, East Riyadh, Riyadh"
"650,000",Apartment,5,4,550 Sq. M.,"Al Rahmanyah, North Jeddah, Jeddah"
"1,400,000",Villa,4,3,528 Sq. M.,"Al Yarmuk, East Riyadh, Riyadh"
"800,000",Apartment,3,3,393 Sq. M.,"Al Nahdah, East Riyadh, Riyadh"
"1,150,000",Floor,4,3,393 Sq. M.,"Al Nahdah, East Riyadh, Riyadh"
"1,000,000",Floor,3,4,292 Sq. M.,"Al Qadisiyah, East Riyadh, Riyadh"
"2,500,000",Villa,5,5,390 Sq. M.,"Al Rimal, East Riyadh, Riyadh"
"1,500,000",Floor,3,3,186 Sq. M.,"Al Narjis, North Riyadh, Riyadh"
"730,000",Apartment,5,3,130 Sq. M.,"Al Naim, North Jeddah, Jeddah"
"900,000",Floor,4,5,300 Sq. M.,"Al Qadisiyah, East Riyadh, Riyadh"
"1,550,000",Floor,5,4,206 Sq. M.,"Al Munsiyah, East Riyadh, Riyadh"
"1,350,000",Floor,3,3,185 Sq. M.,"Al Munsiyah, East Riyadh, Riyadh"
"1,750,000",Floor,3,4,360 Sq. M.,"Al Narjis, North Riyadh, Riyadh"
"2,200,000",Villa,5,7,296 Sq. M.,"Al Qadisiyah, East Riyadh, Riyadh"
"1,150,000",Floor,3,3,193 Sq. M.,"Al Qadisiyah, East Riyadh, Riyadh"
"1,650,000",Floor,4,3,195 Sq. M.,"Qurtubah, East Riyadh, Riyadh"
"1,700,000",Floor,3,4,195 Sq. M.,"Qurtubah, East Riyadh, Riyadh"
"690,000",Apartment,4,3,154 Sq. M.,"As Sanabel, Makkah"
"680,000",Apartment,5,3,136 Sq. M.,"Al Salamah, North Jeddah, Jeddah"
"1,100,000",Floor,3,3,132 Sq. M.,"Al Munsiyah, East Riyadh, Riyadh"
"1,300,000",Apartment,3,4,160 Sq. M.,"Al Munsiyah, East Riyadh, Riyadh"
"4,000,000",Rest House,2,1,"1,120 Sq. M.","Al Bayan Neighborhood, East Riyadh, Riyadh"
"3,400,000",Villa,4,6,300 Sq. M.,"Al Mahdiyah, West Riyadh, Riyadh"
"17,500,000",Residential Building,2,2,"1,080 Sq. M.","Al Sahafah, North Riyadh, Riyadh"
"1,275,000",Floor,4,3,147 Sq. M.,"Al Safa, East Riyadh, Riyadh"
"5,500,000",Rest House,5,2,750 Sq. M.,"Al Narjis, North Riyadh, Riyadh"
"2,350,000",Villa,4,5,250 Sq. M.,"Al Yarmuk, East Riyadh, Riyadh"
"1,100,000",Floor,4,3,131 Sq. M.,"Al Munsiyah, East Riyadh, Riyadh"
"740,000",Apartment,5,3,130 Sq. M.,"Al Naim, North Jeddah, Jeddah"
"680,000",Apartment,5,3,137 Sq. M.,"Al Salamah, North Jeddah, Jeddah"
"1,150,000",Floor,2,2,292 Sq. M.,"Al Qadisiyah, East Riyadh, Riyadh"
"860,000",Apartment,7,6,284 Sq. M.,"Al Masif, Tabuk"
"2,200,000",Villa,4,7,225 Sq. M.,"Al Mahdiyah, West Riyadh, Riyadh"
"3,300,000",Villa,5,7,300 Sq. M.,"Al Mahdiyah, West Riyadh, Riyadh"
"2,400,000",Villa,6,5,225 Sq. M.,"Al Mahdiyah, West Riyadh, Riyadh"
"1,350,000",Floor,4,5,185 Sq. M.,"Al Munsiyah, East Riyadh, Riyadh"
"2,500,000",Villa,6,6,225 Sq. M.,"Al Mahdiyah, West Riyadh, Riyadh"
"750,000",Floor,1,4,205 Sq. M.,"Al Janadriyah, East Riyadh, Riyadh"
"2,150,000",Villa,4,6,294 Sq. M.,"Al Qusor, Dammam"
"1,150,000",Floor,6,5,222 Sq. M.,"Al Qadisiyah, East Riyadh, Riyadh"
"680,000",Floor,7,4,792 Sq. M.,"Qurtubah, Arar Northern Borders Region"
"1,050,000",Floor,3,4,168 Sq. M.,"Al Qadisiyah, East Riyadh, Riyadh"
"1,350,000",Floor,3,3,188 Sq. M.,"Al Munsiyah, East Riyadh, Riyadh"
"2,400,000",Villa,6,6,250 Sq. M.,"Al Munsiyah, East Riyadh, Riyadh"
"1,200,000",Floor,4,3,220 Sq. M.,"Al Rimal, East Riyadh, Riyadh"
"1,600,000",Apartment,2,3,118 Sq. M.,"Al Nakhil, North Riyadh, Riyadh"
"4,200,000",Villa,5,7,360 Sq. M.,"Al Narjis, North Riyadh, Riyadh"
"1,300,000",Villa,6,9,415 Sq. M.,"Al Sawari, Al Khobar"
"1,200,000",Villa,6,8,300 Sq. M.,"Al Aqiq, Al Khobar"
"3,000,000",Villa,5,7,375 Sq. M.,"Obhur Al Shamaliyah, North Jeddah, Jeddah"
"2,650,000",Villa,7,6,313 Sq. M.,"Al Rimal, East Riyadh, Riyadh"
"800,000",Floor,4,5,193 Sq. M.,"Tuwaiq, West Riyadh, Riyadh"
"550,000",Apartment,3,3,128 Sq. M.,"Al Zahrah, West Riyadh, Riyadh"
"1,380,000",Villa,10,10,547 Sq. M.,"Al Qafilah, Khamis Mushait"
"860,000",Floor,3,3,500 Sq. M.,"Shubra, West Riyadh, Riyadh"
"880,000",Apartment,4,3,166 Sq. M.,"Al Qadisiyah, East Riyadh, Riyadh"
"730,000",Apartment,4,3,112 Sq. M.,"Al Rawdah, North Jeddah, Jeddah"
"730,000",Apartment,2,3,125 Sq. M.,"Al Qadisiyah, East Riyadh, Riyadh"
"2,400,000",Villa,5,6,250 Sq. M.,"Al Yarmuk, East Riyadh, Riyadh"
"2,450,000",Villa,5,5,250 Sq. M.,"Al Yarmuk, East Riyadh, Riyadh"
"5,000,000",Villa,6,5,650 Sq. M.,"Al Yasmin, North Riyadh, Riyadh"
"4,200,000",Villa,3,4,362 Sq. M.,"Al Yasmin, North Riyadh, Riyadh"
"1,850,000",Floor,4,3,201 Sq. M.,"Qurtubah, East Riyadh, Riyadh"
"1,200,000",Floor,4,3,375 Sq. M.,"Al Maizilah, East Riyadh, Riyadh"
"1,100,000",Villa,4,3,189 Sq. M.,"Al Qadisiyah, East Riyadh, Riyadh"
"880,000",Apartment,4,4,175 Sq. M.,"Al Qadisiyah, East Riyadh, Riyadh"
"2,400,000",Villa,6,6,336 Sq. M.,"Al Qadisiyah, East Riyadh, Riyadh"
"1,000,000",Floor,4,3,193 Sq. M.,"Al Qadisiyah, East Riyadh, Riyadh"
"1,000,000",Villa,4,4,215 Sq. M.,"Al Janadriyah, East Riyadh, Riyadh"
"740,000",Floor,3,3,158 Sq. M.,"Alawali, West Riyadh, Riyadh"
"670,000",Apartment,5,3,188 Sq. M.,"Al Shawqiyyah, Makkah"
"660,000",Apartment,5,3,203 Sq. M.,"Al Shawqiyyah, Makkah"
"700,000",Apartment,5,3,195 Sq. M.,"Al Shawqiyyah, Makkah"
"690,000",Apartment,4,3,165 Sq. M.,"King Fahd, Makkah"
"1,100,000",Floor,3,3,131 Sq. M.,"Al Munsiyah, East Riyadh, Riyadh"
"1,050,000",Floor,2,2,131 Sq. M.,"Al Munsiyah, East Riyadh, Riyadh"
"1,380,000",Floor,5,4,168 Sq. M.,"Al Munsiyah, East Riyadh, Riyadh"
"1,200,000",Floor,3,3,242 Sq. M.,"Al Qadisiyah, East Riyadh, Riyadh"
"1,350,000",Floor,4,3,500 Sq. M.,"Al Munsiyah, East Riyadh, Riyadh"
"600,000",Apartment,4,3,174 Sq. M.,"Al Bayan Neighborhood, East Riyadh, Riyadh"
"660,000",Apartment,7,4,181 Sq. M.,"Al Rayaan, North Jeddah, Jeddah"
"3,200,000",Villa,7,6,"4,980 Sq. M.","Qurtubah, East Riyadh, Riyadh"
"639,000",Apartment,2,2,247 Sq. M.,"Al Hamraa, Central Jeddah, Jeddah"
"670,000",Apartment,4,3,111 Sq. M.,"Al Rawdah, North Jeddah, Jeddah"
"680,000",Apartment,5,3,150 Sq. M.,"Al Salamah, North Jeddah, Jeddah"
"650,000",Apartment,4,3,116 Sq. M.,"Al Salamah, North Jeddah, Jeddah"
"700,000",Apartment,5,3,146 Sq. M.,"Al Salamah, North Jeddah, Jeddah"
"250,000",Apartment,2,2,706 Sq. M.,"Al Mraikh, North Jeddah, Jeddah"
"1,300,000",Apartment,3,3,124 Sq. M.,"Al Yasmin, North Riyadh, Riyadh"
"650,000",Apartment,6,4,233 Sq. M.,"Al Arin, Abha"
"2,150,000",Villa,5,5,437 Sq. M.,"Al Buhairah, Al Khobar"
"1,700,000",Apartment,3,3,135 Sq. M.,"Hittin, North Riyadh, Riyadh"
"750,000",Apartment,2,2,133 Sq. M.,"Laban, West Riyadh, Riyadh"
"2,450,000",Apartment,3,3,124 Sq. M.,"Al Malqa, North Riyadh, Riyadh"
"8,000,000",Villa,10,7,800 Sq. M.,"Al Khaleej, East Riyadh, Riyadh"
"575,000",Apartment,5,3,150 Sq. M.,"Al Marwah, North Jeddah, Jeddah"
"1,700,000",Villa,4,6,249 Sq. M.,"Al Sawari, North Jeddah, Jeddah"
"1,000,000",Apartment,4,3,194 Sq. M.,"Al Nahdah, East Riyadh, Riyadh"
"800,000",Apartment,2,2,176 Sq. M.,"Al Andalus, Al Khobar"
"2,100,000",Apartment,2,2,92 Sq. M.,"Al Olaya, North Riyadh, Riyadh"
"13,000,000",Building,10,10,655 Sq. M.,"Al Woroud, North Jeddah, Jeddah"
"320,000",Apartment,3,3,659 Sq. M.,"Al Mraikh, North Jeddah, Jeddah"
"320,000",Apartment,3,3,659 Sq. M.,"Al Mraikh, North Jeddah, Jeddah"
"3,500,000",Villa,5,5,500 Sq. M.,"Al Malaz, Central Riyadh, Riyadh"
"555,000",Apartment,3,2,181 Sq. M.,"Tuwaiq, West Riyadh, Riyadh"
"580,000",Apartment,Studio,3,124 Sq. M.,"Al Suwaidi, West Riyadh, Riyadh"
"6,000,000",Residential Building,11,7,209 Sq. M.,"Wadi Jalil, Makkah"
"570,000",Apartment,5,3,167 Sq. M.,"Al Waha, North Jeddah, Jeddah"
"750,000",Apartment,4,4,167 Sq. M.,"Al Marwah, North Jeddah, Jeddah"
"2,500,000",Villa,6,6,304 Sq. M.,"Al Fayha, East Riyadh, Riyadh"
"520,000",Floor,4,4,222 Sq. M.,"Badr, South Riyadh, Riyadh"
"510,000",Apartment,4,3,144 Sq. M.,"Al Hazm, West Riyadh, Riyadh"
"750,000",Apartment,4,4,167 Sq. M.,"Al Marwah, North Jeddah, Jeddah"
"750,000",Apartment,4,3,167 Sq. M.,"Al Marwah, North Jeddah, Jeddah"
"680,000",Apartment,3,4,247 Sq. M.,"Al Safa, Abha"
"580,000",Floor,6,4,184 Sq. M.,"Badr, South Riyadh, Riyadh"
"1,000,000",Floor,4,4,171 Sq. M.,"Al Janadriyah, East Riyadh, Riyadh"
"1,550,000",Floor,6,3,213 Sq. M.,"Ishbiliyah, East Riyadh, Riyadh"
"2,000,000",Floor,6,4,149 Sq. M.,"Al Olaya, North Riyadh, Riyadh"
"1,400,000",Apartment,5,3,209 Sq. M.,"Al Munsiyah, East Riyadh, Riyadh"
"1,700,000",Floor,6,3,242 Sq. M.,"Al Munsiyah, East Riyadh, Riyadh"
"250,000",Apartment,2,2,706 Sq. M.,"Al Mraikh, North Jeddah, Jeddah"
"250,000",Apartment,2,2,706 Sq. M.,"Al Mraikh, North Jeddah, Jeddah"
"2,500,000",Villa,4,6,446 Sq. M.,"Al Mahdiyah, West Riyadh, Riyadh"
"2,500,000",Villa,6,8,446 Sq. M.,"Al Mahdiyah, West Riyadh, Riyadh"
"2,500,000",Villa,5,6,446 Sq. M.,"Al Mahdiyah, West Riyadh, Riyadh"
"1,000,000",Apartment,3,3,165 Sq. M.,"Al Rimal, East Riyadh, Riyadh"
"2,200,000",Villa,4,6,200 Sq. M.,"Al Mahdiyah, West Riyadh, Riyadh"
"2,050,000",Villa,4,6,450 Sq. M.,"Al Mahdiyah, West Riyadh, Riyadh"
"450,000",Apartment,3,2,102 Sq. M.,"Al Marwah, North Jeddah, Jeddah"
"1,600,000",Floor,5,5,292 Sq. M.,"Al Rimal, East Riyadh, Riyadh"
"990,000",Floor,5,5,177 Sq. M.,"Al Rimal, East Riyadh, Riyadh"
"580,000",Apartment,4,4,134 Sq. M.,"Al Rabwa, North Jeddah, Jeddah"
"640,000",Apartment,3,2,84 Sq. M.,"Wadi Jalil, Makkah"
"700,000",Apartment,5,3,187 Sq. M.,"Al Mraikh, North Jeddah, Jeddah"
"1,200,000",Villa,7,6,351 Sq. M.,"Al Hajla Al Jadid, Makkah"
"650,000",Apartment,3,2,108 Sq. M.,"Al Rawdah, North Jeddah, Jeddah"
"1,800,000",Villa,6,5,400 Sq. M.,"Al Ajwad, North Jeddah, Jeddah"
"1,300,000",Villa,4,3,300 Sq. M.,"Masarrah, Taif"
"5,000,000",Villa,10,7,562 Sq. M.,"Al Zahraa, Central Riyadh, Riyadh"
"6,000,000",Villa,6,10,300 Sq. M.,"Irqah, West Riyadh, Riyadh"
"2,830,000",Villa,5,4,345 Sq. M.,"Qurtubah, East Riyadh, Riyadh"
"1,850,000",Floor,5,4,186 Sq. M.,"Qurtubah, East Riyadh, Riyadh"
"1,850,000",Floor,5,4,186 Sq. M.,"Qurtubah, East Riyadh, Riyadh"
"1,850,000",Floor,5,4,186 Sq. M.,"Qurtubah, East Riyadh, Riyadh"
"1,650,000",Floor,5,4,190 Sq. M.,"Qurtubah, East Riyadh, Riyadh"
"2,750,000",Villa,8,8,376 Sq. M.,"Al Yarmuk, East Riyadh, Riyadh"
"2,200,000",Floor,6,5,237 Sq. M.,"Qurtubah, East Riyadh, Riyadh"
"1,900,000",Floor,6,5,220 Sq. M.,"Qurtubah, East Riyadh, Riyadh"
"1,650,000",Floor,4,5,183 Sq. M.,"Al Munsiyah, East Riyadh, Riyadh"
"1,500,000",Villa,6,9,437 Sq. M.,"Al Sheraa, Al Khobar"
"3,200,000",Villa,7,8,450 Sq. M.,"Al Mahdiyah, West Riyadh, Riyadh"
"3,200,000",Villa,6,7,418 Sq. M.,"Al Mahdiyah, West Riyadh, Riyadh"
"4,000,000",Villa,7,9,450 Sq. M.,"Al Mahdiyah, West Riyadh, Riyadh"
"900,000",Apartment,3,4,478 Sq. M.,"Al Mahdiyah, West Riyadh, Riyadh"
"590,000",Apartment,3,3,133 Sq. M.,"Al Hazm, West Riyadh, Riyadh"
"1,700,000",Floor,4,4,195 Sq. M.,"Qurtubah, East Riyadh, Riyadh"
"1,350,000",Floor,6,4,442 Sq. M.,"Al Nahdah, East Riyadh, Riyadh"
"600,000",Apartment,3,4,161 Sq. M.,"Al Hazm, West Riyadh, Riyadh"
"590,000",Apartment,3,3,131 Sq. M.,"Dhahrat Laban, West Riyadh, Riyadh"
"600,000",Apartment,4,3,146 Sq. M.,"Al Waha, North Jeddah, Jeddah"
"850,000",Apartment,6,4,207 Sq. M.,"Al Marwah, North Jeddah, Jeddah"
"780,000",Apartment,4,3,133 Sq. M.,"Al Rawdah, North Jeddah, Jeddah"
"325,000",Apartment,2,2,84 Sq. M.,"Batha Quraysh, Makkah"
"350,000",Apartment,3,2,98 Sq. M.,"Batha Quraysh, Makkah"
"465,000",Apartment,3,3,98 Sq. M.,"Batha Quraysh, Makkah"
"2,400,000",Villa,4,8,357 Sq. M.,"Al Mahdiyah, West Riyadh, Riyadh"
"560,000",Apartment,5,4,186 Sq. M.,"Al Rayaan, North Jeddah, Jeddah"
"680,000",Apartment,4,2,139 Sq. M.,"Al Rawdah, North Jeddah, Jeddah"
"450,000",Villa,6,7,415 Sq. M.,"Al Iskan, Buraydah Al Qassim Region"
"1,550,000",Floor,3,1,211 Sq. M.,"Al Arid, North Riyadh, Riyadh"
"995,000",Apartment,3,3,158 Sq. M.,"Al Rimal, East Riyadh, Riyadh"
"1,250,000",Villa,8,5,330 Sq. M.,"Al Hamdaniyah, North Jeddah, Jeddah"
"820,000",Apartment,5,4,177 Sq. M.,"Al Rawdah, North Jeddah, Jeddah"
"930,000",Apartment,4,3,123 Sq. M.,"Dhahrat Laban, West Riyadh, Riyadh"
"850,000",Floor,3,4,213 Sq. M.,"Al Janadriyah, East Riyadh, Riyadh"
"2,200,000",Villa,5,6,360 Sq. M.,"Al Janadriyah, East Riyadh, Riyadh"
"2,450,000",Villa,6,7,478 Sq. M.,"Al Mahdiyah, West Riyadh, Riyadh"
"21,000,000",Villa,4,6,357 Sq. M.,"Al Mahdiyah, West Riyadh, Riyadh"
"2,100,000",Villa,5,7,418 Sq. M.,"Al Mahdiyah, West Riyadh, Riyadh"
"1,450,000",Villa,6,3,375 Sq. M.,"Dahiat Namar, West Riyadh, Riyadh"
"660,000",Apartment,4,3,176 Sq. M.,"Umm Hablain Al Gharbia, Jeddah"
"1,650,000",Apartment,4,4,171 Sq. M.,"Al Nahdah, North Jeddah, Jeddah"
"650,000",Apartment,4,3,137 Sq. M.,"Al Rabwa, North Jeddah, Jeddah"
"450,000",Villa,4,3,150 Sq. M.,"Al Ud, Central Riyadh, Riyadh"
"550,000",Apartment,5,5,187 Sq. M.,"Muead, Makkah"
"865,000",Apartment,3,3,135 Sq. M.,"Al Nahdah, North Jeddah, Jeddah"
"1,100,000",Villa,7,8,405 Sq. M.,"Ar Rehab, Taif"
"1,600,000",Apartment,4,3,161 Sq. M.,"Al Aqiq, North Riyadh, Riyadh"
"3,500,000",Villa,6,5,357 Sq. M.,"Qurtubah, East Riyadh, Riyadh"
"9,000,000",Villa,11,11,806 Sq. M.,"Al Rabwa, North Jeddah, Jeddah"
"1,600,000",Floor,5,3,198 Sq. M.,"Qurtubah, East Riyadh, Riyadh"
"530,000",Apartment,3,3,152 Sq. M.,"Al Hazm, West Riyadh, Riyadh"
"3,600,000",Villa,8,2,305 Sq. M.,"Al Rahmaniyah, North Riyadh, Riyadh"
"1,250,000",Apartment,5,4,193 Sq. M.,"Al Rawdah, North Jeddah, Jeddah"
"650,000",Apartment,4,3,152 Sq. M.,"Al Marwah, North Jeddah, Jeddah"
"1,250,000",Floor,5,5,260 Sq. M.,"Al Qadisiyah, East Riyadh, Riyadh"
"780,000",Floor,3,5,173 Sq. M.,"Badr, South Riyadh, Riyadh"
"740,000",Apartment,4,4,141 Sq. M.,"Al Salamah, North Jeddah, Jeddah"
"1,300,000",Villa,9,7,394 Sq. M.,"Al Khalij, Ahad Rafidah"
"2,800,000",Villa,6,6,440 Sq. M.,"Al Buhairah, Al Khobar"
"600,000",Apartment,6,4,251 Sq. M.,"Al Ranuna, Madina"
"995,000",Apartment,3,2,158 Sq. M.,"Al Rimal, East Riyadh, Riyadh"
"1,650,000",Floor,4,6,183 Sq. M.,"Al Munsiyah, East Riyadh, Riyadh"
"2,350,000",Villa,6,6,200 Sq. M.,"Al Mahdiyah, West Riyadh, Riyadh"
"905,000",Apartment,4,4,159 Sq. M.,"Al Qadisiyah, East Riyadh, Riyadh"
"1,650,000",Floor,3,4,198 Sq. M.,"Qurtubah, East Riyadh, Riyadh"
"1,450,000",Floor,4,4,505 Sq. M.,"Al Qadisiyah, East Riyadh, Riyadh"
"2,100,000",Villa,5,5,328 Sq. M.,"Al Rimal, East Riyadh, Riyadh"
"3,650,000",Villa,6,6,324 Sq. M.,"Al Munsiyah, East Riyadh, Riyadh"
"1,200,000",Apartment,5,3,162 Sq. M.,"Al Rimal, East Riyadh, Riyadh"
"1,650,000",Floor,5,4,206 Sq. M.,"Al Munsiyah, East Riyadh, Riyadh"
"1,300,000",Floor,5,4,222 Sq. M.,"Al Qadisiyah, East Riyadh, Riyadh"
"1,400,000",Apartment,4,3,167 Sq. M.,"Al Rimal, East Riyadh, Riyadh"
"1,800,000",Villa,6,4,292 Sq. M.,"Al Rimal, East Riyadh, Riyadh"
"2,100,000",Villa,6,5,328 Sq. M.,"Al Rimal, East Riyadh, Riyadh"
"1,650,000",Floor,5,5,183 Sq. M.,"Al Munsiyah, East Riyadh, Riyadh"
"2,750,000",Villa,7,5,376 Sq. M.,"Al Yarmuk, East Riyadh, Riyadh"
"1,500,000",Floor,4,4,141 Sq. M.,"Al Munsiyah, East Riyadh, Riyadh"
"1,650,000",Floor,5,4,206 Sq. M.,"Al Munsiyah, East Riyadh, Riyadh"
"1,450,000",Villa,5,4,274 Sq. M.,"Al Rimal, East Riyadh, Riyadh"
"1,000,000",Floor,4,4,184 Sq. M.,"Al Nahdah, East Riyadh, Riyadh"
"1,000,000",Floor,5,4,184 Sq. M.,"Al Nahdah, East Riyadh, Riyadh"
"1,150,000",Apartment,5,4,178 Sq. M.,"Al Rimal, East Riyadh, Riyadh"
"1,450,000",Villa,5,4,274 Sq. M.,"Al Rimal, East Riyadh, Riyadh"
"3,650,000",Villa,5,6,324 Sq. M.,"Al Munsiyah, East Riyadh, Riyadh"
"4,200,000",Villa,8,7,371 Sq. M.,"Al Munsiyah, East Riyadh, Riyadh"
"3,650,000",Villa,8,7,324 Sq. M.,"Al Munsiyah, East Riyadh, Riyadh"
"4,200,000",Villa,6,6,371 Sq. M.,"Al Munsiyah, East Riyadh, Riyadh"
"1,250,000",Floor,3,3,199 Sq. M.,"Al Qadisiyah, East Riyadh, Riyadh"
"1,200,000",Villa,6,4,300 Sq. M.,"Al Rahmanyah, North Jeddah, Jeddah"
"1,100,000",Villa,8,4,310 Sq. M.,"Al Wafa Scheme, North Jeddah, Jeddah"
"900,000",Apartment,4,3,121 Sq. M.,"Al Khaleej, East Riyadh, Riyadh"
"2,500,000",Villa,5,6,504 Sq. M.,"Al Munsiyah, East Riyadh, Riyadh"
"860,000",Floor,3,3,500 Sq. M.,"Shubra, West Riyadh, Riyadh"
"860,000",Floor,3,3,500 Sq. M.,"Shubra, West Riyadh, Riyadh"
"850,000",Apartment,2,4,197 Sq. M.,"Dhahrat Laban, West Riyadh, Riyadh"
"1,350,000",Floor,6,4,442 Sq. M.,"Al Nahdah, East Riyadh, Riyadh"
"1,350,000",Floor,4,4,442 Sq. M.,"Al Nahdah, East Riyadh, Riyadh"
"1,000,000",Floor,3,3,219 Sq. M.,"Al Qadisiyah, East Riyadh, Riyadh"
"1,350,000",Apartment,5,4,165 Sq. M.,"Al Munsiyah, East Riyadh, Riyadh"
"1,700,000",Floor,5,4,206 Sq. M.,"Al Munsiyah, East Riyadh, Riyadh"
"2,400,000",Villa,6,5,250 Sq. M.,"Al Yarmuk, East Riyadh, Riyadh"
"640,000",Apartment,5,3,184 Sq. M.,"Al Jisr, Al Khobar"
"2,830,000",Villa,7,5,345 Sq. M.,"Qurtubah, East Riyadh, Riyadh"
"1,700,000",Floor,6,5,206 Sq. M.,"Al Munsiyah, East Riyadh, Riyadh"
"1,700,000",Floor,6,4,206 Sq. M.,"Al Munsiyah, East Riyadh, Riyadh"
"1,700,000",Floor,4,4,195 Sq. M.,"Qurtubah, East Riyadh, Riyadh"
"350,000",Apartment,3,3,600 Sq. M.,"Batha Quraysh, Makkah"
"750,000",Apartment,4,4,167 Sq. M.,"Al Marwah, North Jeddah, Jeddah"
"3,700,000",Villa,7,6,408 Sq. M.,"Qurtubah, East Riyadh, Riyadh"
"640,000",Apartment,6,4,183 Sq. M.,"Al Jisr, Al Khobar"
"1,350,000",Villa,4,5,492 Sq. M.,"Al Rimal, East Riyadh, Riyadh"
"3,000,000",Villa,8,6,450 Sq. M.,"Al Rimal, East Riyadh, Riyadh"
"1,400,000",Floor,5,4,166 Sq. M.,"King Faisal, East Riyadh, Riyadh"
"750,000",Apartment,4,4,167 Sq. M.,"Al Marwah, North Jeddah, Jeddah"
"1,100,000",Apartment,5,3,66 Sq. M.,"King Faisal, East Riyadh, Riyadh"
"3,700,000",Villa,7,7,408 Sq. M.,"Qurtubah, East Riyadh, Riyadh"
"3,500,000",Villa,7,7,357 Sq. M.,"Qurtubah, East Riyadh, Riyadh"
"2,300,000",Villa,7,6,318 Sq. M.,"Al Saadah, East Riyadh, Riyadh"
"1,600,000",Floor,4,4,198 Sq. M.,"Qurtubah, East Riyadh, Riyadh"
"2,200,000",Villa,6,4,200 Sq. M.,"Al Mahdiyah, West Riyadh, Riyadh"
"750,000",Apartment,4,4,167 Sq. M.,"Al Marwah, North Jeddah, Jeddah"
"750,000",Apartment,4,3,167 Sq. M.,"Al Marwah, North Jeddah, Jeddah"
"950,000",Apartment,Studio,3,120 Sq. M.,"Al Nahdah, East Riyadh, Riyadh"
"2,100,000",Villa,7,6,328 Sq. M.,"Al Rimal, East Riyadh, Riyadh"
"1,600,000",Floor,5,4,198 Sq. M.,"Qurtubah, East Riyadh, Riyadh"
"750,000",Apartment,4,3,167 Sq. M.,"Al Marwah, North Jeddah, Jeddah"
"2,350,000",Villa,5,7,250 Sq. M.,"Al Yarmuk, East Riyadh, Riyadh"
"710,000",Apartment,3,3,132 Sq. M.,"Al Rimal, East Riyadh, Riyadh"
"1,000,000",Floor,4,3,155 Sq. M.,"Al Rimal, East Riyadh, Riyadh"
"1,170,000",Floor,4,5,233 Sq. M.,"Al Rimal, East Riyadh, Riyadh"
"1,400,000",Villa,4,4,528 Sq. M.,"Al Yarmuk, East Riyadh, Riyadh"
"2,100,000",Villa,6,5,328 Sq. M.,"Al Rimal, East Riyadh, Riyadh"
"1,100,000",Apartment,3,3,312 Sq. M.,"Al Nada, North Riyadh, Riyadh"
"1,800,000",Floor,3,3,312 Sq. M.,"Al Nada, North Riyadh, Riyadh"
"1,350,000",Floor,3,3,185 Sq. M.,"Al Munsiyah, East Riyadh, Riyadh"
"1,200,000",Apartment,4,4,144 Sq. M.,"Qurtubah, East Riyadh, Riyadh"
"1,000,000",Apartment,5,4,106 Sq. M.,"Al Khaleej, East Riyadh, Riyadh"
"1,500,000",Floor,4,4,234 Sq. M.,"Al Khaleej, East Riyadh, Riyadh"
"460,000",Apartment,3,3,107 Sq. M.,"Batha Quraysh, Makkah"
"3,050,000",Villa,8,7,390 Sq. M.,"Al Nahdah, East Riyadh, Riyadh"
"1,850,000",Floor,4,3,198 Sq. M.,"Qurtubah, East Riyadh, Riyadh"
"400,000",Apartment,3,3,131 Sq. M.,"Al Dar Al Baida, South Riyadh, Riyadh"
"3,500,000",Villa,6,6,300 Sq. M.,"Al Sahafah, North Riyadh, Riyadh"
"590,000",Apartment,Studio,3,123 Sq. M.,"Al Sawari, North Jeddah, Jeddah"
"690,000",Apartment,5,4,162 Sq. M.,"Al Salamah, North Jeddah, Jeddah"
"1,350,000",Floor,4,3,131 Sq. M.,"Al Munsiyah, East Riyadh, Riyadh"
"780,000",Floor,8,5,259 Sq. M.,"Okaz, South Riyadh, Riyadh"
"1,850,000",Floor,3,4,200 Sq. M.,"Qurtubah, East Riyadh, Riyadh"
"950,000",Floor,4,3,170 Sq. M.,"Al Bayan Neighborhood, East Riyadh, Riyadh"
"1,000,000",Floor,2,3,131 Sq. M.,"Al Munsiyah, East Riyadh, Riyadh"
"797,000",Apartment,4,3,88 Sq. M.,"Al Qadisiyah, East Riyadh, Riyadh"
"1,700,000",Floor,4,4,195 Sq. M.,"Qurtubah, East Riyadh, Riyadh"
"1,150,000",Floor,4,3,193 Sq. M.,"Al Qadisiyah, East Riyadh, Riyadh"
"730,000",Apartment,4,3,112 Sq. M.,"Al Rawdah, North Jeddah, Jeddah"
"720,000",Apartment,4,3,156 Sq. M.,"Al Maizilah, East Riyadh, Riyadh"
"1,850,000",Floor,3,3,200 Sq. M.,"Qurtubah, East Riyadh, Riyadh"
"1,350,000",Floor,3,3,185 Sq. M.,"Al Munsiyah, East Riyadh, Riyadh"
"1,250,000",Floor,5,3,241 Sq. M.,"Al Rimal, East Riyadh, Riyadh"
"765,000",Apartment,3,4,136 Sq. M.,"Al Qadisiyah, East Riyadh, Riyadh"
"1,350,000",Floor,3,4,185 Sq. M.,"Al Munsiyah, East Riyadh, Riyadh"
"1,450,000",Floor,4,4,185 Sq. M.,"Al Munsiyah, East Riyadh, Riyadh"
"540,000",Apartment,3,3,163 Sq. M.,"Okaz, South Riyadh, Riyadh"
"750,000",Villa,8,6,324 Sq. M.,"Al Shati, Jazan"
"720,000",Apartment,3,4,156 Sq. M.,"Al Maizilah, East Riyadh, Riyadh"
"1,100,000",Floor,2,3,131 Sq. M.,"Al Munsiyah, East Riyadh, Riyadh"
"900,000",Apartment,2,3,192 Sq. M.,"Al Munsiyah, East Riyadh, Riyadh"
"1,500,000",Floor,5,5,185 Sq. M.,"Al Munsiyah, East Riyadh, Riyadh"
"850,000",Floor,3,3,152 Sq. M.,"Al Maizilah, East Riyadh, Riyadh"
"1,850,000",Floor,4,3,195 Sq. M.,"Qurtubah, East Riyadh, Riyadh"
"1,850,000",Floor,4,4,200 Sq. M.,"Qurtubah, East Riyadh, Riyadh"
"700,000",Apartment,5,3,205 Sq. M.,"Al Mohamdya, Makkah"
"730,000",Apartment,6,4,205 Sq. M.,"Al Shawqiyyah, Makkah"
"850,000",Apartment,4,3,140 Sq. M.,"Al Yarmuk, East Riyadh, Riyadh"
"450,000",Apartment,4,3,103 Sq. M.,"Al Faisaliyah, Central Jeddah, Jeddah"
"550,000",Apartment,5,3,124 Sq. M.,"Al Hazm, West Riyadh, Riyadh"
"1,900,000",Villa,5,5,272 Sq. M.,"Al Rimal, East Riyadh, Riyadh"
"2,800,000",Villa,5,5,230 Sq. M.,"Al Arid, North Riyadh, Riyadh"
"1,000,000",Apartment,3,3,118 Sq. M.,"Al Arid, North Riyadh, Riyadh"
"2,600,000",Villa,6,5,230 Sq. M.,"Al Arid, North Riyadh, Riyadh"
"8,000,000",Villa,7,5,702 Sq. M.,"Al Shuhada, East Riyadh, Riyadh"
"2,560,000",Villa,5,5,267 Sq. M.,"Al Rimal, East Riyadh, Riyadh"
"3,600,000",Villa,4,6,337 Sq. M.,"Al Shuhada, East Riyadh, Riyadh"
"730,000",Apartment,3,3,121 Sq. M.,"Al Zahraa, North Jeddah, Jeddah"
"1,150,000",Villa,4,4,288 Sq. M.,"Al Janadriyah, East Riyadh, Riyadh"
"2,300,000",Villa,3,4,365 Sq. M.,"Al Rawdah, East Riyadh, Riyadh"
"2,800,000",Villa,9,7,750 Sq. M.,"Al Hazm, West Riyadh, Riyadh"
"1,300,000",Residential Building,4,3,122 Sq. M.,"Al Ud, Central Riyadh, Riyadh"
"3,200,000",Villa,5,3,250 Sq. M.,"Al Yarmuk, East Riyadh, Riyadh"
"4,000,000",Building,4,2,690 Sq. M.,"Al Hamdaniyah, North Jeddah, Jeddah"
"770,000",Apartment,4,3,133 Sq. M.,"Al Rawdah, North Jeddah, Jeddah"
"1,280,000",Villa,7,7,300 Sq. M.,"Al Urobah, Dammam"
"1,100,000",Villa,8,6,250 Sq. M.,"King Fahd Suburb, Dammam"
"800,000",Apartment,5,4,238 Sq. M.,"Badr, South Riyadh, Riyadh"
"600,000",Apartment,4,3,538 Sq. M.,"Al Bayan Neighborhood, East Riyadh, Riyadh"
"1,720,000",Villa,5,6,220 Sq. M.,"Al Rimal, East Riyadh, Riyadh"
"800,000",Apartment,4,3,630 Sq. M.,"Badr, South Riyadh, Riyadh"
"669,000",Apartment,3,3,630 Sq. M.,"Al Nahdah, North Jeddah, Jeddah"
"930,000",Apartment,3,4,186 Sq. M.,"Al Janadriyah, East Riyadh, Riyadh"
"950,000",Villa,3,5,244 Sq. M.,"Al Janadriyah, East Riyadh, Riyadh"
"1,700,000",Apartment,3,3,137 Sq. M.,"Al Malqa, North Riyadh, Riyadh"
"1,200,000",Apartment,3,3,138 Sq. M.,"Al Narjis, North Riyadh, Riyadh"
"900,000",Apartment,3,2,101 Sq. M.,"Al Mahdiyah, West Riyadh, Riyadh"
"550,000",Rest House,4,4,700 Sq. M.,"Al Rawabi, Buraydah Al Qassim Region"
"3,587,500",Villa,11,7,445 Sq. M.,"Dhahrat Laban, West Riyadh, Riyadh"
"5,091,024",Rest House,5,4,"2,121 Sq. M.","Al Amajiyah, South Riyadh, Riyadh"
"1,580,000",Floor,6,4,159 Sq. M.,"Al Arid, North Riyadh, Riyadh"
"680,000",Apartment,5,4,188 Sq. M.,"Al Aziziyah, North Jeddah, Jeddah"
"580,000",Apartment,4,3,128 Sq. M.,"Al Safa, North Jeddah, Jeddah"
"4,200,000",Villa,4,4,400 Sq. M.,"Sidra, Riyadh"
"850,000",Apartment,4,3,172 Sq. M.,"Al Rawdah, North Jeddah, Jeddah"
"780,000",Apartment,4,3,136 Sq. M.,"Al Rawdah, North Jeddah, Jeddah"
"580,000",Apartment,3,2,86 Sq. M.,"Al Rawdah, North Jeddah, Jeddah"
"320,000",Apartment,3,3,659 Sq. M.,"Al Mraikh, North Jeddah, Jeddah"
"3,500,000",Villa,6,5,450 Sq. M.,"Ishbiliyah, East Riyadh, Riyadh"
"1,900,000",Villa,7,5,494 Sq. M.,"Al Mahdiyah, West Riyadh, Riyadh"
"285,000",Apartment,2,2,475 Sq. M.,"Al Safa, North Jeddah, Jeddah"
"1,600,000",Villa,8,4,422 Sq. M.,"Badr, South Riyadh, Riyadh"
"850,000",Apartment,3,4,154 Sq. M.,"Al Mahdiyah, West Riyadh, Riyadh"
"2,500,000",Villa,11,7,600 Sq. M.,"Al Nahdah, East Riyadh, Riyadh"
"750,000",Floor,3,3,121 Sq. M.,"Al Nasim Al Sharqi, East Riyadh, Riyadh"
"560,000",Apartment,5,5,141 Sq. M.,"Al Hamra, Al Khobar"
"10,500,000",Rest House,4,5,"4,000 Sq. M.",AL HANIYAH
"900,000",Apartment,2,3,101 Sq. M.,"Al Mahdiyah, West Riyadh, Riyadh"
"770,000",Villa,6,6,234 Sq. M.,"King Fahd Suburb, Dammam"
"920,000",Villa,7,7,250 Sq. M.,"Al Masif, Safwa Eastern Region"
"900,000",Apartment,4,4,130 Sq. M.,"Al Mahdiyah, West Riyadh, Riyadh"
"4,000,000",Building,4,4,400 Sq. M.,"Al Mahdiyah, West Riyadh, Riyadh"
"950,000",Apartment,5,4,175 Sq. M.,"Al Rawdah, North Jeddah, Jeddah"
"680,000",Apartment,4,3,136 Sq. M.,"Al Salamah, North Jeddah, Jeddah"
"5,000,000",Villa,4,6,450 Sq. M.,"Al Narjis, North Riyadh, Riyadh"
"530,000",Apartment,4,3,127 Sq. M.,"Al Safa, North Jeddah, Jeddah"
"880,000",Apartment,4,4,140 Sq. M.,"Al Mahdiyah, West Riyadh, Riyadh"
"1,000,000",Apartment,4,4,170 Sq. M.,"Al Mahdiyah, West Riyadh, Riyadh"
"850,000",Apartment,3,3,140 Sq. M.,"Al Mahdiyah, West Riyadh, Riyadh"
"800,000",Apartment,4,3,130 Sq. M.,"Al Mahdiyah, West Riyadh, Riyadh"
"800,000",Apartment,3,3,130 Sq. M.,"Al Mahdiyah, West Riyadh, Riyadh"
"680,000",Apartment,3,3,111 Sq. M.,"Al Mahdiyah, West Riyadh, Riyadh"
"950,000",Apartment,3,3,170 Sq. M.,"Al Mahdiyah, West Riyadh, Riyadh"
"980,000",Apartment,3,3,155 Sq. M.,"Al Mahdiyah, West Riyadh, Riyadh"
"850,000",Apartment,3,3,154 Sq. M.,"Al Mahdiyah, West Riyadh, Riyadh"
"780,000",Apartment,2,2,130 Sq. M.,"Al Mahdiyah, West Riyadh, Riyadh"
"800,000",Apartment,3,3,130 Sq. M.,"Al Mahdiyah, West Riyadh, Riyadh"
"930,000",Apartment,3,3,170 Sq. M.,"Al Mahdiyah, West Riyadh, Riyadh"
"1,200,000",Apartment,3,4,165 Sq. M.,"Al Mahdiyah, West Riyadh, Riyadh"
"1,350,000",Apartment,2,2,153 Sq. M.,"Al Mahdiyah, West Riyadh, Riyadh"
"900,000",Apartment,3,3,141 Sq. M.,"Al Mahdiyah, West Riyadh, Riyadh"
"950,000",Apartment,3,3,160 Sq. M.,"Al Mahdiyah, West Riyadh, Riyadh"
"900,000",Apartment,2,3,130 Sq. M.,"Al Mahdiyah, West Riyadh, Riyadh"
"800,000",Apartment,4,3,130 Sq. M.,"Al Mahdiyah, West Riyadh, Riyadh"
"900,000",Apartment,5,3,150 Sq. M.,"Al Mahdiyah, West Riyadh, Riyadh"
"850,000",Apartment,3,3,154 Sq. M.,"Al Mahdiyah, West Riyadh, Riyadh"
"870,000",Apartment,4,4,162 Sq. M.,"Al Mahdiyah, West Riyadh, Riyadh"
"950,000",Apartment,3,3,170 Sq. M.,"Al Mahdiyah, West Riyadh, Riyadh"
"2,000,000",Villa,8,3,600 Sq. M.,"Al Faiha, Dammam"
"720,000",Apartment,5,4,188 Sq. M.,"Al Aziziyah, North Jeddah, Jeddah"
"1,380,000",Apartment,4,3,128 Sq. M.,"Qurtubah, East Riyadh, Riyadh"
"800,000",Villa,6,7,263 Sq. M.,"Al Nahdah, Buraydah Al Qassim Region"
"1,000,000",Floor,3,4,110 Sq. M.,"Al Rimal, East Riyadh, Riyadh"
"700,000",Apartment,3,3,152 Sq. M.,"Al Bayan Neighborhood, East Riyadh, Riyadh"
"1,850,000",Villa,7,7,464 Sq. M.,"Al Shulah, Dammam"
"900,000",Floor,3,3,143 Sq. M.,"Al Rimal, East Riyadh, Riyadh"
"978,000",Apartment,Studio,3,118 Sq. M.,"Al Munsiyah, East Riyadh, Riyadh"
"800,000",Apartment,3,3,120 Sq. M.,"Al Mahdiyah, West Riyadh, Riyadh"
"850,000",Apartment,3,3,130 Sq. M.,"Al Mahdiyah, West Riyadh, Riyadh"
"950,000",Apartment,3,3,120 Sq. M.,"Al Mahdiyah, West Riyadh, Riyadh"
"950,000",Apartment,4,3,120 Sq. M.,"Al Mahdiyah, West Riyadh, Riyadh"
"1,101,000",Apartment,3,3,146 Sq. M.,"Al Munsiyah, East Riyadh, Riyadh"
"1,200,000",Floor,4,4,230 Sq. M.,"Al Khaleej, East Riyadh, Riyadh"
"2,450,000",Villa,5,6,235 Sq. M.,"Al Mahdiyah, West Riyadh, Riyadh"
"2,450,000",Villa,5,6,235 Sq. M.,"Al Mahdiyah, West Riyadh, Riyadh"
"820,000",Floor,3,5,178 Sq. M.,"Al Murjan, East Riyadh, Riyadh"
"1,400,000",Apartment,4,2,150 Sq. M.,"Al Sahafah, North Riyadh, Riyadh"
"850,000",Floor,3,3,177 Sq. M.,"Al Murjan, East Riyadh, Riyadh"
"950,000",Apartment,4,3,155 Sq. M.,"Al Rimal, East Riyadh, Riyadh"
"1,200,000",Villa,4,4,900 Sq. M.,"Dhahrat Laban, West Riyadh, Riyadh"
"2,350,000",Floor,3,5,237 Sq. M.,"Al Narjis, North Riyadh, Riyadh"
"1,700,000",Floor,3,3,220 Sq. M.,"Qurtubah, East Riyadh, Riyadh"
"3,500,000",Villa,5,5,408 Sq. M.,"Qurtubah, East Riyadh, Riyadh"
"6,300,000",Villa,11,7,442 Sq. M.,"Al Arid, North Riyadh, Riyadh"
"1,250,000",Floor,3,4,230 Sq. M.,"Al Khaleej, East Riyadh, Riyadh"
"1,115,000",Apartment,3,3,146 Sq. M.,"Al Munsiyah, East Riyadh, Riyadh"
"1,148,000",Apartment,3,3,118 Sq. M.,"Al Munsiyah, East Riyadh, Riyadh"
"1,450,000",Floor,3,3,141 Sq. M.,"Al Munsiyah, East Riyadh, Riyadh"
"1,400,000",Villa,3,3,177 Sq. M.,"Al Munsiyah, East Riyadh, Riyadh"
"1,300,000",Floor,3,3,131 Sq. M.,"Al Munsiyah, East Riyadh, Riyadh"
"400,000",Apartment,1,1,62 Sq. M.,King Abdullah Economic City
"2,000,000",Villa,8,3,492 Sq. M.,"Al Nasim Al Gharbi, East Riyadh, Riyadh"
"595,000",Apartment,5,3,158 Sq. M.,"Al Safa, North Jeddah, Jeddah"
"6,100,000",Villa,5,2,"1,232 Sq. M.","Al Fayha, East Riyadh, Riyadh"
"1,350,000",Apartment,2,3,99 Sq. M.,"Al Malqa, North Riyadh, Riyadh"
"1,500,000",Apartment,3,3,110 Sq. M.,"Al Narjis, North Riyadh, Riyadh"
"550,000",Floor,7,6,450 Sq. M.,"Badr, South Riyadh, Riyadh"
"3,600,000",Villa,11,9,400 Sq. M.,"Al Mahdiyah, West Riyadh, Riyadh"
"399,000",Apartment,3,3,616 Sq. M.,"Al Nuzhah, North Jeddah, Jeddah"
"1,150,000",Villa,8,6,250 Sq. M.,"King Fahd Suburb, Dammam"
"950,000",Floor,3,3,195 Sq. M.,"Al Janadriyah, East Riyadh, Riyadh"
"1,100,000",Villa,4,3,272 Sq. M.,"Tuwaiq, West Riyadh, Riyadh"
"2,500,000",Villa,3,3,267 Sq. M.,"Al Rimal, East Riyadh, Riyadh"
"920,000",Villa,5,7,304 Sq. M.,"Al Manar, Unayzah"
"2,700,000",Villa,5,5,400 Sq. M.,"Al Mahdiyah, West Riyadh, Riyadh"
"2,150,000",Villa,4,4,391 Sq. M.,"Al Mahdiyah, West Riyadh, Riyadh"
"1,600,000",Rest House,6,7,408 Sq. M.,Al Khobar
"1,750,000",Rest House,1,1,500 Sq. M.,"Al Sheraa, Al Khobar"
"1,700,000",Villa,4,7,312 Sq. M.,"Al Nadhim, East Riyadh, Riyadh"
"4,000,000",Villa,11,11,895 Sq. M.,"Madinat Al Bohairat, North Jeddah, Jeddah"
"1,450,000",Apartment,4,3,174 Sq. M.,"Qurtubah, East Riyadh, Riyadh"
"2,400,000",Villa,5,4,420 Sq. M.,"Al Bayan Neighborhood, East Riyadh, Riyadh"
"320,000",Apartment,2,2,659 Sq. M.,"Al Mraikh, North Jeddah, Jeddah"
"580,000",Apartment,5,4,163 Sq. M.,"As Salamah, Makkah"
"2,100,000",Villa,4,7,436 Sq. M.,"Al Sheraa, Al Khobar"
"1,450,000",Apartment,5,4,174 Sq. M.,"Qurtubah, East Riyadh, Riyadh"
"2,150,000",Villa,5,7,356 Sq. M.,"Al Mahdiyah, West Riyadh, Riyadh"
"2,200,000",Villa,5,6,413 Sq. M.,"Al Mahdiyah, West Riyadh, Riyadh"
"449,000",Apartment,3,2,500 Sq. M.,"Al Naim, North Jeddah, Jeddah"
"900,000",Floor,3,4,750 Sq. M.,"Dhahrat Al Badiah, West Riyadh, Riyadh"
"1,800,000",Villa,8,8,437 Sq. M.,"Al Sheraa, Al Khobar"
"1,450,000",Apartment,5,2,128 Sq. M.,"Al Jamiah, Makkah"
"8,000,000",Villa,11,11,900 Sq. M.,"Al Mahdiyah, West Riyadh, Riyadh"
"2,900,000",Villa,9,9,300 Sq. M.,"Al Munsiyah, East Riyadh, Riyadh"
"3,800,000",Villa,6,6,418 Sq. M.,"King Salman, Riyadh"
"1,400,000",Floor,4,4,234 Sq. M.,"Al Khaleej, East Riyadh, Riyadh"
"900,000",Floor,4,5,220 Sq. M.,"Al Qadisiyah, East Riyadh, Riyadh"
"3,200,000",Villa,5,1,263 Sq. M.,"Al Narjis, North Riyadh, Riyadh"
"4,400,000",Villa,6,5,312 Sq. M.,"Al Narjis, North Riyadh, Riyadh"
"1,900,000",Villa,5,5,691 Sq. M.,"Al Jisr, Al Khobar"
"1,700,000",Apartment,3,4,238 Sq. M.,"Al Narjis, North Riyadh, Riyadh"
"890,000",Apartment,4,4,170 Sq. M.,"Al Rimal, East Riyadh, Riyadh"
"1,245,000",Apartment,6,4,156 Sq. M.,"Al Zahraa, North Jeddah, Jeddah"
"890,000",Apartment,2,2,98 Sq. M.,"Al Yarmuk, East Riyadh, Riyadh"
"9,180,000",Rest House,4,4,"1,080 Sq. M.","Al Arid, North Riyadh, Riyadh"
"1,750,000",Floor,2,1,176 Sq. M.,"Al Narjis, North Riyadh, Riyadh"
"1,380,000",Floor,4,1,210 Sq. M.,"Al Munsiyah, East Riyadh, Riyadh"
"1,350,000",Villa,7,5,674 Sq. M.,Aleasiluh 1 Jazan Region
"560,000",Apartment,5,3,202 Sq. M.,"Al Muhammadiyah 2, Jazan"
"990,000",Rest House,2,4,254 Sq. M.,"Al Rawabi, Unayzah"
"1,450,000",Apartment,5,2,128 Sq. M.,"Al Jamiah, Makkah"
"485,000",Apartment,2,3,157 Sq. M.,"Al Dar Al Baida, South Riyadh, Riyadh"
"1,000,000",Apartment,2,2,118 Sq. M.,"Al Izdihar, East Riyadh, Riyadh"
"2,600,000",Villa,5,5,312 Sq. M.,"King Khalid International Airport, North Riyadh, Riyadh"
"750,000",Apartment,4,3,120 Sq. M.,"Al Rawdah, North Jeddah, Jeddah"
"700,000",Apartment,4,4,210 Sq. M.,"Al Aziziyah, North Jeddah, Jeddah"
"850,000",Apartment,5,5,197 Sq. M.,"Al Salamah, North Jeddah, Jeddah"
"770,000",Apartment,4,3,187 Sq. M.,"King Fahd Suburb, Dammam"
"4,000,000",Villa,5,8,415 Sq. M.,"Al Yasmin, North Riyadh, Riyadh"
"7,000,000",Villa,9,5,507 Sq. M.,"Al Malqa, North Riyadh, Riyadh"
"1,100,000",Villa,7,4,272 Sq. M.,"Tuwaiq, West Riyadh, Riyadh"
"740,000",Apartment,3,3,50 Sq. M.,"Al Qadisiyah, East Riyadh, Riyadh"
"2,000,000",Villa,5,4,450 Sq. M.,"Al Rimal, East Riyadh, Riyadh"
"2,000,000",Floor,4,4,"1,056 Sq. M.","Al Yarmuk, East Riyadh, Riyadh"
"3,300,000",Villa,4,5,339 Sq. M.,"King Abdulaziz District, East Riyadh, Riyadh"
"6,000,000",Villa,4,5,500 Sq. M.,"King Abduallah, North Riyadh, Riyadh"
"2,200,000",Villa,5,6,400 Sq. M.,"Al Mahdiyah, West Riyadh, Riyadh"
"950,000",Apartment,4,3,118 Sq. M.,"Al Aziziyah, Makkah"
"1,800,000",Villa,4,5,266 Sq. M.,"Al Rimal, East Riyadh, Riyadh"
"650,000",Apartment,4,4,242 Sq. M.,"Badr, South Riyadh, Riyadh"
"1,500,000",Apartment,5,2,219 Sq. M.,"Al Yarmuk, East Riyadh, Riyadh"
"2,100,000",Villa,7,2,319 Sq. M.,"Al Yarmuk, East Riyadh, Riyadh"
"600,000",Apartment,5,3,200 Sq. M.,"Umm Hablain Al Gharbia, Jeddah"
"4,000,000",Villa,6,5,595 Sq. M.,"Al Munsiyah, East Riyadh, Riyadh"
"595,000",Apartment,4,4,133 Sq. M.,"Al Manar, North Jeddah, Jeddah"
"1,665,000",Apartment,4,4,118 Sq. M.,"Qurtubah, East Riyadh, Riyadh"
"1,050,000",Villa,6,3,265 Sq. M.,"Tuwaiq, West Riyadh, Riyadh"
"820,000",Floor,4,4,212 Sq. M.,"Namar, West Riyadh, Riyadh"
"650,000",Apartment,3,3,124 Sq. M.,"Al Hamraa, Central Jeddah, Jeddah"
"830,000",Apartment,5,4,189 Sq. M.,"Al Zahraa, North Jeddah, Jeddah"
"3,850,000",Villa,6,4,625 Sq. M.,"Ghirnatah, East Riyadh, Riyadh"
"1,000,000",Floor,3,4,184 Sq. M.,"Al Nahdah, East Riyadh, Riyadh"
"900,000",Apartment,5,4,172 Sq. M.,"Al Rimal, East Riyadh, Riyadh"
"311,000",Apartment,1,1,62 Sq. M.,King Abdullah Economic City
"690,000",Apartment,6,5,187 Sq. M.,"Prince Abdulmajeed, South Jeddah, Jeddah"
"1,000,000",Apartment,5,3,93 Sq. M.,"Tuwaiq, West Riyadh, Riyadh"
"630,000",Apartment,4,3,131 Sq. M.,"Al Manar, North Jeddah, Jeddah"
"2,200,000",Villa,5,5,413 Sq. M.,"Al Mahdiyah, West Riyadh, Riyadh"
"2,300,000",Villa,5,5,158 Sq. M.,"Al Arid, North Riyadh, Riyadh"
"1,400,000",Villa,3,4,280 Sq. M.,"Dhahrat Laban, West Riyadh, Riyadh"
"1,400,000",Villa,5,5,280 Sq. M.,"Dhahrat Laban, West Riyadh, Riyadh"
"1,400,000",Villa,3,4,280 Sq. M.,"Dhahrat Laban, West Riyadh, Riyadh"
"1,300,000",Floor,4,3,540 Sq. M.,"Al Munsiyah, East Riyadh, Riyadh"
"1,550,000",Villa,9,9,472 Sq. M.,"Al Hajla Al Jadid, Makkah"
"1,750,000",Villa,10,10,375 Sq. M.,"Al Rahmanyah, North Jeddah, Jeddah"
"3,300,000",Villa,5,4,357 Sq. M.,"Qurtubah, East Riyadh, Riyadh"
"3,500,000",Villa,11,7,315 Sq. M.,"Al Arid, North Riyadh, Riyadh"
"720,000",Apartment,7,5,171 Sq. M.,"Al Rahmanyah, North Jeddah, Jeddah"
"1,450,000",Villa,4,3,252 Sq. M.,"Al Rahmanyah, North Jeddah, Jeddah"
"740,000",Apartment,4,4,143 Sq. M.,"Al Salamah, North Jeddah, Jeddah"
"320,000",Apartment,3,3,659 Sq. M.,"Al Mraikh, North Jeddah, Jeddah"
"320,000",Apartment,3,2,659 Sq. M.,"Al Mraikh, North Jeddah, Jeddah"
"320,000",Apartment,3,2,659 Sq. M.,"Al Mraikh, North Jeddah, Jeddah"
"650,000",Apartment,4,3,123 Sq. M.,"Al Salamah, North Jeddah, Jeddah"
"3,000,000",Villa,5,3,407 Sq. M.,"Al Naim, North Jeddah, Jeddah"
"1,850,000",Apartment,3,3,153 Sq. M.,"Al Wadi, North Riyadh, Riyadh"
"279,000",Apartment,2,2,"1,784 Sq. M.","Al Bawadi, North Jeddah, Jeddah"
"1,850,000",Villa,5,4,270 Sq. M.,"Al Nadwa District, East Riyadh, Riyadh"
"1,350,000",Floor,3,3,141 Sq. M.,"Al Munsiyah, East Riyadh, Riyadh"
"1,250,000",Villa,3,4,188 Sq. M.,"Al Qadisiyah, East Riyadh, Riyadh"
"770,000",Apartment,3,3,630 Sq. M.,"Badr, South Riyadh, Riyadh"
"590,000",Apartment,3,3,133 Sq. M.,"Al Hazm, West Riyadh, Riyadh"
"1,500,000",Villa,6,7,438 Sq. M.,"Al Sheraa, Al Khobar"
"320,000",Apartment,3,3,659 Sq. M.,"Al Mraikh, North Jeddah, Jeddah"
"320,000",Apartment,3,3,659 Sq. M.,"Al Mraikh, North Jeddah, Jeddah"
"780,000",Villa,5,2,187 Sq. M.,"Al Nuzhah, North Jeddah, Jeddah"
"320,000",Apartment,3,3,659 Sq. M.,"Al Mraikh, North Jeddah, Jeddah"
"320,000",Apartment,3,3,659 Sq. M.,"Al Mraikh, North Jeddah, Jeddah"
"1,020,000",Floor,5,3,166 Sq. M.,"Al Qadisiyah, East Riyadh, Riyadh"
"2,100,000",Apartment,3,3,166 Sq. M.,"Al Malqa, North Riyadh, Riyadh"
"550,000",Apartment,5,3,217 Sq. M.,"Ar Rehab 3, Jazan"
"370,000",Apartment,3,3,146 Sq. M.,"Al Suways 1, Jazan"
"550,000",Apartment,5,3,217 Sq. M.,"Ar Rehab 3, Jazan"
"370,000",Apartment,4,3,145 Sq. M.,"Al Suways 1, Jazan"
"540,000",Apartment,5,3,217 Sq. M.,"Al Rawdah, Abu Arish"
"7,000,000",Villa,10,8,400 Sq. M.,"Al Khalidiyah, Al Diriyah"
"1,200,000",Floor,4,3,177 Sq. M.,"Al Janadriyah, East Riyadh, Riyadh"
"560,000",Apartment,5,3,164 Sq. M.,"Al Rehab, North Jeddah, Jeddah"
"1,500,000",Floor,3,5,251 Sq. M.,"Al Khaleej, East Riyadh, Riyadh"
"1,200,000",Floor,3,5,230 Sq. M.,"Al Khaleej, East Riyadh, Riyadh"
"630,000",Apartment,6,4,212 Sq. M.,"Ar Rehab 1, Jazan"
"1,249,000",Villa,10,6,416 Sq. M.,"Al Zahrah, Madina"
"5,500,000",Villa,7,9,415 Sq. M.,"Al Yasmin, North Riyadh, Riyadh"
"1,550,000",Apartment,5,5,213 Sq. M.,"Al Salamah, North Jeddah, Jeddah"
"1,750,000",Apartment,5,4,211 Sq. M.,"Al Zahraa, North Jeddah, Jeddah"
"1,700,000",Villa,11,6,281 Sq. M.,"Al Saadah, East Riyadh, Riyadh"
"540,000",Apartment,5,3,217 Sq. M.,"Al Rawdah, Abu Arish"
"730,000",Apartment,7,3,240 Sq. M.,"Al Suways 1, Jazan"
"1,150,000",Villa,5,4,315 Sq. M.,"Al Janadriyah, East Riyadh, Riyadh"
"2,400,000",Villa,4,4,484 Sq. M.,"Al Nahdah, East Riyadh, Riyadh"
"1,127,500",Apartment,4,1,139 Sq. M.,"Al Narjis, North Riyadh, Riyadh"
"1,000,000",Villa,5,5,312 Sq. M.,"Al Aziziyah, South Riyadh, Riyadh"
"3,500,000",Villa,4,5,300 Sq. M.,"King Abduallah, North Riyadh, Riyadh"
"540,000",Apartment,5,4,217 Sq. M.,"Al Rawdah, Abu Arish"
"490,000",Apartment,4,3,184 Sq. M.,"Al Suways 2, Jazan"
"620,000",Apartment,5,4,179 Sq. M.,"Bryman, North Jeddah, Jeddah"
"870,000",Floor,4,4,138 Sq. M.,"Al Rimal, East Riyadh, Riyadh"
"1,000,000",Floor,3,3,177 Sq. M.,"Al Rimal, East Riyadh, Riyadh"
"1,450,000",Apartment,3,4,186 Sq. M.,"Qurtubah, East Riyadh, Riyadh"
"1,850,000",Floor,3,4,174 Sq. M.,"Qurtubah, East Riyadh, Riyadh"
"1,750,000",Villa,4,6,405 Sq. M.,"Al Yarmuk, East Riyadh, Riyadh"
"978,000",Apartment,3,3,118 Sq. M.,"Al Munsiyah, East Riyadh, Riyadh"
"800,000",Apartment,2,3,393 Sq. M.,"Al Nahdah, East Riyadh, Riyadh"
"330,000",Apartment,4,3,"1,920 Sq. M.","Al Jameah District, South Jeddah, Jeddah"
"1,850,000",Floor,3,3,186 Sq. M.,"Qurtubah, East Riyadh, Riyadh"
"1,055,000",Apartment,3,3,106 Sq. M.,"Al Munsiyah, East Riyadh, Riyadh"
"1,400,000",Floor,4,6,287 Sq. M.,"Al Maizilah, East Riyadh, Riyadh"
"900,000",Floor,5,2,155 Sq. M.,"Al Rimal, East Riyadh, Riyadh"
"1,300,000",Floor,2,3,492 Sq. M.,"Al Rimal, East Riyadh, Riyadh"
"350,000",Apartment,3,3,900 Sq. M.,"Al Safa, North Jeddah, Jeddah"
"1,800,000",Villa,4,4,875 Sq. M.,"Al Yarmuk, East Riyadh, Riyadh"
"620,000",Apartment,3,3,250 Sq. M.,"Al Uraija Al Gharbiyah, West Riyadh, Riyadh"
"650,000",Apartment,3,4,116 Sq. M.,"Alawali, West Riyadh, Riyadh"
"530,000",Apartment,3,3,135 Sq. M.,"Al Hazm, West Riyadh, Riyadh"
"470,000",Apartment,3,2,114 Sq. M.,"Tuwaiq, West Riyadh, Riyadh"
"800,000",Floor,3,3,180 Sq. M.,"Najd, Al Jubaylah"
"1,050,000",Apartment,3,3,129 Sq. M.,"Al Rimal, East Riyadh, Riyadh"
"950,000",Apartment,3,3,161 Sq. M.,"Al Mahdiyah, West Riyadh, Riyadh"
"900,000",Apartment,3,3,478 Sq. M.,"Al Mahdiyah, West Riyadh, Riyadh"
"850,000",Apartment,3,3,125 Sq. M.,"Al Mahdiyah, West Riyadh, Riyadh"
"850,000",Apartment,3,3,125 Sq. M.,"Al Mahdiyah, West Riyadh, Riyadh"
"730,000",Apartment,5,3,130 Sq. M.,"Al Naim, North Jeddah, Jeddah"
"450,000",Apartment,3,2,119 Sq. M.,"Mishrifah, North Jeddah, Jeddah"
"600,000",Apartment,4,3,174 Sq. M.,"Al Mraikh, North Jeddah, Jeddah"
"1,300,000",Villa,6,4,264 Sq. M.,"Al Hazm, West Riyadh, Riyadh"
"1,500,000",Villa,6,5,264 Sq. M.,"Al Hazm, West Riyadh, Riyadh"
"1,650,000",Floor,4,3,195 Sq. M.,"Qurtubah, East Riyadh, Riyadh"
"730,000",Apartment,5,3,130 Sq. M.,"Al Naim, North Jeddah, Jeddah"
"810,000",Apartment,2,4,114 Sq. M.,"Al Manar, East Riyadh, Riyadh"
"1,200,000",Floor,5,4,230 Sq. M.,"Al Khaleej, East Riyadh, Riyadh"
"1,500,000",Apartment,3,4,133 Sq. M.,"Al Arid, North Riyadh, Riyadh"
"900,000",Apartment,5,5,162 Sq. M.,"Al Faisaliyah, Central Jeddah, Jeddah"
"4,000,000",Villa,5,4,357 Sq. M.,"King Abdulaziz District, East Riyadh, Riyadh"
"1,900,000",Apartment,6,5,173 Sq. M.,"Al Munsiyah, East Riyadh, Riyadh"
"1,200,000",Villa,7,7,500 Sq. M.,"Al Jalawiyah, Dammam"
"1,250,000",Floor,3,3,215 Sq. M.,"Al Rimal, East Riyadh, Riyadh"
"950,000",Apartment,6,4,200 Sq. M.,"Dhahrat Laban, West Riyadh, Riyadh"
"4,300,000",Villa,5,10,300 Sq. M.,"Al Narjis, North Riyadh, Riyadh"
"3,150,000",Villa,5,9,250 Sq. M.,"Al Narjis, North Riyadh, Riyadh"
"5,750,000",Villa,6,10,479 Sq. M.,"Al Narjis, North Riyadh, Riyadh"
"700,000",Apartment,4,3,81 Sq. M.,"Al Rimal, East Riyadh, Riyadh"
"1,050,000",Apartment,3,5,172 Sq. M.,"Al Qadisiyah, East Riyadh, Riyadh"
"2,400,000",Villa,6,7,250 Sq. M.,"Al Yarmuk, East Riyadh, Riyadh"
"2,400,000",Villa,5,6,250 Sq. M.,"Al Yarmuk, East Riyadh, Riyadh"
"1,450,000",Floor,3,3,141 Sq. M.,"Al Munsiyah, East Riyadh, Riyadh"
"1,200,000",Floor,3,3,230 Sq. M.,"Al Khaleej, East Riyadh, Riyadh"
"1,780,000",Villa,8,4,375 Sq. M.,"Tuwaiq, West Riyadh, Riyadh"
"2,100,000",Villa,7,5,328 Sq. M.,"Al Rimal, East Riyadh, Riyadh"
"2,750,000",Villa,6,7,317 Sq. M.,"Al Khaleej, East Riyadh, Riyadh"
"1,400,000",Floor,5,5,305 Sq. M.,"Al Qadisiyah, East Riyadh, Riyadh"
"1,350,000",Floor,3,3,232 Sq. M.,"Al Qadisiyah, East Riyadh, Riyadh"
"1,020,000",Floor,3,3,166 Sq. M.,"Al Qadisiyah, East Riyadh, Riyadh"
"2,750,000",Villa,6,7,317 Sq. M.,"Al Khaleej, East Riyadh, Riyadh"
"480,000",Apartment,5,3,181 Sq. M.,"Al Shati, Jazan"
"740,000",Apartment,4,3,117 Sq. M.,"Al Rawdah, North Jeddah, Jeddah"
"2,200,000",Villa,5,5,275 Sq. M.,"Al Maizilah, East Riyadh, Riyadh"
"350,000",Apartment,3,5,219 Sq. M.,"Al Dar Al Baida, South Riyadh, Riyadh"
"900,000",Apartment,4,4,158 Sq. M.,"Al Naim, North Jeddah, Jeddah"
"900,000",Apartment,4,4,158 Sq. M.,"Al Naim, North Jeddah, Jeddah"
"1,800,000",Villa,7,5,366 Sq. M.,"Al Mahdiyah, West Riyadh, Riyadh"
"2,000,000",Villa,5,4,210 Sq. M.,"Al Mahdiyah, West Riyadh, Riyadh"
"2,500,000",Villa,7,6,366 Sq. M.,"Al Mahdiyah, West Riyadh, Riyadh"
"3,000,000",Villa,7,5,366 Sq. M.,"Al Mahdiyah, West Riyadh, Riyadh"
"800,000",Apartment,3,3,155 Sq. M.,"Al Mahdiyah, West Riyadh, Riyadh"
"900,000",Apartment,6,4,188 Sq. M.,"Al Naim, North Jeddah, Jeddah"
"2,200,000",Villa,6,5,225 Sq. M.,"Al Mahdiyah, West Riyadh, Riyadh"
"680,000",Apartment,2,3,520 Sq. M.,"Al Nasim Al Sharqi, East Riyadh, Riyadh"
"580,000",Apartment,3,3,124 Sq. M.,"Al Suwaidi, West Riyadh, Riyadh"
"450,000",Apartment,3,3,173 Sq. M.,"Badr, South Riyadh, Riyadh"
"950,000",Floor,3,3,500 Sq. M.,"Shubra, West Riyadh, Riyadh"
"3,200,000",Villa,3,6,350 Sq. M.,"Al Narjis, North Riyadh, Riyadh"
"2,400,000",Villa,3,5,336 Sq. M.,"Al Qadisiyah, East Riyadh, Riyadh"
"1,350,000",Floor,6,3,186 Sq. M.,"Al Munsiyah, East Riyadh, Riyadh"
"2,100,000",Villa,4,5,328 Sq. M.,"Al Rimal, East Riyadh, Riyadh"
"750,000",Floor,3,2,208 Sq. M.,"Al Janadriyah, East Riyadh, Riyadh"
"1,800,000",Villa,5,5,495 Sq. M.,"Al Tahliyah, Al Khobar"
"1,600,000",Rest House,4,3,875 Sq. M.,"Al Sheraa, Al Khobar"
"1,450,000",Apartment,4,4,156 Sq. M.,"Qurtubah, East Riyadh, Riyadh"
"1,450,000",Apartment,5,4,156 Sq. M.,"Qurtubah, East Riyadh, Riyadh"
"1,450,000",Apartment,6,4,156 Sq. M.,"Qurtubah, East Riyadh, Riyadh"
"1,550,000",Floor,4,6,251 Sq. M.,"Al Khaleej, East Riyadh, Riyadh"
"3,300,000",Villa,6,5,383 Sq. M.,"Qurtubah, East Riyadh, Riyadh"
"1,250,000",Floor,4,4,230 Sq. M.,"Al Khaleej, East Riyadh, Riyadh"
"16,000,000",Villa,4,7,917 Sq. M.,"King Salman, Riyadh"
"765,000",Apartment,3,3,"1,000 Sq. M.","Tuwaiq, West Riyadh, Riyadh"
"1,750,000",Villa,5,4,225 Sq. M.,"Al Rimal, East Riyadh, Riyadh"
"1,420,000",Villa,3,2,227 Sq. M.,"Al Rimal, East Riyadh, Riyadh"
"2,200,000",Villa,6,5,225 Sq. M.,"Al Mahdiyah, West Riyadh, Riyadh"
"4,850,000",Villa,5,10,349 Sq. M.,"Al Arid, North Riyadh, Riyadh"
"1,000,000",Apartment,3,4,106 Sq. M.,"Al Khaleej, East Riyadh, Riyadh"
"540,000",Apartment,5,4,217 Sq. M.,"Al Rawdah, Abu Arish"
"830,000",Apartment,3,2,478 Sq. M.,"Al Mahdiyah, West Riyadh, Riyadh"
"1,050,000",Apartment,3,3,478 Sq. M.,"Al Mahdiyah, West Riyadh, Riyadh"
"880,000",Apartment,3,2,478 Sq. M.,"Al Mahdiyah, West Riyadh, Riyadh"
"850,000",Apartment,3,3,478 Sq. M.,"Al Mahdiyah, West Riyadh, Riyadh"
"900,000",Apartment,3,2,478 Sq. M.,"Al Mahdiyah, West Riyadh, Riyadh"
"1,150,000",Apartment,3,3,478 Sq. M.,"Al Mahdiyah, West Riyadh, Riyadh"
"3,000,000",Villa,7,6,366 Sq. M.,"Al Mahdiyah, West Riyadh, Riyadh"
"800,000",Apartment,3,3,130 Sq. M.,"Al Mahdiyah, West Riyadh, Riyadh"
"810,000",Apartment,3,3,130 Sq. M.,"Al Mahdiyah, West Riyadh, Riyadh"
"799,000",Apartment,3,4,130 Sq. M.,"Al Mahdiyah, West Riyadh, Riyadh"
"2,000,000",Villa,7,6,366 Sq. M.,"Al Mahdiyah, West Riyadh, Riyadh"
"3,000,000",Villa,7,6,366 Sq. M.,"Al Mahdiyah, West Riyadh, Riyadh"
"2,100,000",Villa,5,5,210 Sq. M.,"Al Mahdiyah, West Riyadh, Riyadh"
"3,100,000",Villa,7,5,366 Sq. M.,"Al Mahdiyah, West Riyadh, Riyadh"
"2,200,000",Villa,7,5,366 Sq. M.,"Al Mahdiyah, West Riyadh, Riyadh"
"850,000",Apartment,3,3,150 Sq. M.,"Al Mahdiyah, West Riyadh, Riyadh"
"1,800,000",Villa,7,5,366 Sq. M.,"Al Mahdiyah, West Riyadh, Riyadh"
"1,950,000",Villa,5,7,260 Sq. M.,"Al Mahdiyah, West Riyadh, Riyadh"
"1,850,000",Villa,7,6,366 Sq. M.,"Al Mahdiyah, West Riyadh, Riyadh"
"2,200,000",Villa,5,5,366 Sq. M.,"Al Mahdiyah, West Riyadh, Riyadh"
"2,200,000",Villa,7,5,366 Sq. M.,"Al Mahdiyah, West Riyadh, Riyadh"
"1,950,000",Villa,7,5,366 Sq. M.,"Al Mahdiyah, West Riyadh, Riyadh"
"1,950,000",Villa,7,3,366 Sq. M.,"Al Mahdiyah, West Riyadh, Riyadh"
"2,550,000",Villa,7,5,366 Sq. M.,"Al Mahdiyah, West Riyadh, Riyadh"
"2,750,000",Villa,7,5,366 Sq. M.,"Al Mahdiyah, West Riyadh, Riyadh"
"2,250,000",Villa,5,5,270 Sq. M.,"Al Mahdiyah, West Riyadh, Riyadh"
"2,750,000",Villa,7,5,366 Sq. M.,"Al Mahdiyah, West Riyadh, Riyadh"
"2,250,000",Villa,7,5,366 Sq. M.,"Al Mahdiyah, West Riyadh, Riyadh"
"2,200,000",Villa,7,5,366 Sq. M.,"Al Mahdiyah, West Riyadh, Riyadh"
"2,250,000",Villa,7,4,366 Sq. M.,"Al Mahdiyah, West Riyadh, Riyadh"
"2,750,000",Villa,7,5,366 Sq. M.,"Al Mahdiyah, West Riyadh, Riyadh"
"2,100,000",Villa,7,3,366 Sq. M.,"Al Mahdiyah, West Riyadh, Riyadh"
"2,200,000",Villa,7,5,366 Sq. M.,"Al Mahdiyah, West Riyadh, Riyadh"
"1,990,000",Villa,7,4,366 Sq. M.,"Al Mahdiyah, West Riyadh, Riyadh"
"800,000",Apartment,3,3,150 Sq. M.,"Al Mahdiyah, West Riyadh, Riyadh"
"2,000,000",Villa,6,5,260 Sq. M.,"Al Mahdiyah, West Riyadh, Riyadh"
"1,900,000",Villa,7,5,366 Sq. M.,"Al Mahdiyah, West Riyadh, Riyadh"
"1,000,000",Apartment,3,2,478 Sq. M.,"Al Mahdiyah, West Riyadh, Riyadh"
"900,000",Apartment,3,3,478 Sq. M.,"Al Mahdiyah, West Riyadh, Riyadh"
"920,000",Apartment,3,3,478 Sq. M.,"Al Mahdiyah, West Riyadh, Riyadh"
"900,000",Apartment,3,4,478 Sq. M.,"Al Mahdiyah, West Riyadh, Riyadh"
"3,000,000",Villa,6,4,300 Sq. M.,"Al Mahdiyah, West Riyadh, Riyadh"
"800,000",Apartment,3,3,150 Sq. M.,"Al Mahdiyah, West Riyadh, Riyadh"
"1,990,000",Villa,6,6,200 Sq. M.,"Al Mahdiyah, West Riyadh, Riyadh"
"1,800,000",Villa,5,3,200 Sq. M.,"Al Mahdiyah, West Riyadh, Riyadh"
"880,000",Apartment,3,3,150 Sq. M.,"Al Mahdiyah, West Riyadh, Riyadh"
"2,000,000",Villa,6,5,200 Sq. M.,"Al Mahdiyah, West Riyadh, Riyadh"
"2,500,000",Villa,7,6,366 Sq. M.,"Al Mahdiyah, West Riyadh, Riyadh"
"2,000,000",Villa,4,6,366 Sq. M.,"Al Mahdiyah, West Riyadh, Riyadh"
"3,200,000",Villa,5,5,366 Sq. M.,"Al Mahdiyah, West Riyadh, Riyadh"
"2,550,000",Villa,7,4,366 Sq. M.,"Al Mahdiyah, West Riyadh, Riyadh"
"2,300,000",Villa,6,5,400 Sq. M.,"Al Mahdiyah, West Riyadh, Riyadh"
"4,000,000",Villa,6,5,300 Sq. M.,"Al Narjis, North Riyadh, Riyadh"
"1,650,000",Floor,3,4,195 Sq. M.,"Qurtubah, East Riyadh, Riyadh"
"1,200,000",Apartment,3,3,176 Sq. M.,"Al Sahafah, North Riyadh, Riyadh"
"1,200,000",Apartment,3,4,138 Sq. M.,"Qurtubah, East Riyadh, Riyadh"
"670,000",Apartment,5,3,163 Sq. M.,"Al Nuzhah, North Jeddah, Jeddah"
"2,000,000",Villa,5,6,276 Sq. M.,"Al Maizilah, East Riyadh, Riyadh"
"700,000",Apartment,6,4,240 Sq. M.,"Ar Rehab 1, Jazan"
"890,000",Villa,7,5,353 Sq. M.,"Ar Rehab 3, Jazan"
"850,000",Villa,5,4,312 Sq. M.,"Al Riyadh, North Jeddah, Jeddah"
"2,000,000",Villa,4,5,297 Sq. M.,"Al Qadisiyah, East Riyadh, Riyadh"
"540,000",Apartment,5,3,217 Sq. M.,"Ar Rehab 3, Jazan"
"900,000",Floor,4,4,106 Sq. M.,"Tuwaiq, West Riyadh, Riyadh"
"1,600,000",Villa,5,4,283 Sq. M.,"Al Rimal, East Riyadh, Riyadh"
"1,350,000",Floor,3,4,165 Sq. M.,"Al Munsiyah, East Riyadh, Riyadh"
"1,450,000",Floor,5,5,252 Sq. M.,"Al Qadisiyah, East Riyadh, Riyadh"
"670,000",Apartment,5,3,162 Sq. M.,"Al Nuzhah, North Jeddah, Jeddah"
"1,850,000",Floor,4,4,"4,980 Sq. M.","Qurtubah, East Riyadh, Riyadh"
"2,400,000",Villa,5,6,343 Sq. M.,"Al Rimal, East Riyadh, Riyadh"
"1,600,000",Floor,4,4,690 Sq. M.,"Al Yarmuk, East Riyadh, Riyadh"
"1,200,000",Apartment,4,3,167 Sq. M.,"Al Munsiyah, East Riyadh, Riyadh"
"1,400,000",Floor,4,4,600 Sq. M.,"Al Khaleej, East Riyadh, Riyadh"
"1,300,000",Floor,5,3,412 Sq. M.,"Al Nahdah, East Riyadh, Riyadh"
"3,200,000",Villa,7,8,"4,980 Sq. M.","Qurtubah, East Riyadh, Riyadh"
"25,000,000",Villa,8,10,"1,400 Sq. M.","King Salman, Riyadh"
"1,600,000",Floor,4,3,690 Sq. M.,"Al Yarmuk, East Riyadh, Riyadh"
"950,000",Villa,8,5,429 Sq. M.,"Ar Rehab 3, Jazan"
"1,050,000",Villa,9,5,494 Sq. M.,Aleasiluh 1 Jazan Region
"1,600,000",Floor,4,4,690 Sq. M.,"Al Yarmuk, East Riyadh, Riyadh"
"1,450,000",Floor,4,4,252 Sq. M.,"Al Qadisiyah, East Riyadh, Riyadh"
"1,850,000",Floor,4,4,"4,980 Sq. M.","Qurtubah, East Riyadh, Riyadh"
"1,550,000",Villa,8,7,450 Sq. M.,"Al Muhammadiyah 2, Jazan"
"500,000",Apartment,5,4,212 Sq. M.,"Al Muhammadiyah 2, Jazan"
"650,000",Apartment,5,4,233 Sq. M.,"Al Muhammadiyah 2, Jazan"
"550,000",Apartment,6,4,202 Sq. M.,"Al Muhammadiyah 2, Jazan"
"610,000",Apartment,6,5,265 Sq. M.,"Al Shati, Jazan"
"520,000",Apartment,5,3,187 Sq. M.,"Al Shati, Jazan"
"590,000",Floor,5,5,225 Sq. M.,"Al Shati, Jazan"
"900,000",Floor,6,4,199 Sq. M.,"Al Qadisiyah, East Riyadh, Riyadh"
"3,300,000",Villa,5,3,312 Sq. M.,"Al Arid, North Riyadh, Riyadh"
"950,000",Villa,4,5,260 Sq. M.,"Uhud, South Riyadh, Riyadh"
"5,900,000",Villa,5,3,400 Sq. M.,"Al Qirawan, North Riyadh, Riyadh"
"1,250,000",Apartment,5,2,147 Sq. M.,"Al Rimal, East Riyadh, Riyadh"
"1,600,000",Floor,4,4,690 Sq. M.,"Al Yarmuk, East Riyadh, Riyadh"
"1,600,000",Floor,4,4,690 Sq. M.,"Al Yarmuk, East Riyadh, Riyadh"
"966,000",Floor,4,3,195 Sq. M.,"Al Hazm, West Riyadh, Riyadh"
"1,150,000",Villa,5,4,360 Sq. M.,"Badr, South Riyadh, Riyadh"
"1,050,000",Floor,3,3,139 Sq. M.,"Al Nadwa District, East Riyadh, Riyadh"
"1,050,000",Floor,4,4,139 Sq. M.,"Al Nadwa District, East Riyadh, Riyadh"
"1,100,000",Floor,5,4,165 Sq. M.,"Al Nadwa District, East Riyadh, Riyadh"
"550,000",Apartment,5,4,217 Sq. M.,"Ar Rehab 3, Jazan"
"540,000",Apartment,3,3,217 Sq. M.,"Ar Rehab 3, Jazan"
"700,000",Apartment,6,3,240 Sq. M.,"Ar Rehab 1, Jazan"
"920,000",Apartment,6,4,256 Sq. M.,"Al Nwwariyah, Makkah"
"480,000",Apartment,5,5,171 Sq. M.,"Ar Rehab 3, Jazan"
"7,800,000",Villa,5,3,400 Sq. M.,"Al Narjis, North Riyadh, Riyadh"
"490,000",Apartment,4,3,184 Sq. M.,"Al Suways 2, Jazan"
"870,000",Apartment,5,3,171 Sq. M.,"Dhahrat Laban, West Riyadh, Riyadh"
"1,250,000",Floor,5,3,206 Sq. M.,"Al Qadisiyah, East Riyadh, Riyadh"
"630,000",Apartment,5,3,225 Sq. M.,"Al Shati, Jazan"
"3,050,000",Villa,5,4,390 Sq. M.,"Al Nahdah, East Riyadh, Riyadh"
"1,250,000",Floor,4,3,137 Sq. M.,"Al Safa, East Riyadh, Riyadh"
"1,100,000",Floor,3,5,205 Sq. M.,"Al Janadriyah, East Riyadh, Riyadh"
"1,750,000",Villa,7,7,375 Sq. M.,"Tuwaiq, West Riyadh, Riyadh"
"3,050,000",Villa,4,4,390 Sq. M.,"Al Nahdah, East Riyadh, Riyadh"
"1,100,000",Villa,10,6,449 Sq. M.,"An Noor, Jazan"
"1,100,000",Villa,10,6,429 Sq. M.,Abu Arish
"819,000",Apartment,3,3,134 Sq. M.,"Al Rimal, East Riyadh, Riyadh"
"839,000",Apartment,2,2,97 Sq. M.,"Al Rawdah, East Riyadh, Riyadh"
"849,000",Apartment,3,3,137 Sq. M.,"Al Rimal, East Riyadh, Riyadh"
"750,000",Apartment,3,3,149 Sq. M.,"Al Nasim Al Sharqi, East Riyadh, Riyadh"
"500,000",Apartment,3,3,173 Sq. M.,"Dirab, West Riyadh, Riyadh"
"3,700,000",Villa,6,4,520 Sq. M.,"Al Rimal, East Riyadh, Riyadh"
"1,650,000",Floor,4,5,195 Sq. M.,"Qurtubah, East Riyadh, Riyadh"
"2,450,000",Villa,5,5,250 Sq. M.,"Al Yarmuk, East Riyadh, Riyadh"
"1,150,000",Floor,6,4,223 Sq. M.,"Al Qadisiyah, East Riyadh, Riyadh"
"2,700,000",Floor,4,2,149 Sq. M.,"Al Olaya, North Riyadh, Riyadh"
"800,000",Floor,4,3,206 Sq. M.,"Al Janadriyah, East Riyadh, Riyadh"
"1,350,000",Floor,3,4,185 Sq. M.,"Al Munsiyah, East Riyadh, Riyadh"
"999,000",Apartment,2,2,124 Sq. M.,"King Faisal, East Riyadh, Riyadh"
"1,650,000",Floor,5,4,195 Sq. M.,"Qurtubah, East Riyadh, Riyadh"
"735,000",Apartment,4,7,229 Sq. M.,"Al Hazm, West Riyadh, Riyadh"
"1,800,000",Villa,6,6,361 Sq. M.,"Al Janadriyah, East Riyadh, Riyadh"
"1,150,000",Floor,4,5,222 Sq. M.,"Al Qadisiyah, East Riyadh, Riyadh"
"760,000",Floor,3,3,214 Sq. M.,"Badr, South Riyadh, Riyadh"
"2,000,000",Villa,4,5,276 Sq. M.,"Al Maizilah, East Riyadh, Riyadh"
"2,000,000",Villa,5,6,276 Sq. M.,"Al Maizilah, East Riyadh, Riyadh"
"1,200,000",Floor,6,4,300 Sq. M.,"Al Qadisiyah, East Riyadh, Riyadh"
"900,000",Floor,4,4,199 Sq. M.,"Al Qadisiyah, East Riyadh, Riyadh"
"1,300,000",Floor,3,3,167 Sq. M.,"Al Munsiyah, East Riyadh, Riyadh"
"1,300,000",Floor,4,3,167 Sq. M.,"Al Munsiyah, East Riyadh, Riyadh"
"1,400,000",Floor,5,4,393 Sq. M.,"Al Nahdah, East Riyadh, Riyadh"
"1,500,000",Villa,5,5,274 Sq. M.,"Al Rimal, East Riyadh, Riyadh"
"690,000",Apartment,5,3,194 Sq. M.,"Umm Hablain Al Gharbia, Jeddah"
"550,000",Apartment,3,2,117 Sq. M.,"Al Dar Al Baida, South Riyadh, Riyadh"
"2,200,000",Villa,7,6,296 Sq. M.,"Al Qadisiyah, East Riyadh, Riyadh"
"2,200,000",Villa,5,5,296 Sq. M.,"Al Qadisiyah, East Riyadh, Riyadh"
"399,000",Apartment,4,3,525 Sq. M.,"Al Bawadi, North Jeddah, Jeddah"
"730,000",Apartment,4,3,112 Sq. M.,"Al Rawdah, North Jeddah, Jeddah"
"2,650,000",Villa,7,7,312 Sq. M.,"Al Rimal, East Riyadh, Riyadh"
"3,500,000",Villa,5,9,300 Sq. M.,"Al Narjis, North Riyadh, Riyadh"
"2,300,000",Floor,4,5,"1,200 Sq. M.","Al Narjis, North Riyadh, Riyadh"
"1,050,000",Villa,6,6,321 Sq. M.,"Al Amwaj, Al Khobar"
"730,000",Apartment,5,3,130 Sq. M.,"Al Naim, North Jeddah, Jeddah"
"580,000",Apartment,3,3,100 Sq. M.,"Al Naim, North Jeddah, Jeddah"
"740,000",Apartment,4,3,117 Sq. M.,"Al Rawdah, North Jeddah, Jeddah"
"2,500,000",Villa,5,6,370 Sq. M.,"Al Munsiyah, East Riyadh, Riyadh"
"779,000",Apartment,3,3,140 Sq. M.,"Al Qadisiyah, East Riyadh, Riyadh"
"6,000,000",Rest House,3,3,"1,200 Sq. M.","Al Rimal, East Riyadh, Riyadh"
"900,000",Floor,6,5,199 Sq. M.,"Al Qadisiyah, East Riyadh, Riyadh"
"530,000",Apartment,3,5,163 Sq. M.,"Okaz, South Riyadh, Riyadh"
"600,000",Apartment,5,3,202 Sq. M.,"Abruq Al Rughamah, South Jeddah, Jeddah"
"540,000",Apartment,3,3,163 Sq. M.,"Okaz, South Riyadh, Riyadh"
"2,400,000",Villa,5,7,600 Sq. M.,"Al Khaleej, East Riyadh, Riyadh"
"5,500,000",Villa,5,5,375 Sq. M.,"Al Nada, North Riyadh, Riyadh"
"860,000",Floor,3,3,500 Sq. M.,"Al Zahrah, West Riyadh, Riyadh"
"630,000",Floor,3,5,184 Sq. M.,"Okaz, South Riyadh, Riyadh"
"880,000",Villa,4,3,260 Sq. M.,"Uhud, South Riyadh, Riyadh"
"2,230,000",Villa,4,5,336 Sq. M.,"Al Qadisiyah, East Riyadh, Riyadh"
"1,600,000",Floor,8,5,303 Sq. M.,"Al Woroud, North Jeddah, Jeddah"
"720,000",Apartment,3,3,144 Sq. M.,"Al Maizilah, East Riyadh, Riyadh"
"670,000",Apartment,4,3,115 Sq. M.,"Al Salamah, North Jeddah, Jeddah"
"1,090,000",Villa,5,6,230 Sq. M.,"Nubala, Madina"
"250,000",Apartment,2,2,119 Sq. M.,"Al Wurud, Rumah"
"2,300,000",Villa,9,7,312 Sq. M.,"Al Rimal, East Riyadh, Riyadh"
"2,300,000",Rest House,2,1,300 Sq. M.,"Al Arid, North Riyadh, Riyadh"
"750,000",Villa,7,6,460 Sq. M.,"Amal District, Al Bukayriyah"
"1,200,000",Floor,4,3,247 Sq. M.,"Al Rimal, East Riyadh, Riyadh"
"1,300,000",Villa,8,5,322 Sq. M.,"Al Sawari, Al Khobar"
"1,650,000",Villa,11,9,619 Sq. M.,"Asharai, Makkah"
"1,300,000",Villa,7,5,498 Sq. M.,"Al Bada, Al Kharj Riyadh Region"
"740,000",Apartment,4,3,143 Sq. M.,"Al Salamah, North Jeddah, Jeddah"
"740,000",Apartment,4,3,130 Sq. M.,"Al Salamah, North Jeddah, Jeddah"
"830,000",Apartment,4,4,127 Sq. M.,"Al Salamah, North Jeddah, Jeddah"
"960,000",Apartment,4,4,156 Sq. M.,"Al Salamah, North Jeddah, Jeddah"
"1,150,000",Apartment,5,4,162 Sq. M.,"Al Salamah, North Jeddah, Jeddah"
"1,100,000",Apartment,3,3,122 Sq. M.,"Al Narjis, North Riyadh, Riyadh"
"2,400,000",Villa,5,5,313 Sq. M.,"Al Sheraa, North Jeddah, Jeddah"
"890,000",Apartment,5,4,252 Sq. M.,"Al Rabwa, North Jeddah, Jeddah"
"800,000",Villa,7,6,323 Sq. M.,"Al Ajwad, North Jeddah, Jeddah"
"1,650,000",Villa,3,4,200 Sq. M.,"Al Lulu, North Jeddah, Jeddah"
"1,450,000",Villa,9,7,338 Sq. M.,"Al Hazm, West Riyadh, Riyadh"
"1,230,000",Villa,5,4,300 Sq. M.,"Al Noor District, Obhur Al Janoubiyah, North Jeddah, Jeddah"
"1,025,000",Apartment,5,4,192 Sq. M.,"Al Salamah, North Jeddah, Jeddah"
"1,435,000",Villa,5,5,200 Sq. M.,"Al Lulu, North Jeddah, Jeddah"
"710,000",Apartment,5,4,187 Sq. M.,"Al Rayaan, North Jeddah, Jeddah"
"560,000",Apartment,3,2,200 Sq. M.,"Badr, South Riyadh, Riyadh"
"1,000,000",Villa,7,5,687 Sq. M.,"Al Zuhur, Rumah"
"1,050,000",Villa,4,3,274 Sq. M.,"Al Rahmanyah, North Jeddah, Jeddah"
"780,000",Floor,4,3,205 Sq. M.,"Al Aziziyah, South Riyadh, Riyadh"
"560,000",Apartment,3,3,141 Sq. M.,"Tuwaiq, West Riyadh, Riyadh"
"770,000",Floor,3,3,163 Sq. M.,"Tuwaiq, West Riyadh, Riyadh"
"670,000",Apartment,5,3,162 Sq. M.,"Al Nuzhah, North Jeddah, Jeddah"
"650,000",Apartment,6,5,243 Sq. M.,"Al misyal Al Jadid, Makkah"
"680,000",Apartment,3,3,122 Sq. M.,"Al Rimal, East Riyadh, Riyadh"
"1,100,000",Floor,4,3,208 Sq. M.,"Al Rimal, East Riyadh, Riyadh"
"650,000",Apartment,2,2,94 Sq. M.,"Al Rimal, East Riyadh, Riyadh"
"1,400,000",Floor,5,5,251 Sq. M.,"Al Khaleej, East Riyadh, Riyadh"
"1,550,000",Floor,4,5,296 Sq. M.,"Al Rimal, East Riyadh, Riyadh"
"970,000",Floor,5,3,201 Sq. M.,"Al Janadriyah, East Riyadh, Riyadh"
"820,000",Villa,4,4,220 Sq. M.,"Al Murjan, East Riyadh, Riyadh"
"3,200,000",Villa,4,3,275 Sq. M.,"Al Taawun, North Riyadh, Riyadh"
"1,130,000",Apartment,3,3,147 Sq. M.,"Al Munsiyah, East Riyadh, Riyadh"
"1,500,000",Apartment,4,3,185 Sq. M.,"Al Rimal, East Riyadh, Riyadh"
"800,000",Apartment,3,3,114 Sq. M.,"Al Qadisiyah, East Riyadh, Riyadh"
"1,090,000",Floor,5,3,205 Sq. M.,"Al Rimal, East Riyadh, Riyadh"
"1,100,000",Floor,4,4,208 Sq. M.,"Al Rimal, East Riyadh, Riyadh"
"2,600,000",Villa,6,8,500 Sq. M.,"King Faisal, East Riyadh, Riyadh"
"3,000,000",Villa,5,5,343 Sq. M.,"Al Rimal, East Riyadh, Riyadh"
"3,000,000",Villa,7,7,343 Sq. M.,"Al Rimal, East Riyadh, Riyadh"
"1,700,000",Apartment,4,4,167 Sq. M.,"Al Rimal, East Riyadh, Riyadh"
"1,300,000",Apartment,3,3,167 Sq. M.,"Al Rimal, East Riyadh, Riyadh"
"3,000,000",Villa,5,8,343 Sq. M.,"Al Rimal, East Riyadh, Riyadh"
"1,700,000",Apartment,4,8,167 Sq. M.,"Al Rimal, East Riyadh, Riyadh"
"1,100,000",Floor,5,4,167 Sq. M.,"Al Rimal, East Riyadh, Riyadh"
"1,600,000",Floor,3,4,292 Sq. M.,"Al Rimal, East Riyadh, Riyadh"
"900,000",Floor,3,3,179 Sq. M.,"Al Aziziyah, South Riyadh, Riyadh"
"5,100,000",Villa,10,9,450 Sq. M.,"Al Arid, North Riyadh, Riyadh"
"650,000",Floor,3,3,147 Sq. M.,"Al Murjan, East Riyadh, Riyadh"
"580,000",Apartment,6,4,223 Sq. M.,"Al Dhurfah, Khamis Mushait"
"600,000",Apartment,6,4,212 Sq. M.,"Al Dhurfah, Khamis Mushait"
"630,000",Apartment,6,4,212 Sq. M.,"Al Zuhur, Abha"
"780,000",Apartment,8,5,318 Sq. M.,"Al Zuhur, Abha"
"460,000",Apartment,4,3,137 Sq. M.,"Umm Hablain Al Gharbia, Jeddah"
"3,500,000",Villa,9,5,360 Sq. M.,"Al Yasmin, North Riyadh, Riyadh"
"1,450,000",Villa,7,5,289 Sq. M.,"Al Janadriyah, East Riyadh, Riyadh"
"1,150,000",Villa,3,3,170 Sq. M.,"Al Rimal, East Riyadh, Riyadh"
"900,000",Floor,3,3,171 Sq. M.,"Al Rimal, East Riyadh, Riyadh"
"430,000",Apartment,3,2,112 Sq. M.,"Al Ranuna, Madina"
"800,000",Floor,3,3,193 Sq. M.,"Al Janadriyah, East Riyadh, Riyadh"
"6,800,000",Rest House,5,3,"8,521 Sq. M.",Al Muzahimiyah Riyadh Region
"3,000,000",Villa,8,6,449 Sq. M.,"Al Hada, Taif"
"570,000",Apartment,5,4,171 Sq. M.,"Governmental1, Jeddah"
"740,000",Apartment,3,3,229 Sq. M.,"Al Hazm, West Riyadh, Riyadh"
"1,400,000",Floor,4,4,183 Sq. M.,"Al Khaleej, East Riyadh, Riyadh"
"950,000",Floor,4,4,218 Sq. M.,"Al Janadriyah, East Riyadh, Riyadh"
"1,050,000",Apartment,3,3,93 Sq. M.,"Al Munsiyah, East Riyadh, Riyadh"
"1,350,000",Floor,3,3,196 Sq. M.,"Al Munsiyah, East Riyadh, Riyadh"
"850,000",Floor,4,3,196 Sq. M.,"Al Bayan Neighborhood, East Riyadh, Riyadh"
"1,700,000",Villa,6,6,276 Sq. M.,"Al Bayan Neighborhood, East Riyadh, Riyadh"
"710,000",Apartment,3,3,132 Sq. M.,"Al Rimal, East Riyadh, Riyadh"
"1,050,000",Apartment,3,4,93 Sq. M.,"Al Munsiyah, East Riyadh, Riyadh"
"1,300,000",Villa,6,6,312 Sq. M.,"Al Sawari, Al Khobar"
"1,250,000",Villa,6,11,314 Sq. M.,"Al Sheraa, Al Khobar"
"1,800,000",Villa,4,5,285 Sq. M.,"Al Qadisiyah, East Riyadh, Riyadh"
"1,200,000",Floor,5,5,156 Sq. M.,"Al Bayan Neighborhood, East Riyadh, Riyadh"
"850,000",Floor,3,4,177 Sq. M.,"Al Rimal, East Riyadh, Riyadh"
"1,000,000",Floor,3,3,138 Sq. M.,"Al Rimal, East Riyadh, Riyadh"
"1,700,000",Floor,4,4,206 Sq. M.,"Al Munsiyah, East Riyadh, Riyadh"
"1,200,000",Floor,4,4,144 Sq. M.,"Al Munsiyah, East Riyadh, Riyadh"
"1,500,000",Villa,6,6,437 Sq. M.,"Al Sheraa, Al Khobar"
"1,500,000",Villa,6,6,437 Sq. M.,"Al Sheraa, Al Khobar"
"1,400,000",Villa,6,6,513 Sq. M.,"Al Sheraa, Al Khobar"
"1,450,000",Villa,6,7,437 Sq. M.,"Al Sheraa, Al Khobar"
"1,500,000",Villa,6,8,437 Sq. M.,"Al Sheraa, Al Khobar"
"1,450,000",Villa,6,6,437 Sq. M.,"Al Sheraa, Al Khobar"
"1,200,000",Villa,6,6,316 Sq. M.,"Al Amwaj, Al Khobar"
"750,000",Floor,3,3,185 Sq. M.,"Al Janadriyah, East Riyadh, Riyadh"
"2,200,000",Villa,5,5,276 Sq. M.,"Al Maizilah, East Riyadh, Riyadh"
"1,020,000",Floor,5,5,163 Sq. M.,"Al Bayan Neighborhood, East Riyadh, Riyadh"
"1,650,000",Villa,6,7,500 Sq. M.,"Al Lulu, Al Khobar"
"1,450,000",Floor,3,4,167 Sq. M.,"Al Rimal, East Riyadh, Riyadh"
"1,700,000",Villa,9,9,300 Sq. M.,"Al Janadriyah, East Riyadh, Riyadh"
"1,250,000",Floor,4,3,260 Sq. M.,"Al Janadriyah, East Riyadh, Riyadh"
"1,250,000",Floor,4,4,260 Sq. M.,"Al Janadriyah, East Riyadh, Riyadh"
"1,050,000",Floor,3,4,165 Sq. M.,"Al Janadriyah, East Riyadh, Riyadh"
"1,500,000",Floor,4,5,230 Sq. M.,"Al Khaleej, East Riyadh, Riyadh"
"1,400,000",Floor,4,3,305 Sq. M.,"Al Qadisiyah, East Riyadh, Riyadh"
"1,550,000",Floor,5,4,206 Sq. M.,"Al Munsiyah, East Riyadh, Riyadh"
"1,050,000",Villa,6,8,321 Sq. M.,"Al Amwaj, Al Khobar"
"1,650,000",Villa,4,4,356 Sq. M.,"Al Bayan Neighborhood, East Riyadh, Riyadh"
"3,800,000",Villa,6,4,350 Sq. M.,"Al Arid, North Riyadh, Riyadh"
"5,500,000",Villa,6,4,474 Sq. M.,"Al Arid, North Riyadh, Riyadh"
"1,400,000",Floor,4,4,305 Sq. M.,"Al Qadisiyah, East Riyadh, Riyadh"
"750,000",Apartment,5,4,182 Sq. M.,"Al Woroud, North Jeddah, Jeddah"
"550,000",Apartment,5,4,182 Sq. M.,"Ash Shamiya Al Jadid, Makkah"
"720,000",Floor,7,6,202 Sq. M.,"Badr, South Riyadh, Riyadh"
"666,000",Apartment,4,3,126 Sq. M.,"Al Salamah, North Jeddah, Jeddah"
"820,000",Floor,3,2,178 Sq. M.,"Al Murjan, East Riyadh, Riyadh"
"1,300,000",Floor,5,6,240 Sq. M.,"Alawali, West Riyadh, Riyadh"
"1,900,000",Villa,4,6,315 Sq. M.,"Al Yaqout, North Jeddah, Jeddah"
"700,000",Floor,4,3,209 Sq. M.,"Okaz, South Riyadh, Riyadh"
"1,300,000",Rest House,2,4,"5,000 Sq. M.",Al Hazm w Bataynah
"750,000",Apartment,3,3,128 Sq. M.,"Al Rimal, East Riyadh, Riyadh"
"1,450,000",Villa,5,4,364 Sq. M.,"Al Janadriyah, East Riyadh, Riyadh"
"960,000",Villa,4,3,201 Sq. M.,"Al Janadriyah, East Riyadh, Riyadh"
"1,150,000",Floor,4,4,233 Sq. M.,"Al Rimal, East Riyadh, Riyadh"
"1,150,000",Floor,4,3,275 Sq. M.,"Al Rimal, East Riyadh, Riyadh"
"875,000",Apartment,2,2,172 Sq. M.,King Abdullah Economic City
"1,050,912",Apartment,2,3,118 Sq. M.,"Al Mahdiyah, West Riyadh, Riyadh"
"720,000",Apartment,5,4,207 Sq. M.,"Al Rayaan, North Jeddah, Jeddah"
"1,170,000",Floor,5,5,186 Sq. M.,"Al Rimal, East Riyadh, Riyadh"
"600,000",Floor,6,4,215 Sq. M.,"Al Noor District, Khamis Mushait"
"450,000",Apartment,3,4,187 Sq. M.,"Al Maealaa, Ahad Rafidah"
"500,000",Apartment,2,3,177 Sq. M.,"As Salamah, Muhayil"
"980,000",Apartment,3,3,150 Sq. M.,Jeddah
"6,200,000",Villa,5,1,385 Sq. M.,"Al Qirawan, North Riyadh, Riyadh"
"685,000",Apartment,5,3,175 Sq. M.,"Prince Abdulmajeed, South Jeddah, Jeddah"
"890,000",Apartment,4,3,150 Sq. M.,"Al Nahdah, North Jeddah, Jeddah"
"650,000",Rest House,4,3,633 Sq. M.,"Abyar al Mashi, Madina"
"1,050,000",Villa,8,8,300 Sq. M.,"Al Salehiyah, North Jeddah, Jeddah"
"1,400,000",Villa,9,8,300 Sq. M.,"Taiba District, North Jeddah, Jeddah"
"1,100,000",Villa,9,8,200 Sq. M.,"Al Frosyah, South Jeddah, Jeddah"
"1,100,000",Villa,7,6,300 Sq. M.,"Al Rahmanyah, North Jeddah, Jeddah"
"2,800,000",Villa,10,5,268 Sq. M.,"Al Narjis, North Riyadh, Riyadh"
"440,000",Apartment,2,3,"2,473 Sq. M.","Badr, South Riyadh, Riyadh"
"410,000",Apartment,4,2,112 Sq. M.,"Al Rayaan, North Jeddah, Jeddah"
"1,080,000",Apartment,3,3,109 Sq. M.,"Al Arid, North Riyadh, Riyadh"
"500,000",Apartment,3,3,199 Sq. M.,"Badr, South Riyadh, Riyadh"
"2,200,000",Villa,5,4,540 Sq. M.,"Al Rimal, East Riyadh, Riyadh"
"3,200,000",Villa,5,8,263 Sq. M.,"Al Narjis, North Riyadh, Riyadh"
"1,700,000",Villa,5,5,225 Sq. M.,"Al Rimal, East Riyadh, Riyadh"
"1,000,000",Floor,4,4,163 Sq. M.,"Al Bayan Neighborhood, East Riyadh, Riyadh"
"850,000",Apartment,3,4,77 Sq. M.,"Al Bayan Neighborhood, East Riyadh, Riyadh"
"850,000",Apartment,4,4,76 Sq. M.,"Al Bayan Neighborhood, East Riyadh, Riyadh"
"1,000,000",Floor,5,4,166 Sq. M.,"Al Bayan Neighborhood, East Riyadh, Riyadh"
"1,200,000",Floor,5,4,157 Sq. M.,"Al Bayan Neighborhood, East Riyadh, Riyadh"
"1,500,000",Floor,4,3,163 Sq. M.,"Al Arid, North Riyadh, Riyadh"
"3,500,000",Villa,6,6,264 Sq. M.,"Qurtubah, East Riyadh, Riyadh"
"1,550,000",Floor,5,5,206 Sq. M.,"Al Munsiyah, East Riyadh, Riyadh"
"1,350,000",Floor,3,4,185 Sq. M.,"Al Munsiyah, East Riyadh, Riyadh"
"1,750,000",Floor,3,4,222 Sq. M.,"Al Munsiyah, East Riyadh, Riyadh"
"1,050,000",Apartment,4,4,93 Sq. M.,"Al Munsiyah, East Riyadh, Riyadh"
"850,000",Apartment,2,3,60 Sq. M.,"Al Munsiyah, East Riyadh, Riyadh"
"1,350,000",Villa,6,4,200 Sq. M.,"Al Janadriyah, East Riyadh, Riyadh"
"850,000",Apartment,3,2,60 Sq. M.,"Al Munsiyah, East Riyadh, Riyadh"
"850,000",Apartment,2,3,60 Sq. M.,"Al Munsiyah, East Riyadh, Riyadh"
"1,050,000",Apartment,3,3,93 Sq. M.,"Al Munsiyah, East Riyadh, Riyadh"
"1,500,000",Villa,8,5,335 Sq. M.,"Al Rimal, East Riyadh, Riyadh"
"580,000",Apartment,3,2,88 Sq. M.,"Al Rimal, East Riyadh, Riyadh"
"1,350,000",Villa,5,6,200 Sq. M.,"Al Janadriyah, East Riyadh, Riyadh"
"1,050,000",Apartment,2,3,93 Sq. M.,"Al Munsiyah, East Riyadh, Riyadh"
"1,550,000",Floor,3,3,175 Sq. M.,"Al Munsiyah, East Riyadh, Riyadh"
"1,950,000",Villa,6,8,381 Sq. M.,"Al Buhairah, Al Khobar"
"1,700,000",Villa,6,6,225 Sq. M.,"Al Rimal, East Riyadh, Riyadh"
"920,000",Apartment,4,4,159 Sq. M.,"Al Qadisiyah, East Riyadh, Riyadh"
"620,000",Apartment,5,5,212 Sq. M.,"As Salamah, Makkah"
"3,050,000",Villa,5,5,250 Sq. M.,"Al Arid, North Riyadh, Riyadh"
"800,000",Floor,3,3,239 Sq. M.,"Al Janadriyah, East Riyadh, Riyadh"
"2,600,000",Villa,5,4,378 Sq. M.,"Al Yarmuk, East Riyadh, Riyadh"
"750,000",Apartment,6,5,207 Sq. M.,"Umm Hablain Al Gharbia, Jeddah"
"650,000",Floor,3,3,123 Sq. M.,"Al Rimal, East Riyadh, Riyadh"
"850,000",Floor,3,3,133 Sq. M.,"Al Rimal, East Riyadh, Riyadh"
"7,300,000",Villa,5,3,562 Sq. M.,"Obhur Al Janoubiyah, North Jeddah, Jeddah"
"1,850,000",Apartment,4,3,181 Sq. M.,"Qurtubah, East Riyadh, Riyadh"
"1,250,000",Villa,6,8,371 Sq. M.,"Al Amwaj, Al Khobar"
"1,400,000",Villa,6,9,371 Sq. M.,"Al Amwaj, Al Khobar"
"750,000",Villa,4,4,200 Sq. M.,"Badr, South Riyadh, Riyadh"
"400,000",Apartment,3,2,130 Sq. M.,"Al Ranuna, Madina"
"580,000",Apartment,5,3,163 Sq. M.,"Al Mraikh, North Jeddah, Jeddah"
"630,000",Apartment,4,4,145 Sq. M.,"Al Nuzhah, North Jeddah, Jeddah"
"670,000",Floor,3,3,120 Sq. M.,"Badr, South Riyadh, Riyadh"
"620,000",Apartment,3,4,220 Sq. M.,"Al Ghadir, Abha"
"3,200,000",Villa,5,5,312 Sq. M.,"Al Arid, North Riyadh, Riyadh"
"3,400,000",Villa,5,9,250 Sq. M.,"Al Narjis, North Riyadh, Riyadh"
"440,000",Apartment,3,3,99 Sq. M.,"Al Faisaliyah, Central Jeddah, Jeddah"
"700,000",Apartment,3,3,118 Sq. M.,"Al Rimal, East Riyadh, Riyadh"
"850,000",Apartment,3,3,825 Sq. M.,"Al Qadisiyah, East Riyadh, Riyadh"
"770,000",Apartment,2,3,150 Sq. M.,"Al Rimal, East Riyadh, Riyadh"
"550,000",Apartment,5,3,368 Sq. M.,"Al Maealaa, Ahad Rafidah"
"420,000",Apartment,5,3,200 Sq. M.,Saban 2
"420,000",Apartment,2,2,517 Sq. M.,"Western Heila District, Muhayil"
"650,000",Apartment,3,4,"1,183 Sq. M.","Al Maealaa, Ahad Rafidah"
"530,000",Apartment,5,4,301 Sq. M.,"Al Khalij, Ahad Rafidah"
"440,000",Apartment,4,3,191 Sq. M.,Mekdas 1
"530,000",Apartment,5,4,189 Sq. M.,"An Nuzhah 1, Ahad Rafidah"
"540,000",Floor,3,3,193 Sq. M.,"Badr, South Riyadh, Riyadh"
"1,700,000",Villa,4,3,250 Sq. M.,"King Khalid International Airport, North Riyadh, Riyadh"
"445,000",Apartment,4,3,125 Sq. M.,"Al Rayaan, North Jeddah, Jeddah"
"635,000",Apartment,4,3,177 Sq. M.,"Al Rabwa, North Jeddah, Jeddah"
"595,000",Apartment,3,4,160 Sq. M.,"Al Safa, North Jeddah, Jeddah"
"370,000",Apartment,3,2,101 Sq. M.,"Al Rayaan, North Jeddah, Jeddah"
"460,000",Apartment,4,3,123 Sq. M.,"Al Rayaan, North Jeddah, Jeddah"
"1,550,000",Villa,6,7,480 Sq. M.,"Al Amwaj, Al Khobar"
"1,200,000",Floor,6,4,218 Sq. M.,"Al Rimal, East Riyadh, Riyadh"
"2,150,000",Villa,8,5,275 Sq. M.,"Al Qadisiyah, East Riyadh, Riyadh"
"2,100,000",Villa,8,5,328 Sq. M.,"Al Rimal, East Riyadh, Riyadh"
"1,150,000",Floor,2,3,144 Sq. M.,"Al Munsiyah, East Riyadh, Riyadh"
"5,250,000",Villa,6,3,656 Sq. M.,"Al Shati, North Jeddah, Jeddah"
"1,350,000",Floor,3,4,185 Sq. M.,"Al Munsiyah, East Riyadh, Riyadh"
"1,155,000",Apartment,3,3,853 Sq. M.,"Qurtubah, East Riyadh, Riyadh"
"900,000",Apartment,3,3,142 Sq. M.,"Al Rimal, East Riyadh, Riyadh"
"1,050,000",Floor,3,4,241 Sq. M.,"Al Janadriyah, East Riyadh, Riyadh"
"2,300,000",Villa,4,5,287 Sq. M.,"Al Maizilah, East Riyadh, Riyadh"
"1,350,000",Villa,4,5,200 Sq. M.,"Al Janadriyah, East Riyadh, Riyadh"
"1,200,000",Floor,4,5,213 Sq. M.,"Al Janadriyah, East Riyadh, Riyadh"
"1,300,000",Floor,3,3,162 Sq. M.,"Al Rimal, East Riyadh, Riyadh"
"800,000",Floor,3,3,158 Sq. M.,"Al Janadriyah, East Riyadh, Riyadh"
"2,300,000",Villa,5,7,225 Sq. M.,"Al Rimal, East Riyadh, Riyadh"
"1,150,000",Floor,3,3,144 Sq. M.,"Al Munsiyah, East Riyadh, Riyadh"
"1,150,000",Floor,4,5,144 Sq. M.,"Al Munsiyah, East Riyadh, Riyadh"
"7,000,000",Villa,10,10,"3,907 Sq. M.","Al Shati, North Jeddah, Jeddah"
"1,850,000",Floor,4,4,292 Sq. M.,"Al Rimal, East Riyadh, Riyadh"
"1,450,000",Floor,3,4,167 Sq. M.,"Al Rimal, East Riyadh, Riyadh"
"1,850,000",Floor,4,5,292 Sq. M.,"Al Rimal, East Riyadh, Riyadh"
"1,300,000",Floor,4,3,162 Sq. M.,"Al Rimal, East Riyadh, Riyadh"
"2,750,000",Villa,7,7,317 Sq. M.,"Al Khaleej, East Riyadh, Riyadh"
"2,300,000",Villa,5,5,287 Sq. M.,"Al Maizilah, East Riyadh, Riyadh"
"1,050,000",Floor,3,3,241 Sq. M.,"Al Janadriyah, East Riyadh, Riyadh"
"1,000,000",Floor,5,4,192 Sq. M.,"Al Qadisiyah, East Riyadh, Riyadh"
"2,100,000",Villa,6,6,328 Sq. M.,"Al Rimal, East Riyadh, Riyadh"
"2,100,000",Villa,5,6,328 Sq. M.,"Al Rimal, East Riyadh, Riyadh"
"1,700,000",Villa,4,5,225 Sq. M.,"Al Rimal, East Riyadh, Riyadh"
"460,000",Apartment,4,3,122 Sq. M.,"Al Rayaan, North Jeddah, Jeddah"
"1,000,000",Floor,5,3,304 Sq. M.,"Al Janadriyah, East Riyadh, Riyadh"
"900,000",Apartment,4,4,121 Sq. M.,"Al Khaleej, East Riyadh, Riyadh"
"900,000",Apartment,4,3,122 Sq. M.,"Al Khaleej, East Riyadh, Riyadh"
"1,500,000",Floor,4,5,234 Sq. M.,"Al Khaleej, East Riyadh, Riyadh"
"1,500,000",Floor,5,4,234 Sq. M.,"Al Khaleej, East Riyadh, Riyadh"
"1,700,000",Villa,7,5,225 Sq. M.,"Al Rimal, East Riyadh, Riyadh"
"1,090,000",Apartment,4,3,129 Sq. M.,"Al Munsiyah, East Riyadh, Riyadh"
"1,300,000",Floor,4,7,162 Sq. M.,"Al Rimal, East Riyadh, Riyadh"
"1,300,000",Floor,3,3,162 Sq. M.,"Al Rimal, East Riyadh, Riyadh"
"1,150,000",Floor,3,3,570 Sq. M.,"Al Qadisiyah, East Riyadh, Riyadh"
"1,020,000",Floor,5,3,166 Sq. M.,"Al Qadisiyah, East Riyadh, Riyadh"
"1,150,000",Floor,3,3,570 Sq. M.,"Al Qadisiyah, East Riyadh, Riyadh"
"1,400,000",Floor,3,3,560 Sq. M.,"Al Munsiyah, East Riyadh, Riyadh"
"680,000",Apartment,4,3,112 Sq. M.,"Al Bayan Neighborhood, East Riyadh, Riyadh"
"1,100,000",Floor,5,4,170 Sq. M.,"Al Bayan Neighborhood, East Riyadh, Riyadh"
"680,000",Apartment,3,3,112 Sq. M.,"Al Bayan Neighborhood, East Riyadh, Riyadh"
"830,000",Floor,3,3,185 Sq. M.,"Al Janadriyah, East Riyadh, Riyadh"
"1,030,000",Floor,3,4,173 Sq. M.,"Al Rimal, East Riyadh, Riyadh"
"1,000,000",Floor,3,4,239 Sq. M.,"Al Rimal, East Riyadh, Riyadh"
"1,030,000",Floor,3,3,210 Sq. M.,"Al Rimal, East Riyadh, Riyadh"
"1,450,000",Floor,4,5,420 Sq. M.,"Al Qadisiyah, East Riyadh, Riyadh"
"1,100,000",Floor,4,5,185 Sq. M.,"Al Janadriyah, East Riyadh, Riyadh"
"750,000",Floor,3,4,185 Sq. M.,"Al Janadriyah, East Riyadh, Riyadh"
"1,700,000",Villa,4,5,276 Sq. M.,"Al Bayan Neighborhood, East Riyadh, Riyadh"
"1,400,000",Floor,5,4,305 Sq. M.,"Al Qadisiyah, East Riyadh, Riyadh"
"620,000",Apartment,3,3,140 Sq. M.,"Al Rimal, East Riyadh, Riyadh"
"1,700,000",Villa,5,6,276 Sq. M.,"Al Bayan Neighborhood, East Riyadh, Riyadh"
"1,400,000",Floor,4,3,305 Sq. M.,"Al Qadisiyah, East Riyadh, Riyadh"
"1,400,000",Floor,4,4,305 Sq. M.,"Al Qadisiyah, East Riyadh, Riyadh"
"950,000",Villa,4,5,500 Sq. M.,"Uhud, South Riyadh, Riyadh"
"2,200,000",Apartment,3,3,242 Sq. M.,"Al Malqa, North Riyadh, Riyadh"
"4,800,000",Villa,5,5,525 Sq. M.,"Al Munsiyah, East Riyadh, Riyadh"
"1,750,000",Floor,6,5,621 Sq. M.,"Al Munsiyah, East Riyadh, Riyadh"
"1,200,000",Floor,5,4,200 Sq. M.,"Al Qadisiyah, East Riyadh, Riyadh"
"750,000",Floor,3,3,185 Sq. M.,"Al Janadriyah, East Riyadh, Riyadh"
"1,090,000",Apartment,3,4,129 Sq. M.,"Al Munsiyah, East Riyadh, Riyadh"
"750,000",Floor,5,5,173 Sq. M.,"Al Janadriyah, East Riyadh, Riyadh"
"750,000",Floor,5,3,185 Sq. M.,"Al Janadriyah, East Riyadh, Riyadh"
"1,750,000",Floor,5,3,621 Sq. M.,"Al Munsiyah, East Riyadh, Riyadh"
"1,750,000",Floor,3,3,621 Sq. M.,"Al Munsiyah, East Riyadh, Riyadh"
"1,600,000",Floor,3,3,621 Sq. M.,"Al Munsiyah, East Riyadh, Riyadh"
"1,600,000",Floor,3,4,621 Sq. M.,"Al Munsiyah, East Riyadh, Riyadh"
"1,750,000",Floor,4,5,621 Sq. M.,"Al Munsiyah, East Riyadh, Riyadh"
"1,250,000",Floor,3,5,203 Sq. M.,"Al Qadisiyah, East Riyadh, Riyadh"
"750,000",Floor,4,5,173 Sq. M.,"Al Janadriyah, East Riyadh, Riyadh"
"800,000",Apartment,4,4,89 Sq. M.,"Al Qadisiyah, East Riyadh, Riyadh"
"1,250,000",Floor,3,4,203 Sq. M.,"Al Qadisiyah, East Riyadh, Riyadh"
"800,000",Apartment,3,4,89 Sq. M.,"Al Qadisiyah, East Riyadh, Riyadh"
"1,250,000",Floor,3,4,203 Sq. M.,"Al Qadisiyah, East Riyadh, Riyadh"
"1,250,000",Floor,3,4,203 Sq. M.,"Al Qadisiyah, East Riyadh, Riyadh"
"550,000",Apartment,3,3,170 Sq. M.,"Al Badei, Abha"
"1,350,000",Floor,4,4,165 Sq. M.,"Al Munsiyah, East Riyadh, Riyadh"
"920,000",Floor,5,3,150 Sq. M.,"Al Rimal, East Riyadh, Riyadh"
"485,000",Apartment,2,2,650 Sq. M.,"Al Hamraa, Central Jeddah, Jeddah"
"1,150,000",Floor,3,4,203 Sq. M.,"Al Rimal, East Riyadh, Riyadh"
"1,550,000",Floor,3,5,175 Sq. M.,"Al Munsiyah, East Riyadh, Riyadh"
"1,700,000",Floor,3,5,179 Sq. M.,"Al Arid, North Riyadh, Riyadh"
"2,400,000",Villa,7,6,484 Sq. M.,"Al Nahdah, East Riyadh, Riyadh"
"1,550,000",Floor,6,4,206 Sq. M.,"Al Munsiyah, East Riyadh, Riyadh"
"2,000,000",Villa,6,6,276 Sq. M.,"Al Maizilah, East Riyadh, Riyadh"
"700,000",Apartment,4,3,157 Sq. M.,"Batha Quraysh, Makkah"
"1,250,000",Villa,9,7,380 Sq. M.,"Ash Shubayka Al Jadid, Makkah"
"800,000",Apartment,5,4,217 Sq. M.,"Al Bawadi, North Jeddah, Jeddah"
"700,000",Villa,6,4,450 Sq. M.,"Wadi Jalil, Taif"
"470,000",Apartment,4,3,130 Sq. M.,"Al Rayaan, North Jeddah, Jeddah"
"1,300,000",Villa,6,4,450 Sq. M.,"Al Wafa Scheme, North Jeddah, Jeddah"
"850,000",Apartment,5,3,175 Sq. M.,"Al Nwwariyah, Makkah"
"1,250,000",Villa,9,7,275 Sq. M.,"Al Rahmanyah, North Jeddah, Jeddah"
"1,100,000",Apartment,6,4,199 Sq. M.,"Al Rawdah, North Jeddah, Jeddah"
"730,000",Apartment,3,3,194 Sq. M.,"Al Salamah, North Jeddah, Jeddah"
"1,200,000",Villa,8,6,387 Sq. M.,"Al Qayam Al Aala, Taif"
"1,200,000",Villa,8,6,386 Sq. M.,"Akhbab, Taif"
"560,000",Apartment,5,3,173 Sq. M.,"Al Mraikh, North Jeddah, Jeddah"
"1,050,000",Floor,3,3,168 Sq. M.,"Al Qadisiyah, East Riyadh, Riyadh"
"1,550,000",Floor,4,5,206 Sq. M.,"Al Munsiyah, East Riyadh, Riyadh"
"800,000",Apartment,3,2,120 Sq. M.,"Al Mahdiyah, West Riyadh, Riyadh"
"1,700,000",Villa,7,6,225 Sq. M.,"Al Rimal, East Riyadh, Riyadh"
"2,300,000",Villa,5,5,420 Sq. M.,"Al Bayan Neighborhood, East Riyadh, Riyadh"
"2,300,000",Villa,5,5,420 Sq. M.,"Al Bayan Neighborhood, East Riyadh, Riyadh"
"1,200,000",Villa,3,4,350 Sq. M.,"Okaz, South Riyadh, Riyadh"
"2,300,000",Villa,8,5,375 Sq. M.,"Al Janadriyah, East Riyadh, Riyadh"
"710,000",Apartment,4,3,132 Sq. M.,"Al Rimal, East Riyadh, Riyadh"
"4,300,000",Building,10,10,480 Sq. M.,"Al Masif, North Riyadh, Riyadh"
"6,000,000",Rest House,3,5,"2,000 Sq. M.","Al Ammariyah Farms, Al Ammariyah Riyadh Region"
"2,000,000",Villa,4,5,276 Sq. M.,"Al Maizilah, East Riyadh, Riyadh"
"770,000",Apartment,3,3,150 Sq. M.,"Al Rimal, East Riyadh, Riyadh"
"2,100,000",Villa,5,5,328 Sq. M.,"Al Rimal, East Riyadh, Riyadh"
"860,000",Apartment,3,3,184 Sq. M.,"Al Rimal, East Riyadh, Riyadh"
"1,100,000",Floor,4,5,165 Sq. M.,"Al Nadwa District, East Riyadh, Riyadh"
"1,200,000",Apartment,3,3,966 Sq. M.,"Al Quds, East Riyadh, Riyadh"
"3,500,000",Villa,8,4,337 Sq. M.,"Al Yasmin, North Riyadh, Riyadh"
"1,350,000",Floor,4,4,298 Sq. M.,"Al Qadisiyah, East Riyadh, Riyadh"
"700,000",Apartment,3,3,151 Sq. M.,"Batha Quraysh, Makkah"
"1,250,000",Villa,4,7,527 Sq. M.,"Al Amwaj, Al Khobar"
"3,000,000",Villa,6,6,436 Sq. M.,"Al Sheraa, Al Khobar"
"2,900,000",Villa,6,6,395 Sq. M.,"Al Sheraa, Al Khobar"
"1,100,000",Floor,6,5,205 Sq. M.,"Al Janadriyah, East Riyadh, Riyadh"
"550,000",Apartment,3,3,128 Sq. M.,"Al Zahrah, West Riyadh, Riyadh"
"4,500,000",Villa,5,6,360 Sq. M.,"Al Narjis, North Riyadh, Riyadh"
"1,550,000",Floor,4,4,206 Sq. M.,"Al Munsiyah, East Riyadh, Riyadh"
"2,350,000",Villa,5,5,250 Sq. M.,"Al Yarmuk, East Riyadh, Riyadh"
"1,600,000",Floor,5,5,206 Sq. M.,"Al Munsiyah, East Riyadh, Riyadh"
"5,880,000",Villa,5,7,304 Sq. M.,"Al Malqa, North Riyadh, Riyadh"
"3,400,000",Villa,6,9,500 Sq. M.,"Al Buhairah, Al Khobar"
"3,200,000",Villa,6,8,440 Sq. M.,"Al Buhairah, Al Khobar"
"1,500,000",Villa,6,8,437 Sq. M.,"Al Sheraa, Al Khobar"
"1,300,000",Villa,6,6,415 Sq. M.,"Al Sawari, Al Khobar"
"850,000",Floor,4,3,192 Sq. M.,"Al Janadriyah, East Riyadh, Riyadh"
"1,350,000",Floor,4,3,185 Sq. M.,"Al Munsiyah, East Riyadh, Riyadh"
"2,000,000",Villa,4,7,276 Sq. M.,"Al Maizilah, East Riyadh, Riyadh"
"1,350,000",Floor,3,4,185 Sq. M.,"Al Munsiyah, East Riyadh, Riyadh"
"1,200,000",Villa,4,4,200 Sq. M.,"Tuwaiq, West Riyadh, Riyadh"
"3,100,000",Villa,5,5,309 Sq. M.,"Al Munsiyah, East Riyadh, Riyadh"
"1,200,000",Floor,4,3,165 Sq. M.,"Al Rimal, East Riyadh, Riyadh"
"1,300,000",Floor,3,3,164 Sq. M.,"Al Rimal, East Riyadh, Riyadh"
"1,250,000",Floor,3,3,164 Sq. M.,"Al Rimal, East Riyadh, Riyadh"
"1,300,000",Floor,3,3,164 Sq. M.,"Al Rimal, East Riyadh, Riyadh"
"850,000",Floor,4,3,205 Sq. M.,"Al Janadriyah, East Riyadh, Riyadh"
"1,150,000",Floor,4,3,168 Sq. M.,"Al Qadisiyah, East Riyadh, Riyadh"
"1,150,000",Floor,5,4,203 Sq. M.,"Al Rimal, East Riyadh, Riyadh"
"2,000,000",Villa,6,5,276 Sq. M.,"Al Maizilah, East Riyadh, Riyadh"
"1,800,000",Villa,6,9,581 Sq. M.,"Al Sheraa, Al Khobar"
"2,000,000",Villa,4,5,276 Sq. M.,"Al Maizilah, East Riyadh, Riyadh"
"1,800,000",Villa,6,6,581 Sq. M.,"Al Sheraa, Al Khobar"
"950,000",Floor,5,4,244 Sq. M.,"Al Janadriyah, East Riyadh, Riyadh"
"950,000",Floor,3,4,244 Sq. M.,"Al Janadriyah, East Riyadh, Riyadh"
"930,000",Floor,4,3,158 Sq. M.,"Al Saadah, East Riyadh, Riyadh"
"730,000",Floor,4,3,131 Sq. M.,"Al Saadah, East Riyadh, Riyadh"
"2,500,000",Villa,4,5,250 Sq. M.,"Al Yarmuk, East Riyadh, Riyadh"
"950,000",Floor,4,3,170 Sq. M.,"Al Bayan Neighborhood, East Riyadh, Riyadh"
"1,100,000",Floor,5,5,570 Sq. M.,"Al Qadisiyah, East Riyadh, Riyadh"
"950,000",Floor,6,5,170 Sq. M.,"Al Bayan Neighborhood, East Riyadh, Riyadh"
"950,000",Floor,5,3,170 Sq. M.,"Al Bayan Neighborhood, East Riyadh, Riyadh"
"650,000",Floor,4,5,184 Sq. M.,"Badr, South Riyadh, Riyadh"
"1,600,000",Floor,5,5,206 Sq. M.,"Al Munsiyah, East Riyadh, Riyadh"
"1,350,000",Floor,4,3,185 Sq. M.,"Al Munsiyah, East Riyadh, Riyadh"
"1,600,000",Floor,4,5,206 Sq. M.,"Al Munsiyah, East Riyadh, Riyadh"
"3,800,000",Villa,5,9,450 Sq. M.,"Al Yarmuk, East Riyadh, Riyadh"
"850,000",Floor,3,3,170 Sq. M.,"Al Bayan Neighborhood, East Riyadh, Riyadh"
"850,000",Floor,4,3,170 Sq. M.,"Al Bayan Neighborhood, East Riyadh, Riyadh"
"950,000",Apartment,4,3,159 Sq. M.,"Al Qadisiyah, East Riyadh, Riyadh"
"1,100,000",Floor,4,4,570 Sq. M.,"Al Qadisiyah, East Riyadh, Riyadh"
"950,000",Apartment,3,3,159 Sq. M.,"Al Qadisiyah, East Riyadh, Riyadh"
"950,000",Apartment,3,3,159 Sq. M.,"Al Qadisiyah, East Riyadh, Riyadh"
"1,550,000",Floor,4,5,206 Sq. M.,"Al Munsiyah, East Riyadh, Riyadh"
"1,150,000",Villa,5,7,262 Sq. M.,"Al Sawari, Al Khobar"
"1,200,000",Floor,3,3,243 Sq. M.,"Al Qadisiyah, East Riyadh, Riyadh"
"2,500,000",Villa,6,6,250 Sq. M.,"Al Yarmuk, East Riyadh, Riyadh"
"850,000",Floor,4,3,170 Sq. M.,"Al Bayan Neighborhood, East Riyadh, Riyadh"
"2,500,000",Villa,4,5,250 Sq. M.,"Al Yarmuk, East Riyadh, Riyadh"
"2,350,000",Villa,5,6,250 Sq. M.,"Al Yarmuk, East Riyadh, Riyadh"
"2,500,000",Villa,5,6,250 Sq. M.,"Al Yarmuk, East Riyadh, Riyadh"
"3,600,000",Villa,4,7,250 Sq. M.,"Al Arid, North Riyadh, Riyadh"
"1,350,000",Floor,4,5,185 Sq. M.,"Al Munsiyah, East Riyadh, Riyadh"
"1,100,000",Floor,2,3,131 Sq. M.,"Al Munsiyah, East Riyadh, Riyadh"
"900,000",Floor,5,4,206 Sq. M.,"Al Janadriyah, East Riyadh, Riyadh"
"1,150,000",Floor,4,3,168 Sq. M.,"Al Qadisiyah, East Riyadh, Riyadh"
"1,600,000",Villa,5,6,600 Sq. M.,"Al Janadriyah, East Riyadh, Riyadh"
"2,350,000",Villa,5,5,250 Sq. M.,"Al Yarmuk, East Riyadh, Riyadh"
"880,000",Floor,6,4,205 Sq. M.,"Al Janadriyah, East Riyadh, Riyadh"
"900,000",Floor,6,5,205 Sq. M.,"Al Janadriyah, East Riyadh, Riyadh"
"1,400,000",Floor,5,4,253 Sq. M.,"Al Khaleej, East Riyadh, Riyadh"
"900,000",Villa,5,4,341 Sq. M.,"Al Muruj, Unayzah"
"950,000",Floor,3,4,245 Sq. M.,"Al Janadriyah, East Riyadh, Riyadh"
"790,000",Apartment,3,4,159 Sq. M.,"Al Qadisiyah, East Riyadh, Riyadh"
"905,000",Apartment,3,3,140 Sq. M.,"Al Qadisiyah, East Riyadh, Riyadh"
"905,000",Apartment,4,3,140 Sq. M.,"Al Qadisiyah, East Riyadh, Riyadh"
"1,200,000",Villa,5,7,300 Sq. M.,"Al Aqiq, Al Khobar"
"1,350,000",Villa,5,6,452 Sq. M.,"Al Sawari, Al Khobar"
"1,100,000",Floor,6,6,168 Sq. M.,"Al Qadisiyah, East Riyadh, Riyadh"
"790,000",Apartment,3,4,140 Sq. M.,"Al Qadisiyah, East Riyadh, Riyadh"
"905,000",Apartment,4,3,159 Sq. M.,"Al Qadisiyah, East Riyadh, Riyadh"
"790,000",Apartment,4,3,140 Sq. M.,"Al Qadisiyah, East Riyadh, Riyadh"
"1,350,000",Floor,3,4,600 Sq. M.,"Al Khaleej, East Riyadh, Riyadh"
"880,000",Apartment,4,4,166 Sq. M.,"Al Qadisiyah, East Riyadh, Riyadh"
"1,050,000",Floor,3,3,131 Sq. M.,"Al Munsiyah, East Riyadh, Riyadh"
"1,070,000",Apartment,4,3,142 Sq. M.,"Al Munsiyah, East Riyadh, Riyadh"
"1,450,000",Floor,5,5,185 Sq. M.,"Al Munsiyah, East Riyadh, Riyadh"
"1,200,000",Floor,5,5,243 Sq. M.,"Al Qadisiyah, East Riyadh, Riyadh"
"1,200,000",Floor,4,3,242 Sq. M.,"Al Qadisiyah, East Riyadh, Riyadh"
"1,200,000",Floor,4,4,242 Sq. M.,"Al Qadisiyah, East Riyadh, Riyadh"
"1,200,000",Floor,4,5,242 Sq. M.,"Al Qadisiyah, East Riyadh, Riyadh"
"950,000",Apartment,3,3,153 Sq. M.,"Al Munsiyah, East Riyadh, Riyadh"
"1,070,000",Apartment,3,3,142 Sq. M.,"Al Munsiyah, East Riyadh, Riyadh"
"905,000",Apartment,3,3,137 Sq. M.,"Al Munsiyah, East Riyadh, Riyadh"
"2,500,000",Villa,5,5,250 Sq. M.,"Al Munsiyah, East Riyadh, Riyadh"
"3,100,000",Villa,4,3,375 Sq. M.,"Al Mahdiyah, West Riyadh, Riyadh"
"4,200,000",Villa,3,4,362 Sq. M.,"Al Yasmin, North Riyadh, Riyadh"
"1,450,000",Floor,5,5,185 Sq. M.,"Al Munsiyah, East Riyadh, Riyadh"
"780,000",Apartment,3,3,119 Sq. M.,"Dhahrat Laban, West Riyadh, Riyadh"
"790,000",Apartment,6,4,203 Sq. M.,"Al Manar, North Jeddah, Jeddah"
"1,000,000",Villa,7,5,200 Sq. M.,"Tuwaiq, West Riyadh, Riyadh"
"3,500,000",Villa,9,1,975 Sq. M.,"Al Kair District, North Riyadh, Riyadh"
"870,000",Apartment,3,3,138 Sq. M.,"Al Mahdiyah, West Riyadh, Riyadh"
"2,500,000",Villa,7,6,663 Sq. M.,"Al Samer, North Jeddah, Jeddah"
"700,000",Apartment,5,3,157 Sq. M.,"Al Waha, North Jeddah, Jeddah"
"1,250,000",Floor,3,5,260 Sq. M.,"Al Qadisiyah, East Riyadh, Riyadh"
"730,000",Apartment,4,4,80 Sq. M.,"Al Rimal, East Riyadh, Riyadh"
"1,300,000",Villa,4,4,250 Sq. M.,"Al Janadriyah, East Riyadh, Riyadh"
"750,000",Floor,3,5,242 Sq. M.,"Okaz, South Riyadh, Riyadh"
"450,000",Apartment,2,3,103 Sq. M.,"Badr, South Riyadh, Riyadh"
"450,000",Apartment,2,3,103 Sq. M.,"Badr, South Riyadh, Riyadh"
"850,000",Floor,3,3,158 Sq. M.,"Al Rimal, East Riyadh, Riyadh"
"650,000",Apartment,5,3,166 Sq. M.,"Tuwaiq, West Riyadh, Riyadh"
"1,450,000",Apartment,6,4,216 Sq. M.,"Al Zahraa, North Jeddah, Jeddah"
"650,000",Floor,5,3,151 Sq. M.,"Dirab, West Riyadh, Riyadh"
"700,000",Floor,4,5,187 Sq. M.,"Dirab, West Riyadh, Riyadh"
"700,000",Floor,4,3,187 Sq. M.,"Dirab, West Riyadh, Riyadh"
"2,800,000",Villa,6,5,400 Sq. M.,"Al Mahdiyah, West Riyadh, Riyadh"
"850,000",Apartment,4,3,135 Sq. M.,"Dhahrat Laban, West Riyadh, Riyadh"
"1,600,000",Villa,6,4,434 Sq. M.,"Al Salehiyah, North Jeddah, Jeddah"
"4,500,000",Rest House,4,3,"3,380 Sq. M.","Sad Al Ghaba, Madina"
"2,000,000",Villa,5,6,400 Sq. M.,"Al Mahdiyah, West Riyadh, Riyadh"
"600,000",Floor,4,4,172 Sq. M.,"Taybah, South Riyadh, Riyadh"
"900,000",Floor,5,5,155 Sq. M.,"Tuwaiq, West Riyadh, Riyadh"
"750,000",Floor,4,4,199 Sq. M.,"Okaz, South Riyadh, Riyadh"
"710,000",Floor,3,4,176 Sq. M.,"Al Zahrah, West Riyadh, Riyadh"
"920,000",Floor,3,4,212 Sq. M.,"Tuwaiq, West Riyadh, Riyadh"
"2,100,000",Villa,6,5,264 Sq. M.,"Al Rimal, East Riyadh, Riyadh"
"1,250,000",Floor,5,4,260 Sq. M.,"Al Qadisiyah, East Riyadh, Riyadh"
"1,300,000",Villa,6,7,318 Sq. M.,"Al Sawari, Al Khobar"
"4,000,000",Villa,6,4,340 Sq. M.,"Al Narjis, North Riyadh, Riyadh"
"1,200,000",Apartment,3,3,150 Sq. M.,Jeddah
"2,200,000",Villa,9,5,400 Sq. M.,"Al Mahdiyah, West Riyadh, Riyadh"
"950,000",Apartment,5,4,237 Sq. M.,"Al Woroud, North Jeddah, Jeddah"
"630,000",Apartment,5,3,152 Sq. M.,"Al Mraikh, North Jeddah, Jeddah"
"1,600,000",Villa,5,4,250 Sq. M.,"Tuwaiq, West Riyadh, Riyadh"
"970,000",Villa,5,3,265 Sq. M.,"Tuwaiq, West Riyadh, Riyadh"
"1,100,000",Floor,3,3,186 Sq. M.,"Al Rimal, East Riyadh, Riyadh"
"710,000",Floor,2,2,176 Sq. M.,"Al Zahrah, West Riyadh, Riyadh"
"1,050,000",Floor,3,3,193 Sq. M.,"Tuwaiq, West Riyadh, Riyadh"
"800,000",Floor,3,3,166 Sq. M.,"Tuwaiq, West Riyadh, Riyadh"
"780,000",Floor,3,3,242 Sq. M.,"Badr, South Riyadh, Riyadh"
"1,000,000",Villa,3,3,263 Sq. M.,"Tuwaiq, West Riyadh, Riyadh"
"1,000,000",Villa,3,3,263 Sq. M.,"Tuwaiq, West Riyadh, Riyadh"
"1,200,000",Villa,3,6,450 Sq. M.,"Al Bayan Neighborhood, East Riyadh, Riyadh"
"690,000",Floor,4,3,176 Sq. M.,"Okaz, South Riyadh, Riyadh"
"780,000",Floor,3,5,173 Sq. M.,"Badr, South Riyadh, Riyadh"
"11,787,500",Villa,10,11,620 Sq. M.,"Al Malqa, North Riyadh, Riyadh"
"830,000",Floor,3,2,152 Sq. M.,"Al Murjan, East Riyadh, Riyadh"
"1,100,000",Villa,5,5,200 Sq. M.,"Tuwaiq, West Riyadh, Riyadh"
"1,300,000",Villa,6,4,500 Sq. M.,"Al Qabiba, Madina"
"1,550,000",Villa,6,8,312 Sq. M.,"Al Zumorrud, North Jeddah, Jeddah"
"680,000",Villa,6,5,396 Sq. M.,"Al Qadisiyah, Al Bukayriyah"
"2,450,000",Villa,6,9,200 Sq. M.,"Al Mahdiyah, West Riyadh, Riyadh"
"800,000",Floor,5,2,164 Sq. M.,"Tuwaiq, West Riyadh, Riyadh"
"739,000",Floor,4,5,180 Sq. M.,"Okaz, South Riyadh, Riyadh"
"460,000",Apartment,4,4,179 Sq. M.,"Badr, South Riyadh, Riyadh"
"1,320,000",Villa,10,7,472 Sq. M.,"Al Rahmanyah, North Jeddah, Jeddah"
"3,800,000",Villa,5,5,414 Sq. M.,"Al Mahdiyah, West Riyadh, Riyadh"
"750,000",Floor,6,2,450 Sq. M.,"Dahiyat AI Iskan, Taif"
"750,000",Floor,6,2,450 Sq. M.,"Dahiyat AI Iskan, Taif"
"880,000",Villa,5,4,312 Sq. M.,"Al Riyadh, North Jeddah, Jeddah"
"520,000",Floor,3,3,500 Sq. M.,"Badr, South Riyadh, Riyadh"
"820,000",Floor,6,5,238 Sq. M.,"Badr, South Riyadh, Riyadh"
"550,000",Floor,3,2,300 Sq. M.,"Okaz, South Riyadh, Riyadh"
"3,000,000",Villa,5,7,595 Sq. M.,"Al Maizilah, East Riyadh, Riyadh"
"1,250,000",Floor,5,5,202 Sq. M.,"Al Munsiyah, East Riyadh, Riyadh"
"2,000,000",Villa,5,3,400 Sq. M.,"Al Mahdiyah, West Riyadh, Riyadh"
"2,200,000",Villa,5,3,400 Sq. M.,"Al Mahdiyah, West Riyadh, Riyadh"
"2,150,000",Villa,5,3,400 Sq. M.,"Al Mahdiyah, West Riyadh, Riyadh"
"1,250,000",Floor,5,3,202 Sq. M.,"Al Munsiyah, East Riyadh, Riyadh"
"1,250,000",Floor,3,3,202 Sq. M.,"Al Munsiyah, East Riyadh, Riyadh"
"970,000",Villa,6,5,265 Sq. M.,"Tuwaiq, West Riyadh, Riyadh"
"400,000",Apartment,2,2,98 Sq. M.,"Taybah, South Riyadh, Riyadh"
"780,000",Apartment,6,4,203 Sq. M.,Jeddah
"350,000",Rest House,2,2,594 Sq. M.,"Al Majd, Alkhubara Wal Sahabeen"
"650,000",Apartment,3,3,166 Sq. M.,"Tuwaiq, West Riyadh, Riyadh"
"600,000",Floor,3,3,179 Sq. M.,"Badr, South Riyadh, Riyadh"
"2,200,000",Villa,5,6,332 Sq. M.,"Al Mahdiyah, West Riyadh, Riyadh"
"3,200,000",Villa,5,9,250 Sq. M.,"Al Narjis, North Riyadh, Riyadh"
"740,000",Apartment,4,3,134 Sq. M.,"Al Rawdah, North Jeddah, Jeddah"
"780,000",Apartment,4,3,132 Sq. M.,"Al Rawdah, North Jeddah, Jeddah"
"750,000",Apartment,5,3,136 Sq. M.,"Al Naim, North Jeddah, Jeddah"
"399,000",Apartment,3,3,96 Sq. M.,"Al Rayaan, North Jeddah, Jeddah"
"780,000",Apartment,4,3,136 Sq. M.,"Al Rawdah, North Jeddah, Jeddah"
"780,000",Apartment,4,3,136 Sq. M.,"Al Rawdah, North Jeddah, Jeddah"
"900,000",Floor,3,1,166 Sq. M.,"Tuwaiq, West Riyadh, Riyadh"
"1,150,000",Floor,4,3,279 Sq. M.,"Tuwaiq, West Riyadh, Riyadh"
"700,000",Apartment,3,2,50 Sq. M.,"Al Rimal, East Riyadh, Riyadh"
"780,000",Floor,4,3,227 Sq. M.,"Badr, South Riyadh, Riyadh"
"900,000",Floor,4,3,279 Sq. M.,"Tuwaiq, West Riyadh, Riyadh"
"1,200,000",Villa,6,4,360 Sq. M.,"Al Riyadh, North Jeddah, Jeddah"
"980,000",Floor,3,3,166 Sq. M.,"Al Janadriyah, East Riyadh, Riyadh"
"820,000",Floor,3,3,160 Sq. M.,"Al Janadriyah, East Riyadh, Riyadh"
"700,000",Apartment,3,3,72 Sq. M.,"Al Janadriyah, East Riyadh, Riyadh"
"820,000",Floor,5,3,160 Sq. M.,"Al Janadriyah, East Riyadh, Riyadh"
"980,000",Floor,4,3,166 Sq. M.,"Al Janadriyah, East Riyadh, Riyadh"
"700,000",Apartment,5,3,72 Sq. M.,"Al Janadriyah, East Riyadh, Riyadh"
"9,500,000",Villa,6,5,930 Sq. M.,"Al Rawdah, East Riyadh, Riyadh"
"750,000",Apartment,5,3,150 Sq. M.,"Al Naim, North Jeddah, Jeddah"
"620,000",Apartment,3,3,111 Sq. M.,"Al Naim, North Jeddah, Jeddah"
"430,000",Apartment,3,3,131 Sq. M.,"Badr, South Riyadh, Riyadh"
"920,000",Apartment,5,3,173 Sq. M.,"Al Naim, North Jeddah, Jeddah"
"750,000",Apartment,5,3,136 Sq. M.,"Al Naim, North Jeddah, Jeddah"
"750,000",Floor,3,3,185 Sq. M.,"Al Janadriyah, East Riyadh, Riyadh"
"920,000",Floor,2,3,154 Sq. M.,"Al Rimal, East Riyadh, Riyadh"
"920,000",Apartment,5,4,173 Sq. M.,"Al Naim, North Jeddah, Jeddah"
"2,900,000",Villa,6,6,319 Sq. M.,"Al Mahdiyah, West Riyadh, Riyadh"
"1,900,000",Villa,5,5,400 Sq. M.,"Al Mahdiyah, West Riyadh, Riyadh"
"3,000,000",Villa,5,5,400 Sq. M.,"Al Mahdiyah, West Riyadh, Riyadh"
"2,300,000",Villa,5,3,400 Sq. M.,"Al Mahdiyah, West Riyadh, Riyadh"
"2,350,000",Villa,6,5,200 Sq. M.,"Al Mahdiyah, West Riyadh, Riyadh"
"2,150,000",Villa,6,5,200 Sq. M.,"Al Mahdiyah, West Riyadh, Riyadh"
"3,000,000",Villa,6,5,300 Sq. M.,"Al Mahdiyah, West Riyadh, Riyadh"
"3,000,000",Villa,6,5,300 Sq. M.,"Al Mahdiyah, West Riyadh, Riyadh"
"2,000,000",Villa,6,7,260 Sq. M.,"Al Mahdiyah, West Riyadh, Riyadh"
"1,800,000",Villa,6,7,260 Sq. M.,"Al Mahdiyah, West Riyadh, Riyadh"
"869,000",Apartment,3,3,138 Sq. M.,"Al Mahdiyah, West Riyadh, Riyadh"
"870,000",Apartment,3,3,138 Sq. M.,"Al Mahdiyah, West Riyadh, Riyadh"
"2,000,000",Villa,5,5,400 Sq. M.,"Al Mahdiyah, West Riyadh, Riyadh"
"1,799,999",Villa,4,3,400 Sq. M.,"Al Mahdiyah, West Riyadh, Riyadh"
"3,000,000",Villa,5,4,400 Sq. M.,"Al Mahdiyah, West Riyadh, Riyadh"
"2,700,000",Villa,7,4,300 Sq. M.,"Al Mahdiyah, West Riyadh, Riyadh"
"1,450,000",Apartment,5,4,217 Sq. M.,"Al Zahraa, North Jeddah, Jeddah"
"1,000,000",Floor,6,4,312 Sq. M.,"Al Rimal, East Riyadh, Riyadh"
"420,000",Apartment,3,3,132 Sq. M.,"Al Dar Al Baida, South Riyadh, Riyadh"
"670,000",Apartment,3,3,150 Sq. M.,"Alawali, West Riyadh, Riyadh"
"600,000",Floor,3,4,204 Sq. M.,"Damak, Khamis Mushait"
"1,800,000",Floor,3,4,196 Sq. M.,"Al Narjis, North Riyadh, Riyadh"
"2,200,000",Villa,5,5,292 Sq. M.,"Al Qadisiyah, East Riyadh, Riyadh"
"1,400,000",Villa,5,4,600 Sq. M.,"Al Nahdah, East Riyadh, Riyadh"
"580,000",Apartment,3,3,154 Sq. M.,"Al Zuhur, Dammam"
"880,000",Floor,8,5,625 Sq. M.,Reghwah
"1,450,000",Apartment,6,4,217 Sq. M.,"Al Zahraa, North Jeddah, Jeddah"
"2,000,000",Villa,4,6,264 Sq. M.,"Al Rimal, East Riyadh, Riyadh"
"2,200,000",Villa,6,5,275 Sq. M.,"Al Rimal, East Riyadh, Riyadh"
"2,200,000",Villa,3,4,275 Sq. M.,"Al Rimal, East Riyadh, Riyadh"
"550,000",Apartment,6,4,191 Sq. M.,"Ghirnatah, Al Jubail"
"1,750,000",Villa,8,9,433 Sq. M.,"Al Mahdiyah, West Riyadh, Riyadh"
"900,000",Apartment,2,4,145 Sq. M.,"Al Muntazah, Dammam"
"2,500,000",Apartment,3,3,132 Sq. M.,"Al Raid, West Riyadh, Riyadh"
"750,000",Apartment,4,3,136 Sq. M.,"Al Mahdiyah, West Riyadh, Riyadh"
"760,000",Apartment,4,3,137 Sq. M.,"Al Mahdiyah, West Riyadh, Riyadh"
"1,250,000",Villa,5,5,357 Sq. M.,"Al Aziziyah, South Riyadh, Riyadh"
"570,000",Apartment,3,3,163 Sq. M.,"Al Hamra, Al Khobar"
"7,000,000",Villa,7,7,600 Sq. M.,"Al Narjis, North Riyadh, Riyadh"
"420,000",Apartment,3,2,107 Sq. M.,"Al Zahraa, North Jeddah, Jeddah"
"1,300,000",Apartment,4,4,141 Sq. M.,"Al Rabi, North Riyadh, Riyadh"
"1,150,000",Villa,4,3,260 Sq. M.,"Al Dar Al Baida, South Riyadh, Riyadh"
"3,500,000",Villa,6,9,625 Sq. M.,"Al Nahdah, North Jeddah, Jeddah"
"670,000",Apartment,3,2,100 Sq. M.,"Al Hamra, East Riyadh, Riyadh"
"1,000,000",Apartment,3,5,189 Sq. M.,"Al Salamah, North Jeddah, Jeddah"
"700,000",Apartment,5,3,158 Sq. M.,"Al Waha, North Jeddah, Jeddah"
"850,000",Apartment,6,4,203 Sq. M.,"Mishrifah, North Jeddah, Jeddah"
"500,000",Apartment,5,2,145 Sq. M.,"Al Manar, North Jeddah, Jeddah"
"380,000",Apartment,4,2,131 Sq. M.,"Al Manar, North Jeddah, Jeddah"
"600,000",Apartment,3,2,82 Sq. M.,"Al Nahdah, North Jeddah, Jeddah"
"1,000,000",Villa,6,3,391 Sq. M.,"Akhbab, Taif"
"670,000",Apartment,5,4,164 Sq. M.,"Al Safa, North Jeddah, Jeddah"
"690,000",Apartment,4,4,177 Sq. M.,"Badr, South Riyadh, Riyadh"
"750,000",Apartment,5,4,205 Sq. M.,"Mishrifah, North Jeddah, Jeddah"
"4,500,000",Villa,6,7,402 Sq. M.,"Al Muhammadiyah, North Jeddah, Jeddah"
"690,000",Apartment,6,4,219 Sq. M.,"Al Dar Al Baida, South Riyadh, Riyadh"
"970,000",Villa,4,4,220 Sq. M.,"Al Murjan, East Riyadh, Riyadh"
"1,200,000",Villa,6,5,307 Sq. M.,"Ash Shamiya Al Jadid, Makkah"
"1,350,000",Floor,5,4,185 Sq. M.,"Al Munsiyah, East Riyadh, Riyadh"
"3,300,000",Villa,4,5,250 Sq. M.,"Al Narjis, North Riyadh, Riyadh"
"2,400,000",Villa,6,4,240 Sq. M.,"Al Munsiyah, East Riyadh, Riyadh"
"550,000",Apartment,3,3,182 Sq. M.,"Ash Shamiya Al Jadid, Makkah"
"1,030,000",Villa,3,2,173 Sq. M.,"Al Rimal, East Riyadh, Riyadh"
"2,100,000",Villa,6,4,307 Sq. M.,"Al Rimal, East Riyadh, Riyadh"
"1,100,000",Villa,6,6,313 Sq. M.,"Al Riyadh, North Jeddah, Jeddah"
"650,000",Floor,3,4,204 Sq. M.,"Al Badei, Abha"
"550,000",Apartment,5,4,197 Sq. M.,"Ar Rehab 3, Jazan"
"650,000",Apartment,3,5,257 Sq. M.,"Al Wessam, Khamis Mushait"
"859,000",Apartment,3,3,"2,187 Sq. M.","King Faisal, East Riyadh, Riyadh"
"820,000",Apartment,5,4,177 Sq. M.,"Al Rawdah, North Jeddah, Jeddah"
"315,000",Apartment,2,1,702 Sq. M.,"Al Nur, Dammam"
"1,100,000",Villa,7,5,200 Sq. M.,"Al Fadeylah, South Jeddah, Jeddah"
"1,200,000",Villa,7,8,399 Sq. M.,"Al Wurud, Al Kharj Riyadh Region"
"900,000",Villa,7,4,324 Sq. M.,"Al Sawari, Al Khobar"
"730,000",Apartment,7,3,223 Sq. M.,"Al Nakhil District, Al Jumum"
"2,400,000",Villa,5,4,300 Sq. M.,"Al Munsiyah, East Riyadh, Riyadh"
"720,000",Apartment,5,3,176 Sq. M.,"Al Safa, North Jeddah, Jeddah"
"600,000",Apartment,6,3,230 Sq. M.,"Asharai, Makkah"
"770,000",Villa,5,2,319 Sq. M.,Al Oyun
"850,000",Floor,5,3,195 Sq. M.,"Al Rimal, East Riyadh, Riyadh"
"650,000",Apartment,3,3,83 Sq. M.,"Al Rimal, East Riyadh, Riyadh"
"980,000",Floor,5,4,173 Sq. M.,"Al Rimal, East Riyadh, Riyadh"
"2,700,000",Villa,5,5,450 Sq. M.,"Dhahrat Laban, West Riyadh, Riyadh"
"900,000",Rest House,3,1,420 Sq. M.,"Okaz, South Riyadh, Riyadh"
"1,600,000",Floor,5,4,621 Sq. M.,"Al Munsiyah, East Riyadh, Riyadh"
"1,450,000",Apartment,3,3,972 Sq. M.,"Al Qirawan, North Riyadh, Riyadh"
"630,000",Apartment,5,4,163 Sq. M.,"As Salamah, Makkah"
"430,000",Apartment,3,3,99 Sq. M.,"Al Faisaliyah, Central Jeddah, Jeddah"
"630,000",Apartment,4,3,112 Sq. M.,"Al Salamah, North Jeddah, Jeddah"
"1,650,000",Villa,7,3,360 Sq. M.,"Alawali, West Riyadh, Riyadh"
"1,250,000",Floor,3,3,203 Sq. M.,"Al Qadisiyah, East Riyadh, Riyadh"
"499,000",Apartment,3,3,120 Sq. M.,"Al Waha, North Jeddah, Jeddah"
"1,200,000",Floor,4,4,200 Sq. M.,"Al Qadisiyah, East Riyadh, Riyadh"
"1,450,000",Apartment,8,4,264 Sq. M.,"Mansubi Al Taleem 1st, Al Ahsa"
"2,500,000",Villa,5,4,504 Sq. M.,"Al Munsiyah, East Riyadh, Riyadh"
"780,000",Villa,5,6,336 Sq. M.,"Al Quhaib, Taif"
"1,050,000",Villa,6,5,500 Sq. M.,"As Sail Al Kabeer, Taif"
"1,000,000",Villa,5,7,500 Sq. M.,"As Sail Al Kabeer, Taif"
"520,000",Apartment,3,3,173 Sq. M.,"Governmental1, Jeddah"
"620,000",Apartment,3,3,111 Sq. M.,"Al Naim, North Jeddah, Jeddah"
"780,000",Villa,5,4,336 Sq. M.,"Al Quhaib, Taif"
"2,500,000",Villa,5,6,504 Sq. M.,"Al Munsiyah, East Riyadh, Riyadh"
"1,000,000",Floor,4,3,219 Sq. M.,"Al Qadisiyah, East Riyadh, Riyadh"
"1,150,000",Floor,4,5,159 Sq. M.,"Al Qadisiyah, East Riyadh, Riyadh"
"1,700,000",Villa,5,6,324 Sq. M.,"Al Rimal, East Riyadh, Riyadh"
"2,000,000",Villa,6,6,281 Sq. M.,"Al Rimal, East Riyadh, Riyadh"
"1,600,000",Floor,3,4,621 Sq. M.,"Al Munsiyah, East Riyadh, Riyadh"
"1,750,000",Floor,4,5,621 Sq. M.,"Al Munsiyah, East Riyadh, Riyadh"
"1,100,000",Floor,5,5,209 Sq. M.,"Al Bayan Neighborhood, East Riyadh, Riyadh"
"600,000",Floor,3,3,214 Sq. M.,"Badr, South Riyadh, Riyadh"
"950,000",Floor,5,5,170 Sq. M.,"Al Bayan Neighborhood, East Riyadh, Riyadh"
"1,100,000",Floor,3,3,209 Sq. M.,"Al Bayan Neighborhood, East Riyadh, Riyadh"
"1,100,000",Floor,4,3,209 Sq. M.,"Al Bayan Neighborhood, East Riyadh, Riyadh"
"430,000",Apartment,5,3,149 Sq. M.,"Badr, South Riyadh, Riyadh"
"530,000",Floor,6,4,179 Sq. M.,"Badr, South Riyadh, Riyadh"
"4,000,000",Villa,6,7,400 Sq. M.,"Al Mahdiyah, West Riyadh, Riyadh"
"1,350,000",Apartment,3,3,188 Sq. M.,"Al Munsiyah, East Riyadh, Riyadh"
"1,350,000",Apartment,4,4,188 Sq. M.,"Al Munsiyah, East Riyadh, Riyadh"
"450,000",Apartment,3,3,182 Sq. M.,"Badr, South Riyadh, Riyadh"
"905,000",Apartment,3,3,137 Sq. M.,"Al Munsiyah, East Riyadh, Riyadh"
"1,800,000",Villa,6,5,500 Sq. M.,"Al Dar Al Baida, South Riyadh, Riyadh"
"2,300,000",Villa,8,6,750 Sq. M.,"Dahiat Namar, West Riyadh, Riyadh"
"1,100,000",Villa,6,6,200 Sq. M.,"Al Riyadh, North Jeddah, Jeddah"
"1,050,000",Villa,6,6,200 Sq. M.,"Al Salehiyah, North Jeddah, Jeddah"
"800,000",Villa,6,7,240 Sq. M.,"Al Aziziyah, Bahrah 3"
"1,500,000",Villa,4,6,250 Sq. M.,"Al Sawari, North Jeddah, Jeddah"
"2,000,000",Villa,6,7,450 Sq. M.,"Taiba District, North Jeddah, Jeddah"
"1,350,000",Villa,8,6,300 Sq. M.,"Al Salehiyah, North Jeddah, Jeddah"
"2,050,000",Villa,6,5,270 Sq. M.,"Al Yaqout, North Jeddah, Jeddah"
"1,200,000",Villa,6,7,300 Sq. M.,"Al Rahmanyah, North Jeddah, Jeddah"
"1,150,000",Villa,4,6,310 Sq. M.,"Al Wafa Scheme, North Jeddah, Jeddah"
"1,050,000",Villa,6,6,200 Sq. M.,"Al Frosyah, South Jeddah, Jeddah"
"1,200,000",Villa,4,4,390 Sq. M.,"Ash Shamiya Al Jadid, Makkah"
"730,000",Apartment,3,3,900 Sq. M.,"Dhahrat Laban, West Riyadh, Riyadh"
"780,000",Floor,4,3,208 Sq. M.,"Badr, South Riyadh, Riyadh"
"1,550,000",Floor,3,3,185 Sq. M.,"Al Munsiyah, East Riyadh, Riyadh"
"480,000",Apartment,4,3,166 Sq. M.,"Alqrahin, Taif"
"900,000",Villa,5,5,200 Sq. M.,"Al Frosyah, South Jeddah, Jeddah"
"850,000",Villa,3,4,310 Sq. M.,"Al Wafa Scheme, North Jeddah, Jeddah"
"1,200,000",Villa,5,6,280 Sq. M.,"Al Salehiyah, North Jeddah, Jeddah"
"1,300,000",Villa,8,8,300 Sq. M.,"Al Rahmanyah, North Jeddah, Jeddah"
"660,000",Apartment,3,3,183 Sq. M.,"Al Mohamdya, Makkah"
"500,000",Apartment,3,3,181 Sq. M.,"Al Taniem, Makkah"
"900,000",Villa,5,6,340 Sq. M.,"Al Riyadh, North Jeddah, Jeddah"
"900,000",Villa,5,6,360 Sq. M.,"Al Riyadh, North Jeddah, Jeddah"
"600,000",Residential Building,3,2,120 Sq. M.,"Taiba District, North Jeddah, Jeddah"
"490,000",Apartment,5,3,213 Sq. M.,"Ar Rehab 3, Jazan"
"920,000",Floor,3,2,61 Sq. M.,"Al Nasim Al Sharqi, East Riyadh, Riyadh"
"490,000",Apartment,4,4,168 Sq. M.,"Okaz, South Riyadh, Riyadh"
"550,000",Floor,4,4,217 Sq. M.,"Shubat Al Shaykh, Khamis Mushait"
"450,000",Apartment,3,3,177 Sq. M.,"Badr, South Riyadh, Riyadh"
"520,000",Apartment,4,4,239 Sq. M.,"North Al Tadamun, Khamis Mushait"
"750,000",Apartment,5,3,900 Sq. M.,"Dhahrat Laban, West Riyadh, Riyadh"
"450,000",Apartment,4,3,164 Sq. M.,"Badr, South Riyadh, Riyadh"
"5,500,000",Villa,5,5,425 Sq. M.,"Al Sahafah, North Riyadh, Riyadh"
"580,000",Apartment,3,3,111 Sq. M.,"Al Salamah, North Jeddah, Jeddah"
"680,000",Apartment,5,3,136 Sq. M.,"Al Salamah, North Jeddah, Jeddah"
"630,000",Apartment,5,3,112 Sq. M.,"Al Salamah, North Jeddah, Jeddah"
"550,000",Apartment,3,3,128 Sq. M.,"Al Zahrah, West Riyadh, Riyadh"
"780,000",Apartment,4,3,132 Sq. M.,"Al Rawdah, North Jeddah, Jeddah"
"750,000",Apartment,3,3,123 Sq. M.,"Al Nasim Al Sharqi, East Riyadh, Riyadh"
"590,000",Apartment,3,4,222 Sq. M.,"Al Noor District, Khamis Mushait"
"950,000",Villa,8,5,320 Sq. M.,"Al Rawdah, Abu Arish"
"680,000",Villa,5,3,313 Sq. M.,"As Sail Al Kabeer, Taif"
"569,000",Apartment,3,3,138 Sq. M.,"Al Manar, North Jeddah, Jeddah"
"620,000",Apartment,5,3,166 Sq. M.,"Dhahrat Laban, West Riyadh, Riyadh"
"2,400,000",Villa,5,5,639 Sq. M.,"Al Mahdiyah, West Riyadh, Riyadh"
"500,000",Floor,3,2,110 Sq. M.,"Badr, South Riyadh, Riyadh"
"550,000",Apartment,3,3,149 Sq. M.,"Badr, South Riyadh, Riyadh"
"680,000",Apartment,5,3,136 Sq. M.,"Al Salamah, North Jeddah, Jeddah"
"680,000",Apartment,5,3,136 Sq. M.,"Al Salamah, North Jeddah, Jeddah"
"900,000",Apartment,6,4,188 Sq. M.,"Al Naim, North Jeddah, Jeddah"
"820,000",Apartment,5,3,165 Sq. M.,"Al Salamah, North Jeddah, Jeddah"
"580,000",Apartment,3,4,169 Sq. M.,"Tuwaiq, West Riyadh, Riyadh"
"780,000",Apartment,5,3,176 Sq. M.,"Al Salamah, North Jeddah, Jeddah"
"550,000",Apartment,3,3,128 Sq. M.,"Al Zahrah, West Riyadh, Riyadh"
"950,000",Apartment,6,4,600 Sq. M.,"Al Zuhur, Abha"
"1,350,000",Villa,4,5,300 Sq. M.,"Al Riyadh, North Jeddah, Jeddah"
"600,000",Apartment,3,4,133 Sq. M.,"Al Marwah, North Jeddah, Jeddah"
"1,100,000",Villa,5,5,450 Sq. M.,"Al Wafa Scheme, North Jeddah, Jeddah"
"700,000",Apartment,4,3,158 Sq. M.,Makkah
"5,500,000",Villa,7,5,200 Sq. M.,"Irqah, West Riyadh, Riyadh"
"620,000",Apartment,3,3,111 Sq. M.,"Al Naim, North Jeddah, Jeddah"
"1,100,000",Villa,11,6,831 Sq. M.,"Al Sulaimaniyyah, Afif"
"830,000",Apartment,7,4,280 Sq. M.,"Al Umrah, Makkah"
"430,000",Apartment,5,3,145 Sq. M.,"Al Umrah, Makkah"
"750,000",Apartment,4,3,219 Sq. M.,"Batha Quraysh, Makkah"
"1,250,000",Villa,6,7,300 Sq. M.,"Al misyal Al Jadid, Makkah"
"679,000",Apartment,3,3,136 Sq. M.,"Al Mahdiyah, West Riyadh, Riyadh"
"1,450,000",Villa,4,5,453 Sq. M.,"Ash Shamiya Al Jadid, Makkah"
"550,000",Floor,3,4,217 Sq. M.,"Shubat Al Shaykh, Khamis Mushait"
"690,000",Apartment,6,4,210 Sq. M.,"Al Rayaan, North Jeddah, Jeddah"
"690,000",Apartment,5,4,220 Sq. M.,"Badr, South Riyadh, Riyadh"
"440,000",Apartment,4,3,128 Sq. M.,"Al Mraikh, North Jeddah, Jeddah"
"780,000",Apartment,4,3,136 Sq. M.,"Al Rawdah, North Jeddah, Jeddah"
"780,000",Apartment,4,3,136 Sq. M.,"Al Rawdah, North Jeddah, Jeddah"
"520,000",Apartment,3,3,86 Sq. M.,"Al Rawdah, North Jeddah, Jeddah"
"1,100,000",Floor,3,4,141 Sq. M.,"Al Munsiyah, East Riyadh, Riyadh"
"550,000",Apartment,3,4,229 Sq. M.,"Al Raqi, Khamis Mushait"
"490,000",Apartment,5,4,214 Sq. M.,"Al Safa, Jazan"
"620,000",Apartment,3,4,225 Sq. M.,"Al Sharaf, Khamis Mushait"
"580,000",Floor,6,5,242 Sq. M.,"Badr, South Riyadh, Riyadh"
"600,000",Villa,7,5,413 Sq. M.,"Al Haer, Riyadh"
"380,000",Apartment,2,1,76 Sq. M.,"Al Aziziyah, Makkah"
"1,600,000",Villa,5,6,297 Sq. M.,"Al Muraikabat, Dammam"
"3,000,000",Villa,4,3,420 Sq. M.,"Al Bayan Neighborhood, East Riyadh, Riyadh"
"1,500,000",Villa,9,6,274 Sq. M.,"Al Rimal, East Riyadh, Riyadh"
"2,500,000",Villa,4,4,500 Sq. M.,"Al Muntazah, Dammam"
"999,000",Apartment,3,3,184 Sq. M.,"Al Nuzhah, North Jeddah, Jeddah"
"999,000",Apartment,3,3,184 Sq. M.,"Al Nuzhah, North Jeddah, Jeddah"
"1,800,000",Villa,6,6,359 Sq. M.,"Al Janadriyah, East Riyadh, Riyadh"
"1,350,000",Floor,3,3,185 Sq. M.,"Al Munsiyah, East Riyadh, Riyadh"
"1,350,000",Floor,3,4,500 Sq. M.,"Al Munsiyah, East Riyadh, Riyadh"
"1,050,000",Floor,3,3,168 Sq. M.,"Al Qadisiyah, East Riyadh, Riyadh"
"720,000",Apartment,4,3,101 Sq. M.,"Al Maizilah, East Riyadh, Riyadh"
"2,350,000",Villa,12,5,810 Sq. M.,"Shubra, West Riyadh, Riyadh"
"2,500,000",Villa,11,7,750 Sq. M.,"Dirab, West Riyadh, Riyadh"
"3,600,000",Villa,5,8,250 Sq. M.,"Al Narjis, North Riyadh, Riyadh"
"720,000",Apartment,4,3,101 Sq. M.,"Al Maizilah, East Riyadh, Riyadh"
"1,800,000",Villa,5,6,285 Sq. M.,"Al Qadisiyah, East Riyadh, Riyadh"
"720,000",Apartment,3,3,156 Sq. M.,"Al Maizilah, East Riyadh, Riyadh"
"839,000",Apartment,3,3,159 Sq. M.,"Al Qadisiyah, East Riyadh, Riyadh"
"5,000,000",Villa,7,7,684 Sq. M.,"Irqah, West Riyadh, Riyadh"
"630,000",Apartment,4,3,232 Sq. M.,"Uhud, Dammam"
"850,000",Villa,7,5,600 Sq. M.,"Al Fadeylah, South Jeddah, Jeddah"
"733,000",Apartment,6,4,227 Sq. M.,"Al yarmuk, Khamis Mushait"
"560,000",Apartment,4,3,232 Sq. M.,"Uhud, Dammam"
"630,000",Apartment,5,3,233 Sq. M.,"Uhud, Dammam"
"600,000",Apartment,4,3,177 Sq. M.,"Al Nur, Dammam"
"1,350,000",Floor,3,3,185 Sq. M.,"Al Munsiyah, East Riyadh, Riyadh"
"870,000",Villa,4,5,375 Sq. M.,"Ar Rehab, Taif"
"870,000",Villa,5,4,311 Sq. M.,"Ar Rehab, Taif"
"450,000",Apartment,4,3,129 Sq. M.,"As Salamah, Makkah"
"720,000",Apartment,5,3,144 Sq. M.,"Al Maizilah, East Riyadh, Riyadh"
"430,000",Residential Building,3,2,193 Sq. M.,"Al Faisaliyah, Central Jeddah, Jeddah"
"850,000",Apartment,4,3,140 Sq. M.,"Al Yarmuk, East Riyadh, Riyadh"
"770,000",Apartment,4,3,140 Sq. M.,"Al Qadisiyah, East Riyadh, Riyadh"
"770,000",Apartment,3,3,140 Sq. M.,"Al Qadisiyah, East Riyadh, Riyadh"
"400,000",Floor,3,2,137 Sq. M.,"Al Dar Al Baida, South Riyadh, Riyadh"
"780,000",Floor,6,5,672 Sq. M.,"An Nuzhah, Bishah"
"1,200,000",Floor,4,4,242 Sq. M.,"Al Qadisiyah, East Riyadh, Riyadh"
"1,200,000",Villa,11,6,"1,856 Sq. M.","Al Yarmouk District, Al Rass"
"6,000,000",Villa,4,3,350 Sq. M.,"King Abduallah, North Riyadh, Riyadh"
"770,000",Apartment,4,3,140 Sq. M.,"Al Qadisiyah, East Riyadh, Riyadh"
"1,350,000",Floor,3,3,500 Sq. M.,"Al Munsiyah, East Riyadh, Riyadh"
"1,350,000",Floor,3,3,185 Sq. M.,"Al Munsiyah, East Riyadh, Riyadh"
"450,000",Apartment,3,3,177 Sq. M.,"Badr, South Riyadh, Riyadh"
"675,000",Apartment,4,3,127 Sq. M.,"Al Salamah, North Jeddah, Jeddah"
"1,100,000",Floor,4,3,131 Sq. M.,"Al Munsiyah, East Riyadh, Riyadh"
"1,100,000",Floor,4,3,131 Sq. M.,"Al Munsiyah, East Riyadh, Riyadh"
"1,350,000",Floor,3,3,185 Sq. M.,"Al Munsiyah, East Riyadh, Riyadh"
"1,350,000",Floor,4,4,185 Sq. M.,"Al Munsiyah, East Riyadh, Riyadh"
"1,100,000",Floor,3,3,131 Sq. M.,"Al Munsiyah, East Riyadh, Riyadh"
"1,100,000",Floor,4,4,131 Sq. M.,"Al Munsiyah, East Riyadh, Riyadh"
"1,350,000",Floor,4,5,185 Sq. M.,"Al Munsiyah, East Riyadh, Riyadh"
"1,100,000",Floor,4,4,131 Sq. M.,"Al Munsiyah, East Riyadh, Riyadh"
"927,000",Apartment,4,4,192 Sq. M.,"Al Munsiyah, East Riyadh, Riyadh"
"900,000",Apartment,3,3,326 Sq. M.,"Al Qadisiyah, East Riyadh, Riyadh"
"720,000",Apartment,3,3,101 Sq. M.,"Al Maizilah, East Riyadh, Riyadh"
"730,000",Apartment,3,3,141 Sq. M.,"Al Maizilah, East Riyadh, Riyadh"
"770,000",Apartment,3,3,140 Sq. M.,"Al Qadisiyah, East Riyadh, Riyadh"
"1,050,000",Floor,5,3,331 Sq. M.,"Al Bayan Neighborhood, East Riyadh, Riyadh"
"3,000,000",Villa,5,5,420 Sq. M.,"Al Bayan Neighborhood, East Riyadh, Riyadh"
"3,000,000",Villa,5,4,420 Sq. M.,"Al Bayan Neighborhood, East Riyadh, Riyadh"
"1,050,000",Floor,4,3,331 Sq. M.,"Al Bayan Neighborhood, East Riyadh, Riyadh"
"790,000",Apartment,3,3,160 Sq. M.,"Al Qadisiyah, East Riyadh, Riyadh"
"770,000",Apartment,4,3,140 Sq. M.,"Al Qadisiyah, East Riyadh, Riyadh"
"790,000",Apartment,4,4,159 Sq. M.,"Al Qadisiyah, East Riyadh, Riyadh"
"850,000",Apartment,3,3,145 Sq. M.,"Al Yarmuk, East Riyadh, Riyadh"
"1,000,000",Apartment,4,3,142 Sq. M.,"Al Yarmuk, East Riyadh, Riyadh"
"720,000",Apartment,3,3,156 Sq. M.,"Al Maizilah, East Riyadh, Riyadh"
"720,000",Apartment,3,3,101 Sq. M.,"Al Maizilah, East Riyadh, Riyadh"
"820,000",Villa,7,5,400 Sq. M.,"King Fahd District, Unayzah"
"870,000",Apartment,4,3,160 Sq. M.,"King Faisal, East Riyadh, Riyadh"
"270,000",Apartment,2,2,108 Sq. M.,Dammam
"1,050,000",Villa,6,5,300 Sq. M.,"Badr, South Riyadh, Riyadh"
"1,150,000",Villa,5,5,350 Sq. M.,"Al Shifa, South Riyadh, Riyadh"
"560,000",Apartment,5,3,168 Sq. M.,Jeddah
"550,000",Apartment,3,3,375 Sq. M.,"Badr, South Riyadh, Riyadh"
"790,000",Apartment,5,4,170 Sq. M.,"Al Salamah, North Jeddah, Jeddah"
"2,300,000",Villa,6,7,425 Sq. M.,"Al Shulah, Dammam"
"5,300,000",Villa,11,8,625 Sq. M.,"Jarir, Central Riyadh, Riyadh"
"820,000",Villa,4,3,220 Sq. M.,"Al Murjan, East Riyadh, Riyadh"
"950,000",Floor,3,3,192 Sq. M.,"Al Qadisiyah, East Riyadh, Riyadh"
"590,000",Floor,4,4,297 Sq. M.,"Al Aziziyah, South Riyadh, Riyadh"
"1,700,000",Villa,9,7,548 Sq. M.,"Al-Zuhur District - Buqayq, Buqayq"
"1,250,000",Residential Building,4,4,461 Sq. M.,"Al Nahdah, Al Kharj Riyadh Region"
"750,000",Villa,3,3,500 Sq. M.,"Al Zahir Neighborhood, Al Kharj Riyadh Region"
"450,000",Apartment,4,3,136 Sq. M.,"Bryman, North Jeddah, Jeddah"
"1,130,000",Villa,10,1,392 Sq. M.,"Namar, West Riyadh, Riyadh"
"620,000",Apartment,3,2,84 Sq. M.,"Wadi Jalil, Makkah"
"570,000",Apartment,5,3,167 Sq. M.,"Al Waha, North Jeddah, Jeddah"
"1,270,000",Villa,6,6,243 Sq. M.,"King Fahd Suburb, Dammam"
"770,000",Residential Building,5,4,185 Sq. M.,"Al Sawari, North Jeddah, Jeddah"
"2,600,000",Villa,10,8,220 Sq. M.,"Al Nahdah, East Riyadh, Riyadh"
"1,400,000",Villa,6,6,369 Sq. M.,"Al Shulah, Dammam"
"1,000,000",Floor,3,2,350 Sq. M.,"Al Masif, Tabuk"
"1,700,000",Apartment,3,3,156 Sq. M.,"Al Arid, North Riyadh, Riyadh"
"670,000",Apartment,5,3,154 Sq. M.,"Alawali, West Riyadh, Riyadh"
"299,000",Apartment,4,4,"1,784 Sq. M.","Al Bawadi, North Jeddah, Jeddah"
"1,300,000",Villa,10,6,675 Sq. M.,"Al Salam, Al Kharj Riyadh Region"
"390,000",Apartment,4,3,133 Sq. M.,"Al Nur, Dammam"
"9,500,000",Villa,7,6,930 Sq. M.,"Al Rawdah, East Riyadh, Riyadh"
"3,200,000",Villa,8,8,600 Sq. M.,"Jarir, Central Riyadh, Riyadh"
"580,000",Apartment,5,4,221 Sq. M.,"Ar Rawabi, Abha"
"680,000",Apartment,5,3,161 Sq. M.,"Al Marwah, North Jeddah, Jeddah"
"1,500,000",Apartment,6,4,207 Sq. M.,"Al Rawdah, North Jeddah, Jeddah"
"650,000",Apartment,5,3,164 Sq. M.,"Al Rehab, North Jeddah, Jeddah"
"540,000",Apartment,4,3,131 Sq. M.,"Al Marwah, North Jeddah, Jeddah"
"5,500,000",Residential Building,11,11,529 Sq. M.,"Al Rawdah, North Jeddah, Jeddah"
"540,000",Apartment,4,3,131 Sq. M.,"Al Marwah, North Jeddah, Jeddah"
"540,000",Apartment,4,3,131 Sq. M.,"Al Marwah, North Jeddah, Jeddah"
"4,000,000",Villa,11,7,375 Sq. M.,"Al Yasmin, North Riyadh, Riyadh"
"2,450,000",Villa,8,8,409 Sq. M.,"Al Murjan, North Jeddah, Jeddah"
"850,000",Villa,8,6,440 Sq. M.,"Al Suwaidi, West Riyadh, Riyadh"
"2,900,000",Villa,5,5,338 Sq. M.,"Al Rimal, East Riyadh, Riyadh"
"2,000,000",Villa,5,8,276 Sq. M.,"Al Maizilah, East Riyadh, Riyadh"
"2,300,000",Villa,5,6,450 Sq. M.,"Al Mahdiyah, West Riyadh, Riyadh"
"930,000",Apartment,5,4,680 Sq. M.,"Al Zahraa, North Jeddah, Jeddah"
"540,000",Apartment,3,3,229 Sq. M.,"Al Safa, Abha"
"590,000",Floor,4,5,367 Sq. M.,"Al Wurud, Rafha"
"830,000",Apartment,4,3,140 Sq. M.,"Al Salamah, North Jeddah, Jeddah"
"620,000",Apartment,3,3,105 Sq. M.,"Al Zahraa, North Jeddah, Jeddah"
"900,000",Floor,4,3,276 Sq. M.,"Al Maizilah, East Riyadh, Riyadh"
"520,000",Apartment,3,3,153 Sq. M.,"Al Hamra, Al Khobar"
"5,000,000",Villa,7,10,550 Sq. M.,"Ishbiliyah, East Riyadh, Riyadh"
"2,000,000",Villa,5,5,400 Sq. M.,"Al Mahdiyah, West Riyadh, Riyadh"
"940,000",Floor,3,3,"9,100 Sq. M.","Al Munsiyah, East Riyadh, Riyadh"
"560,000",Apartment,Studio,1,58 Sq. M.,"Al Fayhaa, North Jeddah, Jeddah"
"580,000",Apartment,3,3,100 Sq. M.,"Al Naim, North Jeddah, Jeddah"
"660,000",Floor,4,3,152 Sq. M.,"Al Dar Al Baida, South Riyadh, Riyadh"
"790,000",Apartment,5,3,175 Sq. M.,"Al Salamah, North Jeddah, Jeddah"
"1,400,000",Villa,4,4,300 Sq. M.,"Al Janadriyah, East Riyadh, Riyadh"
"450,000",Apartment,3,2,102 Sq. M.,"Al Marwah, North Jeddah, Jeddah"
"350,000",Floor,5,2,146 Sq. M.,"Al Dhahirah, Madina"
"830,000",Apartment,4,3,140 Sq. M.,"Al Salamah, North Jeddah, Jeddah"
"250,000",Villa,7,4,82 Sq. M.,"Thulaim, Central Riyadh, Riyadh"
"850,000",Apartment,4,3,186 Sq. M.,"Tuwaiq, West Riyadh, Riyadh"
"900,000",Floor,5,3,"1,806 Sq. M.","Yadmat Alawil w Althaani, Yadamah"
"4,000,000",Rest House,3,1,"3,000 Sq. M.",Mukhtat Rest Houses Al Omariyah
"449,000",Apartment,4,3,750 Sq. M.,"Al Nuzhah, North Jeddah, Jeddah"
"450,000",Apartment,3,2,102 Sq. M.,"Al Marwah, North Jeddah, Jeddah"
"580,000",Apartment,3,2,100 Sq. M.,"Al Naim, North Jeddah, Jeddah"
"380,000",Apartment,4,2,134 Sq. M.,"Al Dar Al Baida, South Riyadh, Riyadh"
"540,000",Apartment,4,3,131 Sq. M.,"Al Marwah, North Jeddah, Jeddah"
"590,000",Apartment,8,6,"1,375 Sq. M.","Al Fayhaa, North Jeddah, Jeddah"
"669,000",Apartment,3,3,148 Sq. M.,"Mudhainib, Madina"
"530,000",Apartment,2,2,"1,049 Sq. M.","Al Rawdah, North Jeddah, Jeddah"
"250,000",Apartment,2,2,706 Sq. M.,"Al Mraikh, North Jeddah, Jeddah"
"480,000",Apartment,3,3,179 Sq. M.,"Badr, South Riyadh, Riyadh"
"650,000",Apartment,6,4,178 Sq. M.,"Al Buhayrat, Makkah"
"3,100,000",Villa,5,5,300 Sq. M.,"Al Mahdiyah, West Riyadh, Riyadh"
"720,000",Apartment,5,3,130 Sq. M.,"Al Naim, North Jeddah, Jeddah"
"320,000",Apartment,3,3,659 Sq. M.,"Al Mraikh, North Jeddah, Jeddah"
"1,950,000",Villa,5,5,195 Sq. M.,"King Khalid International Airport, North Riyadh, Riyadh"
"700,000",Floor,4,4,177 Sq. M.,"Badr, South Riyadh, Riyadh"
"730,000",Apartment,6,4,219 Sq. M.,"Batha Quraysh, Makkah"
"650,000",Apartment,7,4,"1,183 Sq. M.","Al Maealaa, Ahad Rafidah"
"740,000",Apartment,4,3,117 Sq. M.,"Al Rawdah, North Jeddah, Jeddah"
"650,000",Apartment,4,3,123 Sq. M.,"Al Salamah, North Jeddah, Jeddah"
"3,450,000",Villa,5,6,324 Sq. M.,"Al Munsiyah, East Riyadh, Riyadh"
"12,000,000",Villa,3,7,"1,004 Sq. M.","Bir Uthman, Madina"
"1,200,000",Floor,5,3,381 Sq. M.,"Al Duwaikhilah, Madina"
"650,000",Apartment,4,3,111 Sq. M.,"Al Salamah, North Jeddah, Jeddah"
"1,750,000",Villa,9,8,303 Sq. M.,"Al Janadriyah, East Riyadh, Riyadh"
"3,200,000",Villa,10,10,625 Sq. M.,"Tuwaiq, West Riyadh, Riyadh"
"1,350,000",Floor,4,3,207 Sq. M.,"Al Munsiyah, East Riyadh, Riyadh"
"2,350,000",Villa,6,5,250 Sq. M.,"Al Yarmuk, East Riyadh, Riyadh"
"4,700,000",Villa,10,10,827 Sq. M.,"Al Sheraa, North Jeddah, Jeddah"
"680,000",Apartment,5,2,161 Sq. M.,"Al Marwah, North Jeddah, Jeddah"
"800,000",Apartment,4,3,450 Sq. M.,"Al Mahdiyah, West Riyadh, Riyadh"
"870,000",Apartment,4,5,450 Sq. M.,"Al Mahdiyah, West Riyadh, Riyadh"
"770,000",Apartment,4,4,450 Sq. M.,"Al Mahdiyah, West Riyadh, Riyadh"
"800,000",Apartment,4,3,450 Sq. M.,"Al Mahdiyah, West Riyadh, Riyadh"
"820,000",Apartment,4,3,450 Sq. M.,"Al Mahdiyah, West Riyadh, Riyadh"
"950,000",Apartment,4,3,450 Sq. M.,"Al Mahdiyah, West Riyadh, Riyadh"
"760,000",Apartment,4,3,450 Sq. M.,"Al Mahdiyah, West Riyadh, Riyadh"
"450,000",Apartment,3,2,102 Sq. M.,"Al Marwah, North Jeddah, Jeddah"
"2,200,000",Villa,5,5,390 Sq. M.,"Al Mahdiyah, West Riyadh, Riyadh"
"2,360,000",Villa,5,6,250 Sq. M.,"Al Yarmuk, East Riyadh, Riyadh"
"595,000",Apartment,5,3,178 Sq. M.,"Al Marwah, North Jeddah, Jeddah"
"700,000",Apartment,5,4,174 Sq. M.,"Al Safa, North Jeddah, Jeddah"
"1,300,000",Apartment,5,4,172 Sq. M.,"Qurtubah, East Riyadh, Riyadh"
"920,000",Apartment,5,3,173 Sq. M.,"Al Naim, North Jeddah, Jeddah"
"2,665,000",Villa,5,5,594 Sq. M.,"Al Khaleej, East Riyadh, Riyadh"
"1,550,000",Villa,8,5,312 Sq. M.,"Al Noor District, Obhur Al Janoubiyah, North Jeddah, Jeddah"
"819,000",Apartment,3,3,134 Sq. M.,"Al Rimal, East Riyadh, Riyadh"
"430,000",Apartment,3,3,99 Sq. M.,"Al Faisaliyah, Central Jeddah, Jeddah"
"650,000",Building,3,3,150 Sq. M.,"Al Rimal, East Riyadh, Riyadh"
"6,500,000",Villa,5,7,478 Sq. M.,"Al Malqa, North Riyadh, Riyadh"
"600,000",Apartment,3,2,341 Sq. M.,"Al Rimal, East Riyadh, Riyadh"
"2,650,000",Villa,6,4,250 Sq. M.,"Al Nafal, North Riyadh, Riyadh"
"1,020,000",Apartment,4,3,192 Sq. M.,"Al Munsiyah, East Riyadh, Riyadh"
"475,000",Apartment,5,1,150 Sq. M.,"Al Sakb, Madina"
"510,000",Apartment,4,3,144 Sq. M.,"Al Hazm, West Riyadh, Riyadh"
"750,000",Apartment,4,4,167 Sq. M.,"Al Marwah, North Jeddah, Jeddah"
"250,000",Apartment,2,2,706 Sq. M.,"Al Mraikh, North Jeddah, Jeddah"
"510,000",Apartment,4,3,133 Sq. M.,"Al Rawdah, North Jeddah, Jeddah"
"280,000",Apartment,2,2,102 Sq. M.,"As Sanabel, Makkah"
"780,000",Floor,4,4,180 Sq. M.,"Al Janadriyah, East Riyadh, Riyadh"
"1,450,000",Apartment,5,4,171 Sq. M.,"Al Rawdah, North Jeddah, Jeddah"
"1,400,000",Floor,5,3,600 Sq. M.,"Al Khaleej, East Riyadh, Riyadh"
"2,500,000",Villa,5,6,231 Sq. M.,"Al Munsiyah, East Riyadh, Riyadh"
"580,000",Apartment,3,4,124 Sq. M.,"Al Suwaidi, West Riyadh, Riyadh"
"1,800,000",Floor,3,5,57 Sq. M.,"Al Arid, North Riyadh, Riyadh"
"750,000",Apartment,3,3,167 Sq. M.,"Al Marwah, North Jeddah, Jeddah"
"12,000,000",Villa,8,7,"1,015 Sq. M.","King Salman, Riyadh"
"750,000",Apartment,4,3,167 Sq. M.,"Al Marwah, North Jeddah, Jeddah"
"790,000",Floor,3,4,152 Sq. M.,"Al Maizilah, East Riyadh, Riyadh"
"2,000,000",Villa,9,1,324 Sq. M.,"Al Hazm, West Riyadh, Riyadh"
"750,000",Villa,4,2,300 Sq. M.,Al Kharj Riyadh Region
"610,000",Apartment,3,3,"1,804 Sq. M.","Al Suwaidi, West Riyadh, Riyadh"
"1,850,000",Villa,5,3,330 Sq. M.,"Al Rimal, East Riyadh, Riyadh"
"3,800,000",Villa,9,6,324 Sq. M.,"Al Arid, North Riyadh, Riyadh"
"850,000",Apartment,3,3,140 Sq. M.,"Al Mahdiyah, West Riyadh, Riyadh"
"900,000",Apartment,4,3,142 Sq. M.,"Al Mahdiyah, West Riyadh, Riyadh"
"2,450,000",Villa,5,5,250 Sq. M.,"Al Munsiyah, East Riyadh, Riyadh"
"2,090,000",Villa,6,5,184 Sq. M.,"Al Narjis, North Riyadh, Riyadh"
"870,000",Apartment,3,3,130 Sq. M.,"Al Mahdiyah, West Riyadh, Riyadh"
"650,000",Apartment,2,2,82 Sq. M.,"Al Aziziyah, Makkah"
"800,000",Apartment,4,3,122 Sq. M.,"King Abduallah, North Riyadh, Riyadh"
"2,200,000",Villa,6,5,225 Sq. M.,"Al Mahdiyah, West Riyadh, Riyadh"
"1,200,000",Villa,1,1,229 Sq. M.,"Dirab, West Riyadh, Riyadh"
"860,000",Apartment,4,3,186 Sq. M.,"Al Munsiyah, East Riyadh, Riyadh"
"620,000",Apartment,3,3,140 Sq. M.,"Alawali, West Riyadh, Riyadh"
"320,000",Apartment,3,3,659 Sq. M.,"Al Mraikh, North Jeddah, Jeddah"
"730,000",Villa,5,5,429 Sq. M.,"Al Baida, Al Bukayriyah"
"720,000",Villa,8,6,360 Sq. M.,"Ar Riyadh, Al Bukayriyah"
"1,100,000",Villa,7,4,272 Sq. M.,"Tuwaiq, West Riyadh, Riyadh"
"830,000",Floor,7,5,525 Sq. M.,"Al Zayn, Abha"
"590,000",Apartment,4,2,132 Sq. M.,"Al Sheraa, Al Khobar"
"690,000",Floor,3,1,160 Sq. M.,"Okaz, South Riyadh, Riyadh"
"1,150,000",Villa,4,1,357 Sq. M.,"Badr, South Riyadh, Riyadh"
"1,450,000",Apartment,3,3,172 Sq. M.,"Qurtubah, East Riyadh, Riyadh"
"1,650,000",Villa,7,5,360 Sq. M.,"Alawali, West Riyadh, Riyadh"
"2,200,000",Villa,5,5,210 Sq. M.,"Al Mahdiyah, West Riyadh, Riyadh"
"2,200,000",Villa,7,6,366 Sq. M.,"Al Mahdiyah, West Riyadh, Riyadh"
"660,000",Apartment,3,2,124 Sq. M.,"Dhahrat Laban, West Riyadh, Riyadh"
"3,000,000",Villa,7,5,366 Sq. M.,"Al Mahdiyah, West Riyadh, Riyadh"
"3,000,000",Villa,7,5,366 Sq. M.,"Al Mahdiyah, West Riyadh, Riyadh"
"2,100,000",Villa,7,6,200 Sq. M.,"Al Mahdiyah, West Riyadh, Riyadh"
"2,600,000",Villa,7,5,366 Sq. M.,"Al Mahdiyah, West Riyadh, Riyadh"
"2,800,000",Villa,7,7,366 Sq. M.,"Al Mahdiyah, West Riyadh, Riyadh"
"1,850,000",Villa,5,7,260 Sq. M.,"Al Mahdiyah, West Riyadh, Riyadh"
"3,200,000",Villa,7,5,366 Sq. M.,"Al Mahdiyah, West Riyadh, Riyadh"
"2,000,000",Villa,7,5,366 Sq. M.,"Al Mahdiyah, West Riyadh, Riyadh"
"4,000,000",Villa,7,5,366 Sq. M.,"Al Mahdiyah, West Riyadh, Riyadh"
"3,200,000",Villa,7,5,366 Sq. M.,"Al Mahdiyah, West Riyadh, Riyadh"
"1,990,000",Villa,7,5,366 Sq. M.,"Al Mahdiyah, West Riyadh, Riyadh"
"2,750,000",Villa,7,5,400 Sq. M.,"Al Mahdiyah, West Riyadh, Riyadh"
"1,950,000",Villa,6,5,215 Sq. M.,"Al Mahdiyah, West Riyadh, Riyadh"
"800,000",Apartment,3,4,478 Sq. M.,"Al Mahdiyah, West Riyadh, Riyadh"
"3,000,000",Villa,7,5,300 Sq. M.,"Al Mahdiyah, West Riyadh, Riyadh"
"1,980,000",Villa,6,5,400 Sq. M.,"Al Mahdiyah, West Riyadh, Riyadh"
"2,000,000",Villa,6,5,200 Sq. M.,"Al Mahdiyah, West Riyadh, Riyadh"
"1,800,000",Villa,7,6,366 Sq. M.,"Al Mahdiyah, West Riyadh, Riyadh"
"1,900,000",Villa,5,5,400 Sq. M.,"Al Mahdiyah, West Riyadh, Riyadh"
"1,850,000",Villa,7,4,366 Sq. M.,"Al Mahdiyah, West Riyadh, Riyadh"
"1,300,000",Apartment,4,5,120 Sq. M.,"Al Arid, North Riyadh, Riyadh"
"2,600,000",Villa,5,5,250 Sq. M.,"Al Yarmuk, East Riyadh, Riyadh"
"1,300,000",Floor,3,4,167 Sq. M.,"Al Munsiyah, East Riyadh, Riyadh"
"680,000",Apartment,5,3,136 Sq. M.,"Al Salamah, North Jeddah, Jeddah"
"730,000",Apartment,5,3,130 Sq. M.,"Al Naim, North Jeddah, Jeddah"
"1,500,000",Villa,2,2,839 Sq. M.,"Al Shifa, South Riyadh, Riyadh"
"750,000",Apartment,4,3,137 Sq. M.,"Al Salamah, North Jeddah, Jeddah"
"1,000,000",Rest House,2,2,748 Sq. M.,"Al Waed district, Muhayil"
"845,000",Apartment,3,3,94 Sq. M.,"Al Nahdah, East Riyadh, Riyadh"
"555,000",Apartment,3,3,181 Sq. M.,"Tuwaiq, West Riyadh, Riyadh"
"6,000,000",Villa,4,7,450 Sq. M.,"Al Narjis, North Riyadh, Riyadh"
"930,000",Apartment,3,4,400 Sq. M.,"Al Mahdiyah, West Riyadh, Riyadh"
"1,300,000",Villa,6,6,312 Sq. M.,"Al Sawari, Al Khobar"
"2,350,000",Villa,5,5,250 Sq. M.,"Al Yarmuk, East Riyadh, Riyadh"
"560,000",Apartment,5,4,208 Sq. M.,"Ar Rawabi, Abha"
"825,000",Apartment,3,3,121 Sq. M.,King Abdullah Economic City
"1,000,000",Villa,6,6,531 Sq. M.,"Al Qafilah, Khamis Mushait"
"550,000",Rest House,4,3,"8,521 Sq. M.","Al Nakhil, Al Bukayriyah"
"650,000",Apartment,7,4,"1,183 Sq. M.","Al Maealaa, Ahad Rafidah"
"850,000",Floor,4,3,236 Sq. M.,"Okaz, South Riyadh, Riyadh"
"1,300,000",Villa,5,4,304 Sq. M.,"Tuwaiq, West Riyadh, Riyadh"
"650,000",Floor,4,3,236 Sq. M.,"Okaz, South Riyadh, Riyadh"
"1,450,000",Floor,6,7,305 Sq. M.,"Al Qadisiyah, East Riyadh, Riyadh"
"750,000",Apartment,5,3,185 Sq. M.,"Al Rayaan, North Jeddah, Jeddah"
"1,700,000",Villa,9,8,200 Sq. M.,"Al Lulu, North Jeddah, Jeddah"
"1,070,000",Apartment,4,3,143 Sq. M.,"Al Munsiyah, East Riyadh, Riyadh"
"1,800,000",Villa,3,5,285 Sq. M.,"Al Qadisiyah, East Riyadh, Riyadh"
"1,150,000",Villa,7,5,275 Sq. M.,"Al Rahmanyah, North Jeddah, Jeddah"
"490,000",Apartment,4,3,125 Sq. M.,"Bani Bayadah, Madina"
"1,500,000",Villa,11,7,930 Sq. M.,"Al Yasmin, Al Majmaah Riyadh Region"
"2,200,000",Villa,5,3,400 Sq. M.,"Al Mahdiyah, West Riyadh, Riyadh"
"650,000",Floor,5,5,197 Sq. M.,"Taybah, South Riyadh, Riyadh"
"595,000",Floor,3,3,149 Sq. M.,"Badr, South Riyadh, Riyadh"
"480,000",Apartment,3,3,89 Sq. M.,"Badr, South Riyadh, Riyadh"
"1,100,000",Villa,5,4,526 Sq. M.,"Tuwaiq, West Riyadh, Riyadh"
"900,000",Floor,5,3,750 Sq. M.,"Tuwaiq, West Riyadh, Riyadh"
"1,800,000",Villa,4,7,400 Sq. M.,"Al Mahdiyah, West Riyadh, Riyadh"
"1,800,000",Villa,5,4,400 Sq. M.,"Al Mahdiyah, West Riyadh, Riyadh"
"1,950,000",Villa,5,7,260 Sq. M.,"Al Mahdiyah, West Riyadh, Riyadh"
"1,900,000",Villa,6,5,200 Sq. M.,"Al Mahdiyah, West Riyadh, Riyadh"
"980,000",Apartment,4,3,164 Sq. M.,"Al Mahdiyah, West Riyadh, Riyadh"
"4,500,000",Villa,4,3,400 Sq. M.,"Al Mahdiyah, West Riyadh, Riyadh"
"1,990,000",Villa,3,3,138 Sq. M.,"Al Mahdiyah, West Riyadh, Riyadh"
"1,450,000",Apartment,6,4,216 Sq. M.,"Al Zahraa, North Jeddah, Jeddah"
"3,000,000",Villa,5,5,420 Sq. M.,"Al Munsiyah, East Riyadh, Riyadh"
"925,000",Villa,5,5,488 Sq. M.,"Al Yamamah, Unayzah"
"1,000,000",Floor,4,3,223 Sq. M.,"Al Rimal, East Riyadh, Riyadh"
"5,500,000",Residential Building,3,2,640 Sq. M.,"Al Mraikh, North Jeddah, Jeddah"
"4,650,000",Villa,5,6,656 Sq. M.,"Al Shati, North Jeddah, Jeddah"
"620,000",Apartment,3,3,111 Sq. M.,"Al Naim, North Jeddah, Jeddah"
"450,000",Apartment,3,3,177 Sq. M.,"Badr, South Riyadh, Riyadh"
"780,000",Villa,7,5,251 Sq. M.,"Um Assalum, South Jeddah, Jeddah"
"720,000",Villa,5,4,300 Sq. M.,"Um Assalum, South Jeddah, Jeddah"
"590,000",Apartment,3,3,111 Sq. M.,"Al Salamah, North Jeddah, Jeddah"
"1,350,000",Floor,4,4,185 Sq. M.,"Al Munsiyah, East Riyadh, Riyadh"
"189,000",Apartment,2,1,60 Sq. M.,"Al Matar District, Al Rass"
"189,000",Apartment,2,2,60 Sq. M.,"Al Matar District, Al Rass"
"450,000",Apartment,3,3,151 Sq. M.,"Al Aziziyah, South Riyadh, Riyadh"
"760,000",Apartment,6,4,254 Sq. M.,"Al Zuhur, Abha"
"900,000",Apartment,3,4,140 Sq. M.,"Al Qadisiyah, East Riyadh, Riyadh"
"720,000",Apartment,3,3,101 Sq. M.,"Al Maizilah, East Riyadh, Riyadh"
"750,000",Apartment,5,4,170 Sq. M.,"Al Fayhaa, North Jeddah, Jeddah"
"560,000",Apartment,4,4,141 Sq. M.,"Al Hamra, Al Khobar"
"1,280,000",Villa,7,7,262 Sq. M.,"King Fahd Suburb, Dammam"
"560,000",Apartment,5,5,141 Sq. M.,"Al Hamra, Al Khobar"
"1,950,000",Villa,7,5,359 Sq. M.,"Al Rakah Al Janubiyah, Al Khobar"
"1,899,000",Floor,3,5,181 Sq. M.,"Al Narjis, North Riyadh, Riyadh"
"2,390,000",Villa,7,6,414 Sq. M.,"Al Rimal, East Riyadh, Riyadh"
"1,100,000",Floor,3,2,190 Sq. M.,"Al Maizilah, East Riyadh, Riyadh"
"1,300,000",Apartment,6,3,232 Sq. M.,"Dhahrat Laban, West Riyadh, Riyadh"
"2,000,000",Villa,10,7,451 Sq. M.,"Al Rayyan, Unayzah"
"4,500,000",Villa,6,5,535 Sq. M.,"Ishbiliyah, East Riyadh, Riyadh"
"3,700,000",Villa,5,4,324 Sq. M.,"Al Munsiyah, East Riyadh, Riyadh"
"640,000",Apartment,3,3,"2,400 Sq. M.","Al Shulah, Dammam"
"4,000,000",Villa,10,7,351 Sq. M.,"Al Narjis, North Riyadh, Riyadh"
"2,450,000",Villa,4,6,500 Sq. M.,"Al Mahdiyah, West Riyadh, Riyadh"
"550,000",Apartment,5,3,155 Sq. M.,"Al Marwah, North Jeddah, Jeddah"
"650,000",Villa,5,3,83 Sq. M.,"Al Manar, North Jeddah, Jeddah"
"1,100,000",Villa,3,3,434 Sq. M.,"Badr, South Riyadh, Riyadh"
"1,150,000",Floor,4,3,172 Sq. M.,"Al Rimal, East Riyadh, Riyadh"
"1,300,000",Apartment,4,2,168 Sq. M.,"Al Yarmuk, East Riyadh, Riyadh"
"3,200,000",Villa,4,5,702 Sq. M.,"Al Mansourah District, Central Riyadh, Riyadh"
"2,800,000",Villa,6,5,408 Sq. M.,"Al Ghadir, Abha"
"2,800,000",Villa,4,5,700 Sq. M.,"Al Nasim Al Gharbi, East Riyadh, Riyadh"
"1,500,000",Villa,6,5,305 Sq. M.,"Al Shulah, Dammam"
"750,000",Apartment,3,3,133 Sq. M.,"Hajr, Dammam"
"1,500,000",Villa,6,5,457 Sq. M.,"Al Shulah, Dammam"
"630,000",Apartment,3,2,222 Sq. M.,"Al Shulah, Dammam"
"600,000",Apartment,3,4,211 Sq. M.,"Al Wahah, Dammam"
"1,770,000",Villa,6,5,372 Sq. M.,"Al Shulah, Dammam"
"3,500,000",Villa,6,5,682 Sq. M.,"Al Fursan, Dammam"
"2,400,000",Villa,1,1,430 Sq. M.,"Al Shulah, Dammam"
"680,000",Apartment,5,4,175 Sq. M.,"Tuwaiq, West Riyadh, Riyadh"
"1,100,000",Floor,3,3,500 Sq. M.,"Ash Shamiya Al Jadid, Makkah"
"450,000",Apartment,3,3,126 Sq. M.,"Al Zuhur, Dammam"
"500,000",Apartment,3,2,195 Sq. M.,"Badr, Dammam"
"850,000",Floor,6,4,450 Sq. M.,"Tuwaiq, West Riyadh, Riyadh"
"620,000",Floor,5,4,188 Sq. M.,"Okaz, South Riyadh, Riyadh"
"630,000",Villa,3,2,389 Sq. M.,"Az Zahrah, Buraydah Al Qassim Region"
"550,000",Apartment,3,3,162 Sq. M.,"Al Hamra, Al Khobar"
"500,000",Apartment,5,4,123 Sq. M.,"Al Hamra, Al Khobar"
"3,000,000",Villa,8,6,375 Sq. M.,"Dhahrat Laban, West Riyadh, Riyadh"
"1,800,000",Villa,6,7,250 Sq. M.,"King Khalid International Airport, North Riyadh, Riyadh"
"1,200,000",Villa,5,5,502 Sq. M.,"District No 8, Al Laith"
"1,450,000",Apartment,3,4,190 Sq. M.,"Al Yasmin, North Riyadh, Riyadh"
"1,210,000",Rest House,4,3,312 Sq. M.,"Al Manakh, South Riyadh, Riyadh"
"5,200,000",Villa,9,9,450 Sq. M.,"Al Narjis, North Riyadh, Riyadh"
"1,550,000",Villa,6,5,437 Sq. M.,"Al Amanah, Dammam"
"680,000",Apartment,3,4,200 Sq. M.,"Al Rayaan, North Jeddah, Jeddah"
"530,000",Apartment,6,4,204 Sq. M.,"Al Marooj, Abha"
"540,000",Apartment,4,3,131 Sq. M.,"Al Marwah, North Jeddah, Jeddah"
"680,000",Apartment,4,3,136 Sq. M.,"Al Salamah, North Jeddah, Jeddah"
"680,000",Apartment,6,4,200 Sq. M.,"Al Rayaan, North Jeddah, Jeddah"
"3,000,000",Villa,9,9,291 Sq. M.,"Al Arid, North Riyadh, Riyadh"
"2,000,000",Villa,7,5,266 Sq. M.,"Al Rimal, East Riyadh, Riyadh"
"600,000",Villa,7,5,413 Sq. M.,"Al Haer, Riyadh"
"5,500,000",Villa,7,5,200 Sq. M.,"Irqah, West Riyadh, Riyadh"
"4,000,000",Villa,6,5,400 Sq. M.,"Al Yasmin, North Riyadh, Riyadh"
"1,395,000",Apartment,2,2,100 Sq. M.,"Al Nakhil, North Riyadh, Riyadh"
"1,100,000",Apartment,5,3,186 Sq. M.,"Al Rawdah, North Jeddah, Jeddah"
"3,600,000",Villa,10,6,625 Sq. M.,"Al Marwah, North Jeddah, Jeddah"
"499,000",Apartment,3,3,879 Sq. M.,"Al Rawdah, North Jeddah, Jeddah"
"520,000",Apartment,3,3,102 Sq. M.,"Al Salamah, North Jeddah, Jeddah"
"1,100,000",Apartment,3,3,151 Sq. M.,"Al Bahar, Al Khobar"
"630,000",Apartment,6,4,220 Sq. M.,"Al Badei, Abha"
"560,000",Apartment,5,3,219 Sq. M.,"Al Badei, Abha"
"1,300,000",Floor,5,4,404 Sq. M.,"Al Rimal, East Riyadh, Riyadh"
"690,000",Apartment,3,4,181 Sq. M.,"Dhahrat Laban, West Riyadh, Riyadh"
"560,000",Apartment,6,4,212 Sq. M.,"Al Badei, Abha"
"650,000",Apartment,5,4,123 Sq. M.,"Al Janadriyah, East Riyadh, Riyadh"
"820,000",Villa,4,3,594 Sq. M.,"Al Rawabi, Buraydah Al Qassim Region"
"1,000,000",Villa,5,6,358 Sq. M.,"Rahba District, Taif"
"550,000",Floor,5,4,460 Sq. M.,"Al Nayfiyah Hafar Al Batin, Hafar Al Batin"
"720,000",Villa,5,7,385 Sq. M.,"As Sail Al Kabeer, Taif"
"630,000",Floor,3,3,420 Sq. M.,"Badr, South Riyadh, Riyadh"
"1,050,000",Villa,3,3,402 Sq. M.,"Ar Rehab, Taif"
"880,000",Villa,6,4,408 Sq. M.,"As Sail Al Kabeer, Taif"
"720,000",Floor,3,3,420 Sq. M.,"Badr, South Riyadh, Riyadh"
"1,650,000",Villa,10,6,286 Sq. M.,"Al Sawari, North Jeddah, Jeddah"
"600,000",Apartment,6,5,124 Sq. M.,"Harat Al Bab Al Jadid, Makkah"
"900,000",Villa,7,6,374 Sq. M.,"Ar Rehab, Taif"
"950,000",Floor,4,3,545 Sq. M.,"Al Waslya, Taif"
"1,100,000",Villa,4,3,340 Sq. M.,Al Baytaryah
"730,000",Apartment,6,5,240 Sq. M.,"Industrial, Jazan"
"490,000",Apartment,4,3,214 Sq. M.,"Al Safa, Jazan"
"1,950,000",Villa,4,3,283 Sq. M.,"Al Sheraa, North Jeddah, Jeddah"
"1,230,000",Villa,4,4,435 Sq. M.,"Ash Shamiya Al Jadid, Makkah"
"420,000",Apartment,3,2,101 Sq. M.,"Al Manar, North Jeddah, Jeddah"
"1,050,000",Villa,5,1,344 Sq. M.,"Al Sawari, Al Khobar"
"320,000",Apartment,3,3,138 Sq. M.,"Al Nur, Dammam"
"640,000",Floor,7,5,450 Sq. M.,"Dahiyat AI Iskan, Taif"
"1,150,000",Villa,4,3,356 Sq. M.,"Akhbab, Taif"
"750,000",Floor,3,4,176 Sq. M.,"Tuwaiq, West Riyadh, Riyadh"
"650,000",Apartment,3,2,212 Sq. M.,"Ar Rehab 1, Jazan"
"380,000",Apartment,3,1,125 Sq. M.,"Al Faiha, Dammam"
"770,000",Villa,5,8,385 Sq. M.,"As Sail Al Kabeer, Taif"
"1,450,000",Villa,4,4,330 Sq. M.,"Ash Shifa, Al Khobar"
"600,000",Apartment,5,3,158 Sq. M.,"Governmental1, Jeddah"
"1,100,000",Villa,8,6,625 Sq. M.,"Al Basatin, Al Badayea Al Qassim Region"
"500,000",Apartment,5,3,176 Sq. M.,"Al Iskan, Samtah Jazan Region"
"500,000",Apartment,5,3,176 Sq. M.,"Al Safa, Jazan"
"930,000",Villa,5,4,374 Sq. M.,"Ar Rehab, Taif"
"1,900,000",Villa,5,4,225 Sq. M.,"Obhur Al Janoubiyah, North Jeddah, Jeddah"
"630,000",Apartment,6,5,212 Sq. M.,"Ar Rawdah, Abha"
"490,000",Apartment,5,3,169 Sq. M.,"Ar Rehab 1, Jazan"
"750,000",Villa,4,5,301 Sq. M.,"Rahba District, Taif"
"560,000",Apartment,6,3,197 Sq. M.,"Al Jamiah, Abha"
"660,000",Apartment,5,4,190 Sq. M.,"Ar Rehab 1, Jazan"
"1,050,000",Villa,5,4,300 Sq. M.,"Al Rahmanyah, North Jeddah, Jeddah"
"620,000",Floor,4,3,450 Sq. M.,"Wadi Jalil, Taif"
"950,000",Villa,5,4,397 Sq. M.,"Rahba District, Taif"
"650,000",Floor,6,6,320 Sq. M.,"Al Noor District, Khamis Mushait"
"550,000",Apartment,5,3,144 Sq. M.,"Harat Al Bab Al Jadid, Makkah"
"520,000",Apartment,3,3,141 Sq. M.,"Waset, Taif"
"1,150,000",Villa,7,5,220 Sq. M.,"Al Salehiyah, North Jeddah, Jeddah"
"800,000",Villa,4,5,385 Sq. M.,"As Sulaymaniyah, Taif"
"660,000",Floor,6,4,237 Sq. M.,"Ar Rehab 1, Jazan"
"690,000",Apartment,4,3,153 Sq. M.,"Al Rimal, East Riyadh, Riyadh"
"550,000",Apartment,6,3,201 Sq. M.,"Al Muhammadiyah 1, Jazan"
"680,000",Apartment,3,3,190 Sq. M.,"Alawali, West Riyadh, Riyadh"
"8,500,000",Building,5,3,525 Sq. M.,"Al Salamah, North Jeddah, Jeddah"
"870,000",Villa,7,5,311 Sq. M.,"Ar Rehab, Taif"
"580,000",Floor,3,3,190 Sq. M.,"Okaz, South Riyadh, Riyadh"
"480,000",Apartment,5,3,204 Sq. M.,"Al Maealaa, Ahad Rafidah"
"1,200,000",Villa,7,6,394 Sq. M.,"Rahba District, Taif"
"730,000",Floor,6,3,450 Sq. M.,"Wadi Jalil, Taif"
"600,000",Apartment,6,4,220 Sq. M.,"Ar Rawabi, Abha"
"850,000",Villa,4,6,313 Sq. M.,"Ar Rehab, Taif"
"465,000",Apartment,3,4,163 Sq. M.,"Al Aziziyah, Al Jubail"
"450,000",Villa,5,3,152 Sq. M.,"Abruq Al Rughamah, South Jeddah, Jeddah"
"1,400,000",Villa,11,8,440 Sq. M.,"Al Rawdhah, Tabuk"
"650,000",Apartment,6,1,212 Sq. M.,"Ar Rehab 1, Jazan"
"950,000",Villa,8,5,405 Sq. M.,"Rahba District, Taif"
"500,000",Apartment,3,3,192 Sq. M.,"Al Muhammadiyah 1, Jazan"
"950,000",Villa,6,1,340 Sq. M.,"As safwa, Jeddah"
"620,000",Floor,5,4,218 Sq. M.,"Al Suways 1, Jazan"
"530,000",Apartment,5,3,197 Sq. M.,"Al Muhammadiyah 2, Jazan"
"520,000",Apartment,5,3,174 Sq. M.,"Governmental1, Jeddah"
"1,550,000",Villa,8,7,427 Sq. M.,"Akhbab, Taif"
"530,000",Apartment,6,4,211 Sq. M.,"Al Muhammadiyah 2, Jazan"
"870,000",Villa,8,5,374 Sq. M.,"Ar Rehab, Taif"
"650,000",Apartment,6,4,214 Sq. M.,"Al Rayaan, North Jeddah, Jeddah"
"750,000",Apartment,6,3,222 Sq. M.,"Al Nakhil District, Al Jumum"
"780,000",Villa,5,3,337 Sq. M.,"Al Quhaib, Taif"
"1,000,000",Villa,7,5,481 Sq. M.,"As Sail Al Kabeer, Taif"
"1,280,000",Villa,5,4,424 Sq. M.,"Harat Al Bab Al Jadid, Makkah"
"1,150,000",Villa,4,6,250 Sq. M.,"Al Nwwariyah, Makkah"
"700,000",Villa,6,5,400 Sq. M.,"Al Rayan, Hafar Al Batin"
"320,000",Apartment,4,3,138 Sq. M.,"Al Nur, Dammam"
"590,000",Apartment,3,1,156 Sq. M.,"Shubra, West Riyadh, Riyadh"
"430,000",Apartment,4,3,129 Sq. M.,"Abruq Al Rughamah, South Jeddah, Jeddah"
"690,000",Apartment,4,3,325 Sq. M.,"Badr, South Riyadh, Riyadh"
"1,750,000",Villa,6,5,331 Sq. M.,"Al Salehiyah, North Jeddah, Jeddah"
"650,000",Apartment,7,6,295 Sq. M.,"Al Rayaan, North Jeddah, Jeddah"
"1,450,000",Villa,5,9,462 Sq. M.,"Waset, Taif"
"520,000",Apartment,5,4,167 Sq. M.,"Al Rayaan, North Jeddah, Jeddah"
"800,000",Villa,6,6,300 Sq. M.,"Naqrat Qafaar, Hail"
"730,000",Apartment,6,2,329 Sq. M.,"Hidn Qulus, Khamis Mushait"
"520,000",Apartment,5,3,168 Sq. M.,"Al Rayaan, North Jeddah, Jeddah"
"420,000",Apartment,3,3,104 Sq. M.,"Al Rayaan, North Jeddah, Jeddah"
"550,000",Apartment,2,3,228 Sq. M.,"Al Noor District, Khamis Mushait"
"550,000",Apartment,3,2,229 Sq. M.,"Al Noor District, Khamis Mushait"
"680,000",Villa,4,5,296 Sq. M.,"As Sail Al Kabeer, Taif"
"1,300,000",Villa,6,4,412 Sq. M.,"Harat Al Bab Al Jadid, Makkah"
"530,000",Apartment,3,4,224 Sq. M.,"Hidn Qulus, Khamis Mushait"
"400,000",Floor,3,2,137 Sq. M.,"Al Dar Al Baida, South Riyadh, Riyadh"
"1,500,000",Villa,5,4,560 Sq. M.,"As Sail Al Kabeer, Taif"
"520,000",Apartment,3,3,206 Sq. M.,"Al Muhammadiyah 2, Jazan"
"1,100,000",Villa,4,5,408 Sq. M.,"As Snah, Taif"
"580,000",Apartment,5,4,186 Sq. M.,"Al Nakhil District, Al Jumum"
"1,200,000",Villa,7,8,399 Sq. M.,"Al Wurud, Al Kharj Riyadh Region"
"1,200,000",Villa,5,4,207 Sq. M.,"Al Qadisiyah, East Riyadh, Riyadh"
"1,200,000",Villa,5,3,300 Sq. M.,"Harat Al Bab Al Jadid, Makkah"
"1,000,000",Villa,5,6,384 Sq. M.,"Riha District, Taif"
"650,000",Apartment,3,3,300 Sq. M.,"Al Dar Al Baida, South Riyadh, Riyadh"
"550,000",Apartment,2,2,96 Sq. M.,"Dahiat Namar, West Riyadh, Riyadh"
"770,000",Villa,6,4,216 Sq. M.,"Um Assalum, South Jeddah, Jeddah"
"900,000",Villa,7,6,324 Sq. M.,"Al Sawari, Al Khobar"
"490,000",Apartment,5,1,131 Sq. M.,"Al Faisaliyyah, Taif"
"730,000",Apartment,7,5,223 Sq. M.,"Al Nakhil District, Al Jumum"
"900,000",Villa,6,5,143 Sq. M.,"Ulaishah, West Riyadh, Riyadh"
"550,000",Apartment,5,3,171 Sq. M.,"Al Nur, Dammam"
"760,000",Apartment,6,5,280 Sq. M.,"Asharai, Makkah"
"850,000",Floor,5,4,300 Sq. M.,"Al Aqoul, Madina"
"850,000",Floor,3,4,170 Sq. M.,"Al Bayan Neighborhood, East Riyadh, Riyadh"
"800,000",Villa,5,4,400 Sq. M.,"Al Sulimaniyah, Hafar Al Batin"
"800,000",Apartment,6,5,165 Sq. M.,"King Fahd, Makkah"
"700,000",Villa,3,5,599 Sq. M.,"Taibah, Al Duwadimi"
"640,000",Apartment,4,5,215 Sq. M.,"King Fahd, Makkah"
"1,200,000",Villa,4,5,408 Sq. M.,"al hamra, Tabuk"
"610,000",Apartment,6,3,173 Sq. M.,"Asharai, Makkah"
"980,000",Villa,8,5,301 Sq. M.,"Sultanah, Abha"
"1,650,000",Villa,4,5,312 Sq. M.,"Taiba District, North Jeddah, Jeddah"
"750,000",Villa,5,1,326 Sq. M.,"Ar Rehab, Taif"
"650,000",Floor,3,3,450 Sq. M.,"Al Murjaniyah, Rabigh"
"1,100,000",Villa,5,4,288 Sq. M.,"Harat Al Bab Al Jadid, Makkah"
"800,000",Villa,5,5,326 Sq. M.,"Al Salam, Al Jumum"
"580,000",Apartment,3,4,221 Sq. M.,"Sultanah, Abha"
"620,000",Apartment,3,3,184 Sq. M.,"Al Jamiyin, Dammam"
"610,000",Apartment,3,3,184 Sq. M.,"Al Jamiyin, Dammam"
"690,000",Floor,3,3,181 Sq. M.,"Okaz, South Riyadh, Riyadh"
"700,000",Villa,4,5,315 Sq. M.,"Ar Rawdah, Abha"
"1,350,000",Villa,6,4,462 Sq. M.,"Alsiana, Taif"
"970,000",Apartment,3,3,321 Sq. M.,"Al Jamiyin, Dammam"
"720,000",Floor,4,4,176 Sq. M.,"Okaz, South Riyadh, Riyadh"
"480,000",Apartment,4,4,"3,491 Sq. M.","Al Shulah, Dammam"
"1,800,000",Villa,5,5,356 Sq. M.,"Al Shulah, Dammam"
"950,000",Floor,4,3,223 Sq. M.,"Al Janadriyah, East Riyadh, Riyadh"
"1,500,000",Villa,4,3,439 Sq. M.,"Al Masif, Tabuk"
"840,000",Villa,3,3,400 Sq. M.,"Al Rayan, Hafar Al Batin"
"1,300,000",Villa,7,6,262 Sq. M.,"Al Mamurah, Khamis Mushait"
"550,000",Apartment,4,3,226 Sq. M.,"Al Dhurfah, Khamis Mushait"
"1,200,000",Villa,6,5,316 Sq. M.,"Al Aqiq, Al Khobar"
"560,000",Apartment,3,2,211 Sq. M.,"Al Safa, Abha"
"1,000,000",Floor,4,4,415 Sq. M.,"Al Khadraa, Madina"
"400,000",Apartment,4,3,157 Sq. M.,Aleasiluh 1 Jazan Region
"720,000",Apartment,4,4,188 Sq. M.,"Al Difa, Madina"
"550,000",Apartment,3,2,98 Sq. M.,"Ash Shamiya Al Jadid, Makkah"
"240,000",Apartment,2,2,96 Sq. M.,"Al Nur, Dammam"
"780,000",Floor,3,2,147 Sq. M.,"Al Bayan Neighborhood, East Riyadh, Riyadh"
"870,000",Floor,3,2,190 Sq. M.,"Al Rimal, East Riyadh, Riyadh"
"1,750,000",Villa,6,5,225 Sq. M.,"Al Rimal, East Riyadh, Riyadh"
"2,500,000",Villa,6,5,344 Sq. M.,"Al Rimal, East Riyadh, Riyadh"
"730,000",Apartment,3,4,295 Sq. M.,"Al Zuhur, Abha"
"560,000",Floor,3,4,210 Sq. M.,"Al Ghadir, Abha"
"2,000,000",Villa,9,8,308 Sq. M.,"Al Sawari, North Jeddah, Jeddah"
"1,300,000",Villa,6,7,300 Sq. M.,"Al Urobah, Dammam"
"1,100,000",Villa,8,5,275 Sq. M.,"Al Rahmanyah, North Jeddah, Jeddah"
"620,000",Apartment,5,3,148 Sq. M.,"Al Waha, North Jeddah, Jeddah"
"1,150,000",Villa,8,5,300 Sq. M.,"Al Rahmanyah, North Jeddah, Jeddah"
"1,500,000",Villa,6,4,328 Sq. M.,"Al Hamdaniyah, North Jeddah, Jeddah"
"650,000",Floor,5,4,149 Sq. M.,"Badr, South Riyadh, Riyadh"
"1,450,000",Villa,6,5,500 Sq. M.,"Al Wadi, Hafar Al Batin"
"550,000",Apartment,4,3,173 Sq. M.,"Al Rayaan, North Jeddah, Jeddah"
"780,000",Floor,5,4,243 Sq. M.,"Badr, South Riyadh, Riyadh"
"1,000,000",Apartment,3,4,186 Sq. M.,"Al Janadriyah, East Riyadh, Riyadh"
"2,400,000",Villa,10,5,420 Sq. M.,"Al Bayan Neighborhood, East Riyadh, Riyadh"
"590,000",Apartment,3,4,600 Sq. M.,"Sultanah, Abha"
"950,000",Villa,6,5,250 Sq. M.,"King Fahd Suburb, Dammam"
"850,000",Apartment,6,4,226 Sq. M.,"King Fahd, Makkah"
"500,000",Apartment,3,4,209 Sq. M.,"Ash Shamiya Al Jadid, Makkah"
"400,000",Apartment,4,3,175 Sq. M.,"Ash Shamiya Al Jadid, Makkah"
"950,000",Villa,4,3,418 Sq. M.,"As Sail Al Kabeer, Taif"
"1,150,000",Floor,4,3,198 Sq. M.,"Tuwaiq, West Riyadh, Riyadh"
"400,000",Building,3,3,780 Sq. M.,"Al Nuzhah, North Jeddah, Jeddah"
"1,999,000",Apartment,3,3,114 Sq. M.,"Al Falah, North Riyadh, Riyadh"
"1,300,000",Villa,4,3,200 Sq. M.,"Alawali, West Riyadh, Riyadh"
"950,000",Apartment,6,3,196 Sq. M.,"Al Marwah, North Jeddah, Jeddah"
"5,600,000",Building,10,10,550 Sq. M.,"Al Rabwa, North Jeddah, Jeddah"
"790,000",Apartment,6,5,252 Sq. M.,"Al Manar, North Jeddah, Jeddah"
"800,000",Floor,3,3,158 Sq. M.,"Al Rimal, East Riyadh, Riyadh"
"850,000",Villa,5,6,351 Sq. M.,"Eastern Al Urafa, Taif"
"750,000",Apartment,4,4,295 Sq. M.,"Ar Rehab 1, Jazan"
"800,000",Floor,10,8,627 Sq. M.,"Twaiq District, Al Muzahimiyah Riyadh Region"
"550,000",Apartment,5,3,187 Sq. M.,"Ar Rehab, Taif"
"580,000",Floor,7,5,229 Sq. M.,"Badr, South Riyadh, Riyadh"
"630,000",Apartment,4,4,600 Sq. M.,"Sultanah, Abha"
"1,200,000",Villa,4,3,383 Sq. M.,"Qami, Taif"
"550,000",Apartment,7,4,234 Sq. M.,"Al Muhammadiyah 1, Jazan"
"950,000",Villa,6,4,275 Sq. M.,"Al Amaarah, Khamis Mushait"
"850,000",Villa,5,3,500 Sq. M.,"Ar Rehab, Taif"
"1,550,000",Villa,6,4,400 Sq. M.,"Al Suways 1, Jazan"
"1,250,000",Villa,7,5,275 Sq. M.,"Al Rahmanyah, North Jeddah, Jeddah"
"950,000",Villa,5,4,310 Sq. M.,"Al Wafa Scheme, North Jeddah, Jeddah"
"625,000",Apartment,4,5,171 Sq. M.,"Governmental1, Jeddah"
"750,000",Apartment,4,3,120 Sq. M.,"Al Rawdah, North Jeddah, Jeddah"
"1,500,000",Floor,4,4,241 Sq. M.,"Al Rimal, East Riyadh, Riyadh"
"550,000",Apartment,6,3,235 Sq. M.,"Al Muhammadiyah 1, Jazan"
"590,000",Apartment,7,3,251 Sq. M.,"Al Shati, Jazan"
"1,000,000",Villa,7,5,380 Sq. M.,"Al Shati, Jazan"
"780,000",Apartment,4,6,600 Sq. M.,"Ar Rawabi, Abha"
"900,000",Apartment,6,3,218 Sq. M.,"Akhbab, Taif"
"500,000",Apartment,4,4,244 Sq. M.,"Al yarmuk, Khamis Mushait"
"800,000",Apartment,6,1,215 Sq. M.,"Al Shawqiyyah, Makkah"
"950,000",Apartment,5,4,173 Sq. M.,"Al Rawdah, North Jeddah, Jeddah"
"630,000",Floor,3,3,161 Sq. M.,"Al Dar Al Baida, South Riyadh, Riyadh"
"890,000",Floor,3,4,312 Sq. M.,"Al Riyadh, North Jeddah, Jeddah"
"480,000",Apartment,4,4,"3,491 Sq. M.","Al Shulah, Dammam"
"660,000",Apartment,7,4,307 Sq. M.,"Industrial, Khamis Mushait"
"1,100,000",Villa,5,4,290 Sq. M.,"Al Salehiyah, North Jeddah, Jeddah"
"1,000,000",Villa,3,3,300 Sq. M.,"Al Hazm, West Riyadh, Riyadh"
"650,000",Apartment,5,3,180 Sq. M.,"Al Buhairah, Al Khobar"
"700,000",Floor,4,3,223 Sq. M.,"Tuwaiq, West Riyadh, Riyadh"
"650,000",Apartment,5,3,180 Sq. M.,"Al Buhairah, Al Khobar"
"1,300,000",Floor,5,5,247 Sq. M.,"Dahiat Namar, West Riyadh, Riyadh"
"2,500,000",Villa,5,5,370 Sq. M.,"Al Munsiyah, East Riyadh, Riyadh"
"1,350,000",Floor,4,4,206 Sq. M.,"Al Munsiyah, East Riyadh, Riyadh"
"1,350,000",Floor,3,5,"1,056 Sq. M.","Al Yarmuk, East Riyadh, Riyadh"
"520,000",Apartment,5,4,192 Sq. M.,"Al Muhammadiyah 2, Jazan"
"550,000",Apartment,5,4,214 Sq. M.,"Ar Rawabi, Abha"
"750,000",Apartment,6,5,205 Sq. M.,"Al Shawqiyyah, Makkah"
"610,000",Apartment,6,4,195 Sq. M.,"Asharai, Makkah"
"1,480,000",Villa,6,5,286 Sq. M.,"Al Ranuna, Madina"
"980,000",Villa,4,6,310 Sq. M.,"Al jameen, Khamis Mushait"
"1,330,000",Villa,4,3,210 Sq. M.,"Al Ranuna, Madina"
"1,000,000",Villa,6,4,300 Sq. M.,"Madinah Industrial City, Madina"
"4,500,000",Villa,11,9,420 Sq. M.,"Al Mahdiyah, West Riyadh, Riyadh"
"1,200,000",Villa,5,3,251 Sq. M.,"Al Janadriyah, East Riyadh, Riyadh"
"1,500,000",Villa,11,10,326 Sq. M.,"Al Rahmanyah, North Jeddah, Jeddah"
"1,050,000",Floor,5,4,400 Sq. M.,"Al Qryniah, South Jeddah, Jeddah"
"1,360,000",Apartment,8,6,249 Sq. M.,"Al Falaq Al Jadid, Makkah"
"1,000,000",Villa,8,5,390 Sq. M.,"Madinah Industrial City, Madina"
"710,000",Apartment,5,4,182 Sq. M.,"Mishrifah, North Jeddah, Jeddah"
"2,100,000",Villa,8,5,312 Sq. M.,"Al Saif, Dammam"
"1,450,000",Villa,5,4,375 Sq. M.,"Al Ghaza Al Jadid, Makkah"
"400,000",Apartment,2,2,113 Sq. M.,"Al Ranuna, Madina"
"600,000",Apartment,2,2,117 Sq. M.,"Dhahrat Laban, West Riyadh, Riyadh"
"720,000",Apartment,3,3,177 Sq. M.,"Al Khuzama, Al Khobar"
"1,150,000",Villa,4,3,600 Sq. M.,"Almadayin, Hail"
"580,000",Apartment,5,3,127 Sq. M.,"Al Hijrah, Makkah"
"630,000",Floor,5,3,220 Sq. M.,"Industrial, Jazan"
"730,000",Apartment,5,3,219 Sq. M.,"Batha Quraysh, Makkah"
"770,000",Villa,8,4,252 Sq. M.,"Ar Rehab, Taif"
"700,000",Apartment,5,3,206 Sq. M.,"Umm Alarad, Taif"
"830,000",Villa,6,3,503 Sq. M.,"As Sail Al Kabeer, Taif"
"560,000",Apartment,4,3,239 Sq. M.,"Al Buhayrat, Makkah"
"770,000",Villa,7,4,252 Sq. M.,"Ar Rehab, Taif"
"600,000",Apartment,6,4,195 Sq. M.,"Asharai, Makkah"
"575,000",Apartment,5,4,161 Sq. M.,"Al Rummanah, Madina"
"540,000",Apartment,5,4,171 Sq. M.,"Governmental1, Jeddah"
"950,000",Villa,6,5,324 Sq. M.,"Ash Shamiya Al Jadid, Makkah"
"630,000",Apartment,5,4,181 Sq. M.,"Ar Rehab 1, Jazan"
"430,000",Apartment,5,3,115 Sq. M.,"Al Mraikh, North Jeddah, Jeddah"
"1,350,000",Floor,4,6,690 Sq. M.,"Ash Shati 2, Al Qunfidhah"
"520,000",Apartment,4,3,120 Sq. M.,"Badr, South Riyadh, Riyadh"
"1,070,000",Villa,9,5,494 Sq. M.,Aleasiluh 1 Jazan Region
"1,150,000",Villa,3,6,280 Sq. M.,"Al Nuzhah, Abu Arish"
"750,000",Villa,7,5,304 Sq. M.,"Rahba District, Taif"
"570,000",Apartment,5,3,198 Sq. M.,"Al Suways 2, Jazan"
"1,000,000",Villa,5,4,429 Sq. M.,"Ar Rehab 1, Jazan"
"850,000",Floor,5,4,169 Sq. M.,"Al Bayan Neighborhood, East Riyadh, Riyadh"
"580,000",Apartment,4,3,144 Sq. M.,"Al Mudhbah, Taif"
"1,400,000",Villa,11,8,300 Sq. M.,"Al Rahmanyah, North Jeddah, Jeddah"
"560,000",Apartment,5,3,197 Sq. M.,"Sharqia, Abha"
"950,000",Floor,4,4,312 Sq. M.,"Al Riyadh, North Jeddah, Jeddah"
"1,000,000",Apartment,3,3,118 Sq. M.,"Al Aziziyah, Makkah"
"850,000",Villa,6,5,346 Sq. M.,"Ar Rehab, Taif"
"700,000",Villa,5,3,500 Sq. M.,"Al Qadisiyah, Al Badayea Al Qassim Region"
"700,000",Villa,4,4,303 Sq. M.,"As Sulaymaniyah, Taif"
"1,250,000",Villa,4,5,400 Sq. M.,"Al Suways 1, Jazan"
"480,000",Apartment,2,3,173 Sq. M.,Aleasiluh 1 Jazan Region
"480,000",Apartment,3,4,164 Sq. M.,"Al Aziziyah, Al Jubail"
"1,350,000",Villa,11,8,300 Sq. M.,"Al Rahmanyah, North Jeddah, Jeddah"
"520,000",Apartment,5,3,205 Sq. M.,"Al Muhammadiyah 2, Jazan"
"1,130,000",Villa,4,6,405 Sq. M.,"Al Kudaa, Taif"
"550,000",Apartment,5,4,222 Sq. M.,"Sultanah, Abha"
"850,000",Villa,4,6,361 Sq. M.,"Rahba District, Taif"
"900,000",Floor,3,4,160 Sq. M.,"Al Nadwa District, East Riyadh, Riyadh"
"1,595,000",Villa,5,8,310 Sq. M.,"Al Nadwa District, East Riyadh, Riyadh"
"1,900,000",Villa,3,4,167 Sq. M.,"Al Shati, North Jeddah, Jeddah"
"720,000",Apartment,3,2,73 Sq. M.,"Al Rimal, East Riyadh, Riyadh"
"1,200,000",Villa,4,4,222 Sq. M.,"Al Janadriyah, East Riyadh, Riyadh"
"700,000",Apartment,2,2,97 Sq. M.,"Al Saadah, East Riyadh, Riyadh"
"1,800,000",Villa,9,7,438 Sq. M.,"Al Sheraa, Al Khobar"
"650,000",Apartment,3,2,123 Sq. M.,"Laban, West Riyadh, Riyadh"
"650,000",Apartment,5,4,187 Sq. M.,"Ar Rehab 1, Jazan"
"1,400,000",Villa,6,5,360 Sq. M.,"Al Janadriyah, East Riyadh, Riyadh"
"850,000",Floor,3,2,169 Sq. M.,"Al Nadwa District, East Riyadh, Riyadh"
"750,000",Floor,3,2,125 Sq. M.,"Al Nadwa District, East Riyadh, Riyadh"
"900,000",Floor,3,2,168 Sq. M.,"Al Nadwa District, East Riyadh, Riyadh"
"600,000",Apartment,3,2,94 Sq. M.,"Al Nadwa District, East Riyadh, Riyadh"
"850,000",Floor,3,2,149 Sq. M.,"Al Nadwa District, East Riyadh, Riyadh"
"650,000",Floor,3,2,142 Sq. M.,"Al Nadwa District, East Riyadh, Riyadh"
"1,050,000",Floor,3,2,150 Sq. M.,"Al Nadwa District, East Riyadh, Riyadh"
"1,100,000",Floor,3,2,205 Sq. M.,"Al Rimal, East Riyadh, Riyadh"
"1,300,000",Villa,6,5,319 Sq. M.,"Al Sawari, Al Khobar"
"950,000",Villa,7,5,465 Sq. M.,"Ash Shamiya Al Jadid, Makkah"
"580,000",Apartment,4,3,140 Sq. M.,"Al Safa, North Jeddah, Jeddah"
"1,350,000",Floor,5,4,185 Sq. M.,"Al Munsiyah, East Riyadh, Riyadh"
"750,000",Apartment,4,4,167 Sq. M.,"Al Marwah, North Jeddah, Jeddah"
"600,000",Apartment,3,3,154 Sq. M.,"Al Hamra, Al Khobar"
"750,000",Apartment,1,1,43 Sq. M.,"Wadi Jalil, Makkah"
"8,000,000",Villa,6,4,600 Sq. M.,"Hittin, North Riyadh, Riyadh"
"949,000",Apartment,3,3,165 Sq. M.,"Al Qadisiyah, East Riyadh, Riyadh"
"2,600,000",Villa,5,4,750 Sq. M.,"King Faisal, East Riyadh, Riyadh"
"950,000",Apartment,3,3,126 Sq. M.,"Al Munsiyah, East Riyadh, Riyadh"
"949,000",Apartment,3,3,165 Sq. M.,"Al Qadisiyah, East Riyadh, Riyadh"
"1,200,000",Apartment,4,3,180 Sq. M.,"Al Munsiyah, East Riyadh, Riyadh"
"1,200,000",Apartment,4,4,180 Sq. M.,"Al Munsiyah, East Riyadh, Riyadh"
"950,000",Apartment,4,4,126 Sq. M.,"Al Munsiyah, East Riyadh, Riyadh"
"3,000,000",Villa,6,5,260 Sq. M.,"Al Arid, North Riyadh, Riyadh"
"3,200,000",Villa,5,5,300 Sq. M.,"Al Arid, North Riyadh, Riyadh"
"3,000,000",Villa,7,5,312 Sq. M.,"Al Arid, North Riyadh, Riyadh"
"320,000",Apartment,3,3,659 Sq. M.,"Al Mraikh, North Jeddah, Jeddah"
"650,000",Apartment,3,3,220 Sq. M.,"Abruq Al Rughamah, South Jeddah, Jeddah"
"700,000",Apartment,3,3,162 Sq. M.,"Al Janadriyah, East Riyadh, Riyadh"
"1,100,000",Villa,4,3,353 Sq. M.,"Ar Rehab, Taif"
"1,150,000",Villa,7,5,362 Sq. M.,"Al Sir, Taif"
"680,000",Apartment,2,2,128 Sq. M.,"Al Rimal, East Riyadh, Riyadh"
"350,000",Apartment,2,3,112 Sq. M.,"Al Nur, Dammam"
"1,400,000",Floor,3,3,155 Sq. M.,"Al Narjis, North Riyadh, Riyadh"
"280,000",Apartment,3,2,98 Sq. M.,"Batha Quraysh, Makkah"
"475,000",Apartment,2,2,"1,049 Sq. M.","Al Rawdah, North Jeddah, Jeddah"
"1,550,000",Villa,10,7,304 Sq. M.,"Al Zumorrud, North Jeddah, Jeddah"
"1,200,000",Villa,10,9,300 Sq. M.,"Taybay, Dammam"
"550,000",Apartment,3,3,103 Sq. M.,"Al Salamah, North Jeddah, Jeddah"
"770,000",Villa,6,4,265 Sq. M.,"Ar Rehab, Taif"
"1,900,000",Villa,7,7,438 Sq. M.,"Al Sheraa, Al Khobar"
"850,000",Villa,6,4,382 Sq. M.,"Nishwan, Khamis Mushait"
"550,000",Floor,6,3,195 Sq. M.,"North Tandiha, Khamis Mushait"
"730,000",Floor,5,4,194 Sq. M.,"King Fahd, Madina"
"1,400,000",Villa,8,7,569 Sq. M.,"Al Kudaa, Taif"
"2,500,000",Villa,6,5,344 Sq. M.,"Al Rimal, East Riyadh, Riyadh"
"900,000",Villa,6,5,370 Sq. M.,"Al Wakra, Taif"
"1,490,000",Villa,5,4,308 Sq. M.,"Okaz, South Riyadh, Riyadh"
"3,500,000",Villa,4,4,352 Sq. M.,"Al Arid, North Riyadh, Riyadh"
"450,000",Apartment,3,2,102 Sq. M.,"Al Marwah, North Jeddah, Jeddah"
"4,400,000",Villa,6,5,300 Sq. M.,"Al Narjis, North Riyadh, Riyadh"
"650,000",Apartment,4,3,123 Sq. M.,"Al Salamah, North Jeddah, Jeddah"
"5,350,000",Villa,11,7,704 Sq. M.,"Al Mahdiyah, West Riyadh, Riyadh"
"600,000",Apartment,4,3,117 Sq. M.,"Batha Quraysh, Makkah"
"300,000",Apartment,3,2,99 Sq. M.,"Al Rayaan, North Jeddah, Jeddah"
"13,500,000",Villa,5,4,270 Sq. M.,"Badr, South Riyadh, Riyadh"
"990,000",Apartment,4,4,497 Sq. M.,"Al Zahraa, North Jeddah, Jeddah"
"690,000",Apartment,5,4,211 Sq. M.,"Al Buhayrat, Makkah"
"705,000",Apartment,4,3,224 Sq. M.,"Umm Hablain Al Gharbia, Jeddah"
"751,000",Apartment,4,4,197 Sq. M.,"Governmental1, Jeddah"
"2,650,000",Villa,8,9,413 Sq. M.,"Al Bayan Neighborhood, East Riyadh, Riyadh"
"450,000",Apartment,4,5,127 Sq. M.,"Ash Shamiya Al Jadid, Makkah"
"3,600,000",Villa,4,6,300 Sq. M.,"Al Sahafah, North Riyadh, Riyadh"
"590,000",Apartment,5,3,202 Sq. M.,"An Nuzhah 1, Ahad Rafidah"
"800,000",Apartment,7,5,630 Sq. M.,"Badr, South Riyadh, Riyadh"
"650,000",Apartment,3,3,116 Sq. M.,"Alawali, West Riyadh, Riyadh"
"670,000",Apartment,3,3,150 Sq. M.,"Alawali, West Riyadh, Riyadh"
"800,000",Floor,3,3,500 Sq. M.,"Shubra, West Riyadh, Riyadh"
"2,450,000",Villa,4,5,500 Sq. M.,"Al Mahdiyah, West Riyadh, Riyadh"
"2,500,000",Villa,5,5,300 Sq. M.,"Al Mahdiyah, West Riyadh, Riyadh"
"2,200,000",Villa,5,5,390 Sq. M.,"Al Mahdiyah, West Riyadh, Riyadh"
"3,000,000",Villa,6,3,773 Sq. M.,"Al Mahdiyah, West Riyadh, Riyadh"
"2,500,000",Villa,5,4,300 Sq. M.,"Al Mahdiyah, West Riyadh, Riyadh"
"2,200,000",Villa,5,5,390 Sq. M.,"Al Mahdiyah, West Riyadh, Riyadh"
"3,300,000",Villa,5,5,300 Sq. M.,"Al Mahdiyah, West Riyadh, Riyadh"
"2,500,000",Villa,5,8,366 Sq. M.,"Al Mahdiyah, West Riyadh, Riyadh"
"950,000",Floor,5,5,600 Sq. M.,"Tuwaiq, West Riyadh, Riyadh"
"320,000",Apartment,3,2,659 Sq. M.,"Al Mraikh, North Jeddah, Jeddah"
"750,000",Apartment,4,3,120 Sq. M.,"Al Rawdah, North Jeddah, Jeddah"
"2,400,000",Villa,5,5,479 Sq. M.,"Al Hussam, Dammam"
"950,000",Villa,7,6,311 Sq. M.,"Al Mohamdya, Makkah"
"685,000",Apartment,3,3,180 Sq. M.,"Alawali, West Riyadh, Riyadh"
"12,000,000",Villa,4,6,"1,004 Sq. M.","Bir Uthman, Madina"
"600,000",Apartment,3,4,84 Sq. M.,"Al Rawabi, South Jeddah, Jeddah"
"6,900,000",Villa,7,5,500 Sq. M.,"Al Arid, North Riyadh, Riyadh"
"4,500,000",Villa,6,5,308 Sq. M.,"Al Narjis, North Riyadh, Riyadh"
"4,200,000",Villa,7,5,300 Sq. M.,"Al Arid, North Riyadh, Riyadh"
"2,900,000",Villa,5,5,202 Sq. M.,"Al Arid, North Riyadh, Riyadh"
"1,000,000",Villa,7,5,300 Sq. M.,"Al Aziziyah, Al Jubail"
"5,000,000",Villa,10,8,"4,126 Sq. M.","Al Ward, Abha"
"830,000",Floor,5,4,260 Sq. M.,"Industrial, Madina"
"4,000,000",Villa,4,4,355 Sq. M.,"Al Falah, North Riyadh, Riyadh"
"2,800,000",Apartment,3,3,146 Sq. M.,"Al Arid, North Riyadh, Riyadh"
"3,000,000",Villa,6,5,276 Sq. M.,"Al Narjis, North Riyadh, Riyadh"
"3,300,000",Villa,6,4,250 Sq. M.,"Al Arid, North Riyadh, Riyadh"
"3,450,000",Villa,5,5,270 Sq. M.,"Al Narjis, North Riyadh, Riyadh"
"2,300,000",Villa,10,10,500 Sq. M.,"Al Aziziyah, South Riyadh, Riyadh"
"450,000",Apartment,3,2,102 Sq. M.,"Al Marwah, North Jeddah, Jeddah"
"15,000,000",Villa,10,7,450 Sq. M.,"Al Narjis, North Riyadh, Riyadh"
"4,850,000",Villa,4,4,550 Sq. M.,"Ishbiliyah, East Riyadh, Riyadh"
"790,000",Apartment,1,1,211 Sq. M.,Madina
"3,000,000",Villa,4,6,300 Sq. M.,"Sidra, Riyadh"
"2,250,000",Villa,5,5,517 Sq. M.,Aljubail Industrial
"7,000,000",Villa,3,4,317 Sq. M.,"Al Munsiyah, East Riyadh, Riyadh"
"1,500,000",Apartment,4,3,94 Sq. M.,"Qurtubah, East Riyadh, Riyadh"
"1,500,000",Floor,4,4,131 Sq. M.,"Al Munsiyah, East Riyadh, Riyadh"
"995,000",Apartment,4,3,158 Sq. M.,"Al Rimal, East Riyadh, Riyadh"
"650,000",Apartment,3,3,750 Sq. M.,"Al Zahraa, North Jeddah, Jeddah"
"460,000",Apartment,3,3,118 Sq. M.,"Al Safa, North Jeddah, Jeddah"
"449,000",Apartment,3,3,525 Sq. M.,"Al Naim, North Jeddah, Jeddah"
"620,000",Apartment,4,3,149 Sq. M.,"Al Faisaliyah, Central Jeddah, Jeddah"
"620,000",Apartment,3,3,111 Sq. M.,"Al Naim, North Jeddah, Jeddah"
"439,000",Apartment,4,4,510 Sq. M.,"Al Salamah, North Jeddah, Jeddah"
"460,000",Apartment,4,3,118 Sq. M.,"Al Safa, North Jeddah, Jeddah"
"750,000",Apartment,5,3,163 Sq. M.,"Al Safa, North Jeddah, Jeddah"
"620,000",Apartment,3,3,111 Sq. M.,"Al Naim, North Jeddah, Jeddah"
"620,000",Apartment,4,3,149 Sq. M.,"Al Faisaliyah, Central Jeddah, Jeddah"
"540,000",Apartment,4,3,127 Sq. M.,"Al Safa, North Jeddah, Jeddah"
"570,000",Apartment,5,3,865 Sq. M.,"Al Rabwa, North Jeddah, Jeddah"
"610,000",Apartment,5,4,185 Sq. M.,"Al Safa, North Jeddah, Jeddah"
"490,000",Apartment,4,4,128 Sq. M.,"Al Marwah, North Jeddah, Jeddah"
"2,200,000",Villa,7,5,500 Sq. M.,"Al Lulu, Al Khobar"
"1,450,000",Villa,4,6,310 Sq. M.,"Al Sheraa, Al Khobar"
"830,000",Apartment,5,4,177 Sq. M.,"Al Marwah, North Jeddah, Jeddah"
"1,300,000",Apartment,3,3,212 Sq. M.,"Al Jamiah, Dammam"
"650,000",Apartment,5,4,180 Sq. M.,"Al Safa, Dammam"
"490,000",Apartment,4,3,128 Sq. M.,"Al Marwah, North Jeddah, Jeddah"
"490,000",Apartment,4,3,129 Sq. M.,"Al Marwah, North Jeddah, Jeddah"
"620,000",Apartment,3,3,111 Sq. M.,"Al Naim, North Jeddah, Jeddah"
"490,000",Apartment,2,2,94 Sq. M.,"Al Salamah, North Jeddah, Jeddah"
"440,000",Apartment,2,2,99 Sq. M.,"Al Marwah, North Jeddah, Jeddah"
"440,000",Apartment,2,2,"1,092 Sq. M.","Al Hamraa, Central Jeddah, Jeddah"
"655,000",Apartment,3,3,529 Sq. M.,"Al Rawdah, North Jeddah, Jeddah"
"490,000",Apartment,3,1,94 Sq. M.,"Al Salamah, North Jeddah, Jeddah"
"740,000",Apartment,1,1,50 Sq. M.,"Al Qadisiyah, East Riyadh, Riyadh"
"490,000",Apartment,3,3,94 Sq. M.,"Al Salamah, North Jeddah, Jeddah"
"1,600,000",Villa,3,2,264 Sq. M.,"Al Janadriyah, East Riyadh, Riyadh"
"440,000",Apartment,3,3,99 Sq. M.,"Al Marwah, North Jeddah, Jeddah"
"1,500,000",Villa,1,1,312 Sq. M.,"Al Hazm, West Riyadh, Riyadh"
"1,750,000",Villa,1,1,262 Sq. M.,"Al Munsiyah, East Riyadh, Riyadh"
"440,000",Apartment,2,2,"1,092 Sq. M.","Al Hamraa, Central Jeddah, Jeddah"
"5,500,000",Villa,2,1,462 Sq. M.,"Al Mahdiyah, West Riyadh, Riyadh"
"1,550,000",Floor,1,1,116 Sq. M.,"Al Narjis, North Riyadh, Riyadh"
"490,000",Apartment,3,3,94 Sq. M.,"Al Salamah, North Jeddah, Jeddah"
"440,000",Apartment,3,3,100 Sq. M.,"Al Marwah, North Jeddah, Jeddah"
"540,000",Apartment,4,3,127 Sq. M.,"Al Safa, North Jeddah, Jeddah"
"550,000",Apartment,4,3,130 Sq. M.,"Al Safa, North Jeddah, Jeddah"
"750,000",Apartment,4,3,164 Sq. M.,"Al Safa, North Jeddah, Jeddah"
"610,000",Apartment,5,3,185 Sq. M.,"Al Safa, North Jeddah, Jeddah"
"690,000",Apartment,5,4,174 Sq. M.,"Al Safa, North Jeddah, Jeddah"
"600,000",Apartment,4,3,180 Sq. M.,"Al Mraikh, North Jeddah, Jeddah"
"600,000",Apartment,4,3,180 Sq. M.,"Al Mraikh, North Jeddah, Jeddah"
"690,000",Apartment,3,2,174 Sq. M.,"Al Safa, North Jeddah, Jeddah"
"464,000",Apartment,3,3,"1,358 Sq. M.","Bani Malik, North Jeddah, Jeddah"
"490,000",Apartment,2,3,94 Sq. M.,"Al Salamah, North Jeddah, Jeddah"
"570,000",Apartment,3,2,865 Sq. M.,"Al Rabwa, North Jeddah, Jeddah"
"415,000",Apartment,3,3,630 Sq. M.,"Al Salamah, North Jeddah, Jeddah"
"529,000",Apartment,2,3,500 Sq. M.,"Al Naim, North Jeddah, Jeddah"
"830,000",Apartment,4,3,177 Sq. M.,"Al Marwah, North Jeddah, Jeddah"
"920,000",Apartment,4,3,173 Sq. M.,"Al Naim, North Jeddah, Jeddah"
"7,000,000",Villa,6,7,500 Sq. M.,"Al Narjis, North Riyadh, Riyadh"
"2,800,000",Apartment,2,2,152 Sq. M.,"Al Sahafah, North Riyadh, Riyadh"
"2,150,000",Villa,3,3,200 Sq. M.,"Sidra, Riyadh"
"4,200,000",Villa,6,6,435 Sq. M.,"Qurtubah, East Riyadh, Riyadh"
"440,000",Apartment,2,2,"1,092 Sq. M.","Al Hamraa, Central Jeddah, Jeddah"
"4,500,000",Villa,5,5,490 Sq. M.,"Umm Al Hamam Al Gharbi, West Riyadh, Riyadh"
"450,000",Apartment,3,2,102 Sq. M.,"Al Marwah, North Jeddah, Jeddah"
"2,500,000",Villa,3,5,450 Sq. M.,"Al Taawon, South Jeddah, Jeddah"
"430,000",Apartment,5,3,122 Sq. M.,"Al Waha, North Jeddah, Jeddah"
"900,000",Floor,6,5,633 Sq. M.,"Al-Basatin, Al Kharj Riyadh Region"
"800,000",Villa,9,8,382 Sq. M.,"Nishwan, Khamis Mushait"
"370,000",Apartment,4,3,202 Sq. M.,"Al Rasf, Hail"
"1,400,000",Villa,7,5,300 Sq. M.,"Al Aqiq, Abha"
"950,000",Apartment,3,3,126 Sq. M.,"Al Munsiyah, East Riyadh, Riyadh"
"1,800,000",Villa,5,5,285 Sq. M.,"Al Qadisiyah, East Riyadh, Riyadh"
"1,150,000",Floor,4,3,900 Sq. M.,"Tuwaiq, West Riyadh, Riyadh"
"950,000",Floor,4,3,212 Sq. M.,"Tuwaiq, West Riyadh, Riyadh"
"1,150,000",Floor,5,4,296 Sq. M.,"Tuwaiq, West Riyadh, Riyadh"
"1,050,000",Floor,4,4,193 Sq. M.,"Tuwaiq, West Riyadh, Riyadh"
"850,000",Floor,3,4,151 Sq. M.,"Al Suwaidi, West Riyadh, Riyadh"
"1,100,000",Floor,4,5,255 Sq. M.,"Tuwaiq, West Riyadh, Riyadh"
"1,000,000",Floor,3,3,179 Sq. M.,"Tuwaiq, West Riyadh, Riyadh"
"1,400,000",Villa,1,1,200 Sq. M.,"Tuwaiq, West Riyadh, Riyadh"
"850,000",Floor,3,3,105 Sq. M.,"Al Suwaidi, West Riyadh, Riyadh"
"1,200,000",Floor,1,1,222 Sq. M.,"Tuwaiq, West Riyadh, Riyadh"
"950,000",Floor,3,3,189 Sq. M.,"Tuwaiq, West Riyadh, Riyadh"
"1,100,000",Villa,5,5,200 Sq. M.,"Tuwaiq, West Riyadh, Riyadh"
"880,000",Villa,10,7,163 Sq. M.,"Okaz, South Riyadh, Riyadh"
"850,000",Floor,3,3,500 Sq. M.,"Shubra, West Riyadh, Riyadh"
"850,000",Floor,4,3,500 Sq. M.,"Shubra, West Riyadh, Riyadh"
"880,000",Villa,5,5,163 Sq. M.,"Okaz, South Riyadh, Riyadh"
"1,750,000",Villa,5,7,450 Sq. M.,"Dhahrat Laban, West Riyadh, Riyadh"
"950,000",Floor,1,1,201 Sq. M.,"Tuwaiq, West Riyadh, Riyadh"
"700,000",Apartment,1,1,220 Sq. M.,"Tuwaiq, West Riyadh, Riyadh"
"1,350,000",Villa,6,5,200 Sq. M.,"Tuwaiq, West Riyadh, Riyadh"
"2,850,000",Villa,4,8,312 Sq. M.,"Al Rimal, East Riyadh, Riyadh"
"2,850,000",Villa,10,5,845 Sq. M.,"Al Shati Al Sharqi, Dammam"
"1,250,000",Floor,6,5,278 Sq. M.,"Al Rabwa, North Jeddah, Jeddah"
"694,000",Apartment,5,4,198 Sq. M.,"Al Rayaan, North Jeddah, Jeddah"
"750,000",Villa,5,4,345 Sq. M.,"As Sail Al Kabeer, Taif"
"680,000",Apartment,5,4,175 Sq. M.,"Al Safa, North Jeddah, Jeddah"
"1,100,000",Floor,5,6,228 Sq. M.,"Al Rimal, East Riyadh, Riyadh"
"550,000",Apartment,5,4,168 Sq. M.,"Al Buhayrat, Makkah"
"600,000",Villa,3,4,375 Sq. M.,"Al Hada, Al Kharj Riyadh Region"
"980,000",Villa,2,3,300 Sq. M.,"Al Rahmanyah, North Jeddah, Jeddah"
"690,000",Apartment,3,3,194 Sq. M.,"Badr, Dammam"
"600,000",Floor,5,3,600 Sq. M.,"Hettain District, Al Duwadimi"
"1,250,000",Floor,5,3,340 Sq. M.,"Asharai, Makkah"
"800,000",Floor,7,5,275 Sq. M.,"Al Qayam Al Aala, Taif"
"590,000",Floor,4,4,297 Sq. M.,"Al Aziziyah, South Riyadh, Riyadh"
"900,000",Villa,7,5,368 Sq. M.,"As Snah, Taif"
"1,050,000",Floor,5,3,213 Sq. M.,"Al Rimal, East Riyadh, Riyadh"
"700,000",Floor,3,5,800 Sq. M.,"Taiba, Riyadh Al Khabra"
"640,000",Apartment,3,3,171 Sq. M.,"King Fahd Suburb, Dammam"
"450,000",Apartment,4,3,80 Sq. M.,"Al Quds, Abu Arish"
"1,250,000",Villa,6,5,376 Sq. M.,"Al Sawari, Al Khobar"
"450,000",Apartment,7,5,252 Sq. M.,"Dhahban Al Sharqi, Khamis Mushait"
"1,100,000",Floor,6,3,400 Sq. M.,"Al Rashidiyyah Neighborhood, Makkah"
"950,000",Floor,3,4,122 Sq. M.,"Al Rimal, East Riyadh, Riyadh"
"750,000",Apartment,5,3,180 Sq. M.,"Al Buhairah, Al Khobar"
"420,000",Apartment,3,3,139 Sq. M.,"Al Nur, Dammam"
"540,000",Apartment,5,4,171 Sq. M.,"King Fahd Suburb, Dammam"
"730,000",Villa,6,5,268 Sq. M.,"Aljazirah, Buraydah Al Qassim Region"
"630,000",Apartment,5,4,217 Sq. M.,"Al Rayaan, North Jeddah, Jeddah"
"430,000",Apartment,5,4,154 Sq. M.,"Al Nur, Dammam"
"580,000",Apartment,4,3,186 Sq. M.,"Al Nakhil District, Al Jumum"
"950,000",Villa,4,3,315 Sq. M.,"Al Khadraa, Madina"
"690,000",Apartment,3,3,325 Sq. M.,"Badr, South Riyadh, Riyadh"
"950,000",Villa,5,6,410 Sq. M.,"Al Wakra, Taif"
"1,600,000",Villa,5,7,300 Sq. M.,"Ar Rashidyah 3rd, Al Ahsa"
"1,400,000",Villa,7,7,476 Sq. M.,"Alsiana, Taif"
"680,000",Apartment,2,3,228 Sq. M.,"Badr, Dammam"
"500,000",Apartment,3,2,206 Sq. M.,"Hidn Qulus, Khamis Mushait"
"1,250,000",Villa,8,7,464 Sq. M.,"Ash Shamiya Al Jadid, Makkah"
"950,000",Villa,5,3,395 Sq. M.,"East of Al Swefilah, Hail"
"950,000",Villa,6,3,349 Sq. M.,"Al Qashashia Al Jadid, Makkah"
"1,150,000",Villa,3,4,188 Sq. M.,"Al Qadisiyah, East Riyadh, Riyadh"
"530,000",Apartment,3,4,224 Sq. M.,"Hidn Qulus, Khamis Mushait"
"1,350,000",Floor,6,4,400 Sq. M.,"Al Kawthar, Makkah"
"430,000",Apartment,5,3,181 Sq. M.,"Al Rawabi, Jazan"
"480,000",Apartment,3,3,129 Sq. M.,"Al Taawun, Al Khobar"
"1,250,000",Villa,5,4,443 Sq. M.,"Mokatat Al Halga, Taif"
"500,000",Apartment,6,4,229 Sq. M.,"North Tandiha, Khamis Mushait"
"630,000",Apartment,4,4,229 Sq. M.,"Badr, South Riyadh, Riyadh"
"780,000",Apartment,3,4,186 Sq. M.,"Al Rayaan, North Jeddah, Jeddah"
"1,050,000",Villa,4,3,200 Sq. M.,"Al Khomrah, South Jeddah, Jeddah"
"580,000",Apartment,6,5,188 Sq. M.,"Al Umrah, Makkah"
"1,900,000",Floor,3,3,209 Sq. M.,"Qurtubah, East Riyadh, Riyadh"
"1,650,000",Villa,4,6,325 Sq. M.,"Ash Shifa, Al Khobar"
"530,000",Apartment,5,4,205 Sq. M.,"Al Iskan, Samtah Jazan Region"
"1,165,000",Villa,5,4,600 Sq. M.,"Prince Abdullah, Bishah"
"750,000",Apartment,3,3,208 Sq. M.,"Okaz, South Riyadh, Riyadh"
"550,000",Apartment,5,3,190 Sq. M.,"Al Buhayrat, Makkah"
"500,000",Villa,5,3,187 Sq. M.,"King Fahd Suburb, Dammam"
"680,000",Apartment,5,3,203 Sq. M.,"Badr, Dammam"
"1,300,000",Villa,5,5,233 Sq. M.,"Nubala, Madina"
"700,000",Apartment,6,4,210 Sq. M.,"Badr, South Riyadh, Riyadh"
"1,150,000",Villa,4,7,423 Sq. M.,"Harat Al Bab Al Jadid, Makkah"
"500,000",Apartment,3,2,206 Sq. M.,"Hidn Qulus, Khamis Mushait"
"600,000",Apartment,5,3,196 Sq. M.,"Ash Shamiya Al Jadid, Makkah"
"1,750,000",Villa,4,4,356 Sq. M.,"Mahzur, Madina"
"1,000,000",Villa,5,4,310 Sq. M.,"Al Wafa Scheme, North Jeddah, Jeddah"
"620,000",Apartment,4,3,218 Sq. M.,"Al Nur, Dammam"
"1,300,000",Villa,6,4,380 Sq. M.,"Harat Al Bab Al Jadid, Makkah"
"510,000",Apartment,6,4,211 Sq. M.,"Ar Rawabi, Abha"
"670,000",Apartment,5,3,194 Sq. M.,"Ash Shamiya Al Jadid, Makkah"
"560,000",Apartment,4,2,159 Sq. M.,"Al Shawqiyyah, Makkah"
"900,000",Villa,6,3,320 Sq. M.,"Ash Shamiya Al Jadid, Makkah"
"880,000",Villa,7,5,408 Sq. M.,"As Sail Al Kabeer, Taif"
"1,450,000",Villa,11,10,300 Sq. M.,"Al Rahmanyah, North Jeddah, Jeddah"
"650,000",Apartment,5,3,185 Sq. M.,"Al Shawqiyyah, Makkah"
"1,300,000",Villa,9,6,443 Sq. M.,"Ash Shamiya Al Jadid, Makkah"
"450,000",Apartment,5,3,147 Sq. M.,"Ash Shamiya Al Jadid, Makkah"
"1,350,000",Villa,6,4,787 Sq. M.,"Al Rashidiyyah Neighborhood, Makkah"
"500,000",Apartment,5,4,159 Sq. M.,"Asharai, Makkah"
"725,000",Apartment,5,3,178 Sq. M.,"Al Aziziyah, North Jeddah, Jeddah"
"430,000",Apartment,5,4,145 Sq. M.,"Al Umrah, Makkah"
"1,330,000",Villa,6,4,347 Sq. M.,"Al Umrah, Makkah"
"620,000",Apartment,6,5,166 Sq. M.,"Badr, South Riyadh, Riyadh"
"975,000",Villa,5,3,360 Sq. M.,"Al-Nakheel, Al Kharj Riyadh Region"
"900,000",Apartment,3,4,154 Sq. M.,"Al Rimal, East Riyadh, Riyadh"
"770,000",Floor,3,2,312 Sq. M.,"Al Noor District, Khamis Mushait"
"770,000",Floor,6,4,341 Sq. M.,"Dhahban Al Sharqi, Khamis Mushait"
"1,050,000",Villa,4,3,200 Sq. M.,"Al Fadeylah, South Jeddah, Jeddah"
"1,250,000",Villa,9,8,630 Sq. M.,"Al Rawda, Najran"
"750,000",Floor,3,3,283 Sq. M.,"Al Khalij, Ahad Rafidah"
"1,750,000",Villa,7,6,437 Sq. M.,"West Al Aziziyah, Al Khobar"
"520,000",Apartment,3,3,179 Sq. M.,"Badr, South Riyadh, Riyadh"
"490,000",Apartment,5,5,120 Sq. M.,"Shihar, Taif"
"450,000",Apartment,5,3,184 Sq. M.,"Prince Abdullah, Bishah"
"880,000",Villa,4,3,349 Sq. M.,"Riha District, Taif"
"460,000",Apartment,3,2,159 Sq. M.,"Al Shulah, Dammam"
"780,000",Apartment,6,4,250 Sq. M.,"Al Armiya, Taif"
"540,000",Apartment,5,3,139 Sq. M.,"Asharai, Makkah"
"900,000",Villa,5,3,233 Sq. M.,"Jarana, Makkah"
"6,500,000",Floor,6,5,420 Sq. M.,"Al Yarmuk, Hafar Al Batin"
"900,000",Villa,6,3,312 Sq. M.,"Ash Shamiya Al Jadid, Makkah"
"510,000",Apartment,5,3,172 Sq. M.,"Al Rayaan, North Jeddah, Jeddah"
"2,500,000",Villa,3,3,450 Sq. M.,"Al Taawon, South Jeddah, Jeddah"
"3,500,000",Villa,8,6,315 Sq. M.,"Obhur Al Janoubiyah, North Jeddah, Jeddah"
"950,000",Villa,4,4,364 Sq. M.,"Ar Rehab, Taif"
"1,500,000",Villa,6,7,270 Sq. M.,"Alawali, West Riyadh, Riyadh"
"700,000",Villa,5,4,260 Sq. M.,"Um Assalum, South Jeddah, Jeddah"
"530,000",Apartment,3,2,194 Sq. M.,"Shubra, West Riyadh, Riyadh"
"620,000",Apartment,7,6,218 Sq. M.,"Um Assalum, South Jeddah, Jeddah"
"250,000",Apartment,4,3,142 Sq. M.,"Prince Abdullah, Bishah"
"730,000",Apartment,7,10,328 Sq. M.,"Hidn Qulus, Khamis Mushait"
"1,750,000",Villa,7,5,437 Sq. M.,"West Al Aziziyah, Al Khobar"
"480,000",Apartment,4,3,128 Sq. M.,"Al Waha, North Jeddah, Jeddah"
"1,200,000",Villa,7,5,375 Sq. M.,"Harat Al Bab Al Jadid, Makkah"
"1,050,000",Villa,5,7,311 Sq. M.,"Al safa Al Thani, Algorn, Al Ahsa"
"640,000",Apartment,5,4,217 Sq. M.,"Al Rayaan, North Jeddah, Jeddah"
"800,000",Apartment,3,3,169 Sq. M.,"Al Rimal, East Riyadh, Riyadh"
"580,000",Apartment,5,3,172 Sq. M.,"Al Rayaan, North Jeddah, Jeddah"
"950,000",Apartment,6,4,274 Sq. M.,"Al Shawqiyyah, Makkah"
"570,000",Apartment,5,4,171 Sq. M.,"Um Assalum, South Jeddah, Jeddah"
"1,100,000",Floor,3,3,343 Sq. M.,"Asharai, Makkah"
"640,000",Apartment,6,5,206 Sq. M.,"Al Rayaan, North Jeddah, Jeddah"
"700,000",Apartment,5,4,217 Sq. M.,"Badr, South Riyadh, Riyadh"
"750,000",Apartment,2,3,151 Sq. M.,"Al Hamraa District, Makkah"
"1,200,000",Villa,5,4,307 Sq. M.,"Harat Al Bab Al Jadid, Makkah"
"620,000",Apartment,7,6,218 Sq. M.,"Al Rayaan, North Jeddah, Jeddah"
"900,000",Villa,6,5,300 Sq. M.,"Dhahban Al Sharqi, Khamis Mushait"
"2,000,000",Villa,6,3,286 Sq. M.,"Al Rimal, East Riyadh, Riyadh"
"1,400,000",Floor,5,3,400 Sq. M.,"Asharai, Makkah"
"1,450,000",Villa,6,5,437 Sq. M.,"Al Buhairah, Al Khobar"
"2,700,000",Villa,4,4,375 Sq. M.,"Al Rimal, East Riyadh, Riyadh"
"1,000,000",Villa,3,6,840 Sq. M.,"Al Shorfa, Najran"
"1,300,000",Villa,7,5,420 Sq. M.,"Al Nayfiayah, Al Hofuf Eastern Region"
"530,000",Apartment,3,4,224 Sq. M.,"Hidn Qulus, Khamis Mushait"
"720,000",Villa,4,5,325 Sq. M.,"As Sail Al Kabeer, Taif"
"1,450,000",Villa,6,4,480 Sq. M.,"Al Lulu, Al Khobar"
"1,550,000",Villa,11,8,550 Sq. M.,"Sultanah, Abha"
"550,000",Apartment,6,4,220 Sq. M.,"Ar Rawabi, Abha"
"900,000",Villa,5,4,310 Sq. M.,"Al Wafa Scheme, North Jeddah, Jeddah"
"750,000",Apartment,3,3,171 Sq. M.,"Al Hazm, West Riyadh, Riyadh"
"1,500,000",Floor,5,3,554 Sq. M.,"Al Matar District, Madina"
"780,000",Apartment,6,4,250 Sq. M.,"Al Armiya, Taif"
"480,000",Apartment,5,4,174 Sq. M.,"Um Assalum, South Jeddah, Jeddah"
"650,000",Apartment,4,3,228 Sq. M.,"Al Hamra, Al Khobar"
"650,000",Apartment,4,3,228 Sq. M.,"Al Hamra, Al Khobar"
"620,000",Apartment,4,5,218 Sq. M.,"Al Nur, Dammam"
"630,000",Apartment,5,2,190 Sq. M.,"Sultanah District, Taif"
"950,000",Villa,6,4,351 Sq. M.,"Qami, Taif"
"530,000",Apartment,5,4,213 Sq. M.,"Al Safa, Jazan"
"620,000",Apartment,5,4,218 Sq. M.,"Al Badei, Abha"
"750,000",Apartment,4,3,353 Sq. M.,"Ar Rehab, Taif"
"1,000,000",Villa,4,3,215 Sq. M.,"Al Janadriyah, East Riyadh, Riyadh"
"850,000",Villa,6,5,355 Sq. M.,Taif
"1,100,000",Villa,5,3,325 Sq. M.,"Al Sawari, Al Khobar"
"540,000",Apartment,4,3,161 Sq. M.,"Al Hamra, Al Khobar"
"800,000",Floor,4,4,512 Sq. M.,"Al Nafl, Hail"
"670,000",Apartment,4,3,176 Sq. M.,"Sultanah District, Taif"
"1,150,000",Villa,6,5,305 Sq. M.,"Al Amwaj, Al Khobar"
"650,000",Apartment,3,4,171 Sq. M.,"Al Hamra, Al Khobar"
"2,200,000",Villa,4,4,250 Sq. M.,"Al Shifa, South Riyadh, Riyadh"
"950,000",Villa,5,6,408 Sq. M.,Taif
"800,000",Apartment,6,3,224 Sq. M.,"Al Nakhil District, Al Jumum"
"600,000",Apartment,3,3,199 Sq. M.,"Al Hamra, Al Khobar"
"835,000",Villa,5,3,266 Sq. M.,"Badr, South Riyadh, Riyadh"
"670,000",Apartment,4,4,180 Sq. M.,"Al Waha, North Jeddah, Jeddah"
"900,000",Villa,8,6,375 Sq. M.,"Al jameen, Khamis Mushait"
"800,000",Villa,3,4,500 Sq. M.,"Southern Fifties, Wadi Al Dawasir"
"950,000",Villa,5,8,360 Sq. M.,"Musharifah, Al Kharj Riyadh Region"
"500,000",Apartment,6,3,209 Sq. M.,"Al Muhammadiyah 1, Jazan"
"1,150,000",Villa,10,5,367 Sq. M.,"Al Lulu, Al Khobar"
"930,000",Apartment,4,4,164 Sq. M.,"Dhahrat Laban, West Riyadh, Riyadh"
"900,000",Apartment,6,4,188 Sq. M.,"Al Naim, North Jeddah, Jeddah"
"7,500,000",Building,10,10,114 Sq. M.,"Dhahrat Laban, West Riyadh, Riyadh"
"1,100,000",Apartment,4,4,181 Sq. M.,"Dhahrat Laban, West Riyadh, Riyadh"
"850,000",Floor,3,3,150 Sq. M.,"Al Rimal, East Riyadh, Riyadh"
"979,000",Apartment,3,3,120 Sq. M.,"Al Rawdah, East Riyadh, Riyadh"
"839,000",Apartment,2,2,97 Sq. M.,"Al Rawdah, East Riyadh, Riyadh"
"860,000",Floor,3,3,500 Sq. M.,"Shubra, West Riyadh, Riyadh"
"2,500,000",Villa,5,3,370 Sq. M.,"Al Munsiyah, East Riyadh, Riyadh"
"890,000",Apartment,3,3,158 Sq. M.,"Al Rimal, East Riyadh, Riyadh"
"890,000",Apartment,4,3,159 Sq. M.,"Al Rimal, East Riyadh, Riyadh"
"890,000",Apartment,4,4,158 Sq. M.,"Al Rimal, East Riyadh, Riyadh"
"1,350,000",Floor,3,4,206 Sq. M.,"Al Munsiyah, East Riyadh, Riyadh"
"1,350,000",Floor,5,4,"1,056 Sq. M.","Al Yarmuk, East Riyadh, Riyadh"
"890,000",Apartment,4,3,158 Sq. M.,"Al Rimal, East Riyadh, Riyadh"
"2,500,000",Villa,5,6,370 Sq. M.,"Al Munsiyah, East Riyadh, Riyadh"
"1,350,000",Floor,5,4,"1,056 Sq. M.","Al Yarmuk, East Riyadh, Riyadh"
"890,000",Apartment,4,3,158 Sq. M.,"Al Rimal, East Riyadh, Riyadh"
"2,500,000",Villa,5,3,370 Sq. M.,"Al Munsiyah, East Riyadh, Riyadh"
"1,550,000",Floor,5,5,183 Sq. M.,"Al Munsiyah, East Riyadh, Riyadh"
"1,350,000",Floor,4,4,206 Sq. M.,"Al Munsiyah, East Riyadh, Riyadh"
"1,550,000",Floor,4,4,183 Sq. M.,"Al Munsiyah, East Riyadh, Riyadh"
"430,000",Apartment,5,3,174 Sq. M.,"Badr, South Riyadh, Riyadh"
"860,000",Floor,2,3,500 Sq. M.,"Shubra, West Riyadh, Riyadh"
"1,400,000",Floor,4,6,305 Sq. M.,"Al Qadisiyah, East Riyadh, Riyadh"
"3,000,000",Villa,6,5,773 Sq. M.,"Al Mahdiyah, West Riyadh, Riyadh"
"2,500,000",Villa,5,5,300 Sq. M.,"Al Mahdiyah, West Riyadh, Riyadh"
"2,000,000",Villa,3,4,250 Sq. M.,"Sidra, Riyadh"
"11,500,000",Villa,9,10,792 Sq. M.,"Al Sahafah, North Riyadh, Riyadh"
"635,000",Apartment,2,3,176 Sq. M.,"Tuwaiq, West Riyadh, Riyadh"
"570,000",Apartment,4,3,195 Sq. M.,"Shuran, Madina"
"1,109,000",Apartment,3,3,151 Sq. M.,"Al Narjis, North Riyadh, Riyadh"
"989,000",Apartment,3,3,130 Sq. M.,"Al Rawdah, East Riyadh, Riyadh"
"1,280,000",Villa,7,5,200 Sq. M.,"Alawali, West Riyadh, Riyadh"
"1,500,000",Villa,5,6,360 Sq. M.,"Al Hamdaniyah, North Jeddah, Jeddah"
"1,700,000",Villa,5,5,200 Sq. M.,"Al Sheraa, North Jeddah, Jeddah"
"1,200,000",Villa,4,4,310 Sq. M.,"Al Wafa Scheme, North Jeddah, Jeddah"
"1,650,000",Villa,7,3,308 Sq. M.,"Al Manarat, North Jeddah, Jeddah"
"980,000",Villa,5,4,300 Sq. M.,"Al Rahmanyah, North Jeddah, Jeddah"
"1,130,000",Villa,5,4,300 Sq. M.,"Al Rahmanyah, North Jeddah, Jeddah"
"900,000",Villa,3,3,312 Sq. M.,"Al Riyadh, North Jeddah, Jeddah"
"1,200,000",Villa,3,3,300 Sq. M.,"Al Rahmanyah, North Jeddah, Jeddah"
"1,650,000",Villa,3,2,275 Sq. M.,"Al Rahmanyah, North Jeddah, Jeddah"
"950,000",Villa,6,5,312 Sq. M.,"Al Riyadh, North Jeddah, Jeddah"
"1,250,000",Villa,5,5,240 Sq. M.,"Taiba District, North Jeddah, Jeddah"
"850,000",Apartment,3,4,467 Sq. M.,"Al Zahraa, North Jeddah, Jeddah"
"540,000",Apartment,4,3,131 Sq. M.,"Al Marwah, North Jeddah, Jeddah"
"750,000",Apartment,5,3,136 Sq. M.,"Al Naim, North Jeddah, Jeddah"
"1,750,000",Villa,6,8,450 Sq. M.,"Tuwaiq, West Riyadh, Riyadh"
"2,500,000",Villa,5,5,300 Sq. M.,"Al Mahdiyah, West Riyadh, Riyadh"
"680,000",Apartment,5,3,161 Sq. M.,"Al Marwah, North Jeddah, Jeddah"
"1,600,000",Villa,7,5,600 Sq. M.,"Al Janadriyah, East Riyadh, Riyadh"
"1,650,000",Floor,4,5,630 Sq. M.,"Al Wurud, North Riyadh, Riyadh"
"900,000",Apartment,4,4,450 Sq. M.,"Al Mahdiyah, West Riyadh, Riyadh"
"930,000",Apartment,4,4,450 Sq. M.,"Al Mahdiyah, West Riyadh, Riyadh"
"930,000",Apartment,4,3,450 Sq. M.,"Al Mahdiyah, West Riyadh, Riyadh"
"850,000",Apartment,4,4,450 Sq. M.,"Al Mahdiyah, West Riyadh, Riyadh"
"750,000",Apartment,4,4,450 Sq. M.,"Al Mahdiyah, West Riyadh, Riyadh"
"900,000",Apartment,4,4,450 Sq. M.,"Al Mahdiyah, West Riyadh, Riyadh"
"750,000",Apartment,4,4,450 Sq. M.,"Al Mahdiyah, West Riyadh, Riyadh"
"800,000",Apartment,4,4,450 Sq. M.,"Al Mahdiyah, West Riyadh, Riyadh"
"770,000",Apartment,3,3,450 Sq. M.,"Al Mahdiyah, West Riyadh, Riyadh"
"380,000",Apartment,3,3,92 Sq. M.,"Bani Malik, North Jeddah, Jeddah"
"850,000",Floor,5,1,166 Sq. M.,"Al Janadriyah, East Riyadh, Riyadh"
"3,300,000",Villa,6,5,300 Sq. M.,"Sidra, Riyadh"
"1,080,000",Floor,4,3,229 Sq. M.,"Tuwaiq, West Riyadh, Riyadh"
"1,100,000",Villa,5,4,225 Sq. M.,"Alawali, West Riyadh, Riyadh"
"1,150,000",Floor,4,3,183 Sq. M.,"Alawali, West Riyadh, Riyadh"
"1,070,000",Villa,5,5,272 Sq. M.,"Tuwaiq, West Riyadh, Riyadh"
"1,100,000",Floor,4,4,209 Sq. M.,"Al Uraija Al Gharbiyah, West Riyadh, Riyadh"
"1,200,000",Floor,5,5,259 Sq. M.,"Al Uraija Al Gharbiyah, West Riyadh, Riyadh"
"950,000",Floor,3,3,164 Sq. M.,"Tuwaiq, West Riyadh, Riyadh"
"950,000",Floor,5,3,180 Sq. M.,"Tuwaiq, West Riyadh, Riyadh"
"1,150,000",Floor,5,5,180 Sq. M.,"Tuwaiq, West Riyadh, Riyadh"
"1,350,000",Floor,3,3,240 Sq. M.,"Alawali, West Riyadh, Riyadh"
"700,000",Apartment,3,3,94 Sq. M.,"Tuwaiq, West Riyadh, Riyadh"
"850,000",Floor,3,1,137 Sq. M.,"Tuwaiq, West Riyadh, Riyadh"
"1,000,000",Floor,3,3,212 Sq. M.,"Tuwaiq, West Riyadh, Riyadh"
"1,300,000",Villa,5,5,304 Sq. M.,"Tuwaiq, West Riyadh, Riyadh"
"1,100,000",Floor,3,3,188 Sq. M.,"Tuwaiq, West Riyadh, Riyadh"
"1,600,000",Villa,5,5,365 Sq. M.,"Al Buhairah, Al Khobar"
"1,650,000",Floor,4,3,198 Sq. M.,"Qurtubah, East Riyadh, Riyadh"
"3,100,000",Villa,5,5,300 Sq. M.,"Al Mahdiyah, West Riyadh, Riyadh"
"3,300,000",Villa,5,4,300 Sq. M.,"Al Mahdiyah, West Riyadh, Riyadh"
"450,000",Apartment,3,2,102 Sq. M.,"Al Marwah, North Jeddah, Jeddah"
"3,300,000",Villa,5,5,300 Sq. M.,"Al Mahdiyah, West Riyadh, Riyadh"
"3,100,000",Villa,5,5,300 Sq. M.,"Al Mahdiyah, West Riyadh, Riyadh"
"800,000",Apartment,4,4,630 Sq. M.,"Badr, South Riyadh, Riyadh"
"530,000",Apartment,3,3,163 Sq. M.,"Okaz, South Riyadh, Riyadh"
"250,000",Floor,5,4,209 Sq. M.,"Mishrif, Al Kharj Riyadh Region"
"950,000",Villa,10,5,503 Sq. M.,"Al Muhammadiyah, Al Mukhwah"
"1,650,000",Floor,3,4,195 Sq. M.,"Qurtubah, East Riyadh, Riyadh"
"1,600,000",Floor,3,4,690 Sq. M.,"Al Yarmuk, East Riyadh, Riyadh"
"3,199,999",Villa,4,4,330 Sq. M.,"Obhur Al Shamaliyah, North Jeddah, Jeddah"
"1,200,000",Villa,6,5,300 Sq. M.,"Al Falah, North Jeddah, Jeddah"
"899,000",Apartment,3,4,170 Sq. M.,"Al Nuzhah, North Jeddah, Jeddah"
"1,039,000",Apartment,3,4,231 Sq. M.,"Al Nuzhah, North Jeddah, Jeddah"
"3,500,000",Apartment,3,3,75 Sq. M.,"Ajyad, Makkah"
"2,300,000",Villa,6,8,462 Sq. M.,"Al Murjan, North Jeddah, Jeddah"
"770,000",Floor,4,4,630 Sq. M.,"Badr, South Riyadh, Riyadh"
"2,500,000",Villa,5,5,300 Sq. M.,"Al Mahdiyah, West Riyadh, Riyadh"
"860,000",Floor,4,3,500 Sq. M.,"Shubra, West Riyadh, Riyadh"
"5,000,000",Villa,5,4,375 Sq. M.,"Al Mughrizat, North Riyadh, Riyadh"
"450,000",Apartment,3,3,177 Sq. M.,"Badr, South Riyadh, Riyadh"
"820,000",Apartment,5,3,165 Sq. M.,"Al Salamah, North Jeddah, Jeddah"
"1,300,000",Apartment,3,3,123 Sq. M.,"Al Narjis, North Riyadh, Riyadh"
"6,000,000",Villa,5,5,567 Sq. M.,"Al Rabi, North Riyadh, Riyadh"
"3,900,000",Apartment,5,5,430 Sq. M.,"Al Shati, North Jeddah, Jeddah"
"790,000",Apartment,4,3,136 Sq. M.,"Al Qadisiyah, East Riyadh, Riyadh"
"1,500,000",Apartment,4,3,153 Sq. M.,"Al Malqa, North Riyadh, Riyadh"
"3,400,000",Villa,6,6,200 Sq. M.,"Al Malqa, North Riyadh, Riyadh"
"5,600,000",Villa,6,5,400 Sq. M.,"Al Malqa, North Riyadh, Riyadh"
"1,800,000",Villa,8,7,625 Sq. M.,"Shubra, West Riyadh, Riyadh"
"1,400,000",Villa,3,4,250 Sq. M.,"Namar, West Riyadh, Riyadh"
"780,000",Apartment,2,2,171 Sq. M.,"Dhahrat Al Badiah, West Riyadh, Riyadh"
"1,000,000",Villa,5,6,250 Sq. M.,"King Fahd Suburb, Dammam"
"2,500,000",Villa,5,5,300 Sq. M.,"Al Mahdiyah, West Riyadh, Riyadh"
"3,300,000",Villa,5,5,300 Sq. M.,"Al Mahdiyah, West Riyadh, Riyadh"
"2,200,000",Villa,5,5,390 Sq. M.,"Al Mahdiyah, West Riyadh, Riyadh"
"580,000",Apartment,3,3,100 Sq. M.,"Al Naim, North Jeddah, Jeddah"
"680,000",Apartment,5,3,137 Sq. M.,"Al Salamah, North Jeddah, Jeddah"
"1,300,000",Floor,4,4,132 Sq. M.,"Al Munsiyah, East Riyadh, Riyadh"
"1,200,000",Floor,4,4,242 Sq. M.,"Al Qadisiyah, East Riyadh, Riyadh"
"730,000",Apartment,4,3,141 Sq. M.,"Al Maizilah, East Riyadh, Riyadh"
"11,000,000",Building,10,10,660 Sq. M.,"Al Woroud, North Jeddah, Jeddah"
"750,000",Apartment,4,4,167 Sq. M.,"Al Marwah, North Jeddah, Jeddah"
"650,000",Villa,4,3,152 Sq. M.,"Al Marwah, North Jeddah, Jeddah"
"2,100,000",Apartment,3,2,120 Sq. M.,"Al Quds, East Riyadh, Riyadh"
"1,850,000",Apartment,3,3,181 Sq. M.,"Qurtubah, East Riyadh, Riyadh"
"550,000",Apartment,3,2,94 Sq. M.,"Al Rimal, East Riyadh, Riyadh"
"520,000",Floor,3,3,222 Sq. M.,"Badr, South Riyadh, Riyadh"
"1,400,000",Floor,7,5,900 Sq. M.,"Alawali, West Riyadh, Riyadh"
"1,050,000",Villa,6,5,269 Sq. M.,"Tuwaiq, West Riyadh, Riyadh"
"1,000,000",Floor,3,2,124 Sq. M.,"Al Khaleej, East Riyadh, Riyadh"
"1,550,000",Floor,3,3,234 Sq. M.,"Al Khaleej, East Riyadh, Riyadh"
"1,250,000",Apartment,3,2,126 Sq. M.,"Al Nada, North Riyadh, Riyadh"
"900,000",Apartment,4,4,130 Sq. M.,"Al Mahdiyah, West Riyadh, Riyadh"
"3,000,000",Villa,5,5,810 Sq. M.,"Al Nahdah, East Riyadh, Riyadh"
"490,000",Apartment,4,2,"1,511 Sq. M.","Al Qaswa, Madina"
"3,500,000",Villa,7,8,297 Sq. M.,"Al Nafal, North Riyadh, Riyadh"
"2,350,000",Villa,6,5,250 Sq. M.,"Al Yarmuk, East Riyadh, Riyadh"
"1,200,000",Floor,5,4,505 Sq. M.,"Al Qadisiyah, East Riyadh, Riyadh"
"1,450,000",Floor,5,4,505 Sq. M.,"Al Qadisiyah, East Riyadh, Riyadh"
"1,200,000",Floor,5,5,505 Sq. M.,"Al Qadisiyah, East Riyadh, Riyadh"
"1,000,000",Floor,4,3,131 Sq. M.,"Al Munsiyah, East Riyadh, Riyadh"
"1,450,000",Floor,5,4,505 Sq. M.,"Al Qadisiyah, East Riyadh, Riyadh"
"1,000,000",Floor,4,3,131 Sq. M.,"Al Munsiyah, East Riyadh, Riyadh"
"1,200,000",Floor,3,3,505 Sq. M.,"Al Qadisiyah, East Riyadh, Riyadh"
"1,000,000",Floor,2,3,131 Sq. M.,"Al Munsiyah, East Riyadh, Riyadh"
"995,000",Apartment,4,3,158 Sq. M.,"Al Rimal, East Riyadh, Riyadh"
"995,000",Apartment,4,4,158 Sq. M.,"Al Rimal, East Riyadh, Riyadh"
"995,000",Apartment,4,3,158 Sq. M.,"Al Rimal, East Riyadh, Riyadh"
"995,000",Apartment,4,3,158 Sq. M.,"Al Rimal, East Riyadh, Riyadh"
"995,000",Apartment,4,4,158 Sq. M.,"Al Rimal, East Riyadh, Riyadh"
"995,000",Apartment,4,4,158 Sq. M.,"Al Rimal, East Riyadh, Riyadh"
"995,000",Apartment,4,3,158 Sq. M.,"Al Rimal, East Riyadh, Riyadh"
"999,000",Apartment,3,3,203 Sq. M.,"Al Qadisiyah, East Riyadh, Riyadh"
"995,000",Apartment,4,4,158 Sq. M.,"Al Rimal, East Riyadh, Riyadh"
"995,000",Apartment,4,4,158 Sq. M.,"Al Rimal, East Riyadh, Riyadh"
"995,000",Apartment,4,3,158 Sq. M.,"Al Rimal, East Riyadh, Riyadh"
"995,000",Apartment,4,3,158 Sq. M.,"Al Rimal, East Riyadh, Riyadh"
"995,000",Apartment,4,3,158 Sq. M.,"Al Rimal, East Riyadh, Riyadh"
"995,000",Apartment,4,4,158 Sq. M.,"Al Rimal, East Riyadh, Riyadh"
"1,200,000",Floor,4,4,222 Sq. M.,"Al Rimal, East Riyadh, Riyadh"
"550,000",Apartment,5,3,166 Sq. M.,"Al Mohamdya, Makkah"
"450,000",Apartment,3,3,98 Sq. M.,"Batha Quraysh, Makkah"
"480,000",Apartment,3,2,103 Sq. M.,"Batha Quraysh, Makkah"
"750,000",Apartment,5,3,182 Sq. M.,"Batha Quraysh, Makkah"
"325,000",Apartment,2,2,85 Sq. M.,"Batha Quraysh, Makkah"
"470,000",Apartment,3,3,107 Sq. M.,"Batha Quraysh, Makkah"
"690,000",Apartment,5,3,161 Sq. M.,"Batha Quraysh, Makkah"
"9,000,000",Villa,6,9,735 Sq. M.,"Al Sahafah, North Riyadh, Riyadh"
"940,000",Floor,5,4,193 Sq. M.,"Al Janadriyah, East Riyadh, Riyadh"
"1,500,000",Villa,4,4,367 Sq. M.,"King Fahd Suburb, Dammam"
"490,000",Apartment,4,3,128 Sq. M.,"Al Marwah, North Jeddah, Jeddah"
"720,000",Apartment,6,3,143 Sq. M.,"Tuwaiq, West Riyadh, Riyadh"
"980,000",Apartment,5,3,143 Sq. M.,"Al Suwaidi, West Riyadh, Riyadh"
"590,000",Apartment,3,2,133 Sq. M.,"Al Hazm, West Riyadh, Riyadh"
"739,000",Floor,7,6,186 Sq. M.,"Okaz, South Riyadh, Riyadh"
"1,900,000",Villa,9,7,321 Sq. M.,"Mudhainib, Madina"
"1,000,000",Villa,3,5,327 Sq. M.,"Al Safa, Abu Arish"
"520,000",Apartment,10,5,239 Sq. M.,"Ar Rawdah, Abha"
"790,000",Apartment,4,3,175 Sq. M.,"Dhahrat Laban, West Riyadh, Riyadh"
"550,000",Apartment,3,2,123 Sq. M.,"Alhalqah Al Gharbia, Taif"
"420,000",Apartment,5,3,148 Sq. M.,"Al Rawdah, Jazan"
"950,000",Floor,7,5,425 Sq. M.,"Warqan, Madina"
"400,000",Apartment,4,3,113 Sq. M.,"Al Ranuna, Madina"
"1,200,000",Villa,9,5,250 Sq. M.,"Al Safa, Dammam"
"1,250,000",Villa,1,1,299 Sq. M.,"Shadhah, Madina"
"630,000",Apartment,1,1,144 Sq. M.,"Al Aridh, Madina"
"630,000",Apartment,1,1,153 Sq. M.,"Al Aridh, Madina"
"735,000",Apartment,1,1,186 Sq. M.,"Al Difa, Madina"
"630,000",Apartment,1,1,144 Sq. M.,"Al Aridh, Madina"
"790,000",Apartment,1,1,226 Sq. M.,Madina
"750,000",Apartment,4,3,141 Sq. M.,"Al Salamah, North Jeddah, Jeddah"
"1,190,000",Apartment,6,5,640 Sq. M.,"Al Zahraa, North Jeddah, Jeddah"
"1,190,000",Apartment,6,5,640 Sq. M.,"Al Zahraa, North Jeddah, Jeddah"
"850,000",Apartment,3,4,207 Sq. M.,"Al Marwah, North Jeddah, Jeddah"
"550,000",Apartment,3,3,122 Sq. M.,"Al Waha, North Jeddah, Jeddah"
"1,050,000",Apartment,7,6,339 Sq. M.,"Al Sawari, North Jeddah, Jeddah"
"720,000",Apartment,5,4,175 Sq. M.,"Al Aziziyah, North Jeddah, Jeddah"
"1,050,000",Apartment,7,6,339 Sq. M.,"Al Sawari, North Jeddah, Jeddah"
"740,000",Apartment,4,3,141 Sq. M.,"Al Salamah, North Jeddah, Jeddah"
"520,000",Apartment,3,4,102 Sq. M.,"Al Salamah, North Jeddah, Jeddah"
"850,000",Apartment,4,5,150 Sq. M.,"Al Nahdah, North Jeddah, Jeddah"
"850,000",Apartment,6,5,207 Sq. M.,"Al Marwah, North Jeddah, Jeddah"
"850,000",Apartment,4,3,150 Sq. M.,"Al Nahdah, North Jeddah, Jeddah"
"850,000",Apartment,6,5,207 Sq. M.,"Al Marwah, North Jeddah, Jeddah"
"950,000",Apartment,5,4,166 Sq. M.,"Al Salamah, North Jeddah, Jeddah"
"520,000",Apartment,3,1,102 Sq. M.,"Al Salamah, North Jeddah, Jeddah"
"740,000",Apartment,1,1,141 Sq. M.,"Al Salamah, North Jeddah, Jeddah"
"780,000",Apartment,1,1,133 Sq. M.,"Al Rawdah, North Jeddah, Jeddah"
"720,000",Apartment,1,1,175 Sq. M.,"Al Aziziyah, North Jeddah, Jeddah"
"520,000",Apartment,1,1,102 Sq. M.,"Al Salamah, North Jeddah, Jeddah"
"730,000",Apartment,1,1,166 Sq. M.,"Shadhah, Madina"
"1,285,000",Villa,1,1,325 Sq. M.,Madina
"770,000",Apartment,1,1,177 Sq. M.,"Shadhah, Madina"
"735,000",Apartment,1,1,186 Sq. M.,"Al Difa, Madina"
"600,000",Apartment,2,4,215 Sq. M.,"Mishrifah, North Jeddah, Jeddah"
"545,000",Apartment,4,3,137 Sq. M.,"Mishrifah, North Jeddah, Jeddah"
"670,000",Apartment,1,1,176 Sq. M.,"Shadhah, Madina"
"750,000",Apartment,4,3,152 Sq. M.,"Al Zahraa, North Jeddah, Jeddah"
"750,000",Apartment,4,3,152 Sq. M.,"Al Zahraa, North Jeddah, Jeddah"
"780,000",Apartment,1,1,153 Sq. M.,"Al Aridh, Madina"
"735,000",Apartment,1,1,186 Sq. M.,"Al Difa, Madina"
"735,000",Apartment,1,1,172 Sq. M.,"Al Difa, Madina"
"650,000",Apartment,1,1,159 Sq. M.,"Mudhainib, Madina"
"630,000",Apartment,1,1,153 Sq. M.,"Al Aridh, Madina"
"730,000",Apartment,1,1,166 Sq. M.,"Shadhah, Madina"
"670,000",Apartment,1,1,176 Sq. M.,"Shadhah, Madina"
"3,950,000",Villa,1,1,620 Sq. M.,"Mudhainib, Madina"
"770,000",Apartment,1,1,177 Sq. M.,"Shadhah, Madina"
"735,000",Apartment,1,1,172 Sq. M.,"Al Difa, Madina"
"450,000",Apartment,4,3,137 Sq. M.,"Al Mraikh, North Jeddah, Jeddah"
"450,000",Apartment,4,3,137 Sq. M.,"Al Mraikh, North Jeddah, Jeddah"
"450,000",Apartment,4,3,137 Sq. M.,"Al Mraikh, North Jeddah, Jeddah"
"750,000",Apartment,4,5,152 Sq. M.,"Al Zahraa, North Jeddah, Jeddah"
"545,000",Apartment,4,5,137 Sq. M.,"Mishrifah, North Jeddah, Jeddah"
"545,000",Apartment,4,3,137 Sq. M.,"Mishrifah, North Jeddah, Jeddah"
"3,500,000",Villa,11,7,"3,433 Sq. M.","Al Yasmin district, Khamis Mushait"
"650,000",Floor,6,5,199 Sq. M.,"Ar Rawdah, Abha"
"810,000",Villa,10,7,250 Sq. M.,"King Fahd Suburb, Dammam"
"750,000",Floor,5,4,600 Sq. M.,"Badr, South Riyadh, Riyadh"
"750,000",Floor,5,4,600 Sq. M.,"Badr, South Riyadh, Riyadh"
"3,500,000",Villa,5,4,682 Sq. M.,"Al Fursan, Dammam"
"1,500,000",Villa,5,5,149 Sq. M.,"Shubra, West Riyadh, Riyadh"
"690,000",Floor,3,3,181 Sq. M.,"Okaz, South Riyadh, Riyadh"
"2,000,000",Villa,5,2,437 Sq. M.,"Al Nasim Al Gharbi, East Riyadh, Riyadh"
"1,150,000",Apartment,5,4,178 Sq. M.,"Al Rimal, East Riyadh, Riyadh"
"1,250,000",Apartment,3,3,147 Sq. M.,"Al Yasmin, North Riyadh, Riyadh"
"850,000",Apartment,6,3,205 Sq. M.,"Ishbiliyah, East Riyadh, Riyadh"
"3,650,000",Villa,6,6,324 Sq. M.,"Al Munsiyah, East Riyadh, Riyadh"
"1,400,000",Floor,5,4,600 Sq. M.,"Al Khaleej, East Riyadh, Riyadh"
"5,300,000",Villa,9,7,400 Sq. M.,"Al Qirawan, North Riyadh, Riyadh"
"3,000,000",Villa,5,5,403 Sq. M.,"Dhahrat Al Awdat Gharb, Al Diriyah"
"650,000",Apartment,3,3,140 Sq. M.,"Al Suwaidi, West Riyadh, Riyadh"
"1,350,000",Apartment,5,4,165 Sq. M.,"Al Munsiyah, East Riyadh, Riyadh"
"750,000",Apartment,4,3,167 Sq. M.,"Al Marwah, North Jeddah, Jeddah"
"780,000",Apartment,5,4,196 Sq. M.,"King Fahd, Makkah"
"680,000",Apartment,4,4,157 Sq. M.,"Batha Quraysh, Makkah"
"1,450,000",Villa,5,5,200 Sq. M.,"Laban, West Riyadh, Riyadh"
"3,300,000",Villa,4,5,330 Sq. M.,"Al Arid, North Riyadh, Riyadh"
"5,500,000",Villa,4,5,457 Sq. M.,"Al Narjis, North Riyadh, Riyadh"
"2,250,000",Floor,3,4,397 Sq. M.,"Al Narjis, North Riyadh, Riyadh"
"1,800,000",Villa,6,6,450 Sq. M.,"Al Bashaer, North Jeddah, Jeddah"
"1,750,000",Villa,4,3,412 Sq. M.,"Al Rahmanyah, North Jeddah, Jeddah"
"900,000",Villa,5,3,312 Sq. M.,"Al Riyadh, North Jeddah, Jeddah"
"1,350,000",Villa,7,6,322 Sq. M.,"Al Rahmanyah, North Jeddah, Jeddah"
"1,050,000",Villa,3,3,312 Sq. M.,"Al Falah, North Jeddah, Jeddah"
"750,000",Apartment,4,6,167 Sq. M.,"Al Marwah, North Jeddah, Jeddah"
"950,000",Apartment,4,3,120 Sq. M.,"Al Nahdah, East Riyadh, Riyadh"
"2,000,000",Floor,4,5,420 Sq. M.,"Tuwaiq, West Riyadh, Riyadh"
"3,000,000",Villa,5,5,375 Sq. M.,"Al Rimal, East Riyadh, Riyadh"
"1,400,000",Villa,6,5,200 Sq. M.,"Tuwaiq, West Riyadh, Riyadh"
"1,070,000",Villa,5,5,265 Sq. M.,"Tuwaiq, West Riyadh, Riyadh"
"780,000",Apartment,3,3,116 Sq. M.,"Tuwaiq, West Riyadh, Riyadh"
"1,150,000",Floor,3,3,183 Sq. M.,"Alawali, West Riyadh, Riyadh"
"700,000",Apartment,2,2,105 Sq. M.,"Tuwaiq, West Riyadh, Riyadh"
"850,000",Floor,5,5,166 Sq. M.,"Tuwaiq, West Riyadh, Riyadh"
"1,070,000",Villa,5,5,269 Sq. M.,"Tuwaiq, West Riyadh, Riyadh"
"1,350,000",Villa,6,5,311 Sq. M.,"Tuwaiq, West Riyadh, Riyadh"
"1,100,000",Villa,5,4,259 Sq. M.,"Tuwaiq, West Riyadh, Riyadh"
"900,000",Floor,3,3,220 Sq. M.,"Tuwaiq, West Riyadh, Riyadh"
"1,000,000",Floor,3,3,212 Sq. M.,"Tuwaiq, West Riyadh, Riyadh"
"5,800,000",Apartment,5,2,163 Sq. M.,"Al Mraikh, North Jeddah, Jeddah"
"450,000",Apartment,3,3,106 Sq. M.,"Al Ranuna, Madina"
"800,000",Villa,5,4,504 Sq. M.,"Prince Sultan neighborhood, Bishah"
"450,000",Apartment,5,3,146 Sq. M.,"Ash Shamiya Al Jadid, Makkah"
"650,000",Apartment,5,3,151 Sq. M.,"Batha Quraysh, Makkah"
"750,000",Apartment,6,3,175 Sq. M.,"Al Shawqiyyah, Makkah"
"700,000",Apartment,5,4,182 Sq. M.,"Batha Quraysh, Makkah"
"780,000",Apartment,6,4,210 Sq. M.,"Batha Quraysh, Makkah"
"670,000",Apartment,5,3,192 Sq. M.,"Batha Quraysh, Makkah"
"800,000",Apartment,6,4,210 Sq. M.,"Batha Quraysh, Makkah"
"700,000",Apartment,5,4,181 Sq. M.,"Al Hamraa District, Makkah"
"550,000",Apartment,5,3,191 Sq. M.,"Okaz, South Riyadh, Riyadh"
"900,000",Villa,9,7,550 Sq. M.,"Al Ashrafiyyah, Unayzah"
"750,000",Villa,4,4,280 Sq. M.,"Al Awniyyah, Unayzah"
"9,990,000",Apartment,3,2,125 Sq. M.,"King Faisal, East Riyadh, Riyadh"
"2,500,000",Villa,5,5,370 Sq. M.,"Al Munsiyah, East Riyadh, Riyadh"
"560,000",Apartment,5,5,141 Sq. M.,"Al Hamra, Al Khobar"
"1,250,000",Villa,6,7,427 Sq. M.,"King Fahd Suburb, Dammam"
"1,050,000",Apartment,3,3,119 Sq. M.,"Al Rimal, East Riyadh, Riyadh"
"500,000",Floor,3,2,144 Sq. M.,"Al Talah, Madina"
"650,000",Apartment,3,3,538 Sq. M.,"Al Bayan Neighborhood, East Riyadh, Riyadh"
"1,250,000",Floor,5,1,206 Sq. M.,"Al Qadisiyah, East Riyadh, Riyadh"
"1,550,000",Villa,4,4,217 Sq. M.,"Al Janadriyah, East Riyadh, Riyadh"
"2,400,000",Villa,7,5,420 Sq. M.,"Al Bayan Neighborhood, East Riyadh, Riyadh"
"1,000,000",Floor,5,1,193 Sq. M.,"Al Qadisiyah, East Riyadh, Riyadh"
"1,850,000",Villa,6,4,276 Sq. M.,"Al Maizilah, East Riyadh, Riyadh"
"2,600,000",Villa,5,5,378 Sq. M.,"Al Yarmuk, East Riyadh, Riyadh"
"1,500,000",Floor,3,3,234 Sq. M.,"Al Khaleej, East Riyadh, Riyadh"
"1,400,000",Floor,5,5,292 Sq. M.,"Al Janadriyah, East Riyadh, Riyadh"
"850,000",Floor,4,3,182 Sq. M.,"Al Bayan Neighborhood, East Riyadh, Riyadh"
"1,000,000",Apartment,3,3,124 Sq. M.,"Al Rimal, East Riyadh, Riyadh"
"1,720,000",Villa,6,6,220 Sq. M.,"Al Rimal, East Riyadh, Riyadh"
"2,100,000",Villa,5,4,328 Sq. M.,"Al Rimal, East Riyadh, Riyadh"
"600,000",Apartment,3,3,538 Sq. M.,"Al Bayan Neighborhood, East Riyadh, Riyadh"
"1,500,000",Villa,5,4,301 Sq. M.,"Al Rimal, East Riyadh, Riyadh"
"1,900,000",Villa,6,4,270 Sq. M.,"Al Murjan, East Riyadh, Riyadh"
"1,244,000",Apartment,3,3,82 Sq. M.,"Al Munsiyah, East Riyadh, Riyadh"
"1,250,000",Floor,3,3,190 Sq. M.,"Al Khaleej, East Riyadh, Riyadh"
"1,400,000",Floor,4,4,312 Sq. M.,"Al Rimal, East Riyadh, Riyadh"
"600,000",Apartment,3,3,538 Sq. M.,"Al Bayan Neighborhood, East Riyadh, Riyadh"
"1,000,000",Floor,3,4,251 Sq. M.,"Al Janadriyah, East Riyadh, Riyadh"
"1,400,000",Floor,3,3,292 Sq. M.,"Al Janadriyah, East Riyadh, Riyadh"
"1,115,000",Apartment,3,3,146 Sq. M.,"Al Munsiyah, East Riyadh, Riyadh"
"1,145,000",Apartment,3,3,151 Sq. M.,"Al Munsiyah, East Riyadh, Riyadh"
"1,000,000",Floor,3,3,138 Sq. M.,"Al Rimal, East Riyadh, Riyadh"
"2,250,000",Villa,7,5,276 Sq. M.,"Al Rimal, East Riyadh, Riyadh"
"1,000,000",Floor,5,4,271 Sq. M.,"Al Janadriyah, East Riyadh, Riyadh"
"1,200,000",Floor,3,3,213 Sq. M.,"Al Janadriyah, East Riyadh, Riyadh"
"1,350,000",Floor,6,5,621 Sq. M.,"Al Munsiyah, East Riyadh, Riyadh"
"1,200,000",Floor,5,5,213 Sq. M.,"Al Janadriyah, East Riyadh, Riyadh"
"2,350,000",Villa,6,5,250 Sq. M.,"Al Yarmuk, East Riyadh, Riyadh"
"600,000",Apartment,3,3,538 Sq. M.,"Al Bayan Neighborhood, East Riyadh, Riyadh"
"1,650,000",Villa,4,3,356 Sq. M.,"Al Bayan Neighborhood, East Riyadh, Riyadh"
"930,000",Apartment,5,4,175 Sq. M.,"Dhahrat Laban, West Riyadh, Riyadh"
"2,000,000",Villa,5,4,420 Sq. M.,"Al Rimal, East Riyadh, Riyadh"
"450,000",Apartment,3,2,112 Sq. M.,"Al Waha, North Jeddah, Jeddah"
"770,000",Apartment,4,3,133 Sq. M.,"Al Rawdah, North Jeddah, Jeddah"
"590,000",Apartment,5,4,525 Sq. M.,"Al Salamah, North Jeddah, Jeddah"
"600,000",Apartment,5,4,169 Sq. M.,"Al Waha, North Jeddah, Jeddah"
"900,000",Villa,8,5,171 Sq. M.,"Al Marwah, North Jeddah, Jeddah"
"1,200,000",Floor,5,4,257 Sq. M.,"Al Murjan, East Riyadh, Riyadh"
"2,300,000",Villa,8,4,483 Sq. M.,"Al Ajwad, North Jeddah, Jeddah"
"1,100,000",Apartment,4,3,126 Sq. M.,"Al Malqa, North Riyadh, Riyadh"
"3,000,000",Villa,6,4,487 Sq. M.,"Al Narjis, North Riyadh, Riyadh"
"1,250,000",Floor,5,4,224 Sq. M.,"Al Rimal, East Riyadh, Riyadh"
"820,000",Apartment,5,4,266 Sq. M.,"Al Umrah, Makkah"
"880,000",Villa,7,6,258 Sq. M.,"Al Janadriyah, East Riyadh, Riyadh"
"1,300,000",Villa,4,4,225 Sq. M.,"Al Sawari, North Jeddah, Jeddah"
"3,000,000",Villa,6,5,525 Sq. M.,"Al Muhammadiyah, North Jeddah, Jeddah"
"2,000,000",Villa,11,7,542 Sq. M.,"Alhalqah Al Gharbia, Taif"
"1,000,000",Villa,7,5,250 Sq. M.,"Akhbab, Taif"
"1,100,000",Villa,4,3,330 Sq. M.,"Al Sawari, Al Khobar"
"5,500,000",Villa,4,7,450 Sq. M.,"Hittin, North Riyadh, Riyadh"
"1,300,000",Apartment,2,2,124 Sq. M.,"Al Malqa, North Riyadh, Riyadh"
"460,000",Apartment,4,3,134 Sq. M.,"Badr, South Riyadh, Riyadh"
"1,500,000",Villa,6,6,861 Sq. M.,"Al Thalalah, Khamis Mushait"
"800,000",Villa,7,6,287 Sq. M.,"King Fahd Suburb, Dammam"
"550,000",Apartment,3,4,181 Sq. M.,"Al Mraikh, North Jeddah, Jeddah"
"600,000",Apartment,4,3,116 Sq. M.,"Alawali, West Riyadh, Riyadh"
"650,000",Floor,5,4,149 Sq. M.,"Badr, South Riyadh, Riyadh"
"1,350,000",Villa,5,4,200 Sq. M.,"Tuwaiq, West Riyadh, Riyadh"
"610,000",Apartment,5,3,145 Sq. M.,"Alawali, West Riyadh, Riyadh"
"1,200,000",Villa,5,5,200 Sq. M.,"Tuwaiq, West Riyadh, Riyadh"
"850,000",Floor,5,3,190 Sq. M.,"Tuwaiq, West Riyadh, Riyadh"
"610,000",Apartment,5,3,145 Sq. M.,"Alawali, West Riyadh, Riyadh"
"610,000",Apartment,3,3,145 Sq. M.,"Alawali, West Riyadh, Riyadh"
"1,100,000",Floor,3,3,900 Sq. M.,"Alawali, West Riyadh, Riyadh"
"610,000",Apartment,3,3,145 Sq. M.,"Alawali, West Riyadh, Riyadh"
"1,500,000",Villa,4,5,343 Sq. M.,"Al Bayan Neighborhood, East Riyadh, Riyadh"
"650,000",Floor,3,3,270 Sq. M.,"Badr, South Riyadh, Riyadh"
"850,000",Floor,3,3,189 Sq. M.,"Tuwaiq, West Riyadh, Riyadh"
"610,000",Apartment,3,3,145 Sq. M.,"Alawali, West Riyadh, Riyadh"
"500,000",Apartment,3,3,229 Sq. M.,"Al Hazm, West Riyadh, Riyadh"
"540,000",Apartment,3,3,116 Sq. M.,"Al Hazm, West Riyadh, Riyadh"
"600,000",Apartment,3,3,116 Sq. M.,"Alawali, West Riyadh, Riyadh"
"610,000",Apartment,3,3,145 Sq. M.,"Alawali, West Riyadh, Riyadh"
"600,000",Apartment,4,3,117 Sq. M.,"Alawali, West Riyadh, Riyadh"
"900,000",Floor,4,5,190 Sq. M.,"Tuwaiq, West Riyadh, Riyadh"
"1,350,000",Villa,5,5,200 Sq. M.,"Tuwaiq, West Riyadh, Riyadh"
"700,000",Apartment,2,2,85 Sq. M.,"Al Hamra, East Riyadh, Riyadh"
"490,000",Apartment,5,4,172 Sq. M.,"Badr, Dammam"
"5,173,250",Villa,5,6,412 Sq. M.,"Al Qirawan, North Riyadh, Riyadh"
"400,000",Apartment,2,2,98 Sq. M.,"Uhud, South Riyadh, Riyadh"
"690,000",Floor,5,3,169 Sq. M.,"Okaz, South Riyadh, Riyadh"
"1,380,000",Villa,5,5,230 Sq. M.,"Dahiat Namar, West Riyadh, Riyadh"
"550,000",Apartment,3,2,98 Sq. M.,"Tuwaiq, West Riyadh, Riyadh"
"1,400,000",Villa,7,5,200 Sq. M.,"Tuwaiq, West Riyadh, Riyadh"
"1,400,000",Villa,7,5,200 Sq. M.,"Tuwaiq, West Riyadh, Riyadh"
"850,000",Floor,5,3,187 Sq. M.,"Al Saadah, East Riyadh, Riyadh"
"800,000",Apartment,3,3,141 Sq. M.,"Al Malaz, Central Riyadh, Riyadh"
"1,150,000",Villa,4,5,500 Sq. M.,"King Fahd Suburb, Dammam"
"850,000",Apartment,3,3,153 Sq. M.,"Al Mahdiyah, West Riyadh, Riyadh"
"555,000",Apartment,3,3,153 Sq. M.,"Okaz, South Riyadh, Riyadh"
"1,100,000",Floor,3,4,198 Sq. M.,"Tuwaiq, West Riyadh, Riyadh"
"950,000",Villa,6,5,454 Sq. M.,"As Safa, Al Bukayriyah"
"800,000",Apartment,3,2,130 Sq. M.,"Al Mahdiyah, West Riyadh, Riyadh"
"750,000",Apartment,3,2,142 Sq. M.,"Al Mahdiyah, West Riyadh, Riyadh"
"900,000",Apartment,3,3,150 Sq. M.,"Al Mahdiyah, West Riyadh, Riyadh"
"750,000",Apartment,3,2,150 Sq. M.,"Al Mahdiyah, West Riyadh, Riyadh"
"900,000",Apartment,4,4,141 Sq. M.,"Al Mahdiyah, West Riyadh, Riyadh"
"2,000,000",Villa,7,5,266 Sq. M.,"Al Rimal, East Riyadh, Riyadh"
"2,200,000",Residential Building,11,7,625 Sq. M.,"Al Taniem, Makkah"
"750,000",Apartment,4,4,229 Sq. M.,"Al Safa, North Jeddah, Jeddah"
"380,000",Apartment,3,3,82 Sq. M.,"Al Rayaan, North Jeddah, Jeddah"
"1,000,000",Villa,4,4,346 Sq. M.,"Al Khalidiyyah, Unayzah"
"2,100,000",Villa,8,5,900 Sq. M.,"Al Amir Fawaz Al Janouby, South Jeddah, Jeddah"
"450,000",Rest House,1,1,620 Sq. M.,"Al Bawadir, Jeddah"
"2,500,000",Villa,11,7,936 Sq. M.,"Dahiat Namar, West Riyadh, Riyadh"
"1,750,000",Villa,5,5,405 Sq. M.,"Al Yarmuk, East Riyadh, Riyadh"
"1,200,000",Floor,3,3,209 Sq. M.,"Al Qadisiyah, East Riyadh, Riyadh"
"2,350,000",Villa,6,5,250 Sq. M.,"Al Yarmuk, East Riyadh, Riyadh"
"1,450,000",Apartment,3,3,"4,980 Sq. M.","Qurtubah, East Riyadh, Riyadh"
"1,200,000",Apartment,3,3,167 Sq. M.,"Al Munsiyah, East Riyadh, Riyadh"
"750,000",Apartment,3,3,130 Sq. M.,"Al Nahdah, East Riyadh, Riyadh"
"1,450,000",Villa,4,3,660 Sq. M.,"Al Rimal, East Riyadh, Riyadh"
"1,200,000",Apartment,3,3,167 Sq. M.,"Al Munsiyah, East Riyadh, Riyadh"
"670,000",Apartment,3,3,113 Sq. M.,"Al Rimal, East Riyadh, Riyadh"
"1,250,000",Floor,3,3,189 Sq. M.,"Al Qadisiyah, East Riyadh, Riyadh"
"1,450,000",Apartment,3,3,"4,980 Sq. M.","Qurtubah, East Riyadh, Riyadh"
"1,250,000",Floor,4,3,190 Sq. M.,"Al Khaleej, East Riyadh, Riyadh"
"1,450,000",Apartment,3,5,"4,980 Sq. M.","Qurtubah, East Riyadh, Riyadh"
"1,300,000",Floor,4,3,600 Sq. M.,"Al Khaleej, East Riyadh, Riyadh"
"1,450,000",Apartment,3,3,"4,980 Sq. M.","Qurtubah, East Riyadh, Riyadh"
"2,800,000",Villa,5,5,312 Sq. M.,"Al Rimal, East Riyadh, Riyadh"
"1,250,000",Floor,3,3,205 Sq. M.,"Al Qadisiyah, East Riyadh, Riyadh"
"1,600,000",Floor,4,4,690 Sq. M.,"Al Yarmuk, East Riyadh, Riyadh"
"900,000",Apartment,3,3,121 Sq. M.,"Al Khaleej, East Riyadh, Riyadh"
"1,650,000",Floor,4,4,"4,980 Sq. M.","Qurtubah, East Riyadh, Riyadh"
"1,300,000",Floor,4,4,189 Sq. M.,"Al Khaleej, East Riyadh, Riyadh"
"1,450,000",Apartment,3,3,"4,980 Sq. M.","Qurtubah, East Riyadh, Riyadh"
"1,300,000",Apartment,3,3,135 Sq. M.,"Al Rimal, East Riyadh, Riyadh"
"750,000",Apartment,3,3,130 Sq. M.,"Al Nahdah, East Riyadh, Riyadh"
"800,000",Apartment,4,3,393 Sq. M.,"Al Nahdah, East Riyadh, Riyadh"
"1,250,000",Villa,4,4,224 Sq. M.,"Al Rimal, East Riyadh, Riyadh"
"750,000",Apartment,3,3,130 Sq. M.,"Al Nahdah, East Riyadh, Riyadh"
"900,000",Apartment,3,3,121 Sq. M.,"Al Khaleej, East Riyadh, Riyadh"
"1,350,000",Floor,3,3,141 Sq. M.,"Al Munsiyah, East Riyadh, Riyadh"
"1,400,000",Floor,4,3,600 Sq. M.,"Al Khaleej, East Riyadh, Riyadh"
"1,350,000",Apartment,4,4,437 Sq. M.,"Al Munsiyah, East Riyadh, Riyadh"
"1,450,000",Apartment,3,3,"4,980 Sq. M.","Qurtubah, East Riyadh, Riyadh"
"1,450,000",Apartment,3,3,"4,980 Sq. M.","Qurtubah, East Riyadh, Riyadh"
"800,000",Apartment,3,3,393 Sq. M.,"Al Nahdah, East Riyadh, Riyadh"
"1,100,000",Floor,3,3,131 Sq. M.,"Al Munsiyah, East Riyadh, Riyadh"
"3,800,000",Villa,6,5,450 Sq. M.,"Al Yarmuk, East Riyadh, Riyadh"
"1,350,000",Apartment,4,4,437 Sq. M.,"Al Munsiyah, East Riyadh, Riyadh"
"800,000",Apartment,3,3,393 Sq. M.,"Al Nahdah, East Riyadh, Riyadh"
"1,350,000",Apartment,4,3,437 Sq. M.,"Al Munsiyah, East Riyadh, Riyadh"
"1,400,000",Floor,4,3,185 Sq. M.,"Al Munsiyah, East Riyadh, Riyadh"
"800,000",Apartment,3,4,393 Sq. M.,"Al Nahdah, East Riyadh, Riyadh"
"1,850,000",Floor,4,4,"4,980 Sq. M.","Qurtubah, East Riyadh, Riyadh"
"1,400,000",Floor,4,5,393 Sq. M.,"Al Nahdah, East Riyadh, Riyadh"
"2,500,000",Villa,5,5,370 Sq. M.,"Al Munsiyah, East Riyadh, Riyadh"
"1,500,000",Villa,4,4,206 Sq. M.,"Al Rimal, East Riyadh, Riyadh"
"800,000",Apartment,3,3,393 Sq. M.,"Al Nahdah, East Riyadh, Riyadh"
"2,500,000",Villa,3,4,355 Sq. M.,"Ishbiliyah, East Riyadh, Riyadh"
"1,350,000",Apartment,4,3,437 Sq. M.,"Al Munsiyah, East Riyadh, Riyadh"
"1,450,000",Floor,4,4,360 Sq. M.,"Qurtubah, East Riyadh, Riyadh"
"1,350,000",Apartment,4,3,437 Sq. M.,"Al Munsiyah, East Riyadh, Riyadh"
"1,800,000",Villa,6,5,240 Sq. M.,"Al Rimal, East Riyadh, Riyadh"
"1,000,000",Apartment,3,3,124 Sq. M.,"Al Khaleej, East Riyadh, Riyadh"
"650,000",Apartment,4,3,178 Sq. M.,"King Fahd, Makkah"
"750,000",Apartment,6,3,178 Sq. M.,"King Fahd, Makkah"
"580,000",Apartment,4,4,178 Sq. M.,"King Fahd, Makkah"
"380,000",Apartment,3,3,126 Sq. M.,"Batha Quraysh, Makkah"
"975,000",Apartment,3,3,129 Sq. M.,"Al Munsiyah, East Riyadh, Riyadh"
"2,000,000",Villa,6,9,200 Sq. M.,"Al Mahdiyah, West Riyadh, Riyadh"
"1,100,000",Apartment,3,3,130 Sq. M.,"Al Mahdiyah, West Riyadh, Riyadh"
"680,000",Apartment,3,3,193 Sq. M.,"Al Hamra, Al Khobar"
"770,000",Apartment,4,4,630 Sq. M.,"Badr, South Riyadh, Riyadh"
"2,200,000",Villa,6,5,225 Sq. M.,"Al Mahdiyah, West Riyadh, Riyadh"
"2,200,000",Villa,6,5,225 Sq. M.,"Al Mahdiyah, West Riyadh, Riyadh"
"2,200,000",Villa,6,5,225 Sq. M.,"Al Mahdiyah, West Riyadh, Riyadh"
"2,200,000",Villa,6,5,225 Sq. M.,"Al Mahdiyah, West Riyadh, Riyadh"
"2,200,000",Villa,6,5,225 Sq. M.,"Al Mahdiyah, West Riyadh, Riyadh"
"2,200,000",Villa,6,5,225 Sq. M.,"Al Mahdiyah, West Riyadh, Riyadh"
"2,200,000",Villa,6,5,225 Sq. M.,"Al Mahdiyah, West Riyadh, Riyadh"
"2,200,000",Villa,6,6,225 Sq. M.,"Al Mahdiyah, West Riyadh, Riyadh"
"1,800,000",Villa,5,5,400 Sq. M.,"Al Mahdiyah, West Riyadh, Riyadh"
"700,000",Villa,9,6,334 Sq. M.,"Mishrifah, Al Hayathem"
"600,000",Apartment,4,4,163 Sq. M.,"Alawali, West Riyadh, Riyadh"
"830,000",Floor,3,4,200 Sq. M.,"Al Janadriyah, East Riyadh, Riyadh"
"600,000",Villa,10,7,525 Sq. M.,"Al Zayn, Abha"
"1,500,000",Villa,5,3,282 Sq. M.,"Half Moon Beach, Dammam"
"800,000",Floor,5,4,169 Sq. M.,"Al Uraija Al Wusta, West Riyadh, Riyadh"
"1,650,000",Villa,5,7,533 Sq. M.,"As Sulaymaniyah, Al Ahsa"
"3,000,000",Villa,3,3,500 Sq. M.,"Agruba, Al Jubaylah"
"3,000,000",Villa,6,5,600 Sq. M.,"Al Amanah, Dammam"
"1,500,000",Apartment,2,3,124 Sq. M.,"Al Narjis, North Riyadh, Riyadh"
"1,280,000",Villa,5,4,313 Sq. M.,"Al Riyadh, North Jeddah, Jeddah"
"850,000",Apartment,4,4,295 Sq. M.,"Ar Rehab 1, Jazan"
"1,100,000",Floor,3,3,400 Sq. M.,"Al Aziziyah 1st, Al Ahsa"
"450,000",Apartment,3,3,101 Sq. M.,"Al Waha, North Jeddah, Jeddah"
"750,000",Villa,3,3,625 Sq. M.,"Al Wahah, Al Bahah"
"670,000",Apartment,5,4,210 Sq. M.,"Al Safa, North Jeddah, Jeddah"
"1,300,000",Apartment,5,4,113 Sq. M.,"Al Narjis, North Riyadh, Riyadh"
"580,000",Floor,4,3,648 Sq. M.,"Industrial, Alkhubara Wal Sahabeen"
"1,380,000",Villa,4,3,300 Sq. M.,"Al Rahmanyah, North Jeddah, Jeddah"
"850,000",Floor,4,3,246 Sq. M.,"Tuwaiq, West Riyadh, Riyadh"
"995,000",Villa,5,4,348 Sq. M.,"Al Aqiq, Al Khobar"
"700,000",Villa,7,6,500 Sq. M.,"Al-Sanayya Area 2, Hail"
"750,000",Apartment,6,5,239 Sq. M.,"Al Safa, North Jeddah, Jeddah"
"200,000",Apartment,4,4,107 Sq. M.,"Al Zahir Neighborhood, Al Kharj Riyadh Region"
"1,200,000",Villa,5,5,463 Sq. M.,"Ar Rehab 1, Jazan"
"1,200,000",Villa,5,5,250 Sq. M.,"Al Ma arid District, Khamis Mushait"
"1,100,000",Villa,5,4,375 Sq. M.,"Kittanah, Madina"
"800,000",Villa,4,4,620 Sq. M.,"Naqrat Qafaar, Hail"
"600,000",Apartment,3,4,203 Sq. M.,"Al Yaqoot, Abha"
"1,300,000",Apartment,3,3,119 Sq. M.,"Al Narjis, North Riyadh, Riyadh"
"580,000",Apartment,4,3,134 Sq. M.,"Al Waha, North Jeddah, Jeddah"
"980,000",Villa,6,6,600 Sq. M.,"Mishrif, Al Kharj Riyadh Region"
"1,100,000",Villa,5,4,600 Sq. M.,"Al Khaldiyah District, Al Duwadimi"
"920,000",Floor,5,4,310 Sq. M.,"Al Wafa Scheme, North Jeddah, Jeddah"
"490,000",Apartment,6,5,237 Sq. M.,"Al Marooj, Abha"
"750,000",Apartment,5,4,218 Sq. M.,"Mudhainib, Madina"
"620,000",Apartment,5,4,155 Sq. M.,"Al Manar, North Jeddah, Jeddah"
"945,000",Villa,7,5,690 Sq. M.,"Uraidh, South Riyadh, Riyadh"
"455,000",Apartment,4,3,170 Sq. M.,"Hajr, Dammam"
"1,990,000",Villa,3,7,660 Sq. M.,"Al Hussam, Dammam"
"820,000",Villa,5,2,339 Sq. M.,"Ar Rimal, Unayzah"
"1,200,000",Villa,6,4,450 Sq. M.,"Al Frosyah, South Jeddah, Jeddah"
"1,250,000",Villa,4,4,420 Sq. M.,"Al Danah, Al Hofuf Eastern Region"
"400,000",Apartment,5,3,145 Sq. M.,"King Fahd, Makkah"
"780,000",Floor,4,3,525 Sq. M.,"1st Industrial, Al Majmaah Riyadh Region"
"630,000",Floor,3,3,229 Sq. M.,"Badr, South Riyadh, Riyadh"
"1,400,000",Villa,5,5,390 Sq. M.,"Dhahrat Laban, West Riyadh, Riyadh"
"480,000",Apartment,3,2,109 Sq. M.,"Tuwaiq, West Riyadh, Riyadh"
"485,000",Apartment,4,3,131 Sq. M.,"Al Waha, North Jeddah, Jeddah"
"985,000",Villa,5,4,290 Sq. M.,"King Fahd Suburb, Dammam"
"845,000",Villa,4,4,250 Sq. M.,"King Fahd Suburb, Dammam"
"500,000",Floor,2,3,126 Sq. M.,"Al Dar Al Baida, South Riyadh, Riyadh"
"1,100,000",Villa,6,5,250 Sq. M.,"Al Badiyah, Dammam"
"1,000,000",Villa,5,4,301 Sq. M.,"Al Suways 1, Jazan"
"700,000",Apartment,5,3,148 Sq. M.,"Dhahrat Laban, West Riyadh, Riyadh"
"2,800,000",Villa,7,5,438 Sq. M.,"Al Saif, Dammam"
"1,100,000",Villa,4,4,300 Sq. M.,"As safwa, Makkah"
"1,330,000",Apartment,4,4,280 Sq. M.,"Al Waha, North Jeddah, Jeddah"
"950,000",Floor,5,4,500 Sq. M.,"Abu Sidr, Madina"
"700,000",Villa,4,3,248 Sq. M.,"Al akdar, Tabuk"
"480,000",Apartment,3,3,128 Sq. M.,"Al Waha, North Jeddah, Jeddah"
"1,200,000",Villa,4,3,288 Sq. M.,"Tayba, Madina"
"550,000",Apartment,4,3,154 Sq. M.,"Shubra, West Riyadh, Riyadh"
"580,000",Apartment,4,5,177 Sq. M.,Dammam
"970,000",Floor,4,5,615 Sq. M.,"Al Balad, Samtah Jazan Region"
"870,000",Villa,7,7,400 Sq. M.,"Al Rayan, Hafar Al Batin"
"900,000",Floor,4,4,312 Sq. M.,Madina
"1,200,000",Villa,5,5,215 Sq. M.,"Al Rimal, East Riyadh, Riyadh"
"620,000",Apartment,3,3,128 Sq. M.,"Tuwaiq, West Riyadh, Riyadh"
"1,250,000",Villa,5,4,258 Sq. M.,"Al Shulah, Dammam"
"700,000",Floor,6,3,165 Sq. M.,"Al Suwaidi, West Riyadh, Riyadh"
"1,750,000",Villa,4,5,288 Sq. M.,"Al Buhairah, Al Khobar"
"1,125,000",Villa,4,4,228 Sq. M.,"Al Rakah Al Shamaliyah, Dammam"
"720,000",Apartment,1,1,186 Sq. M.,"Mudhainib, Madina"
"790,000",Apartment,1,1,229 Sq. M.,"Shuran, Madina"
"1,290,000",Villa,1,1,299 Sq. M.,"Shadhah, Madina"
"1,600,000",Villa,1,1,272 Sq. M.,"Shuran, Madina"
"760,000",Apartment,1,1,169 Sq. M.,"Josham, Madina"
"920,000",Apartment,1,1,221 Sq. M.,"Al Jamiah, Madina"
"725,000",Apartment,1,1,185 Sq. M.,"Al Gharra, Madina"
"1,285,000",Villa,1,1,325 Sq. M.,Madina
"1,150,000",Villa,1,1,390 Sq. M.,"Nubala, Madina"
"1,250,000",Villa,1,1,394 Sq. M.,"Shuran, Madina"
"720,000",Apartment,1,1,186 Sq. M.,"Mudhainib, Madina"
"1,250,000",Villa,1,1,299 Sq. M.,"Shadhah, Madina"
"725,000",Apartment,1,1,226 Sq. M.,"Al Ranuna, Madina"
"1,500,000",Villa,1,1,265 Sq. M.,"Al Gharra, Madina"
"750,000",Apartment,1,1,175 Sq. M.,"Al Mabuth, Madina"
"790,000",Apartment,1,1,177 Sq. M.,"Josham, Madina"
"920,000",Apartment,1,1,221 Sq. M.,"Al Jamiah, Madina"
"1,680,000",Villa,1,1,272 Sq. M.,"Shuran, Madina"
"1,750,000",Villa,1,1,344 Sq. M.,"Ayn Al Khif, Madina"
"1,300,000",Villa,1,1,212 Sq. M.,"Shuran, Madina"
"1,200,000",Villa,1,1,343 Sq. M.,"Shuran, Madina"
"680,000",Apartment,1,1,242 Sq. M.,"Al Jamawat, Madina"
"595,000",Apartment,1,1,137 Sq. M.,"Al Mabuth, Madina"
"720,000",Apartment,1,1,186 Sq. M.,"Mudhainib, Madina"
"990,000",Apartment,1,1,221 Sq. M.,"Al Jamawat, Madina"
"735,000",Apartment,1,1,186 Sq. M.,"Al Difa, Madina"
"930,000",Apartment,1,1,230 Sq. M.,"Al Jamiah, Madina"
"490,000",Apartment,1,1,156 Sq. M.,"Wadi Al Battan, Madina"
"1,150,000",Villa,1,1,388 Sq. M.,"Nubala, Madina"
"730,000",Apartment,1,1,151 Sq. M.,"Al Mabuth, Madina"
"1,750,000",Villa,1,1,350 Sq. M.,"Ayn Al Khif, Madina"
"680,000",Apartment,1,1,242 Sq. M.,"Al Jamawat, Madina"
"725,000",Apartment,1,1,184 Sq. M.,"Al Gharra, Madina"
"720,000",Apartment,1,1,137 Sq. M.,"Al Mabuth, Madina"
"900,000",Apartment,1,1,212 Sq. M.,"Al Jamiah, Madina"
"1,500,000",Villa,1,1,297 Sq. M.,"Al Gharra, Madina"
"2,700,000",Villa,1,1,400 Sq. M.,"Shuran, Madina"
"1,550,000",Villa,1,1,435 Sq. M.,"Shuran, Madina"
"750,000",Apartment,1,1,167 Sq. M.,"Al Mabuth, Madina"
"1,250,000",Apartment,5,4,700 Sq. M.,"Al Zahraa, North Jeddah, Jeddah"
"550,000",Apartment,3,2,700 Sq. M.,"Al Zahraa, North Jeddah, Jeddah"
"1,260,000",Apartment,5,4,520 Sq. M.,"Al Salamah, North Jeddah, Jeddah"
"2,700,000",Villa,7,6,167 Sq. M.,"Al Shati Al Sharqi, Dammam"
"665,000",Apartment,4,3,520 Sq. M.,"Al Salamah, North Jeddah, Jeddah"
"660,000",Apartment,5,3,162 Sq. M.,"Al Samer, North Jeddah, Jeddah"
"665,000",Apartment,4,3,520 Sq. M.,"Al Salamah, North Jeddah, Jeddah"
"1,050,000",Apartment,3,3,153 Sq. M.,"Al Salamah, North Jeddah, Jeddah"
"1,400,000",Apartment,4,3,223 Sq. M.,"Al Nahdah, North Jeddah, Jeddah"
"1,260,000",Apartment,3,4,520 Sq. M.,"Al Salamah, North Jeddah, Jeddah"
"1,350,000",Apartment,1,1,520 Sq. M.,"Al Nahdah, North Jeddah, Jeddah"
"1,350,000",Apartment,3,3,520 Sq. M.,"Al Nahdah, North Jeddah, Jeddah"
"1,250,000",Apartment,6,5,700 Sq. M.,"Al Zahraa, North Jeddah, Jeddah"
"1,050,000",Apartment,4,4,153 Sq. M.,"Al Salamah, North Jeddah, Jeddah"
"1,460,000",Apartment,6,5,199 Sq. M.,"Al Nahdah, North Jeddah, Jeddah"
"1,250,000",Apartment,6,5,700 Sq. M.,"Al Zahraa, North Jeddah, Jeddah"
"1,250,000",Apartment,6,4,700 Sq. M.,"Al Zahraa, North Jeddah, Jeddah"
"1,250,000",Apartment,6,5,700 Sq. M.,"Al Zahraa, North Jeddah, Jeddah"
"400,000",Villa,6,6,433 Sq. M.,"Al Zahrah, Al Bukayriyah"
"400,000",Villa,2,2,315 Sq. M.,"Al Manar, Al Bukayriyah"
"680,000",Villa,5,5,688 Sq. M.,Alkhubara Wal Sahabeen
"350,000",Villa,6,6,601 Sq. M.,"Al Zahrah, Al Bukayriyah"
"600,000",Villa,5,7,296 Sq. M.,"Al Zahrah, Al Bukayriyah"
"250,000",Villa,6,5,400 Sq. M.,"Ad Dirah, Al Bukayriyah"
"300,000",Villa,5,5,599 Sq. M.,"Al Zahrah, Al Bukayriyah"
"300,000",Villa,5,4,502 Sq. M.,"Al Baida, Al Bukayriyah"
"350,000",Rest House,2,1,662 Sq. M.,"Al Zahrah, Al Bukayriyah"
"660,000",Apartment,1,1,162 Sq. M.,"Al Samer, North Jeddah, Jeddah"
"1,550,000",Villa,6,7,922 Sq. M.,"Al Qadisiyah, Al Bukayriyah"
"730,000",Apartment,1,1,166 Sq. M.,"Al Mabuth, Madina"
"1,460,000",Apartment,1,1,199 Sq. M.,"Al Nahdah, North Jeddah, Jeddah"
"730,000",Apartment,1,1,177 Sq. M.,"Al Mabuth, Madina"
"1,100,000",Floor,1,1,343 Sq. M.,"Al Salam, Madina"
"700,000",Villa,4,7,381 Sq. M.,"As Safa, Al Bukayriyah"
"600,000",Villa,6,5,796 Sq. M.,"Al Manar, Al Bukayriyah"
"790,000",Apartment,1,1,229 Sq. M.,"Shuran, Madina"
"780,000",Apartment,1,1,357 Sq. M.,"Al Difa, Madina"
"790,000",Apartment,1,1,229 Sq. M.,"Shuran, Madina"
"1,000,000",Villa,4,4,441 Sq. M.,"Al Khalij, Al Bukayriyah"
"600,000",Apartment,3,3,73 Sq. M.,"Al Rimal, East Riyadh, Riyadh"
"1,300,000",Floor,1,1,286 Sq. M.,"Al Ranuna, Madina"
"680,000",Apartment,1,1,111 Sq. M.,"Al Jamawat, Madina"
"650,000",Villa,6,5,421 Sq. M.,"Al Zahrah, Al Bukayriyah"
"1,100,000",Floor,1,1,340 Sq. M.,"Al Sakb, Madina"
"400,000",Villa,4,5,124 Sq. M.,"Al Quds, Alkhubara Wal Sahabeen"
"1,435,000",Villa,1,1,445 Sq. M.,"Mudhainib, Madina"
"680,000",Apartment,1,1,242 Sq. M.,"Al Jamawat, Madina"
"580,000",Apartment,1,1,176 Sq. M.,"Bani Bayadah, Madina"
"730,000",Apartment,1,1,189 Sq. M.,"Mudhainib, Madina"
"400,000",Villa,5,4,709 Sq. M.,"Al Zahrah, Al Bukayriyah"
"1,750,000",Villa,1,1,485 Sq. M.,"Al Ranuna, Madina"
"1,700,000",Villa,1,1,439 Sq. M.,"Al Ranuna, Madina"
"1,140,000",Villa,1,1,200 Sq. M.,"Nubala, Madina"
"725,000",Apartment,1,1,226 Sq. M.,"Al Gharra, Madina"
"1,450,000",Villa,1,1,341 Sq. M.,"Ayn Al Khif, Madina"
"1,300,000",Villa,8,5,650 Sq. M.,"Ar Rayaan, Alkhubara Wal Sahabeen"
"820,000",Apartment,1,1,238 Sq. M.,"Al Duwaikhilah, Madina"
"1,750,000",Villa,1,1,439 Sq. M.,"Shuran, Madina"
"760,000",Apartment,1,1,205 Sq. M.,"Bani Bayadah, Madina"
"2,200,000",Villa,1,1,303 Sq. M.,"Mudhainib, Madina"
"1,390,000",Villa,1,1,248 Sq. M.,"Nubala, Madina"
"2,700,000",Villa,1,1,308 Sq. M.,"Shuran, Madina"
"600,000",Apartment,1,1,149 Sq. M.,"Ayn Al Khif, Madina"
"1,050,000",Floor,1,1,300 Sq. M.,"Al Salam, Madina"
"1,200,000",Floor,1,1,312 Sq. M.,"Al Difa, Madina"
"1,400,000",Floor,1,1,350 Sq. M.,"Al Difa, Madina"
"730,000",Apartment,1,1,175 Sq. M.,"Mudhainib, Madina"
"1,450,000",Villa,1,1,340 Sq. M.,"Ayn Al Khif, Madina"
"1,100,000",Floor,1,1,343 Sq. M.,"Al Salam, Madina"
"1,400,000",Floor,1,1,350 Sq. M.,"Al Difa, Madina"
"1,240,000",Villa,1,1,228 Sq. M.,"Nubala, Madina"
"1,450,000",Villa,1,1,366 Sq. M.,"Mudhainib, Madina"
"790,000",Floor,1,1,260 Sq. M.,"Industrial, Madina"
"650,000",Apartment,4,4,112 Sq. M.,"Al Rimal, East Riyadh, Riyadh"
"950,000",Floor,1,1,384 Sq. M.,"Madinah Industrial City, Madina"
"1,200,000",Floor,7,6,341 Sq. M.,"Al Nahdah, East Riyadh, Riyadh"
"950,000",Villa,1,1,220 Sq. M.,"Nubala, Madina"
"2,700,000",Villa,5,5,341 Sq. M.,"Al Bayan Neighborhood, East Riyadh, Riyadh"
"1,250,000",Villa,1,1,327 Sq. M.,"Mudhainib, Madina"
"1,450,000",Villa,1,1,490 Sq. M.,"Bani Bayadah, Madina"
"1,600,000",Villa,1,1,432 Sq. M.,"Al Jamawat, Madina"
"1,285,000",Villa,1,1,325 Sq. M.,Madina
"780,000",Apartment,1,1,357 Sq. M.,"Al Difa, Madina"
"580,000",Apartment,5,6,159 Sq. M.,"Wadi Jalil, Makkah"
"1,540,000",Villa,1,1,382 Sq. M.,"Shuran, Madina"
"650,000",Apartment,4,3,112 Sq. M.,"Al Rimal, East Riyadh, Riyadh"
"735,000",Apartment,1,1,175 Sq. M.,"Ayn Al Khif, Madina"
"1,250,000",Floor,1,1,437 Sq. M.,"Al Aziziyah, Madina"
"1,050,000",Floor,5,4,341 Sq. M.,"Al Rimal, East Riyadh, Riyadh"
"1,190,000",Villa,1,1,335 Sq. M.,"Al Salam, Madina"
"600,000",Apartment,3,3,234 Sq. M.,"Al Rimal, East Riyadh, Riyadh"
"700,000",Apartment,3,2,341 Sq. M.,"Al Rimal, East Riyadh, Riyadh"
"1,300,000",Villa,9,6,300 Sq. M.,"Mokatat Al Halga, Taif"
"600,000",Apartment,3,2,73 Sq. M.,"Al Rimal, East Riyadh, Riyadh"
"1,450,000",Floor,1,1,479 Sq. M.,"Al Sikkah Al Hadid, Madina"
"700,000",Apartment,5,4,150 Sq. M.,"Batha Quraysh, Makkah"
"820,000",Apartment,1,1,169 Sq. M.,"Al Difa, Madina"
"700,000",Apartment,5,4,151 Sq. M.,"Batha Quraysh, Makkah"
"1,350,000",Villa,6,5,400 Sq. M.,"Asharai, Makkah"
"1,250,000",Villa,1,1,381 Sq. M.,"Al Difa, Madina"
"1,250,000",Apartment,1,1,357 Sq. M.,"Al Difa, Madina"
"1,100,000",Villa,1,1,376 Sq. M.,"Al Difa, Madina"
"1,190,000",Villa,1,1,335 Sq. M.,"Al Salam, Madina"
"1,600,000",Villa,1,1,435 Sq. M.,"Al Jamawat, Madina"
"1,050,000",Floor,1,1,300 Sq. M.,"Al Salam, Madina"
"1,200,000",Floor,1,1,312 Sq. M.,"Al Difa, Madina"
"1,300,000",Villa,4,6,228 Sq. M.,"Al Khaleej, East Riyadh, Riyadh"
"1,200,000",Villa,5,4,492 Sq. M.,"As Safa, Al Bukayriyah"
"350,000",Rest House,6,3,590 Sq. M.,"Al Qadisiyah, Al Bukayriyah"
"1,000,000",Villa,6,5,400 Sq. M.,"As Safa, Al Bukayriyah"
"950,000",Villa,5,5,540 Sq. M.,"Al Zahrah, Al Bukayriyah"
"1,500,000",Rest House,5,4,"12,987 Sq. M.","Amal District, Al Bukayriyah"
"300,000",Floor,3,4,500 Sq. M.,"Ad Dirah, Al Bukayriyah"
"200,000",Apartment,3,5,110 Sq. M.,"Al Quds, Alkhubara Wal Sahabeen"
"500,000",Villa,5,4,295 Sq. M.,"As Safa, Al Bukayriyah"
"475,000",Villa,5,4,281 Sq. M.,"Al Quds, Alkhubara Wal Sahabeen"
"1,500,000",Villa,5,3,276 Sq. M.,"As Safa, Al Bukayriyah"
"1,000,000",Villa,3,3,502 Sq. M.,"Ad Dirah, Al Bukayriyah"
"650,000",Apartment,5,4,161 Sq. M.,"Batha Quraysh, Makkah"
"655,000",Apartment,3,3,400 Sq. M.,"Al Rawdah, North Jeddah, Jeddah"
"790,000",Apartment,1,1,230 Sq. M.,"Shuran, Madina"
"850,000",Villa,8,5,386 Sq. M.,"As Safa, Al Bukayriyah"
"725,000",Apartment,1,1,211 Sq. M.,"Al Ranuna, Madina"
"965,000",Villa,1,1,244 Sq. M.,"Shuran, Madina"
"550,000",Villa,6,5,489 Sq. M.,"Al Zahrah, Al Bukayriyah"
"1,500,000",Villa,1,1,474 Sq. M.,"Tayba, Madina"
"1,350,000",Villa,1,1,345 Sq. M.,"Al Mabuth, Madina"
"1,250,000",Villa,1,1,334 Sq. M.,"Mudhainib, Madina"
"3,500,000",Villa,1,1,599 Sq. M.,"Mudhainib, Madina"
"900,000",Floor,1,1,312 Sq. M.,"Al Matar District, Madina"
"685,000",Apartment,1,1,150 Sq. M.,"Al Difa, Madina"
"785,000",Apartment,1,1,175 Sq. M.,"Shuran, Madina"
"800,000",Villa,8,5,588 Sq. M.,"Al Khalij, Al Bukayriyah"
"1,800,000",Villa,1,1,522 Sq. M.,"Al Ranuna, Madina"
"695,000",Apartment,1,1,170 Sq. M.,"Al Mabuth, Madina"
"720,000",Apartment,1,1,200 Sq. M.,"Al Jabirah, Madina"
"720,000",Apartment,1,1,235 Sq. M.,"Al Jabirah, Madina"
"1,300,000",Villa,1,1,212 Sq. M.,"Shuran, Madina"
"1,500,000",Villa,1,1,499 Sq. M.,"Tayba, Madina"
"1,285,000",Villa,1,1,336 Sq. M.,Madina
"600,000",Apartment,1,1,144 Sq. M.,"Mudhainib, Madina"
"1,500,000",Villa,4,5,437 Sq. M.,"Al Khuzama, Al Khobar"
"1,390,000",Floor,1,1,351 Sq. M.,"Nubala, Madina"
"1,100,000",Floor,1,1,374 Sq. M.,"Kittanah, Madina"
"730,000",Apartment,1,1,173 Sq. M.,"Al Anabis, Madina"
"730,000",Apartment,1,1,187 Sq. M.,"Mudhainib, Madina"
"1,390,000",Villa,1,1,334 Sq. M.,"Mudhainib, Madina"
"5,700,000",Villa,7,5,911 Sq. M.,"Al Nahdah, Dammam"
"715,000",Apartment,1,1,190 Sq. M.,"Ayn Al Khif, Madina"
"1,500,000",Villa,1,1,423 Sq. M.,"Al Mabuth, Madina"
"685,000",Apartment,1,1,222 Sq. M.,"Al Ranuna, Madina"
"490,000",Apartment,3,2,135 Sq. M.,"Ad Danah Ash Shamaliyah, Dammam"
"1,450,000",Villa,1,1,448 Sq. M.,"Shuran, Madina"
"1,300,000",Villa,7,7,875 Sq. M.,"Al Lulu, Al Khobar"
"730,000",Apartment,1,1,189 Sq. M.,"Mudhainib, Madina"
"990,000",Apartment,1,1,242 Sq. M.,"Al Jamawat, Madina"
"630,000",Apartment,1,1,177 Sq. M.,"Josham, Madina"
"550,000",Apartment,4,3,157 Sq. M.,"Al Muntazah, Dammam"
"3,600,000",Villa,1,1,570 Sq. M.,"Mudhainib, Madina"
"930,000",Apartment,1,1,230 Sq. M.,"Al Jamiah, Madina"
"700,000",Apartment,3,3,145 Sq. M.,"Al Qusor, Dammam"
"500,000",Apartment,4,3,120 Sq. M.,"Al Muntazah, Dammam"
"1,550,000",Floor,1,1,552 Sq. M.,"Al Sikkah Al Hadid, Madina"
"765,000",Apartment,1,1,175 Sq. M.,"Shuran, Madina"
"499,000",Apartment,4,3,141 Sq. M.,"Al Hamra, Al Khobar"
"1,200,000",Villa,1,1,277 Sq. M.,"Nubala, Madina"
"2,200,000",Villa,4,5,375 Sq. M.,"Al Qusor, Dammam"
"950,000",Apartment,3,4,107 Sq. M.,"Al Muntazah, Dammam"
"640,000",Apartment,1,1,186 Sq. M.,"Al Duwaikhilah, Madina"
"1,500,000",Villa,1,1,265 Sq. M.,"Al Gharra, Madina"
"720,000",Apartment,1,1,186 Sq. M.,"Mudhainib, Madina"
"1,500,000",Villa,4,3,265 Sq. M.,"Al Muraikabat, Dammam"
"1,550,000",Villa,1,1,366 Sq. M.,"Mudhainib, Madina"
"720,000",Apartment,1,1,235 Sq. M.,"Al Jabirah, Madina"
"1,800,000",Villa,1,1,522 Sq. M.,"Al Ranuna, Madina"
"520,000",Apartment,3,3,102 Sq. M.,"Al Salamah, North Jeddah, Jeddah"
"730,000",Apartment,5,4,167 Sq. M.,"Al Marwah, North Jeddah, Jeddah"
"1,100,000",Floor,1,1,300 Sq. M.,"Jabal Ayr, Madina"
"560,000",Apartment,5,3,147 Sq. M.,"Al Rabwa, North Jeddah, Jeddah"
"7,500,000",Villa,9,7,766 Sq. M.,"Al Nahdah, Dammam"
"490,000",Apartment,3,3,115 Sq. M.,"Al Nuzhah, North Jeddah, Jeddah"
"720,000",Apartment,1,1,186 Sq. M.,"Mudhainib, Madina"
"750,000",Apartment,3,3,124 Sq. M.,"Tihamah, Dammam"
"600,000",Apartment,1,1,144 Sq. M.,"Mudhainib, Madina"
"610,000",Apartment,5,3,160 Sq. M.,"Al Safa, North Jeddah, Jeddah"
"1,490,000",Villa,1,1,438 Sq. M.,"Al Mabuth, Madina"
"1,070,000",Apartment,1,1,195 Sq. M.,"King Fahd, Madina"
"700,000",Apartment,1,1,214 Sq. M.,"Al Ranuna, Madina"
"1,250,000",Floor,1,1,382 Sq. M.,"Al Jassah, Madina"
"1,450,000",Villa,1,1,490 Sq. M.,"Bani Bayadah, Madina"
"690,000",Apartment,1,1,211 Sq. M.,"Shuran, Madina"
"1,390,000",Villa,1,1,334 Sq. M.,"Mudhainib, Madina"
"710,000",Apartment,1,1,216 Sq. M.,"King Fahd, Madina"
"660,000",Apartment,1,1,151 Sq. M.,"Al Mabuth, Madina"
"660,000",Apartment,1,1,266 Sq. M.,"Shuran, Madina"
"720,000",Apartment,1,1,186 Sq. M.,"Mudhainib, Madina"
"1,080,000",Villa,1,1,210 Sq. M.,"Nubala, Madina"
"669,000",Apartment,2,2,630 Sq. M.,"Al Nahdah, North Jeddah, Jeddah"
"380,000",Apartment,3,2,102 Sq. M.,"Al Firdaws, Dammam"
"1,250,000",Apartment,1,1,357 Sq. M.,"Al Difa, Madina"
"530,000",Apartment,4,3,127 Sq. M.,"Al Safa, North Jeddah, Jeddah"
"610,000",Apartment,2,2,160 Sq. M.,"Al Safa, North Jeddah, Jeddah"
"950,000",Apartment,4,3,186 Sq. M.,"Al Muntazah, Dammam"
"530,000",Apartment,4,3,130 Sq. M.,"Al Safa, North Jeddah, Jeddah"
"1,575,000",Villa,1,1,366 Sq. M.,"Mudhainib, Madina"
"635,000",Apartment,2,2,127 Sq. M.,"Al Salamah, North Jeddah, Jeddah"
"390,000",Apartment,2,2,500 Sq. M.,"Al Safa, North Jeddah, Jeddah"
"660,000",Apartment,5,4,175 Sq. M.,"Al Safa, North Jeddah, Jeddah"
"520,000",Apartment,3,3,102 Sq. M.,"Al Salamah, North Jeddah, Jeddah"
"520,000",Apartment,3,3,103 Sq. M.,"Al Salamah, North Jeddah, Jeddah"
"730,000",Apartment,5,4,166 Sq. M.,"Al Marwah, North Jeddah, Jeddah"
"560,000",Apartment,4,3,135 Sq. M.,"Al Marwah, North Jeddah, Jeddah"
"930,000",Apartment,1,1,133 Sq. M.,"Al Munsiyah, East Riyadh, Riyadh"
"560,000",Apartment,4,3,135 Sq. M.,"Al Marwah, North Jeddah, Jeddah"
"730,000",Apartment,5,4,167 Sq. M.,"Al Marwah, North Jeddah, Jeddah"
"1,020,000",Apartment,1,1,120 Sq. M.,"Al Munsiyah, East Riyadh, Riyadh"
"530,000",Apartment,4,3,128 Sq. M.,"Al Safa, North Jeddah, Jeddah"
"530,000",Apartment,4,3,130 Sq. M.,"Al Safa, North Jeddah, Jeddah"
"530,000",Apartment,4,3,127 Sq. M.,"Al Safa, North Jeddah, Jeddah"
"530,000",Apartment,4,3,130 Sq. M.,"Al Safa, North Jeddah, Jeddah"
"550,000",Apartment,5,3,147 Sq. M.,"Al Rabwa, North Jeddah, Jeddah"
"625,000",Apartment,3,3,129 Sq. M.,"Batha Quraysh, Makkah"
"55,000",Apartment,5,3,147 Sq. M.,"Al Rabwa, North Jeddah, Jeddah"
"490,000",Apartment,3,3,115 Sq. M.,"Al Nuzhah, North Jeddah, Jeddah"
"490,000",Apartment,3,3,115 Sq. M.,"Al Nuzhah, North Jeddah, Jeddah"
"570,000",Apartment,4,3,134 Sq. M.,"Al Nuzhah, North Jeddah, Jeddah"
"560,000",Apartment,5,3,147 Sq. M.,"Al Rabwa, North Jeddah, Jeddah"
"971,000",Apartment,1,1,110 Sq. M.,"Al Munsiyah, East Riyadh, Riyadh"
"1,000,000",Floor,1,1,156 Sq. M.,"Al Khaleej, East Riyadh, Riyadh"
"660,000",Apartment,5,4,175 Sq. M.,"Al Safa, North Jeddah, Jeddah"
"440,000",Apartment,3,3,99 Sq. M.,"Al Marwah, North Jeddah, Jeddah"
"1,500,000",Floor,1,1,141 Sq. M.,"Al Munsiyah, East Riyadh, Riyadh"
"660,000",Apartment,5,4,175 Sq. M.,"Al Safa, North Jeddah, Jeddah"
"389,000",Apartment,2,2,598 Sq. M.,"Al Faisaliyah, Central Jeddah, Jeddah"
"415,000",Apartment,1,2,580 Sq. M.,"Al Salamah, North Jeddah, Jeddah"
"285,000",Apartment,2,2,"1,251 Sq. M.","Al Jameah District, South Jeddah, Jeddah"
"655,000",Apartment,3,3,529 Sq. M.,"Al Rawdah, North Jeddah, Jeddah"
"429,000",Apartment,2,2,524 Sq. M.,"Al Rawdah, North Jeddah, Jeddah"
"399,000",Apartment,3,3,400 Sq. M.,"Al Marwah, North Jeddah, Jeddah"
"610,000",Apartment,5,4,160 Sq. M.,"Al Safa, North Jeddah, Jeddah"
"530,000",Apartment,4,3,130 Sq. M.,"Al Safa, North Jeddah, Jeddah"
"635,000",Apartment,4,3,127 Sq. M.,"Al Salamah, North Jeddah, Jeddah"
"490,000",Apartment,3,2,115 Sq. M.,"Al Nuzhah, North Jeddah, Jeddah"
"560,000",Apartment,3,2,147 Sq. M.,"Al Rabwa, North Jeddah, Jeddah"
"530,000",Apartment,4,3,130 Sq. M.,"Al Safa, North Jeddah, Jeddah"
"360,000",Apartment,2,2,875 Sq. M.,"Al Salamah, North Jeddah, Jeddah"
"530,000",Apartment,4,3,127 Sq. M.,"Al Safa, North Jeddah, Jeddah"
"520,000",Apartment,3,3,102 Sq. M.,"Al Salamah, North Jeddah, Jeddah"
"299,000",Apartment,2,2,875 Sq. M.,"Al Salamah, North Jeddah, Jeddah"
"650,000",Apartment,5,3,149 Sq. M.,"Al Waha, North Jeddah, Jeddah"
"530,000",Apartment,4,3,128 Sq. M.,"Al Safa, North Jeddah, Jeddah"
"530,000",Apartment,4,3,130 Sq. M.,"Al Safa, North Jeddah, Jeddah"
"660,000",Apartment,5,4,175 Sq. M.,"Al Safa, North Jeddah, Jeddah"
"490,000",Apartment,3,3,115 Sq. M.,"Al Nuzhah, North Jeddah, Jeddah"
"299,000",Apartment,2,2,875 Sq. M.,"Al Salamah, North Jeddah, Jeddah"
"429,000",Apartment,2,2,501 Sq. M.,"Al Rawdah, North Jeddah, Jeddah"
"440,000",Apartment,3,3,99 Sq. M.,"Al Marwah, North Jeddah, Jeddah"
"390,000",Apartment,2,2,500 Sq. M.,"Al Safa, North Jeddah, Jeddah"
"660,000",Apartment,3,4,175 Sq. M.,"Al Safa, North Jeddah, Jeddah"
"389,000",Apartment,2,2,598 Sq. M.,"Al Faisaliyah, Central Jeddah, Jeddah"
"655,000",Apartment,3,3,529 Sq. M.,"Al Rawdah, North Jeddah, Jeddah"
"365,000",Apartment,2,2,625 Sq. M.,"Al Faisaliyah, Central Jeddah, Jeddah"
"415,000",Apartment,3,3,580 Sq. M.,"Al Salamah, North Jeddah, Jeddah"
"380,000",Apartment,2,3,750 Sq. M.,"Al Safa, North Jeddah, Jeddah"
"299,000",Apartment,2,2,750 Sq. M.,"Al Safa, North Jeddah, Jeddah"
"350,000",Apartment,2,3,900 Sq. M.,"Al Safa, North Jeddah, Jeddah"
"560,000",Apartment,3,2,865 Sq. M.,"Al Rabwa, North Jeddah, Jeddah"
"399,000",Apartment,3,3,"1,920 Sq. M.","Al Jameah District, South Jeddah, Jeddah"
"750,000",Apartment,4,3,137 Sq. M.,"Al Salamah, North Jeddah, Jeddah"
"1,560,000",Apartment,3,3,230 Sq. M.,"Al Salamah, North Jeddah, Jeddah"
"285,000",Apartment,2,2,726 Sq. M.,"Al Safa, North Jeddah, Jeddah"
"284,000",Apartment,2,2,726 Sq. M.,"Al Safa, North Jeddah, Jeddah"
"520,000",Apartment,3,3,102 Sq. M.,"Al Salamah, North Jeddah, Jeddah"
"580,000",Apartment,3,3,100 Sq. M.,"Al Naim, North Jeddah, Jeddah"
"730,000",Apartment,1,1,130 Sq. M.,"Al Naim, North Jeddah, Jeddah"
"730,000",Apartment,5,3,130 Sq. M.,"Al Naim, North Jeddah, Jeddah"
"750,000",Apartment,4,3,121 Sq. M.,"Al Rawdah, North Jeddah, Jeddah"
"900,000",Apartment,4,3,158 Sq. M.,"Al Naim, North Jeddah, Jeddah"
"580,000",Apartment,3,2,214 Sq. M.,"Al Dhurfah, Khamis Mushait"
"730,000",Apartment,5,3,130 Sq. M.,"Al Naim, North Jeddah, Jeddah"
"580,000",Apartment,3,3,100 Sq. M.,"Al Naim, North Jeddah, Jeddah"
"750,000",Apartment,4,3,121 Sq. M.,"Al Rawdah, North Jeddah, Jeddah"
"730,000",Apartment,5,3,130 Sq. M.,"Al Naim, North Jeddah, Jeddah"
"750,000",Apartment,4,3,120 Sq. M.,"Al Rawdah, North Jeddah, Jeddah"
"1,350,000",Floor,7,6,252 Sq. M.,"Al Rimal, East Riyadh, Riyadh"
"740,000",Apartment,5,3,130 Sq. M.,"Al Naim, North Jeddah, Jeddah"
"730,000",Apartment,4,3,112 Sq. M.,"Al Rawdah, North Jeddah, Jeddah"
"260,000",Floor,5,3,392 Sq. M.,"An Nahdah, Al Badayea Al Qassim Region"
"580,000",Apartment,3,3,100 Sq. M.,"Al Naim, North Jeddah, Jeddah"
"730,000",Apartment,4,3,112 Sq. M.,"Al Rawdah, North Jeddah, Jeddah"
"500,000",Apartment,3,2,335 Sq. M.,"Ramat, Al Badayea Al Qassim Region"
"730,000",Apartment,4,3,112 Sq. M.,"Al Rawdah, North Jeddah, Jeddah"
"740,000",Apartment,4,3,118 Sq. M.,"Al Rawdah, North Jeddah, Jeddah"
"580,000",Apartment,3,3,100 Sq. M.,"Al Naim, North Jeddah, Jeddah"
"900,000",Apartment,1,1,188 Sq. M.,"Al Naim, North Jeddah, Jeddah"
"1,950,000",Villa,1,1,373 Sq. M.,"Al Rawabi, Madina"
"1,300,000",Villa,8,7,225 Sq. M.,"Al Nasim Al Gharbi, East Riyadh, Riyadh"
"685,000",Apartment,1,1,186 Sq. M.,"Al Ranuna, Madina"
"1,445,000",Apartment,4,5,129 Sq. M.,"Qurtubah, East Riyadh, Riyadh"
"520,000",Apartment,4,3,174 Sq. M.,"Al Safa, North Jeddah, Jeddah"
"520,000",Apartment,4,3,174 Sq. M.,"Al Safa, North Jeddah, Jeddah"
"520,000",Apartment,4,3,174 Sq. M.,"Al Safa, North Jeddah, Jeddah"
"380,000",Apartment,2,2,750 Sq. M.,"Al Safa, North Jeddah, Jeddah"
"3,200,000",Villa,1,1,256 Sq. M.,"Al Munsiyah, East Riyadh, Riyadh"
"740,000",Apartment,1,1,117 Sq. M.,"Al Rawdah, North Jeddah, Jeddah"
"1,250,000",Villa,5,5,200 Sq. M.,"Tuwaiq, West Riyadh, Riyadh"
"429,000",Apartment,2,2,524 Sq. M.,"Al Rawdah, North Jeddah, Jeddah"
"730,000",Apartment,1,1,112 Sq. M.,"Al Rawdah, North Jeddah, Jeddah"
"1,500,000",Villa,6,5,256 Sq. M.,"Dhahrat Laban, West Riyadh, Riyadh"
"2,850,000",Villa,5,5,448 Sq. M.,"Al Bayan Neighborhood, East Riyadh, Riyadh"
"740,000",Apartment,5,3,130 Sq. M.,"Al Naim, North Jeddah, Jeddah"
"680,000",Floor,4,3,263 Sq. M.,"Al Rawdah District, Al Badayea Al Qassim Region"
"2,600,000",Villa,5,4,406 Sq. M.,"Al Rimal, East Riyadh, Riyadh"
"600,000",Apartment,3,1,103 Sq. M.,"Al Rimal, East Riyadh, Riyadh"
"2,700,000",Villa,1,1,345 Sq. M.,"Qurtubah, East Riyadh, Riyadh"
"620,000",Apartment,3,3,250 Sq. M.,"Al Uraija Al Gharbiyah, West Riyadh, Riyadh"
"1,500,000",Villa,4,3,437 Sq. M.,"Al Amanah, Dammam"
"750,000",Villa,3,3,336 Sq. M.,"An Nasifah, Al Kharj Riyadh Region"
"1,350,000",Villa,5,4,462 Sq. M.,"Mokatat Al Halga, Taif"
"650,000",Apartment,5,3,160 Sq. M.,"Al Fayhaa, North Jeddah, Jeddah"
"1,000,000",Villa,4,5,474 Sq. M.,"Al Suways 1, Jazan"
"1,150,000",Floor,4,3,467 Sq. M.,"Al Danah, Al Hofuf Eastern Region"
"620,000",Floor,4,3,450 Sq. M.,"Sports, Unayzah"
"720,000",Floor,6,4,248 Sq. M.,"Al Suways 1, Jazan"
"580,000",Apartment,3,3,130 Sq. M.,"Batha Quraysh, Makkah"
"770,000",Floor,4,3,198 Sq. M.,"Tuwaiq, West Riyadh, Riyadh"
"957,000",Apartment,5,3,185 Sq. M.,"Al Sawari, North Jeddah, Jeddah"
"1,300,000",Floor,5,4,391 Sq. M.,"Nubala, Madina"
"500,000",Apartment,4,3,128 Sq. M.,"Al Waha, North Jeddah, Jeddah"
"1,500,000",Villa,5,5,385 Sq. M.,"Ar Rehab, Al Namas"
"1,850,000",Villa,6,2,337 Sq. M.,"Al Sawari, North Jeddah, Jeddah"
"1,750,000",Villa,7,6,312 Sq. M.,"Al Zumorrud, North Jeddah, Jeddah"
"660,000",Apartment,6,5,310 Sq. M.,"Alhazm, Buraydah Al Qassim Region"
"1,850,000",Villa,5,5,322 Sq. M.,"Al Sawari, North Jeddah, Jeddah"
"2,500,000",Villa,6,3,600 Sq. M.,"Ad Dawhah Al Janubiyah, Dammam"
"900,000",Apartment,4,3,246 Sq. M.,"Dhahrat Laban, West Riyadh, Riyadh"
"679,000",Apartment,4,3,282 Sq. M.,"King Fahd Suburb, Dammam"
"3,200,000",Villa,6,5,450 Sq. M.,"Al Shati, Jazan"
"750,000",Villa,3,3,607 Sq. M.,Buqayq
"650,000",Villa,4,3,378 Sq. M.,"Tuwaiq, Al Kharj Riyadh Region"
"9,500,000",Residential Building,10,10,840 Sq. M.,"Ishbiliyah, East Riyadh, Riyadh"
"520,000",Floor,4,3,193 Sq. M.,"Al Aziziyah, Al Jubail"
"850,000",Apartment,2,1,80 Sq. M.,"Al Dar Al Baida, South Riyadh, Riyadh"
"830,000",Villa,4,3,440 Sq. M.,"Al Murjaniyah, Rabigh"
"1,150,000",Villa,7,6,540 Sq. M.,"Al Qashashia Al Jadid, Makkah"
"820,000",Villa,8,7,348 Sq. M.,"Al Barid, Ahad Rafidah"
"480,000",Apartment,3,2,105 Sq. M.,"Al Difa, Madina"
"5,750,000",Villa,11,11,833 Sq. M.,"Al Qadisiyah, East Riyadh, Riyadh"
"1,650,000",Rest House,6,5,743 Sq. M.,"Al Qirawan, Khamis Mushait"
"900,000",Floor,4,3,179 Sq. M.,"Al Zuhur, Abha"
"690,000",Apartment,3,3,187 Sq. M.,"Al Shulah, Dammam"
"1,100,000",Villa,5,4,250 Sq. M.,"Al Sufun, Al Khobar"
"600,000",Floor,3,3,400 Sq. M.,"Al Yasmin, Alkhubara Wal Sahabeen"
"1,100,000",Villa,5,5,362 Sq. M.,"Al Shifa, South Riyadh, Riyadh"
"570,000",Floor,7,5,177 Sq. M.,"Badr, South Riyadh, Riyadh"
"950,000",Floor,4,3,298 Sq. M.,"Al Khadraa, Madina"
"1,000,000",Apartment,1,1,158 Sq. M.,"Al Sawari, North Jeddah, Jeddah"
"5,000,000",Villa,4,5,600 Sq. M.,"Al Rimal, East Riyadh, Riyadh"
"3,500,000",Villa,5,5,400 Sq. M.,"Al Rimal, East Riyadh, Riyadh"
"8,000,000",Villa,7,5,690 Sq. M.,"Al Nafal, North Riyadh, Riyadh"
"10,500,000",Villa,10,6,540 Sq. M.,"Al Narjis, North Riyadh, Riyadh"
"3,500,000",Villa,5,4,362 Sq. M.,"Al Yasmin, North Riyadh, Riyadh"
"3,500,000",Villa,5,4,325 Sq. M.,"Al Narjis, North Riyadh, Riyadh"
"850,000",Apartment,4,3,134 Sq. M.,"Dhahrat Laban, West Riyadh, Riyadh"
"850,000",Apartment,4,3,146 Sq. M.,"Dhahrat Laban, West Riyadh, Riyadh"
"885,000",Apartment,4,3,134 Sq. M.,"Dhahrat Laban, West Riyadh, Riyadh"
"560,000",Apartment,4,3,138 Sq. M.,"Al Hamra, Al Khobar"
"739,000",Villa,7,7,186 Sq. M.,"Okaz, South Riyadh, Riyadh"
"1,400,000",Villa,4,4,319 Sq. M.,"Tuwaiq, West Riyadh, Riyadh"
"600,000",Apartment,4,3,106 Sq. M.,"Tuwaiq, West Riyadh, Riyadh"
"1,300,000",Villa,6,5,208 Sq. M.,"Al Uraija Al Wusta, West Riyadh, Riyadh"
"700,000",Floor,4,3,152 Sq. M.,"Al Suwaidi, West Riyadh, Riyadh"
"950,000",Floor,4,3,189 Sq. M.,"Al Uraija Al Gharbiyah, West Riyadh, Riyadh"
"650,000",Apartment,3,2,93 Sq. M.,"Tuwaiq, West Riyadh, Riyadh"
"950,000",Floor,5,4,181 Sq. M.,"Tuwaiq, West Riyadh, Riyadh"
"1,100,000",Villa,6,4,270 Sq. M.,"Tuwaiq, West Riyadh, Riyadh"
"1,300,000",Villa,6,5,208 Sq. M.,"Al Uraija Al Wusta, West Riyadh, Riyadh"
"1,350,000",Villa,7,5,200 Sq. M.,"Tuwaiq, West Riyadh, Riyadh"
"1,400,000",Villa,7,6,200 Sq. M.,"Tuwaiq, West Riyadh, Riyadh"
"1,300,000",Villa,6,5,207 Sq. M.,"Al Uraija Al Wusta, West Riyadh, Riyadh"
"850,000",Floor,5,4,151 Sq. M.,"Al Suwaidi, West Riyadh, Riyadh"
"1,400,000",Villa,7,5,407 Sq. M.,"Tuwaiq, West Riyadh, Riyadh"
"2,500,000",Villa,5,5,384 Sq. M.,"Al Mahdiyah, West Riyadh, Riyadh"
"2,150,000",Villa,5,5,356 Sq. M.,"Al Mahdiyah, West Riyadh, Riyadh"
"2,250,000",Villa,6,6,370 Sq. M.,"Al Mahdiyah, West Riyadh, Riyadh"
"2,100,000",Villa,5,5,356 Sq. M.,"Al Mahdiyah, West Riyadh, Riyadh"
"850,000",Floor,3,3,151 Sq. M.,"Al Suwaidi, West Riyadh, Riyadh"
"850,000",Villa,5,5,209 Sq. M.,"Okaz, South Riyadh, Riyadh"
"950,000",Floor,3,3,220 Sq. M.,"Tuwaiq, West Riyadh, Riyadh"
"850,000",Villa,5,5,242 Sq. M.,"Okaz, South Riyadh, Riyadh"
"1,150,000",Villa,4,5,255 Sq. M.,"Tuwaiq, West Riyadh, Riyadh"
"1,650,000",Villa,5,5,328 Sq. M.,"Dhahrat Laban, West Riyadh, Riyadh"
"1,500,000",Villa,4,4,175 Sq. M.,"Tuwaiq, West Riyadh, Riyadh"
"850,000",Villa,5,5,242 Sq. M.,"Okaz, South Riyadh, Riyadh"
"850,000",Floor,5,4,151 Sq. M.,"Al Suwaidi, West Riyadh, Riyadh"
"2,100,000",Villa,5,7,370 Sq. M.,"Dhahrat Laban, West Riyadh, Riyadh"
"1,200,000",Apartment,2,1,120 Sq. M.,"Al Yasmin, North Riyadh, Riyadh"
"550,000",Apartment,4,3,174 Sq. M.,"Al Nakhil, Buraydah Al Qassim Region"
"580,000",Apartment,2,2,233 Sq. M.,"Al Nakhil, Buraydah Al Qassim Region"
"1,000,000",Apartment,2,1,118 Sq. M.,"Al Izdihar, East Riyadh, Riyadh"
"1,600,000",Villa,5,1,264 Sq. M.,"Al Janadriyah, East Riyadh, Riyadh"
"1,600,000",Apartment,4,3,129 Sq. M.,"Qurtubah, East Riyadh, Riyadh"
"1,550,000",Villa,5,3,274 Sq. M.,"Al Rimal, East Riyadh, Riyadh"
"3,500,000",Villa,5,1,720 Sq. M.,"Al Mahdiyah, West Riyadh, Riyadh"
"1,850,000",Apartment,3,3,181 Sq. M.,"Qurtubah, East Riyadh, Riyadh"
"950,000",Apartment,6,4,200 Sq. M.,"Dhahrat Laban, West Riyadh, Riyadh"
"570,000",Apartment,4,3,254 Sq. M.,"Al Ulaya, Buraydah Al Qassim Region"
"750,000",Apartment,2,2,124 Sq. M.,"Al Nasim Al Sharqi, East Riyadh, Riyadh"
"920,000",Villa,6,5,312 Sq. M.,"Al Safa District, Buraydah Al Qassim Region"
"535,000",Apartment,3,3,173 Sq. M.,"Al Zarqaa, Buraydah Al Qassim Region"
"520,000",Apartment,5,5,216 Sq. M.,"Al Rimal, Buraydah Al Qassim Region"
"585,000",Apartment,5,4,233 Sq. M.,"Al Zarqaa, Buraydah Al Qassim Region"
"1,050,000",Villa,4,4,312 Sq. M.,"Al Rawdah, Buraydah Al Qassim Region"
"610,000",Apartment,3,3,240 Sq. M.,"Al Nakhil, Buraydah Al Qassim Region"
"520,000",Apartment,3,3,400 Sq. M.,"Al Falah, Buraydah Al Qassim Region"
"1,200,000",Villa,6,6,250 Sq. M.,"Okaz, South Riyadh, Riyadh"
"560,000",Apartment,3,5,337 Sq. M.,"Al Mansurah, Buraydah Al Qassim Region"
"1,450,000",Villa,3,4,256 Sq. M.,"Dhahrat Laban, West Riyadh, Riyadh"
"630,000",Apartment,5,5,256 Sq. M.,"Al Zarqaa, Buraydah Al Qassim Region"
"460,000",Rest House,1,3,260 Sq. M.,"Al Naqeeb Al Janubi, Buraydah Al Qassim Region"
"580,000",Apartment,5,5,254 Sq. M.,"Al Ulaya, Buraydah Al Qassim Region"
"590,000",Apartment,5,5,248 Sq. M.,"Al Falah, Buraydah Al Qassim Region"
"520,000",Apartment,5,3,216 Sq. M.,"Khub Al Thanyan, Buraydah Al Qassim Region"
"1,300,000",Villa,6,1,284 Sq. M.,"Sultanah, West Riyadh, Riyadh"
"2,250,000",Villa,5,5,399 Sq. M.,"Al Mahdiyah, West Riyadh, Riyadh"
"1,350,000",Villa,5,6,465 Sq. M.,"Al Nakhil, Buraydah Al Qassim Region"
"720,000",Villa,5,7,270 Sq. M.,"Al Safa District, Buraydah Al Qassim Region"
"720,000",Villa,5,5,270 Sq. M.,"Khub Al Thanyan, Buraydah Al Qassim Region"
"560,000",Apartment,5,5,337 Sq. M.,"Al Nakhil, Buraydah Al Qassim Region"
"545,000",Apartment,3,3,182 Sq. M.,"Al Nakhil, Buraydah Al Qassim Region"
"810,000",Villa,5,5,250 Sq. M.,"Al Safa District, Buraydah Al Qassim Region"
"430,000",Rest House,3,3,375 Sq. M.,"Al Qusayah, Buraydah Al Qassim Region"
"1,550,000",Villa,5,5,660 Sq. M.,"Al Falah, Buraydah Al Qassim Region"
"845,000",Villa,5,7,250 Sq. M.,"Al Zarqaa, Buraydah Al Qassim Region"
"870,000",Villa,5,7,428 Sq. M.,"Al Nakhil, Buraydah Al Qassim Region"
"1,250,000",Villa,5,7,468 Sq. M.,"Al Rihab, Buraydah Al Qassim Region"
"635,000",Apartment,3,3,337 Sq. M.,"Al Nakhil, Buraydah Al Qassim Region"
"950,000",Villa,5,7,480 Sq. M.,"Al Rimal, Buraydah Al Qassim Region"
"770,000",Villa,5,6,225 Sq. M.,"Al Nakhil, Buraydah Al Qassim Region"
"470,000",Apartment,3,3,216 Sq. M.,"Al Rimal, Buraydah Al Qassim Region"
"750,000",Villa,5,4,250 Sq. M.,"Al Nakhil, Buraydah Al Qassim Region"
"580,000",Apartment,3,4,233 Sq. M.,"Al Rihab, Buraydah Al Qassim Region"
"475,000",Apartment,4,2,180 Sq. M.,"Al Rihab, Buraydah Al Qassim Region"
"480,000",Apartment,3,3,212 Sq. M.,"Al Ulaya, Buraydah Al Qassim Region"
"839,000",Villa,5,6,351 Sq. M.,"Al Humar Al Shamali, Buraydah Al Qassim Region"
"595,000",Apartment,5,4,240 Sq. M.,"Al Nakhil, Buraydah Al Qassim Region"
"885,000",Apartment,4,4,130 Sq. M.,"Dhahrat Laban, West Riyadh, Riyadh"
"580,000",Apartment,3,3,178 Sq. M.,"Al Rayaan, North Jeddah, Jeddah"
"615,000",Apartment,5,4,204 Sq. M.,"Governmental1, Jeddah"
"770,000",Apartment,2,3,125 Sq. M.,"Al Salamah, North Jeddah, Jeddah"
"680,000",Apartment,3,3,189 Sq. M.,"Al Rabwa, North Jeddah, Jeddah"
"620,000",Apartment,3,3,215 Sq. M.,"Al Rayaan, North Jeddah, Jeddah"
"1,100,000",Apartment,3,3,167 Sq. M.,"Al Salamah, North Jeddah, Jeddah"
"520,000",Apartment,2,3,164 Sq. M.,"Al Rayaan, North Jeddah, Jeddah"
"800,000",Apartment,4,5,264 Sq. M.,"Al Manar, North Jeddah, Jeddah"
"520,000",Apartment,2,2,146 Sq. M.,"Al Rayaan, North Jeddah, Jeddah"
"1,350,000",Villa,5,4,200 Sq. M.,"Tuwaiq, West Riyadh, Riyadh"
"1,350,000",Villa,5,5,200 Sq. M.,"Tuwaiq, West Riyadh, Riyadh"
"1,350,000",Villa,5,4,200 Sq. M.,"Tuwaiq, West Riyadh, Riyadh"
"1,350,000",Villa,5,4,200 Sq. M.,"Tuwaiq, West Riyadh, Riyadh"
"330,000",Apartment,2,2,105 Sq. M.,"Al Nur, Dammam"
"580,000",Apartment,3,3,154 Sq. M.,"Al Zuhur, Dammam"
"4,000,000",Villa,5,4,"1,500 Sq. M.","Al Mazruiyah, Dammam"
"830,000",Floor,5,4,154 Sq. M.,"Al Rimal, East Riyadh, Riyadh"
"7,000,000",Villa,3,4,317 Sq. M.,"Al Munsiyah, East Riyadh, Riyadh"
"6,000,000",Villa,9,7,420 Sq. M.,"Al Qirawan, North Riyadh, Riyadh"
"4,450,000",Villa,4,5,441 Sq. M.,"Al Narjis, North Riyadh, Riyadh"
"4,450,000",Villa,4,5,441 Sq. M.,"Al Narjis, North Riyadh, Riyadh"
"1,550,000",Floor,3,3,233 Sq. M.,"Al Rimal, East Riyadh, Riyadh"
"890,000",Apartment,5,3,"5,087 Sq. M.","Al Munsiyah, East Riyadh, Riyadh"
"2,200,000",Villa,6,6,225 Sq. M.,"Al Mahdiyah, West Riyadh, Riyadh"
"2,650,000",Villa,6,4,321 Sq. M.,"Obhur Al Shamaliyah, North Jeddah, Jeddah"
"420,000",Apartment,4,3,122 Sq. M.,"Al Marwah, North Jeddah, Jeddah"
"890,000",Villa,3,3,342 Sq. M.,"An Naim, Rabigh"
"1,100,000",Apartment,4,5,306 Sq. M.,"Dhahrat Al Badiah, West Riyadh, Riyadh"
"810,000",Villa,5,7,250 Sq. M.,"Al Manar district, Buraydah Al Qassim Region"
"500,000",Floor,3,3,700 Sq. M.,"King Fahd, Tareeb"
"1,100,000",Floor,7,5,348 Sq. M.,"Al Marwah, North Jeddah, Jeddah"
"380,000",Apartment,4,3,101 Sq. M.,"Al Waha, North Jeddah, Jeddah"
"375,000",Apartment,3,2,101 Sq. M.,"Al Waha, North Jeddah, Jeddah"
"600,000",Apartment,4,3,111 Sq. M.,"Al Salamah, North Jeddah, Jeddah"
"550,000",Apartment,4,3,195 Sq. M.,"As Sanabel, Makkah"
"580,000",Apartment,5,3,158 Sq. M.,"Batha Quraysh, Makkah"
"580,000",Apartment,3,3,100 Sq. M.,"Al Naim, North Jeddah, Jeddah"
"859,000",Apartment,3,3,134 Sq. M.,"Al Rimal, East Riyadh, Riyadh"
"600,000",Apartment,4,3,112 Sq. M.,"Al Salamah, North Jeddah, Jeddah"
"2,200,000",Villa,7,6,366 Sq. M.,"Al Mahdiyah, West Riyadh, Riyadh"
"1,800,000",Villa,6,5,366 Sq. M.,"Al Mahdiyah, West Riyadh, Riyadh"
"2,200,000",Villa,6,5,225 Sq. M.,"Al Mahdiyah, West Riyadh, Riyadh"
"2,200,000",Villa,6,5,225 Sq. M.,"Al Mahdiyah, West Riyadh, Riyadh"
"1,850,000",Villa,6,5,574 Sq. M.,"Al Sheraa, Al Khobar"
"590,000",Apartment,4,3,159 Sq. M.,"King Fahd, Makkah"
"750,000",Floor,5,5,233 Sq. M.,"Okaz, South Riyadh, Riyadh"
730,Floor,3,3,149 Sq. M.,"Al Hazm, West Riyadh, Riyadh"
"950,000",Floor,5,5,350 Sq. M.,"Al Dar Al Baida, South Riyadh, Riyadh"
"1,300,000",Villa,7,5,304 Sq. M.,"Tuwaiq, West Riyadh, Riyadh"
"720,000",Apartment,4,3,129 Sq. M.,"Alawali, West Riyadh, Riyadh"
"1,350,000",Villa,6,4,400 Sq. M.,"Al Uraija Al Gharbiyah, West Riyadh, Riyadh"
"1,170,000",Villa,4,5,200 Sq. M.,"Tuwaiq, West Riyadh, Riyadh"
"1,300,000",Villa,5,5,290 Sq. M.,"Tuwaiq, West Riyadh, Riyadh"
"850,000",Apartment,4,6,221 Sq. M.,"Dhahrat Laban, West Riyadh, Riyadh"
"1,170,000",Villa,6,5,210 Sq. M.,"Al Suwaidi, West Riyadh, Riyadh"
"880,000",Floor,3,2,155 Sq. M.,"Tuwaiq, West Riyadh, Riyadh"
"800,000",Floor,3,3,137 Sq. M.,"Tuwaiq, West Riyadh, Riyadh"
"670,000",Apartment,4,3,94 Sq. M.,"Tuwaiq, West Riyadh, Riyadh"
"1,070,000",Villa,5,4,265 Sq. M.,"Tuwaiq, West Riyadh, Riyadh"
"1,650,000",Villa,5,4,306 Sq. M.,"Dhahrat Laban, West Riyadh, Riyadh"
"1,750,000",Villa,6,6,375 Sq. M.,"Tuwaiq, West Riyadh, Riyadh"
"750,000",Floor,4,4,312 Sq. M.,"Al Shifa, South Riyadh, Riyadh"
"1,070",Villa,5,4,265 Sq. M.,"Tuwaiq, West Riyadh, Riyadh"
"900,000",Floor,6,4,212 Sq. M.,"Dahiat Namar, West Riyadh, Riyadh"
"950,000",Floor,5,4,189 Sq. M.,"Tuwaiq, West Riyadh, Riyadh"
"750,000",Floor,6,5,245 Sq. M.,"Tuwaiq, West Riyadh, Riyadh"
"850,000",Floor,6,3,166 Sq. M.,"Tuwaiq, West Riyadh, Riyadh"
"780,000",Floor,4,2,116 Sq. M.,"Dahiat Namar, West Riyadh, Riyadh"
"800,000",Floor,4,3,500 Sq. M.,"Al Zahrah, West Riyadh, Riyadh"
"7,000,000",Villa,11,7,650 Sq. M.,"Al Arid, North Riyadh, Riyadh"
"4,800,000",Villa,6,5,300 Sq. M.,"Al Arid, North Riyadh, Riyadh"
"1,090,000",Apartment,4,3,129 Sq. M.,"Al Munsiyah, East Riyadh, Riyadh"
"2,300,000",Villa,3,4,250 Sq. M.,"Sidra, Riyadh"
"750,000",Apartment,2,2,129 Sq. M.,"Al Qadisiyah, East Riyadh, Riyadh"
"1,090,000",Apartment,4,3,129 Sq. M.,"Al Munsiyah, East Riyadh, Riyadh"
"987,600",Apartment,4,3,155 Sq. M.,"Al Munsiyah, East Riyadh, Riyadh"
"1,090,000",Apartment,4,3,129 Sq. M.,"Al Munsiyah, East Riyadh, Riyadh"
"3,500,000",Villa,7,5,390 Sq. M.,"Al Narjis, North Riyadh, Riyadh"
"800,000",Apartment,4,3,178 Sq. M.,"Tuwaiq, West Riyadh, Riyadh"
"3,500,000",Villa,5,6,315 Sq. M.,"Al Nafal, North Riyadh, Riyadh"
"3,000,000",Villa,5,4,336 Sq. M.,"Al Malqa, North Riyadh, Riyadh"
"492,000",Apartment,5,3,168 Sq. M.,Jeddah
"1,350,000",Villa,6,6,275 Sq. M.,"Al Rahmanyah, North Jeddah, Jeddah"
"730,000",Apartment,4,3,114 Sq. M.,"Al Rawdah, North Jeddah, Jeddah"
"740,000",Apartment,4,3,117 Sq. M.,"Al Rawdah, North Jeddah, Jeddah"
"950,000",Apartment,5,4,155 Sq. M.,"Al Rimal, East Riyadh, Riyadh"
"1,800,000",Villa,5,5,400 Sq. M.,"Al Mahdiyah, West Riyadh, Riyadh"
"1,800,000",Villa,5,5,400 Sq. M.,"Al Mahdiyah, West Riyadh, Riyadh"
"1,800,000",Villa,5,5,400 Sq. M.,"Al Mahdiyah, West Riyadh, Riyadh"
"2,000,000",Villa,5,5,400 Sq. M.,"Al Mahdiyah, West Riyadh, Riyadh"
"1,800,000",Villa,5,5,400 Sq. M.,"Al Mahdiyah, West Riyadh, Riyadh"
"1,800,000",Villa,5,5,400 Sq. M.,"Al Mahdiyah, West Riyadh, Riyadh"
"1,150,000",Villa,6,7,376 Sq. M.,"Al Manar, Unayzah"
"770,000",Villa,5,7,222 Sq. M.,"Al Manar, Unayzah"
"1,250,000",Apartment,4,3,"11,412 Sq. M.","Al Malqa, North Riyadh, Riyadh"
"1,250,000",Apartment,4,3,"11,412 Sq. M.","Al Malqa, North Riyadh, Riyadh"
"1,050,000",Apartment,3,2,124 Sq. M.,"Al Mahdiyah, West Riyadh, Riyadh"
"1,050,000",Apartment,4,3,130 Sq. M.,"Al Mahdiyah, West Riyadh, Riyadh"
"1,900,000",Villa,8,7,250 Sq. M.,"Al Mahdiyah, West Riyadh, Riyadh"
"1,950,000",Villa,5,5,200 Sq. M.,"Al Mahdiyah, West Riyadh, Riyadh"
"891,000",Apartment,3,3,478 Sq. M.,"Al Mahdiyah, West Riyadh, Riyadh"
"900,000",Apartment,3,2,478 Sq. M.,"Al Mahdiyah, West Riyadh, Riyadh"
"750,000",Apartment,3,3,478 Sq. M.,"Al Mahdiyah, West Riyadh, Riyadh"
"2,000,000",Villa,7,6,366 Sq. M.,"Al Mahdiyah, West Riyadh, Riyadh"
"2,200,000",Villa,7,6,366 Sq. M.,"Al Mahdiyah, West Riyadh, Riyadh"
"2,750,000",Villa,7,5,366 Sq. M.,"Al Mahdiyah, West Riyadh, Riyadh"
"1,800,000",Villa,7,5,366 Sq. M.,"Al Mahdiyah, West Riyadh, Riyadh"
"2,000,000",Villa,7,7,366 Sq. M.,"Al Mahdiyah, West Riyadh, Riyadh"
"2,100,000",Villa,7,5,366 Sq. M.,"Al Mahdiyah, West Riyadh, Riyadh"
"3,000,000",Villa,7,5,300 Sq. M.,"Al Mahdiyah, West Riyadh, Riyadh"
"1,800,000",Villa,6,5,200 Sq. M.,"Al Mahdiyah, West Riyadh, Riyadh"
"3,200,000",Villa,7,5,366 Sq. M.,"Al Mahdiyah, West Riyadh, Riyadh"
"1,950,000",Villa,7,3,366 Sq. M.,"Al Mahdiyah, West Riyadh, Riyadh"
"2,750,000",Villa,7,5,366 Sq. M.,"Al Mahdiyah, West Riyadh, Riyadh"
"2,150,000",Villa,5,5,400 Sq. M.,"Al Mahdiyah, West Riyadh, Riyadh"
"2,000,000",Villa,7,5,366 Sq. M.,"Al Mahdiyah, West Riyadh, Riyadh"
"2,000,000",Villa,5,5,200 Sq. M.,"Al Mahdiyah, West Riyadh, Riyadh"
"800,000",Apartment,3,3,140 Sq. M.,"Al Mahdiyah, West Riyadh, Riyadh"
"9,200,000",Apartment,3,4,478 Sq. M.,"Al Mahdiyah, West Riyadh, Riyadh"
"2,000,000",Villa,7,4,366 Sq. M.,"Al Mahdiyah, West Riyadh, Riyadh"
"4,000,000",Villa,6,7,450 Sq. M.,"Al Mahdiyah, West Riyadh, Riyadh"
"4,000,000",Villa,6,5,450 Sq. M.,"Al Mahdiyah, West Riyadh, Riyadh"
"3,200,000",Villa,6,7,300 Sq. M.,"Al Mahdiyah, West Riyadh, Riyadh"
"2,100,000",Villa,7,6,366 Sq. M.,"Al Mahdiyah, West Riyadh, Riyadh"
"1,980,000",Villa,7,4,366 Sq. M.,"Al Mahdiyah, West Riyadh, Riyadh"
"1,800,000",Villa,5,4,400 Sq. M.,"Al Mahdiyah, West Riyadh, Riyadh"
"2,000,000",Villa,4,4,366 Sq. M.,"Al Mahdiyah, West Riyadh, Riyadh"
"2,300,000",Villa,6,5,400 Sq. M.,"Al Mahdiyah, West Riyadh, Riyadh"
"4,600,000",Villa,6,5,805 Sq. M.,"Agruba, Al Jubaylah"
"1,450,000",Apartment,2,1,98 Sq. M.,"Al Raid, West Riyadh, Riyadh"
"800,000",Apartment,7,5,212 Sq. M.,"Al Marwah, North Jeddah, Jeddah"
"3,850,000",Villa,5,4,415 Sq. M.,"Al Mahdiyah, West Riyadh, Riyadh"
"2,000,000",Villa,6,6,200 Sq. M.,"Al Mahdiyah, West Riyadh, Riyadh"
"850,000",Apartment,4,6,900 Sq. M.,"Dhahrat Laban, West Riyadh, Riyadh"
"650,000",Apartment,5,4,161 Sq. M.,"Tuwaiq, West Riyadh, Riyadh"
"1,800,000",Villa,6,6,400 Sq. M.,"Tuwaiq, West Riyadh, Riyadh"
"1,500,000",Apartment,3,3,550 Sq. M.,"Al Arid, North Riyadh, Riyadh"
"1,100,000",Floor,5,4,375 Sq. M.,"Nawara District, Al Muzahimiyah Riyadh Region"
"950,000",Floor,3,3,268 Sq. M.,"Tuwaiq, West Riyadh, Riyadh"
"750,000",Floor,3,4,131 Sq. M.,"Al Zahrah, West Riyadh, Riyadh"
"650,000",Floor,3,3,242 Sq. M.,"Uraidh, South Riyadh, Riyadh"
"1,400,000",Apartment,5,3,246 Sq. M.,"Al Hamra, Al Khobar"
"1,020,000",Floor,5,5,173 Sq. M.,"Al Janadriyah, East Riyadh, Riyadh"
"2,200,000",Villa,6,5,225 Sq. M.,"Al Mahdiyah, West Riyadh, Riyadh"
"1,800,000",Villa,5,4,400 Sq. M.,"Al Mahdiyah, West Riyadh, Riyadh"
"984,000",Villa,5,7,374 Sq. M.,"Al Ulayya, Unayzah"
"2,200,000",Villa,6,5,225 Sq. M.,"Al Mahdiyah, West Riyadh, Riyadh"
"4,000,000",Villa,5,5,400 Sq. M.,"Al Mahdiyah, West Riyadh, Riyadh"
"1,020,000",Floor,5,5,475 Sq. M.,"Warqan, Madina"
"1,500,000",Villa,6,4,381 Sq. M.,"Al Sawari, North Jeddah, Jeddah"
"780,000",Villa,5,3,485 Sq. M.,"An Nuzhah, Riyadh Al Khabra"
"1,950,000",Villa,5,4,200 Sq. M.,"Al Sheraa, North Jeddah, Jeddah"
"650,000",Apartment,4,3,179 Sq. M.,"Al Rabiyah, Al Hofuf Eastern Region"
"620,000",Apartment,5,2,218 Sq. M.,"Al Marwah, North Jeddah, Jeddah"
"2,000,000",Villa,4,3,312 Sq. M.,"Al Zumorrud, North Jeddah, Jeddah"
"520,000",Apartment,3,3,145 Sq. M.,"Al Waha, North Jeddah, Jeddah"
"1,062,889",Villa,4,3,203 Sq. M.,"Al Fursan, Dammam"
"580,000",Apartment,4,4,355 Sq. M.,"Al Noor District, Khamis Mushait"
"530,000",Apartment,2,4,193 Sq. M.,"Al Shefaa, Hail"
"440,000",Villa,3,3,700 Sq. M.,"Ad Dahi Al Gharbi, Buraydah Al Qassim Region"
"790,000",Villa,5,3,375 Sq. M.,"Southern Fifties, Wadi Al Dawasir"
"600,000",Apartment,3,3,226 Sq. M.,"Ar Rawdah, Abha"
"720,000",Villa,5,2,375 Sq. M.,"Al Adamah, Al Kharj Riyadh Region"
"800,000",Apartment,5,4,199 Sq. M.,"King Fahd, Makkah"
"470,000",Apartment,3,3,128 Sq. M.,"Al Waha, North Jeddah, Jeddah"
"1,000,000",Villa,6,5,378 Sq. M.,"Al Sheraa, Al Khobar"
"1,700,000",Villa,6,5,506 Sq. M.,"Al Tahliyah, Al Khobar"
"650,000",Villa,5,3,185 Sq. M.,"Badr, South Riyadh, Riyadh"
"1,850,000",Villa,6,5,600 Sq. M.,"Al Nawras, Dammam"
"590,000",Apartment,5,5,159 Sq. M.,"Al Waha, North Jeddah, Jeddah"
"850,000",Apartment,5,4,207 Sq. M.,"Asharai, Makkah"
"569,000",Apartment,2,3,145 Sq. M.,"Okaz, South Riyadh, Riyadh"
"3,200,000",Villa,9,10,383 Sq. M.,"Qurtubah, East Riyadh, Riyadh"
"1,600,000",Residential Building,11,11,640 Sq. M.,Abu Arish
"749,000",Apartment,3,3,134 Sq. M.,"Al Rimal, East Riyadh, Riyadh"
"800,000",Apartment,7,5,630 Sq. M.,"Badr, South Riyadh, Riyadh"
"800,000",Apartment,5,4,179 Sq. M.,"Dhahrat Laban, West Riyadh, Riyadh"
"670,000",Apartment,4,3,900 Sq. M.,"Dhahrat Laban, West Riyadh, Riyadh"
"2,500,000",Villa,11,7,605 Sq. M.,"Al Wisham, Central Riyadh, Riyadh"
"800,000",Apartment,3,3,180 Sq. M.,"Dhahrat Laban, West Riyadh, Riyadh"
"6,500,000",Villa,6,7,400 Sq. M.,"Al Falah, North Riyadh, Riyadh"
"4,500,000",Villa,7,7,450 Sq. M.,"King Faisal, East Riyadh, Riyadh"
"750,000",Floor,5,4,208 Sq. M.,"Al Janadriyah, East Riyadh, Riyadh"
"6,000,000",Villa,11,7,690 Sq. M.,"Ishbiliyah, East Riyadh, Riyadh"
"1,900,000",Rest House,4,4,525 Sq. M.,"Al Kair District, North Riyadh, Riyadh"
"1,200,000",Villa,5,6,550 Sq. M.,"Al Khalidiyyah, Unayzah"
"900,000",Villa,8,7,650 Sq. M.,"Al Wafaa, Unayzah"
"370,000",Apartment,4,3,171 Sq. M.,"Al Fakhriyyah, Unayzah"
"300,000",Apartment,3,2,201 Sq. M.,"Al Manar, Unayzah"
"550,000",Villa,5,6,185 Sq. M.,"City Center, Unayzah"
"750,000",Villa,5,4,270 Sq. M.,"King Fahd District, Unayzah"
"2,500,000",Rest House,7,6,"4,280 Sq. M.","Aj Jilda, Unayzah"
"750,000",Rest House,3,2,512 Sq. M.,"Al Hamra, Unayzah"
"1,200,000",Villa,4,5,500 Sq. M.,"Al Rayyan, Unayzah"
"850,000",Rest House,4,3,490 Sq. M.,"Al Rawabi, Unayzah"
"1,100,000",Rest House,4,3,477 Sq. M.,"Al Rawabi, Unayzah"
"740,000",Apartment,4,3,117 Sq. M.,"Al Rawdah, North Jeddah, Jeddah"
"4,000,000",Villa,6,5,460 Sq. M.,"Al Jisr, Al Khobar"
"869,000",Apartment,3,3,135 Sq. M.,"Al Rimal, East Riyadh, Riyadh"
"839,000",Apartment,2,2,97 Sq. M.,"Al Rawdah, East Riyadh, Riyadh"
"989,000",Apartment,3,3,130 Sq. M.,"Al Rawdah, East Riyadh, Riyadh"
"1,000,000",Apartment,3,3,266 Sq. M.,"Al Andalus, Al Khobar"
"2,200,000",Villa,6,5,225 Sq. M.,"Al Mahdiyah, West Riyadh, Riyadh"
"7,800,000",Villa,5,5,780 Sq. M.,"Al Sahafah, North Riyadh, Riyadh"
"420,000",Apartment,3,3,131 Sq. M.,"Al Dar Al Baida, South Riyadh, Riyadh"
"385,000",Apartment,1,2,151 Sq. M.,"Badr, South Riyadh, Riyadh"
"850,000",Apartment,3,2,171 Sq. M.,"Al Rimal, East Riyadh, Riyadh"
"2,200,000",Villa,5,5,540 Sq. M.,"Al Rimal, East Riyadh, Riyadh"
"1,350,000",Floor,4,3,214 Sq. M.,"Al Rimal, East Riyadh, Riyadh"
"1,150,000",Floor,3,3,196 Sq. M.,"Al Rimal, East Riyadh, Riyadh"
"2,000,000",Villa,5,4,264 Sq. M.,"Al Rimal, East Riyadh, Riyadh"
"700,000",Apartment,2,2,118 Sq. M.,"Al Rimal, East Riyadh, Riyadh"
"750,000",Apartment,2,3,157 Sq. M.,"Al Rimal, East Riyadh, Riyadh"
"850,000",Floor,3,3,158 Sq. M.,"Al Rimal, East Riyadh, Riyadh"
"900,000",Floor,5,4,260 Sq. M.,"Al Rimal, East Riyadh, Riyadh"
"1,700,000",Villa,6,6,225 Sq. M.,"Al Rimal, East Riyadh, Riyadh"
"1,300,000",Floor,5,4,135 Sq. M.,"Al Rimal, East Riyadh, Riyadh"
"1,150,000",Floor,5,5,375 Sq. M.,"Al Rimal, East Riyadh, Riyadh"
"1,250,000",Floor,3,3,215 Sq. M.,"Al Rimal, East Riyadh, Riyadh"
"2,200,000",Floor,5,5,287 Sq. M.,"Al Maizilah, East Riyadh, Riyadh"
"2,200,000",Villa,6,5,275 Sq. M.,"Al Rimal, East Riyadh, Riyadh"
"850,000",Floor,5,3,165 Sq. M.,"Al Rimal, East Riyadh, Riyadh"
"750,000",Apartment,3,3,157 Sq. M.,"Al Rimal, East Riyadh, Riyadh"
"1,800,000",Villa,6,4,240 Sq. M.,"Al Rimal, East Riyadh, Riyadh"
"1,600,000",Floor,3,3,448 Sq. M.,"Al Arid, North Riyadh, Riyadh"
"700,000",Apartment,5,4,191 Sq. M.,"Al Safa, North Jeddah, Jeddah"
"1,200,000",Villa,10,7,300 Sq. M.,"Taiba District, North Jeddah, Jeddah"
"1,350,000",Villa,7,5,400 Sq. M.,"Al Uraija Al Gharbiyah, West Riyadh, Riyadh"
"1,100,000",Floor,5,4,245 Sq. M.,"Tuwaiq, West Riyadh, Riyadh"
"1,350,000",Villa,7,5,400 Sq. M.,"Al Uraija Al Gharbiyah, West Riyadh, Riyadh"
"560,000",Apartment,3,3,141 Sq. M.,"Tuwaiq, West Riyadh, Riyadh"
"800,000",Floor,5,4,257 Sq. M.,"Alawali, West Riyadh, Riyadh"
"560,000",Apartment,3,3,141 Sq. M.,"Tuwaiq, West Riyadh, Riyadh"
"1,350,000",Villa,5,5,400 Sq. M.,"Al Uraija Al Gharbiyah, West Riyadh, Riyadh"
"560,000",Apartment,3,4,141 Sq. M.,"Tuwaiq, West Riyadh, Riyadh"
"850,000",Apartment,6,5,242 Sq. M.,"Al Mohamdya, Makkah"
"850,000",Apartment,5,4,242 Sq. M.,"Al Mohamdya, Makkah"
"700,000",Villa,7,4,396 Sq. M.,"Al Qadisiyah, Al Bukayriyah"
"500,000",Villa,6,5,484 Sq. M.,"Amal District, Al Bukayriyah"
"390,000",Villa,7,5,461 Sq. M.,"Ad Dirah, Al Bukayriyah"
"1,380,000",Floor,6,4,322 Sq. M.,"Al Sawari, North Jeddah, Jeddah"
"850,000",Floor,3,4,538 Sq. M.,"Al Murjan, East Riyadh, Riyadh"
"740,000",Apartment,3,3,129 Sq. M.,"Al Rimal, East Riyadh, Riyadh"
"750,000",Apartment,3,2,157 Sq. M.,"Al Rimal, East Riyadh, Riyadh"
"850,000",Apartment,4,3,825 Sq. M.,"Al Qadisiyah, East Riyadh, Riyadh"
"770,000",Apartment,3,3,150 Sq. M.,"Al Rimal, East Riyadh, Riyadh"
"900,000",Apartment,4,3,137 Sq. M.,"Al Rimal, East Riyadh, Riyadh"
"2,400,000",Villa,5,4,420 Sq. M.,"Al Bayan Neighborhood, East Riyadh, Riyadh"
"770,000",Apartment,3,3,150 Sq. M.,"Al Rimal, East Riyadh, Riyadh"
"1,200,000",Floor,4,4,241 Sq. M.,"Al Rimal, East Riyadh, Riyadh"
"860,000",Apartment,4,3,184 Sq. M.,"Al Rimal, East Riyadh, Riyadh"
"650,000",Rest House,4,2,512 Sq. M.,"White Land Organization Subdivision3, Thadiq"
"540,000",Apartment,5,3,182 Sq. M.,"Ash Shamiya Al Jadid, Makkah"
"1,900,000",Villa,7,4,366 Sq. M.,"Al Mahdiyah, West Riyadh, Riyadh"
"490,000",Apartment,3,3,134 Sq. M.,"Okaz, South Riyadh, Riyadh"
"480,000",Apartment,3,3,156 Sq. M.,"Badr, South Riyadh, Riyadh"
"620,000",Apartment,6,5,207 Sq. M.,"Al Gara, Abha"
"750,000",Floor,5,3,187 Sq. M.,"Dahiat Namar, West Riyadh, Riyadh"
"600,000",Floor,3,2,173 Sq. M.,"Badr, South Riyadh, Riyadh"
"3,500,000",Villa,1,1,507 Sq. M.,"Al Anahi, Madina"
"730,000",Apartment,1,1,162 Sq. M.,"Shuran, Madina"
"680,000",Apartment,1,1,166 Sq. M.,"Mudhainib, Madina"
"660,000",Apartment,1,1,158 Sq. M.,"Mudhainib, Madina"
"730,000",Apartment,1,1,162 Sq. M.,"Shuran, Madina"
"730,000",Apartment,1,1,152 Sq. M.,"Shuran, Madina"
"790,000",Apartment,1,1,177 Sq. M.,"Josham, Madina"
"850,000",Rest House,3,3,"4,968 Sq. M.","Ar Rabwah, Al Bukayriyah"
"850,000",Villa,3,6,399 Sq. M.,"Ar Riyadh, Al Bukayriyah"
"2,000,000",Rest House,3,3,"36,605 Sq. M.","Ar Rabwah, Al Bukayriyah"
"600,000",Villa,4,6,312 Sq. M.,"Al Baida, Al Bukayriyah"
"1,250,000",Villa,6,5,307 Sq. M.,"Ash Shamiya Al Jadid, Makkah"
"600,000",Apartment,3,3,94 Sq. M.,"Al Rimal, East Riyadh, Riyadh"
"1,050,000",Villa,3,4,488 Sq. M.,"Al Quhaib, Taif"
"1,100,000",Floor,5,4,229 Sq. M.,"Al Rimal, East Riyadh, Riyadh"
"1,100,000",Villa,6,6,311 Sq. M.,"Ash Shamiya Al Jadid, Makkah"
"1,100,000",Floor,5,3,229 Sq. M.,"Al Rimal, East Riyadh, Riyadh"
"1,950,000",Villa,4,5,241 Sq. M.,"Al Sheraa, North Jeddah, Jeddah"
"630,000",Apartment,1,1,140 Sq. M.,"Al Anabis, Madina"
"500,000",Apartment,4,3,227 Sq. M.,"Al Ghadir, Abha"
"900,000",Villa,4,4,414 Sq. M.,"Al Waha, Khamis Mushait"
"900,000",Villa,2,2,306 Sq. M.,"Al Ghadir, Abha"
"430,000",Apartment,4,3,133 Sq. M.,"As Salamah, Makkah"
"830,000",Villa,6,5,300 Sq. M.,"Ash Shamiya Al Jadid, Makkah"
"580,000",Apartment,1,1,176 Sq. M.,"Bani Bayadah, Madina"
"850,000",Villa,5,4,312 Sq. M.,"Al Riyadh, North Jeddah, Jeddah"
"1,350,000",Villa,4,3,300 Sq. M.,"Al Rahmanyah, North Jeddah, Jeddah"
"1,400,000",Villa,9,5,275 Sq. M.,"Al Rimal, East Riyadh, Riyadh"
"950,000",Villa,1,1,287 Sq. M.,"Nubala, Madina"
"950,000",Apartment,6,5,251 Sq. M.,"Al Nuzhah, North Jeddah, Jeddah"
"700,000",Villa,4,4,330 Sq. M.,"At Taawun, Khamis Mushait"
"1,100,000",Floor,5,4,229 Sq. M.,"Al Rimal, East Riyadh, Riyadh"
"1,100,000",Villa,6,6,343 Sq. M.,"Asharai, Makkah"
"1,100,000",Floor,3,3,186 Sq. M.,"Al Rimal, East Riyadh, Riyadh"
"1,150,000",Villa,1,1,262 Sq. M.,"Nubala, Madina"
"800,000",Villa,8,7,275 Sq. M.,"Ar Rehab, Taif"
"1,100,000",Floor,5,4,229 Sq. M.,"Al Rimal, East Riyadh, Riyadh"
"1,200,000",Villa,10,7,300 Sq. M.,"Al Rahmanyah, North Jeddah, Jeddah"
"1,500,000",Villa,10,7,312 Sq. M.,"Al Falah, North Jeddah, Jeddah"
"1,100,000",Villa,9,7,348 Sq. M.,"Rahba District, Taif"
"970,000",Villa,5,4,312 Sq. M.,"Al Riyadh, North Jeddah, Jeddah"
"600,000",Apartment,3,2,94 Sq. M.,"Al Rimal, East Riyadh, Riyadh"
"700,000",Apartment,5,4,205 Sq. M.,"Ash Shamiya Al Jadid, Makkah"
"430,000",Apartment,4,4,158 Sq. M.,"As Salamah, Makkah"
"800,000",Apartment,5,4,229 Sq. M.,"Ash Shamiya Al Jadid, Makkah"
"1,285,000",Villa,6,7,312 Sq. M.,"Al Riyadh, North Jeddah, Jeddah"
"650,000",Apartment,3,3,150 Sq. M.,"As Salamah, Makkah"
"1,500,000",Villa,9,7,403 Sq. M.,"Mokatat Al Halga, Taif"
"1,270,000",Villa,4,7,377 Sq. M.,"Al Nwwariyah, Makkah"
"850,000",Villa,8,7,500 Sq. M.,"Ar Rehab, Taif"
"890,000",Villa,5,4,511 Sq. M.,"As Sulaymaniyah, Taif"
"1,350,000",Villa,8,7,300 Sq. M.,"Al Salehiyah, North Jeddah, Jeddah"
"1,020,000",Villa,5,4,312 Sq. M.,"Al Riyadh, North Jeddah, Jeddah"
"550,000",Apartment,2,3,170 Sq. M.,"Al Nwwariyah, Makkah"
"1,050,000",Apartment,7,6,304 Sq. M.,"Al Qumariyyah, Taif"
"720,000",Floor,4,3,132 Sq. M.,"Al Rahmanyah, North Jeddah, Jeddah"
"650,000",Villa,4,4,750 Sq. M.,"Amal District, Al Bukayriyah"
"660,000",Apartment,5,4,198 Sq. M.,"Al Rayaan, North Jeddah, Jeddah"
"600,000",Rest House,3,1,"10,331 Sq. M.","Al Nakhil, Al Bukayriyah"
"400,000",Villa,4,3,900 Sq. M.,Alshiyhiuh Al Qassim Region
"500,000",Villa,6,5,639 Sq. M.,"Al Quds, Alkhubara Wal Sahabeen"
"1,150,000",Villa,4,7,479 Sq. M.,"Ash Shamiya Al Jadid, Makkah"
"450,000",Rest House,5,3,702 Sq. M.,"Amal District, Al Bukayriyah"
"460,000",Apartment,3,3,168 Sq. M.,"Ash Shamiya Al Jadid, Makkah"
"1,300,000",Villa,5,3,660 Sq. M.,"Ar Rabwah, Al Bukayriyah"
"2,500,000",Villa,5,4,492 Sq. M.,"King Fahd, Makkah"
"680,000",Apartment,1,1,166 Sq. M.,"Mudhainib, Madina"
"1,000,000",Villa,7,5,268 Sq. M.,"Al Riyadh, North Jeddah, Jeddah"
"6,000,000",Villa,10,7,"1,936 Sq. M.","Ad Dahi Al Gharbi, Buraydah Al Qassim Region"
"1,400,000",Villa,7,5,300 Sq. M.,"Al Rahmanyah, North Jeddah, Jeddah"
"550,000",Rest House,2,3,533 Sq. M.,"Al-Basatin, Alkhubara Wal Sahabeen"
"580,000",Apartment,6,5,226 Sq. M.,"Al Dhurfah, Khamis Mushait"
"730,000",Apartment,1,1,162 Sq. M.,"Shuran, Madina"
"1,050,000",Villa,1,1,266 Sq. M.,"Al Shafiyah, Madina"
"915,000",Villa,1,1,400 Sq. M.,"Nubala, Madina"
"1,400,000",Floor,1,1,500 Sq. M.,"Abu Sidr, Madina"
"1,050,000",Villa,7,6,261 Sq. M.,"Al Riyadh, North Jeddah, Jeddah"
"500,000",Apartment,5,4,189 Sq. M.,"Al Nwwariyah, Makkah"
"1,150,000",Floor,1,1,392 Sq. M.,"Industrial, Madina"
"1,100,000",Villa,1,1,236 Sq. M.,"Nubala, Madina"
"680,000",Apartment,1,1,166 Sq. M.,"Mudhainib, Madina"
"730,000",Apartment,1,1,152 Sq. M.,"Shuran, Madina"
"890,000",Villa,1,1,287 Sq. M.,"Al Khadraa, Madina"
"2,550,000",Villa,1,1,350 Sq. M.,"Shuran, Madina"
"1,100,000",Villa,7,5,451 Sq. M.,"Al Noor District, Khamis Mushait"
"650,000",Apartment,3,3,128 Sq. M.,"Ash Shamiya Al Jadid, Makkah"
"900,000",Floor,1,1,197 Sq. M.,"Al Rimal, East Riyadh, Riyadh"
"1,350,000",Floor,1,1,257 Sq. M.,"Al Rimal, East Riyadh, Riyadh"
"780,000",Apartment,6,5,219 Sq. M.,"Batha Quraysh, Makkah"
"1,000,000",Floor,1,1,165 Sq. M.,"Al Janadriyah, East Riyadh, Riyadh"
"550,000",Apartment,6,4,201 Sq. M.,"Al Muhammadiyah 2, Jazan"
"690,000",Villa,4,5,199 Sq. M.,"An Nuzhah 1, Ahad Rafidah"
"680,000",Apartment,3,3,264 Sq. M.,"Al Rasras 2, Khamis Mushait"
"550,000",Apartment,4,3,212 Sq. M.,"Al Ghadir, Abha"
"900,000",Villa,7,6,300 Sq. M.,"Al Noor District, Khamis Mushait"
"630,000",Apartment,6,5,244 Sq. M.,"Al Zuhur, Abha"
"670,000",Apartment,6,5,216 Sq. M.,"Al Raqi, Khamis Mushait"
"550,000",Apartment,6,5,211 Sq. M.,"Al Sharaf, Khamis Mushait"
"490,000",Apartment,5,4,225 Sq. M.,"Al Zuhur, Abha"
"1,280,000",Villa,6,5,375 Sq. M.,"Al Dhurfah, Khamis Mushait"
"550,000",Apartment,6,4,211 Sq. M.,"Al yarmuk, Khamis Mushait"
"780,000",Villa,9,6,368 Sq. M.,"Al Raqi, Khamis Mushait"
"650,000",Apartment,1,1,111 Sq. M.,"Al Salamah, North Jeddah, Jeddah"
"1,150,000",Villa,5,4,439 Sq. M.,"Al Maealaa, Ahad Rafidah"
"830,000",Apartment,1,1,140 Sq. M.,"Al Salamah, North Jeddah, Jeddah"
"730,000",Apartment,1,1,130 Sq. M.,"Al Naim, North Jeddah, Jeddah"
"650,000",Apartment,6,5,366 Sq. M.,"Al Zuhur, Abha"
"550,000",Apartment,6,5,211 Sq. M.,"Al Dhurfah, Khamis Mushait"
"1,050,000",Villa,7,6,481 Sq. M.,"Al Noor District, Khamis Mushait"
"500,000",Apartment,5,4,171 Sq. M.,"Al Rabie, Khamis Mushait"
"1,400,000",Villa,9,5,275 Sq. M.,"Al Rimal, East Riyadh, Riyadh"
"580,000",Apartment,6,5,203 Sq. M.,"Al yarmuk, Khamis Mushait"
"830,000",Apartment,1,1,140 Sq. M.,"Al Salamah, North Jeddah, Jeddah"
"1,400,000",Villa,4,4,240 Sq. M.,"Dhahrat Laban, West Riyadh, Riyadh"
"800,000",Villa,8,7,437 Sq. M.,"Al Maealaa, Ahad Rafidah"
"750,000",Apartment,4,3,169 Sq. M.,"Batha Quraysh, Makkah"
"770,000",Apartment,5,4,257 Sq. M.,"Al Nwwariyah, Makkah"
"730,000",Floor,5,5,207 Sq. M.,"Al Nahdah, Ahad Rafidah"
"2,500,000",Villa,4,5,350 Sq. M.,"Al Rimal, East Riyadh, Riyadh"
"600,000",Apartment,3,3,93 Sq. M.,"Al Rimal, East Riyadh, Riyadh"
"600,000",Apartment,2,3,88 Sq. M.,"Al Rimal, East Riyadh, Riyadh"
"1,300,000",Villa,4,5,262 Sq. M.,"Al Yaqout, North Jeddah, Jeddah"
"1,250,000",Floor,6,4,236 Sq. M.,"Al Sawari, North Jeddah, Jeddah"
"650,000",Apartment,Studio,2,104 Sq. M.,"Tuwaiq, West Riyadh, Riyadh"
"650,000",Apartment,3,2,104 Sq. M.,"Tuwaiq, West Riyadh, Riyadh"
"680,000",Apartment,3,3,181 Sq. M.,"Tuwaiq, West Riyadh, Riyadh"
"650,000",Apartment,3,3,104 Sq. M.,"Tuwaiq, West Riyadh, Riyadh"
"6,000,000",Villa,7,6,635 Sq. M.,"Al Rimal, East Riyadh, Riyadh"
"3,600,000",Villa,4,4,250 Sq. M.,"Al Narjis, North Riyadh, Riyadh"
"5,500,000",Villa,5,5,704 Sq. M.,"Al Mahdiyah, West Riyadh, Riyadh"
"1,200,000",Villa,6,6,220 Sq. M.,"Al Salehiyah, North Jeddah, Jeddah"
"650,000",Apartment,3,4,176 Sq. M.,"Governmental1, Jeddah"
"875,000",Floor,5,4,199 Sq. M.,"Al Marwah, North Jeddah, Jeddah"
"460,000",Apartment,4,3,122 Sq. M.,"Al Rayaan, North Jeddah, Jeddah"
"970,000",Apartment,5,4,177 Sq. M.,"Al Zahraa, North Jeddah, Jeddah"
"350,000",Apartment,2,2,79 Sq. M.,"Al Kakiyyah, Makkah"
"5,300,000",Villa,5,5,400 Sq. M.,"Al Aqiq, North Riyadh, Riyadh"
"2,200,000",Apartment,3,5,242 Sq. M.,"Al Malqa, North Riyadh, Riyadh"
"1,050,000",Villa,5,6,237 Sq. M.,"Badr, South Riyadh, Riyadh"
"565,000",Apartment,4,3,134 Sq. M.,"Tuwaiq, West Riyadh, Riyadh"
"650,000",Apartment,2,4,"1,050 Sq. M.","Dhahrat Laban, West Riyadh, Riyadh"
"1,250,000",Villa,6,6,345 Sq. M.,"Al Marwa, South Riyadh, Riyadh"
"690,000",Apartment,5,3,"1,110 Sq. M.","Laban, West Riyadh, Riyadh"
"550,000",Apartment,5,2,898 Sq. M.,"Dhahrat Laban, West Riyadh, Riyadh"
"930,000",Villa,5,6,307 Sq. M.,"Al Shifa, South Riyadh, Riyadh"
"760,000",Floor,3,3,168 Sq. M.,"Badr, South Riyadh, Riyadh"
"900,000",Floor,3,3,189 Sq. M.,"Tuwaiq, West Riyadh, Riyadh"
"600,000",Floor,3,4,249 Sq. M.,"Badr, South Riyadh, Riyadh"
"900,000",Apartment,6,5,238 Sq. M.,"Al Suwaidi Al Gharabi, West Riyadh, Riyadh"
"1,100,000",Floor,5,4,240 Sq. M.,"Dahiat Namar, West Riyadh, Riyadh"
"750,000",Apartment,4,3,238 Sq. M.,"Al Suwaidi Al Gharabi, West Riyadh, Riyadh"
"1,200,000",Villa,6,5,400 Sq. M.,"Al Uraija Al Wusta, West Riyadh, Riyadh"
"565,000",Apartment,4,3,134 Sq. M.,"Tuwaiq, West Riyadh, Riyadh"
"570,000",Floor,3,2,165 Sq. M.,"Namar, West Riyadh, Riyadh"
"650,000",Apartment,2,2,901 Sq. M.,"Dhahrat Laban, West Riyadh, Riyadh"
"1,000,000",Villa,5,5,200 Sq. M.,"Al Suwaidi, West Riyadh, Riyadh"
"750,000",Apartment,3,3,238 Sq. M.,"Al Suwaidi Al Gharabi, West Riyadh, Riyadh"
"1,349,000",Apartment,3,3,803 Sq. M.,"Al Arid, North Riyadh, Riyadh"
"1,400,000",Villa,5,4,640 Sq. M.,"Al Jamiah, Al Muzahimiyah Riyadh Region"
"1,300,000",Apartment,3,3,113 Sq. M.,"Al Narjis, North Riyadh, Riyadh"
"2,187,500",Villa,9,7,875 Sq. M.,"Al Nasim Al Gharbi, East Riyadh, Riyadh"
"2,200,000",Villa,7,5,250 Sq. M.,"Al Rimal, East Riyadh, Riyadh"
"3,450,000",Villa,3,2,250 Sq. M.,"Al Narjis, North Riyadh, Riyadh"
"1,750,000",Floor,5,4,397 Sq. M.,"Al Narjis, North Riyadh, Riyadh"
"1,100,000",Apartment,4,2,102 Sq. M.,"Al Sahafah, North Riyadh, Riyadh"
"1,600,000",Apartment,5,4,226 Sq. M.,"Al Yasmin, North Riyadh, Riyadh"
"1,250,000",Villa,5,7,300 Sq. M.,"Tuwaiq, West Riyadh, Riyadh"
"650,000",Apartment,5,3,184 Sq. M.,"Tuwaiq, West Riyadh, Riyadh"
"2,900,000",Villa,3,3,300 Sq. M.,"Al Munsiyah, East Riyadh, Riyadh"
"1,300,000",Apartment,3,3,113 Sq. M.,"Al Narjis, North Riyadh, Riyadh"
"1,150,000",Floor,3,3,198 Sq. M.,"Tuwaiq, West Riyadh, Riyadh"
"5,800,000",Villa,8,7,625 Sq. M.,"Al Nafal, North Riyadh, Riyadh"
"2,500,000",Villa,4,3,420 Sq. M.,"Al Rimal, East Riyadh, Riyadh"
"475,000",Apartment,4,3,137 Sq. M.,"Badr, South Riyadh, Riyadh"
"1,500,000",Floor,4,5,630 Sq. M.,"Twaiq District, Al Muzahimiyah Riyadh Region"
"750,000",Floor,3,3,227 Sq. M.,"Al Janadriyah, East Riyadh, Riyadh"
"2,100,000",Villa,7,5,328 Sq. M.,"Al Rimal, East Riyadh, Riyadh"
"4,050,400",Rest House,4,3,"10,126 Sq. M.","Alsaahibuh Farms, Thadiq"
"1,150,000",Floor,3,3,198 Sq. M.,"Tuwaiq, West Riyadh, Riyadh"
"1,350,000",Villa,6,6,300 Sq. M.,"Al Rahmanyah, North Jeddah, Jeddah"
"700,000",Villa,6,4,450 Sq. M.,"Wadi Jalil, Taif"
"950,000",Apartment,5,3,194 Sq. M.,"Al Salamah, North Jeddah, Jeddah"
"2,000,000",Villa,4,4,250 Sq. M.,"King Khalid International Airport, North Riyadh, Riyadh"
"3,600,000",Villa,4,5,250 Sq. M.,"Al Narjis, North Riyadh, Riyadh"
"1,750,000",Floor,3,4,221 Sq. M.,"Al Narjis, North Riyadh, Riyadh"
"650,000",Floor,3,3,450 Sq. M.,"Al Safa, Unayzah"
"4,000,000",Villa,5,3,313 Sq. M.,"Al Malqa, North Riyadh, Riyadh"
"4,000,000",Villa,5,5,313 Sq. M.,"Al Malqa, North Riyadh, Riyadh"
"4,000,000",Villa,5,5,313 Sq. M.,"Al Malqa, North Riyadh, Riyadh"
"800,000",Apartment,3,3,155 Sq. M.,"Al Mahdiyah, West Riyadh, Riyadh"
"800,000",Apartment,4,2,135 Sq. M.,"Laban, West Riyadh, Riyadh"
"560,000",Apartment,3,3,172 Sq. M.,"Dirab, West Riyadh, Riyadh"
"700,000",Apartment,4,3,"1,050 Sq. M.","Dhahrat Laban, West Riyadh, Riyadh"
"2,300,000",Villa,5,4,390 Sq. M.,"Dhahrat Laban, West Riyadh, Riyadh"
"1,900,000",Villa,6,4,600 Sq. M.,"Al Janadriyah, East Riyadh, Riyadh"
"1,550,000",Villa,6,4,584 Sq. M.,"Dhahrat Laban, West Riyadh, Riyadh"
"1,000,000",Floor,5,3,315 Sq. M.,"Al Hazm, Afif"
"1,300,000",Apartment,3,3,124 Sq. M.,"Al Narjis, North Riyadh, Riyadh"
"2,000,000",Villa,4,7,300 Sq. M.,"Al Mahdiyah, West Riyadh, Riyadh"
"3,000,000",Villa,4,5,300 Sq. M.,"Sidra, Riyadh"
"1,450,000",Villa,7,4,240 Sq. M.,"Dahiat Namar, West Riyadh, Riyadh"
"800,000",Apartment,3,3,186 Sq. M.,"Dhahrat Laban, West Riyadh, Riyadh"
"7,000,000",Villa,8,6,561 Sq. M.,Jeddah
"1,030,000",Floor,3,3,150 Sq. M.,"Al Rimal, East Riyadh, Riyadh"
"1,030,000",Floor,4,3,150 Sq. M.,"Al Rimal, East Riyadh, Riyadh"
"1,390,000",Floor,3,3,155 Sq. M.,"Al Narjis, North Riyadh, Riyadh"
"1,900,000",Villa,6,5,350 Sq. M.,"Al Janadriyah, East Riyadh, Riyadh"
"670,000",Apartment,5,3,162 Sq. M.,"Al Nuzhah, North Jeddah, Jeddah"
"1,200,000",Floor,4,4,242 Sq. M.,"Al Qadisiyah, East Riyadh, Riyadh"
"3,000,000",Villa,5,6,300 Sq. M.,"Al Arid, North Riyadh, Riyadh"
"560,000",Apartment,3,3,199 Sq. M.,"Badr, South Riyadh, Riyadh"
"690,000",Apartment,3,4,153 Sq. M.,"Al Jameah District, South Jeddah, Jeddah"
"1,190,000",Villa,9,7,300 Sq. M.,"Al Rahmanyah, North Jeddah, Jeddah"
"300,000",Rest House,2,3,700 Sq. M.,"Industrial, Alkhubara Wal Sahabeen"
"550,000",Villa,6,5,588 Sq. M.,"Amal District, Al Bukayriyah"
"800,000",Villa,7,6,579 Sq. M.,"Amal District, Al Bukayriyah"
"860,000",Villa,7,6,480 Sq. M.,"Al Baida, Al Bukayriyah"
"580,000",Villa,6,5,500 Sq. M.,"Ar Rabwah, Al Bukayriyah"
"280,000",Villa,7,5,"1,111 Sq. M.",Al Fawwarah
"450,000",Villa,5,5,672 Sq. M.,"Al Qadisiyah, Al Bukayriyah"
"550,000",Villa,7,3,588 Sq. M.,"Amal District, Al Bukayriyah"
"800,000",Villa,7,3,579 Sq. M.,"Amal District, Al Bukayriyah"
"1,100,000",Floor,5,4,627 Sq. M.,"Tuwaiq, West Riyadh, Riyadh"
"850,000",Floor,3,4,221 Sq. M.,"Al Janadriyah, East Riyadh, Riyadh"
"690,000",Floor,3,4,176 Sq. M.,"Okaz, South Riyadh, Riyadh"
"1,900,000",Villa,7,6,300 Sq. M.,"Al Anahi, Madina"
"1,000,000",Villa,7,1,368 Sq. M.,"Al Suways 1, Jazan"
"1,200,000",Villa,4,3,381 Sq. M.,"Al Rawdah, Dammam"
"650,000",Apartment,7,6,160 Sq. M.,"Al Hamra, Al Khobar"
"970,000",Villa,5,4,310 Sq. M.,"Al jameen, Khamis Mushait"
"1,350,000",Villa,5,4,339 Sq. M.,"Al Salehiyah, North Jeddah, Jeddah"
"1,050,000",Villa,6,5,367 Sq. M.,"Ar Rehab 3, Jazan"
"850,000",Apartment,6,5,208 Sq. M.,"Al Fayhaa, North Jeddah, Jeddah"
"1,050,000",Villa,5,4,352 Sq. M.,"Alolaya, Al Hofuf Eastern Region"
"700,000",Floor,7,6,196 Sq. M.,"Tuwaiq, West Riyadh, Riyadh"
"530,000",Apartment,3,3,202 Sq. M.,"Al Muhammadiyah 1, Jazan"
"750,000",Apartment,7,5,226 Sq. M.,"King Fahd Suburb, Dammam"
"1,050,000",Villa,7,5,372 Sq. M.,"King Fahd, Abu Arish"
"1,550,000",Villa,7,6,450 Sq. M.,"Al Muhammadiyah 2, Jazan"
"1,150,000",Villa,7,6,250 Sq. M.,"Al Jameyeen, Al Hofuf Eastern Region"
"630,000",Apartment,7,6,218 Sq. M.,"Al Badei, Abha"
"1,300,000",Floor,7,3,247 Sq. M.,"Dahiat Namar, West Riyadh, Riyadh"
"1,160,000",Floor,7,6,145 Sq. M.,"Al Munsiyah, East Riyadh, Riyadh"
"700,000",Floor,7,6,258 Sq. M.,"Al Shati, Jazan"
"1,200,000",Villa,5,5,292 Sq. M.,"Al Thalalah, Khamis Mushait"
"560,000",Apartment,7,5,222 Sq. M.,"Al Badei, Abha"
"750,000",Apartment,4,3,140 Sq. M.,"Al Waha, North Jeddah, Jeddah"
"2,300,000",Villa,5,5,468 Sq. M.,"Qurtoba, Al Khobar"
"800,000",Floor,1,1,300 Sq. M.,"Industrial, Madina"
"1,300,000",Villa,7,5,409 Sq. M.,"Al Rahmanyah, North Jeddah, Jeddah"
"1,350,000",Villa,4,2,478 Sq. M.,"Ar Rabwah, Al Bukayriyah"
"1,250,000",Villa,8,7,240 Sq. M.,"Taiba District, North Jeddah, Jeddah"
"1,450,000",Villa,8,7,330 Sq. M.,"Al Wafa Scheme, North Jeddah, Jeddah"
"1,050,000",Villa,7,6,200 Sq. M.,"Al Salehiyah, North Jeddah, Jeddah"
"1,050,000",Villa,7,6,200 Sq. M.,"Al Salehiyah, North Jeddah, Jeddah"
"400,000",Villa,3,2,630 Sq. M.,"Ar Rabwah, Al Bukayriyah"
"450,000",Rest House,5,3,"142,709 Sq. M.","Al Majd, Al Bukayriyah"
"900,000",Villa,6,5,360 Sq. M.,"Amal District, Al Bukayriyah"
"850,000",Villa,5,4,310 Sq. M.,"Al Wafa Scheme, North Jeddah, Jeddah"
"1,000,000",Villa,6,5,600 Sq. M.,"Al Qadisiyah, Al Bukayriyah"
"1,250,000",Villa,6,5,443 Sq. M.,"Ash Shamiya Al Jadid, Makkah"
"850,000",Villa,6,5,506 Sq. M.,"Amal District, Al Bukayriyah"
"970,000",Villa,5,4,312 Sq. M.,"Al Riyadh, North Jeddah, Jeddah"
"620,000",Apartment,5,4,174 Sq. M.,Jeddah
"950,000",Villa,3,3,323 Sq. M.,"Ash Shamiya Al Jadid, Makkah"
"1,750,000",Villa,4,3,453 Sq. M.,"As safwa, Jeddah"
"1,200,000",Villa,7,6,312 Sq. M.,"Al Riyadh, North Jeddah, Jeddah"
"1,270,000",Villa,4,4,297 Sq. M.,"Al Riyadh, North Jeddah, Jeddah"
"650,000",Apartment,6,5,170 Sq. M.,"Al Rayaan, North Jeddah, Jeddah"
"725,000",Apartment,5,4,171 Sq. M.,"Al Rayaan, North Jeddah, Jeddah"
"1,400,000",Villa,4,4,312 Sq. M.,"Al Bashaer, North Jeddah, Jeddah"
"690,000",Villa,5,4,233 Sq. M.,"Dhahban Al Sharqi, Khamis Mushait"
"2,500,000",Rest House,4,3,487 Sq. M.,"Al Kair District, North Riyadh, Riyadh"
"900,000",Villa,6,5,357 Sq. M.,"Al Zuhur, Abha"
"950,000",Villa,5,4,349 Sq. M.,"Ash Shamiya Al Jadid, Makkah"
"1,800,000",Villa,5,3,400 Sq. M.,"Al Iskan, Madina"
"2,000,000",Villa,11,7,469 Sq. M.,"Al Zahrah, Madina"
"1,600,000",Rest House,1,1,"1,154 Sq. M.","Al Sad, Madina"
"2,000,000",Villa,8,5,800 Sq. M.,"Al Sad, Madina"
"1,000,000",Villa,5,4,189 Sq. M.,"Al Gharra, Madina"
"1,200,000",Rest House,2,1,875 Sq. M.,"Warqan, Madina"
"620,000",Apartment,1,1,111 Sq. M.,"Al Naim, North Jeddah, Jeddah"
"780,000",Apartment,4,3,136 Sq. M.,"Al Rawdah, North Jeddah, Jeddah"
"950,000",Villa,5,3,550 Sq. M.,"Ramat, Al Badayea Al Qassim Region"
"260,000",Apartment,3,2,138 Sq. M.,"Al Muntazah, Al Badayea Al Qassim Region"
"155,000",Rest House,1,1,368 Sq. M.,"Al Asfar, Al Badayea Al Qassim Region"
"570,000",Villa,4,4,500 Sq. M.,"Ramat, Al Badayea Al Qassim Region"
"660,000",Apartment,6,5,306 Sq. M.,"Al Noor District, Khamis Mushait"
"870,000",Apartment,5,4,224 Sq. M.,"Al Marwah, North Jeddah, Jeddah"
"600,000",Apartment,7,6,209 Sq. M.,"Al Shati, Jazan"
"1,050,000",Villa,7,6,380 Sq. M.,"Ar Rabie, Sabya Jazan Region"
"520,000",Apartment,3,3,190 Sq. M.,"Al Muhammadiyah 1, Jazan"
"650,000",Floor,5,4,221 Sq. M.,"Al Suways 2, Jazan"
"480,000",Apartment,3,3,207 Sq. M.,"Al Aziziyah, Al Jubail"
"370,000",Apartment,3,3,197 Sq. M.,"Sharqia, Abha"
"570,000",Apartment,3,3,259 Sq. M.,"Al Aqiq, Abha"
"1,200,000",Villa,8,5,375 Sq. M.,"Kittanah, Madina"
"800,000",Floor,5,4,276 Sq. M.,"Al Rimal, East Riyadh, Riyadh"
"800,000",Floor,5,3,236 Sq. M.,"Al Rimal, East Riyadh, Riyadh"
"700,000",Floor,5,4,170 Sq. M.,"Al Janadriyah, East Riyadh, Riyadh"
"850,000",Floor,5,4,210 Sq. M.,"Al Janadriyah, East Riyadh, Riyadh"
"2,250,000",Villa,7,6,300 Sq. M.,"Al Rimal, East Riyadh, Riyadh"
"2,400,000",Villa,7,6,450 Sq. M.,"Al Rimal, East Riyadh, Riyadh"
"600,000",Apartment,4,4,233 Sq. M.,"Al Rimal, East Riyadh, Riyadh"
"980,000",Floor,5,4,236 Sq. M.,"Al Rimal, East Riyadh, Riyadh"
"750,000",Apartment,4,3,130 Sq. M.,"Al Maizilah, East Riyadh, Riyadh"
"1,700,000",Villa,7,6,225 Sq. M.,"Al Rimal, East Riyadh, Riyadh"
"1,500,000",Floor,6,4,202 Sq. M.,"Al Rimal, East Riyadh, Riyadh"
"750,000",Floor,5,4,147 Sq. M.,"Al Bayan Neighborhood, East Riyadh, Riyadh"
"900,000",Floor,5,4,210 Sq. M.,"Al Rimal, East Riyadh, Riyadh"
"980,000",Floor,5,4,227 Sq. M.,"Al Janadriyah, East Riyadh, Riyadh"
"820,000",Apartment,4,3,"1,800 Sq. M.","Al Mahdiyah, West Riyadh, Riyadh"
"820,000",Apartment,4,3,"1,800 Sq. M.","Al Mahdiyah, West Riyadh, Riyadh"
"1,050,000",Apartment,5,3,174 Sq. M.,"Al Mahdiyah, West Riyadh, Riyadh"
"785,000",Apartment,4,3,130 Sq. M.,"Al Mahdiyah, West Riyadh, Riyadh"
"650,000",Villa,3,3,241 Sq. M.,"Badr, South Riyadh, Riyadh"
"1,350,000",Villa,5,5,200 Sq. M.,"Tuwaiq, West Riyadh, Riyadh"
"1,400,000",Villa,6,5,320 Sq. M.,"Tuwaiq, West Riyadh, Riyadh"
"650,000",Villa,5,3,242 Sq. M.,"Badr, South Riyadh, Riyadh"
"850,000",Apartment,5,1,186 Sq. M.,"Tuwaiq, West Riyadh, Riyadh"
"490,000",Apartment,3,3,157 Sq. M.,"Al Matar Al Qadim, Buraydah Al Qassim Region"
"750,000",Villa,5,7,250 Sq. M.,"Al Basatin Al Sharqi, Buraydah Al Qassim Region"
"530,000",Apartment,5,5,213 Sq. M.,"Al Mansurah, Buraydah Al Qassim Region"
"800,000",Floor,3,3,217 Sq. M.,"Dahiat Namar, West Riyadh, Riyadh"
"1,400,000",Villa,3,2,198 Sq. M.,"Okaz, South Riyadh, Riyadh"
"780,000",Floor,5,4,209 Sq. M.,"Badr, South Riyadh, Riyadh"
"1,100,000",Floor,5,3,627 Sq. M.,"Tuwaiq, West Riyadh, Riyadh"
"700,000",Floor,5,4,209 Sq. M.,"Badr, South Riyadh, Riyadh"
"800,000",Floor,5,4,217 Sq. M.,"Dahiat Namar, West Riyadh, Riyadh"
"650,000",Floor,5,4,209 Sq. M.,"Badr, South Riyadh, Riyadh"
"1,100,000",Floor,5,4,627 Sq. M.,"Tuwaiq, West Riyadh, Riyadh"
"740,000",Floor,5,4,200 Sq. M.,"Badr, South Riyadh, Riyadh"
"740,000",Floor,5,4,200 Sq. M.,"Badr, South Riyadh, Riyadh"
"1,200,000",Villa,5,3,301 Sq. M.,"Badr, South Riyadh, Riyadh"
"800,000",Floor,3,4,217 Sq. M.,"Dahiat Namar, West Riyadh, Riyadh"
"850,000",Floor,5,4,160 Sq. M.,"Okaz, South Riyadh, Riyadh"
"700,000",Floor,5,4,159 Sq. M.,"Okaz, South Riyadh, Riyadh"
"650,000",Floor,3,4,209 Sq. M.,"Badr, South Riyadh, Riyadh"
"1,100,000",Floor,5,4,627 Sq. M.,"Tuwaiq, West Riyadh, Riyadh"
"1,550,000",Villa,4,3,200 Sq. M.,"Tuwaiq, West Riyadh, Riyadh"
"930,000",Floor,3,2,198 Sq. M.,"Sultanah, West Riyadh, Riyadh"
"3,400,000",Villa,4,4,270 Sq. M.,"Al Narjis, North Riyadh, Riyadh"
"1,400,000",Villa,5,4,200 Sq. M.,"Al Lulu, North Jeddah, Jeddah"
"2,500,000",Villa,6,5,400 Sq. M.,"Al Lulu, North Jeddah, Jeddah"
"1,500,000",Villa,5,5,262 Sq. M.,"Al Yaqout, North Jeddah, Jeddah"
"1,750,000",Villa,5,5,312 Sq. M.,"Al Zumorrud, North Jeddah, Jeddah"
"1,850,000",Villa,3,3,312 Sq. M.,"Al Sawari, North Jeddah, Jeddah"
"1,190,000",Villa,6,3,200 Sq. M.,"Madinat Al Bohairat, North Jeddah, Jeddah"
"300,000",Apartment,3,2,67 Sq. M.,"Al Rayaan, North Jeddah, Jeddah"
"1,550,000",Villa,5,5,262 Sq. M.,"Al Yaqout, North Jeddah, Jeddah"
"550,000",Apartment,7,3,213 Sq. M.,"Al Raqi, Khamis Mushait"
"1,070,000",Villa,6,4,200 Sq. M.,"Al Salehiyah, North Jeddah, Jeddah"
"4,000,000",Villa,5,4,400 Sq. M.,"Al Mahdiyah, West Riyadh, Riyadh"
"1,200,000",Apartment,3,2,140 Sq. M.,"Al Izdihar, East Riyadh, Riyadh"
"750,000",Apartment,5,3,136 Sq. M.,"Al Naim, North Jeddah, Jeddah"
"670,000",Apartment,5,3,210 Sq. M.,"Ash Shamiya Al Jadid, Makkah"
"1,600,000",Villa,6,6,200 Sq. M.,"Al Mahdiyah, West Riyadh, Riyadh"
"850,000",Apartment,5,4,900 Sq. M.,"Dhahrat Laban, West Riyadh, Riyadh"
"1,700,000",Villa,5,6,328 Sq. M.,"Dhahrat Laban, West Riyadh, Riyadh"
"1,700,000",Villa,5,5,407 Sq. M.,"Dhahrat Laban, West Riyadh, Riyadh"
"900,000",Floor,4,5,110 Sq. M.,"Tuwaiq, West Riyadh, Riyadh"
"1,300,000",Villa,4,3,322 Sq. M.,"Tuwaiq, West Riyadh, Riyadh"
"810,000",Villa,5,4,153 Sq. M.,"Tuwaiq, West Riyadh, Riyadh"
"500,000",Apartment,5,3,180 Sq. M.,"Al Sikkah Al Hadid, Madina"
"1,300,000",Villa,3,4,232 Sq. M.,"Nubala, Madina"
"1,800,000",Villa,5,5,360 Sq. M.,Madina
"2,100,000",Villa,6,5,613 Sq. M.,"Al Salam, Madina"
"1,350,000",Villa,6,5,337 Sq. M.,"Al Ranuna, Madina"
"500,000",Apartment,4,3,135 Sq. M.,"Al Dhahirah, Madina"
"950,000",Villa,5,4,550 Sq. M.,"Al Khadraa, Madina"
"1,300,000",Floor,6,5,375 Sq. M.,"Al Anahi, Madina"
"700,000",Floor,6,5,371 Sq. M.,"Wadi Al Battan, Madina"
"830,000",Apartment,5,5,175 Sq. M.,"Ayn Al Khif, Madina"
"500,000",Apartment,4,3,172 Sq. M.,"Mudhainib, Madina"
"1,250,000",Rest House,5,4,400 Sq. M.,"Al Rummanah, Madina"
"750,000",Apartment,4,3,137 Sq. M.,"Al Mahdiyah, West Riyadh, Riyadh"
"2,400,000",Villa,6,5,592 Sq. M.,"Al Mahdiyah, West Riyadh, Riyadh"
"3,300,000",Villa,7,5,360 Sq. M.,"Al Mahdiyah, West Riyadh, Riyadh"
"2,400,000",Villa,6,5,592 Sq. M.,"Al Mahdiyah, West Riyadh, Riyadh"
"2,400,000",Villa,6,5,200 Sq. M.,"Al Mahdiyah, West Riyadh, Riyadh"
"3,000,000",Villa,7,5,309 Sq. M.,"Al Mahdiyah, West Riyadh, Riyadh"
"1,800,000",Villa,7,7,450 Sq. M.,"Dhahrat Laban, West Riyadh, Riyadh"
"900,000",Apartment,3,3,127 Sq. M.,"Al Mahdiyah, West Riyadh, Riyadh"
"2,900,000",Villa,6,5,494 Sq. M.,"Al Mahdiyah, West Riyadh, Riyadh"
"850,000",Apartment,3,3,100 Sq. M.,"Al Mahdiyah, West Riyadh, Riyadh"
"3,300,000",Villa,7,5,360 Sq. M.,"Al Mahdiyah, West Riyadh, Riyadh"
"3,300,000",Villa,7,6,360 Sq. M.,"Al Mahdiyah, West Riyadh, Riyadh"
"850,000",Apartment,3,3,125 Sq. M.,"Al Mahdiyah, West Riyadh, Riyadh"
"2,400,000",Villa,6,5,592 Sq. M.,"Al Mahdiyah, West Riyadh, Riyadh"
"2,400,000",Villa,6,5,200 Sq. M.,"Al Mahdiyah, West Riyadh, Riyadh"
"3,300,000",Villa,7,5,360 Sq. M.,"Al Mahdiyah, West Riyadh, Riyadh"
"2,400,000",Villa,5,5,200 Sq. M.,"Al Mahdiyah, West Riyadh, Riyadh"
"2,400,000",Villa,6,5,200 Sq. M.,"Al Mahdiyah, West Riyadh, Riyadh"
"850,000",Apartment,3,2,125 Sq. M.,"Al Mahdiyah, West Riyadh, Riyadh"
"4,200,000",Villa,7,6,457 Sq. M.,"Al Mahdiyah, West Riyadh, Riyadh"
"2,600,000",Villa,7,6,550 Sq. M.,"Al Mahdiyah, West Riyadh, Riyadh"
"850,000",Apartment,3,3,125 Sq. M.,"Al Mahdiyah, West Riyadh, Riyadh"
"2,400,000",Villa,6,5,592 Sq. M.,"Al Mahdiyah, West Riyadh, Riyadh"
"3,150,000",Villa,7,6,300 Sq. M.,"Al Mahdiyah, West Riyadh, Riyadh"
"4,200,000",Villa,7,6,457 Sq. M.,"Al Mahdiyah, West Riyadh, Riyadh"
"2,400,000",Villa,6,5,592 Sq. M.,"Al Mahdiyah, West Riyadh, Riyadh"
"850,000",Apartment,3,2,125 Sq. M.,"Al Mahdiyah, West Riyadh, Riyadh"
"3,000,000",Villa,7,6,308 Sq. M.,"Al Mahdiyah, West Riyadh, Riyadh"
"1,800,000",Villa,5,4,423 Sq. M.,"Al Mahdiyah, West Riyadh, Riyadh"
"3,150,000",Villa,7,6,300 Sq. M.,"Al Mahdiyah, West Riyadh, Riyadh"
"4,200,000",Villa,6,5,457 Sq. M.,"Al Mahdiyah, West Riyadh, Riyadh"
"850,000",Apartment,3,2,125 Sq. M.,"Al Mahdiyah, West Riyadh, Riyadh"
"3,000,000",Villa,7,6,308 Sq. M.,"Al Mahdiyah, West Riyadh, Riyadh"
"2,400,000",Villa,6,5,592 Sq. M.,"Al Mahdiyah, West Riyadh, Riyadh"
"1,750,000",Villa,6,5,220 Sq. M.,"Al Mahdiyah, West Riyadh, Riyadh"
"3,900,000",Villa,8,5,470 Sq. M.,"Al Mahdiyah, West Riyadh, Riyadh"
"3,150,000",Villa,7,5,300 Sq. M.,"Al Mahdiyah, West Riyadh, Riyadh"
"3,150,000",Villa,7,5,300 Sq. M.,"Al Mahdiyah, West Riyadh, Riyadh"
"4,200,000",Villa,7,5,457 Sq. M.,"Al Mahdiyah, West Riyadh, Riyadh"
"2,400,000",Villa,6,5,592 Sq. M.,"Al Mahdiyah, West Riyadh, Riyadh"
"2,000,000",Villa,5,5,400 Sq. M.,"Al Mahdiyah, West Riyadh, Riyadh"
"1,950,000",Villa,5,5,400 Sq. M.,"Al Mahdiyah, West Riyadh, Riyadh"
"2,000,000",Villa,4,5,400 Sq. M.,"Al Mahdiyah, West Riyadh, Riyadh"
"2,000,000",Villa,4,3,400 Sq. M.,"Al Mahdiyah, West Riyadh, Riyadh"
"1,950,000",Villa,5,7,260 Sq. M.,"Al Mahdiyah, West Riyadh, Riyadh"
"2,700,000",Villa,6,5,250 Sq. M.,"Al Mahdiyah, West Riyadh, Riyadh"
"3,000,000",Villa,5,4,400 Sq. M.,"Al Mahdiyah, West Riyadh, Riyadh"
"2,150,000",Villa,5,4,400 Sq. M.,"Al Mahdiyah, West Riyadh, Riyadh"
"1,850,000",Villa,5,5,400 Sq. M.,"Al Mahdiyah, West Riyadh, Riyadh"
"3,200,000",Villa,5,5,400 Sq. M.,"Al Mahdiyah, West Riyadh, Riyadh"
"3,000,000",Villa,5,5,400 Sq. M.,"Al Mahdiyah, West Riyadh, Riyadh"
"7,500,000",Villa,5,5,400 Sq. M.,"Al Mahdiyah, West Riyadh, Riyadh"
"1,950,000",Villa,3,3,260 Sq. M.,"Al Mahdiyah, West Riyadh, Riyadh"
"1,850,000",Villa,3,3,138 Sq. M.,"Al Mahdiyah, West Riyadh, Riyadh"
"1,250,000",Villa,7,3,275 Sq. M.,"Tuwaiq, West Riyadh, Riyadh"
"700,000",Apartment,3,2,134 Sq. M.,"Dhahrat Laban, West Riyadh, Riyadh"
"550,000",Apartment,4,3,176 Sq. M.,"Badr, South Riyadh, Riyadh"
"3,500,000",Villa,4,3,300 Sq. M.,"Al Mahdiyah, West Riyadh, Riyadh"
"520,000",Apartment,7,6,142 Sq. M.,"Al Hamra, Al Khobar"
"680,000",Floor,7,6,688 Sq. M.,Alkhubara Wal Sahabeen
"1,200,000",Villa,5,5,640 Sq. M.,"Allaqitah, Hail"
"890,000",Apartment,3,4,190 Sq. M.,"Al Mazruiyah, Dammam"
"750,000",Apartment,4,3,115 Sq. M.,"Dhahrat Laban, West Riyadh, Riyadh"
"1,600,000",Apartment,1,2,88 Sq. M.,"Al Sahafah, North Riyadh, Riyadh"
"750,000",Apartment,2,2,129 Sq. M.,"Dhahrat Laban, West Riyadh, Riyadh"
"1,250,000",Villa,7,6,300 Sq. M.,"Badr, South Riyadh, Riyadh"
"2,000,000",Villa,10,7,625 Sq. M.,"Al Uraija Al Wusta, West Riyadh, Riyadh"
"2,600,000",Villa,11,5,420 Sq. M.,"Okaz, South Riyadh, Riyadh"
"3,900,000",Villa,9,6,375 Sq. M.,"Al Narjis, North Riyadh, Riyadh"
"560,000",Apartment,3,3,"2,300 Sq. M.","Al Rehab, North Jeddah, Jeddah"
"550,000",Apartment,4,3,128 Sq. M.,"Al Zahrah, West Riyadh, Riyadh"
"2,500,000",Villa,6,5,663 Sq. M.,"Al Samer, North Jeddah, Jeddah"
"400,000",Apartment,2,2,146 Sq. M.,"Batha Quraysh, Makkah"
"670,000",Apartment,5,4,195 Sq. M.,"Al Rawabi, South Jeddah, Jeddah"
"520,000",Apartment,4,3,194 Sq. M.,"Okaz, South Riyadh, Riyadh"
"400,000",Rest House,2,4,667 Sq. M.,"Ar Rabwah, Al Bukayriyah"
"600,000",Villa,4,5,448 Sq. M.,"Al Khalij, Al Bukayriyah"
"1,000,000",Rest House,6,5,"9,947 Sq. M.","Al Nakhil, Al Bukayriyah"
"480,000",Villa,3,5,312 Sq. M.,"Al Baida, Al Bukayriyah"
"5,000,000",Villa,2,2,690 Sq. M.,"Al Rawabi, East Riyadh, Riyadh"
"520,000",Apartment,6,5,195 Sq. M.,"King Fahd Suburb, Dammam"
"1,550,000",Villa,5,6,345 Sq. M.,"Ash Shifa, Al Khobar"
"5,000,000",Villa,5,6,620 Sq. M.,"King Fahd, North Riyadh, Riyadh"
"2,500,000",Villa,5,5,504 Sq. M.,"Al Munsiyah, East Riyadh, Riyadh"
"620,000",Apartment,3,3,111 Sq. M.,"Al Naim, North Jeddah, Jeddah"
"750,000",Apartment,5,3,136 Sq. M.,"Al Naim, North Jeddah, Jeddah"
"450,000",Apartment,4,3,129 Sq. M.,"As Salamah, Makkah"
"720,000",Floor,5,4,176 Sq. M.,"Tuwaiq, West Riyadh, Riyadh"
"450,000",Apartment,3,3,177 Sq. M.,"Badr, South Riyadh, Riyadh"
"880,000",Villa,5,5,432 Sq. M.,"Al Manar, Dammam"
"780,000",Apartment,5,3,176 Sq. M.,"Al Salamah, North Jeddah, Jeddah"
"820,000",Apartment,5,3,165 Sq. M.,"Al Salamah, North Jeddah, Jeddah"
"680,000",Apartment,5,3,136 Sq. M.,"Al Salamah, North Jeddah, Jeddah"
"590,000",Apartment,3,3,111 Sq. M.,"Al Salamah, North Jeddah, Jeddah"
"690,000",Apartment,4,3,177 Sq. M.,"Badr, South Riyadh, Riyadh"
"550,000",Apartment,5,4,128 Sq. M.,"Al Zahrah, West Riyadh, Riyadh"
"550,000",Apartment,3,2,127 Sq. M.,"Dhahrat Laban, West Riyadh, Riyadh"
"1,100,000",Villa,5,4,312 Sq. M.,"Al Sawari, Al Khobar"
"430,000",Apartment,4,3,99 Sq. M.,"Al Faisaliyah, Central Jeddah, Jeddah"
"680,000",Apartment,5,3,136 Sq. M.,"Al Salamah, North Jeddah, Jeddah"
"1,500,000",Villa,4,4,367 Sq. M.,"King Fahd Suburb, Dammam"
"7,000,000",Villa,10,10,750 Sq. M.,"Irqah, West Riyadh, Riyadh"
"270,000",Apartment,3,3,125 Sq. M.,"Al Nur, Dammam"
"1,300,000",Floor,5,3,127 Sq. M.,"Al Arid, North Riyadh, Riyadh"
"6,200,000",Villa,1,1,750 Sq. M.,"Al Nahdah, North Jeddah, Jeddah"
"560,000",Apartment,4,4,141 Sq. M.,"Al Hamra, Al Khobar"
"930,000",Apartment,5,4,680 Sq. M.,"Al Zahraa, North Jeddah, Jeddah"
"1,150,000",Apartment,3,3,140 Sq. M.,"Al Rayyan, East Riyadh, Riyadh"
"2,500,000",Villa,11,8,500 Sq. M.,"Al Faruq, Central Riyadh, Riyadh"
"1,400,000",Floor,3,3,155 Sq. M.,"Al Narjis, North Riyadh, Riyadh"
"7,000,000",Rest House,10,5,"17,000 Sq. M.",Aljawi Riyadh Region
"1,700,000",Villa,8,7,375 Sq. M.,"Al Salehiyah, North Jeddah, Jeddah"
"950,000",Floor,3,4,312 Sq. M.,"Al Rimal, East Riyadh, Riyadh"
"1,700,000",Villa,5,7,360 Sq. M.,"Namar, West Riyadh, Riyadh"
"7,000,000",Villa,11,7,586 Sq. M.,"Al Narjis, North Riyadh, Riyadh"
"1,800,000",Apartment,4,3,181 Sq. M.,"Al Narjis, North Riyadh, Riyadh"
"700,000",Floor,5,2,400 Sq. M.,"Ar Rayaan, Afif"
"3,700,000",Villa,6,6,324 Sq. M.,"Al Munsiyah, East Riyadh, Riyadh"
"2,500,000",Villa,9,6,535 Sq. M.,"Al Nahdah, East Riyadh, Riyadh"
"2,000,000",Villa,8,10,462 Sq. M.,"Al Sawari, North Jeddah, Jeddah"
"790,000",Villa,5,3,300 Sq. M.,"Al Yarmuk, Al Kharj Riyadh Region"
"500,000",Apartment,3,2,185 Sq. M.,"King Fahd Suburb, Dammam"
"850,000",Apartment,3,3,255 Sq. M.,"Prince Abdulmajeed, South Jeddah, Jeddah"
"1,250,000",Villa,6,7,300 Sq. M.,"Al Amanah, Dammam"
"540,000",Apartment,4,3,131 Sq. M.,"Al Marwah, North Jeddah, Jeddah"
"1,600,000",Villa,6,6,600 Sq. M.,"As Sulaymaniyah Third, Al Ahsa"
"700,000",Apartment,5,4,165 Sq. M.,"Al Nuzhah, North Jeddah, Jeddah"
"1,900,000",Villa,10,6,276 Sq. M.,"Al Maizilah, East Riyadh, Riyadh"
"900,000",Villa,3,3,500 Sq. M.,"Dhahrat Laban, West Riyadh, Riyadh"
"770,000",Apartment,4,3,127 Sq. M.,"Al Rawdah, North Jeddah, Jeddah"
"250,000",Apartment,2,2,706 Sq. M.,"Al Mraikh, North Jeddah, Jeddah"
"490,000",Apartment,5,3,121 Sq. M.,"Shihar, Taif"
"3,000,000",Villa,9,6,619 Sq. M.,"Dhu Al Hulayfah, Madina"
"690,000",Apartment,3,4,182 Sq. M.,"Dhahrat Laban, West Riyadh, Riyadh"
"1,500,000",Floor,3,4,141 Sq. M.,"Al Munsiyah, East Riyadh, Riyadh"
"1,600,000",Floor,4,5,292 Sq. M.,"Al Rimal, East Riyadh, Riyadh"
"1,450,000",Floor,4,4,141 Sq. M.,"Al Munsiyah, East Riyadh, Riyadh"
"2,500,000",Villa,5,6,250 Sq. M.,"King Faisal, East Riyadh, Riyadh"
"780,000",Apartment,4,3,124 Sq. M.,"Al Rawdah, North Jeddah, Jeddah"
"3,400",Rest House,1,1,525 Sq. M.,"Al Bayan Neighborhood, East Riyadh, Riyadh"
"1,540,000",Apartment,3,3,157 Sq. M.,"Al Malqa, North Riyadh, Riyadh"
"750,000",Apartment,4,3,114 Sq. M.,"Al Rawdah, North Jeddah, Jeddah"
"660,000",Floor,6,4,282 Sq. M.,"Asharai, Makkah"
"3,829,000",Villa,4,8,480 Sq. M.,"King Fahd, North Riyadh, Riyadh"
"2,300,000",Villa,4,3,276 Sq. M.,"Al Maizilah, East Riyadh, Riyadh"
"650,000",Apartment,4,3,203 Sq. M.,"Al Firdaws, Dammam"
"600,000",Apartment,3,3,124 Sq. M.,"Al Nadwa District, East Riyadh, Riyadh"
"700,000",Floor,3,3,147 Sq. M.,"Al Nadwa District, East Riyadh, Riyadh"
"1,200,000",Floor,3,3,205 Sq. M.,"Al Rimal, East Riyadh, Riyadh"
"880,000",Floor,3,4,145 Sq. M.,"Al Saadah, East Riyadh, Riyadh"
"1,300,000",Apartment,2,2,141 Sq. M.,"King Faisal, East Riyadh, Riyadh"
"1,500,000",Apartment,3,4,131 Sq. M.,"Al Malqa, North Riyadh, Riyadh"
"1,500,000",Rest House,2,2,449 Sq. M.,"Namar, West Riyadh, Riyadh"
"1,700,000",Villa,6,7,310 Sq. M.,"Al Mansourah District, Central Riyadh, Riyadh"
"600,000",Apartment,5,3,163 Sq. M.,"Al Buhayrat, Makkah"
"4,100,000",Villa,7,8,360 Sq. M.,"Al Yasmin, North Riyadh, Riyadh"
"580,000",Apartment,5,3,163 Sq. M.,"Al Mraikh, North Jeddah, Jeddah"
"4,500,000",Rest House,2,1,"3,000 Sq. M.",Mukhtat Rest Houses Al Omariyah
"1,450,000",Villa,7,5,276 Sq. M.,"Al Bayan Neighborhood, East Riyadh, Riyadh"
"720,000",Floor,3,4,501 Sq. M.,"Al Quds, Taif"
"750,000",Apartment,5,4,191 Sq. M.,"Al Difa, Madina"
"4,200,000",Villa,5,5,300 Sq. M.,"Al Narjis, North Riyadh, Riyadh"
"2,400,000",Villa,4,4,390 Sq. M.,"Al Sadafah, Dammam"
"1,400,000",Villa,6,3,300 Sq. M.,"Tuwaiq, West Riyadh, Riyadh"
"950,000",Apartment,4,3,157 Sq. M.,"Al Rawdah, North Jeddah, Jeddah"
"850,000",Villa,9,6,404 Sq. M.,"Ar Rehab, Taif"
"930,000",Apartment,5,4,680 Sq. M.,"Al Zahraa, North Jeddah, Jeddah"
"780,000",Villa,8,6,334 Sq. M.,"Rahba District, Taif"
"11,000,000",Villa,6,4,900 Sq. M.,"Al Malqa, North Riyadh, Riyadh"
"2,500,000",Apartment,3,3,"1,050 Sq. M.","Hittin, North Riyadh, Riyadh"
"2,000,000",Villa,1,3,420 Sq. M.,"Al Kair District, North Riyadh, Riyadh"
"2,500,000",Villa,5,5,320 Sq. M.,"Qurtoba, Al Khobar"
"450,000",Apartment,5,4,136 Sq. M.,"Al Mraikh, North Jeddah, Jeddah"
"2,000,000",Rest House,1,3,420 Sq. M.,"Al Kair District, North Riyadh, Riyadh"
"830,000",Apartment,4,3,140 Sq. M.,"Al Salamah, North Jeddah, Jeddah"
"650,000",Apartment,6,4,201 Sq. M.,"Ash Shamiya Al Jadid, Makkah"
"700,000",Floor,4,3,177 Sq. M.,"Badr, South Riyadh, Riyadh"
"800,000",Apartment,4,3,139 Sq. M.,"Al Rawdah, North Jeddah, Jeddah"
"2,000,000",Villa,10,8,600 Sq. M.,"Al Hamdaniyah, North Jeddah, Jeddah"
"1,500,000",Apartment,5,4,230 Sq. M.,"Al Rawdah, North Jeddah, Jeddah"
"4,300,000",Villa,8,3,625 Sq. M.,"Al Manar, East Riyadh, Riyadh"
"971,000",Apartment,2,3,134 Sq. M.,"Al Munsiyah, East Riyadh, Riyadh"
"439,000",Apartment,3,3,510 Sq. M.,"Al Salamah, North Jeddah, Jeddah"
"690,000",Apartment,5,4,174 Sq. M.,"Al Safa, North Jeddah, Jeddah"
"449,000",Apartment,2,2,698 Sq. M.,"Al Sawari, North Jeddah, Jeddah"
"1,650,000",Floor,3,4,190 Sq. M.,"Qurtubah, East Riyadh, Riyadh"
"450,000",Apartment,3,2,102 Sq. M.,"Al Marwah, North Jeddah, Jeddah"
"1,000,000",Apartment,4,4,148 Sq. M.,"Al Aridh, Madina"
"850,000",Apartment,3,3,93 Sq. M.,"Tuwaiq, West Riyadh, Riyadh"
"550,000",Apartment,1,1,105 Sq. M.,"Al Suwaidi, West Riyadh, Riyadh"
"400,000",Floor,6,3,350 Sq. M.,"Wairah, Madina"
"620,000",Villa,4,3,163 Sq. M.,"Okaz, South Riyadh, Riyadh"
"868,000",Apartment,3,6,132 Sq. M.,"Al Munsiyah, East Riyadh, Riyadh"
"750,000",Apartment,4,3,175 Sq. M.,"Tuwaiq, West Riyadh, Riyadh"
"1,300,000",Villa,7,4,375 Sq. M.,"Al Dar Al Baida, South Riyadh, Riyadh"
"1,750,000",Villa,8,5,433 Sq. M.,"Al Mahdiyah, West Riyadh, Riyadh"
"800,000",Villa,6,5,312 Sq. M.,"East of Al Swefilah, Hail"
"600,000",Floor,6,5,164 Sq. M.,"Badr, South Riyadh, Riyadh"
"590,000",Floor,5,3,345 Sq. M.,"Almadayin, Hail"
"550,000",Apartment,4,3,136 Sq. M.,"Al Manar, North Jeddah, Jeddah"
"900,000",Apartment,5,3,158 Sq. M.,"Al Naim, North Jeddah, Jeddah"
"650,000",Apartment,4,3,123 Sq. M.,"Al Salamah, North Jeddah, Jeddah"
"650,000",Apartment,5,3,164 Sq. M.,"Al Rehab, North Jeddah, Jeddah"
"1,000,000",Floor,6,4,600 Sq. M.,"Al Janadriyah, East Riyadh, Riyadh"
"859,000",Apartment,3,3,134 Sq. M.,"Al Rimal, East Riyadh, Riyadh"
"750,000",Apartment,4,4,450 Sq. M.,"Al Mahdiyah, West Riyadh, Riyadh"
"750,000",Apartment,4,4,450 Sq. M.,"Al Mahdiyah, West Riyadh, Riyadh"
"750,000",Apartment,4,4,450 Sq. M.,"Al Mahdiyah, West Riyadh, Riyadh"
"800,000",Floor,3,3,500 Sq. M.,"Shubra, West Riyadh, Riyadh"
"2,100,000",Villa,6,5,328 Sq. M.,"Al Rimal, East Riyadh, Riyadh"
"650,000",Apartment,4,3,123 Sq. M.,"Al Salamah, North Jeddah, Jeddah"
"1,109,000",Apartment,3,3,141 Sq. M.,"Al Rawdah, East Riyadh, Riyadh"
"790,000",Apartment,5,1,175 Sq. M.,"Al Salamah, North Jeddah, Jeddah"
"1,100,000",Villa,3,3,300 Sq. M.,"Al Rahmanyah, North Jeddah, Jeddah"
"1,350,000",Villa,4,7,287 Sq. M.,"Obhur Al Shamaliyah, North Jeddah, Jeddah"
"1,700,000",Floor,5,4,206 Sq. M.,"Al Munsiyah, East Riyadh, Riyadh"
"640,000",Apartment,5,3,184 Sq. M.,"Al Jisr, Al Khobar"
"750,000",Apartment,2,2,129 Sq. M.,"Al Qadisiyah, East Riyadh, Riyadh"
"1,350,000",Floor,4,3,165 Sq. M.,"Al Munsiyah, East Riyadh, Riyadh"
"450,000",Apartment,3,2,102 Sq. M.,"Al Marwah, North Jeddah, Jeddah"
"650,000",Apartment,5,4,164 Sq. M.,"Al Rehab, North Jeddah, Jeddah"
"1,600,000",Floor,4,3,223 Sq. M.,"Al Munsiyah, East Riyadh, Riyadh"
"540,000",Apartment,4,3,131 Sq. M.,"Al Marwah, North Jeddah, Jeddah"
"1,600,000",Building,10,10,538 Sq. M.,"Nakhab, Taif"
"880,000",Apartment,4,4,450 Sq. M.,"Al Mahdiyah, West Riyadh, Riyadh"
"750,000",Apartment,4,3,450 Sq. M.,"Al Mahdiyah, West Riyadh, Riyadh"
"750,000",Apartment,4,4,450 Sq. M.,"Al Mahdiyah, West Riyadh, Riyadh"
"800,000",Apartment,4,3,450 Sq. M.,"Al Mahdiyah, West Riyadh, Riyadh"
"1,350,000",Villa,5,5,311 Sq. M.,"Tuwaiq, West Riyadh, Riyadh"
"1,150,000",Floor,5,5,283 Sq. M.,"Tuwaiq, West Riyadh, Riyadh"
"1,100,000",Villa,5,4,259 Sq. M.,"Tuwaiq, West Riyadh, Riyadh"
"5,000,000",Villa,7,7,523 Sq. M.,"Al Hussam, Dammam"
"730,000",Apartment,4,3,112 Sq. M.,"Al Rawdah, North Jeddah, Jeddah"
"540,000",Apartment,4,3,131 Sq. M.,"Al Marwah, North Jeddah, Jeddah"
"1,300,000",Floor,3,3,412 Sq. M.,"Al Nahdah, East Riyadh, Riyadh"
"8,000,000",Villa,5,5,560 Sq. M.,"Al Narjis, North Riyadh, Riyadh"
"540,000",Apartment,4,3,131 Sq. M.,"Al Marwah, North Jeddah, Jeddah"
"670,000",Apartment,5,3,162 Sq. M.,"Al Nuzhah, North Jeddah, Jeddah"
"2,050,000",Villa,5,6,275 Sq. M.,"Al Rimal, East Riyadh, Riyadh"
"450,000",Apartment,3,2,102 Sq. M.,"Al Marwah, North Jeddah, Jeddah"
"2,450,000",Villa,5,5,500 Sq. M.,"Al Mahdiyah, West Riyadh, Riyadh"
"960,000",Villa,5,4,312 Sq. M.,"Al Riyadh, North Jeddah, Jeddah"
"4,500,000",Villa,5,4,500 Sq. M.,"King Fahd, North Riyadh, Riyadh"
"740,000",Apartment,4,3,117 Sq. M.,"Al Rawdah, North Jeddah, Jeddah"
"1,300,000",Villa,8,6,250 Sq. M.,"Tuwaiq, West Riyadh, Riyadh"
"3,800,000",Villa,6,6,450 Sq. M.,"Al Yarmuk, East Riyadh, Riyadh"
"739,000",Apartment,3,3,132 Sq. M.,"Al Rimal, East Riyadh, Riyadh"
"797,000",Apartment,3,3,88 Sq. M.,"Al Qadisiyah, East Riyadh, Riyadh"
"430,000",Apartment,3,3,100 Sq. M.,"Al Faisaliyah, Central Jeddah, Jeddah"
"1,300,000",Villa,8,4,300 Sq. M.,"Al Shulah, Dammam"
"3,300,000",Villa,11,5,520 Sq. M.,"Al Rawdah, East Riyadh, Riyadh"
"2,500,000",Villa,4,6,446 Sq. M.,"Al Mahdiyah, West Riyadh, Riyadh"
"1,050,000",Floor,4,4,215 Sq. M.,"Al Janadriyah, East Riyadh, Riyadh"
"9,000,000",Building,3,3,567 Sq. M.,"Al Naseem, North Jeddah, Jeddah"
"4,000,000",Villa,5,7,308 Sq. M.,"Al Mahdiyah, West Riyadh, Riyadh"
"300,000",Apartment,2,2,85 Sq. M.,"Batha Quraysh, Makkah"
"300,000",Apartment,3,2,85 Sq. M.,"Batha Quraysh, Makkah"
"3,700,000",Villa,6,5,408 Sq. M.,"Qurtubah, East Riyadh, Riyadh"
"1,150,000",Apartment,5,4,155 Sq. M.,"Al Rawdah, North Jeddah, Jeddah"
"850,000",Apartment,4,3,150 Sq. M.,"Al Nahdah, North Jeddah, Jeddah"
"485,000",Apartment,4,3,625 Sq. M.,"Al Faisaliyah, Central Jeddah, Jeddah"
"420,000",Apartment,3,3,131 Sq. M.,"Al Dar Al Baida, South Riyadh, Riyadh"
"1,350,000",Apartment,6,4,165 Sq. M.,"Al Munsiyah, East Riyadh, Riyadh"
"620,000",Apartment,6,4,183 Sq. M.,"Al Jisr, Al Khobar"
"1,350,000",Floor,5,3,186 Sq. M.,"Al Munsiyah, East Riyadh, Riyadh"
"1,100,000",Villa,5,5,259 Sq. M.,"Tuwaiq, West Riyadh, Riyadh"
"1,100,000",Villa,5,5,269 Sq. M.,"Tuwaiq, West Riyadh, Riyadh"
"1,050,000",Floor,4,3,168 Sq. M.,"Al Qadisiyah, East Riyadh, Riyadh"
"770,000",Apartment,4,3,140 Sq. M.,"Al Qadisiyah, East Riyadh, Riyadh"
"2,070,600",Villa,5,3,375 Sq. M.,"King Faisal, East Riyadh, Riyadh"
"1,010,000",Villa,10,8,637 Sq. M.,"Badr, Dammam"
"3,600,000",Building,5,5,495 Sq. M.,"Al Aziziyah, North Jeddah, Jeddah"
"560,000",Apartment,4,4,141 Sq. M.,"Al Hamra, Al Khobar"
"560,000",Apartment,4,4,141 Sq. M.,"Al Hamra, Al Khobar"
"560,000",Apartment,5,5,141 Sq. M.,"Al Hamra, Al Khobar"
"560,000",Apartment,4,4,141 Sq. M.,"Al Hamra, Al Khobar"
"560,000",Apartment,5,5,141 Sq. M.,"Al Hamra, Al Khobar"
"2,000,000",Floor,3,2,465 Sq. M.,"Al Hamraa District, Makkah"
"2,500,000",Villa,8,7,600 Sq. M.,"Al Aziziyah, South Riyadh, Riyadh"
"4,200,000",Villa,10,5,400 Sq. M.,"King Fahd, North Riyadh, Riyadh"
"1,000,000",Villa,5,3,250 Sq. M.,"King Fahd Suburb, Dammam"
"450,000",Apartment,2,2,106 Sq. M.,"Al Mraikh, North Jeddah, Jeddah"
"4,000,000",Villa,4,6,532 Sq. M.,"Al Masif, North Riyadh, Riyadh"
"600,000",Apartment,6,5,220 Sq. M.,"Al Shulah, Dammam"
"490,000",Apartment,1,1,172 Sq. M.,"Badr, Dammam"
"1,200,000",Villa,6,5,315 Sq. M.,"Al Tahliyah, Al Khobar"
"1,750,000",Villa,6,8,465 Sq. M.,"Al Shati Al Sharqi, Dammam"
"570,000",Floor,3,3,203 Sq. M.,"Al Dar Al Baida, South Riyadh, Riyadh"
"400,000",Apartment,2,3,203 Sq. M.,"Al Dar Al Baida, South Riyadh, Riyadh"
"2,100,000",Residential Building,7,5,518 Sq. M.,"Al Akhdar, Al Worod, Buraydah Al Qassim Region"
"3,700,000",Villa,10,7,389 Sq. M.,"Agruba, Al Jubaylah"
"3,000,000",Villa,11,11,927 Sq. M.,"Al Jamiyin, Dammam"
"880,000",Villa,3,4,262 Sq. M.,"Okaz, South Riyadh, Riyadh"
"740,000",Apartment,4,3,117 Sq. M.,"Al Rawdah, North Jeddah, Jeddah"
"2,100,000",Villa,4,5,328 Sq. M.,"Al Rimal, East Riyadh, Riyadh"
"1,400,000",Rest House,7,6,750 Sq. M.,"Abyar al Mashi, Madina"
"5,300,000",Villa,4,4,375 Sq. M.,"Al Malqa, North Riyadh, Riyadh"
"800,000",Apartment,4,3,119 Sq. M.,"Dhahrat Laban, West Riyadh, Riyadh"
"2,900,000",Villa,5,5,370 Sq. M.,"Qurtoba, Al Khobar"
"3,800,000",Villa,4,5,413 Sq. M.,"King Abduallah, North Riyadh, Riyadh"
"1,500,000",Rest House,5,4,266 Sq. M.,"Al Sawari, North Jeddah, Jeddah"
"1,050,000",Villa,7,6,300 Sq. M.,"Al Urobah, Dammam"
"900,000",Villa,5,4,204 Sq. M.,"Al Sawari, Al Khobar"
"1,200,000",Floor,4,3,500 Sq. M.,"Wadi Al Battan, Madina"
"1,250,000",Floor,3,3,500 Sq. M.,"Wadi Al Battan, Madina"
"950,000",Villa,6,6,251 Sq. M.,"King Fahd Suburb, Dammam"
"1,350,000",Apartment,5,4,520 Sq. M.,"Al Nahdah, North Jeddah, Jeddah"
"1,000,000",Villa,6,7,"1,497 Sq. M.","Al Khalij, Al Bukayriyah"
"700,000",Floor,3,3,648 Sq. M.,"Al Quds, Alkhubara Wal Sahabeen"
"600,000",Villa,3,6,269 Sq. M.,"As Safa, Al Bukayriyah"
"650,000",Apartment,4,3,112 Sq. M.,"Al Rimal, East Riyadh, Riyadh"
"1,900,000",Floor,4,5,257 Sq. M.,"Qurtubah, East Riyadh, Riyadh"
"2,400,000",Villa,5,5,600 Sq. M.,"Ad Dawhah Al Janubiyah, Dammam"
"350,000",Apartment,3,3,900 Sq. M.,"Al Safa, North Jeddah, Jeddah"
"389,000",Apartment,2,2,598 Sq. M.,"Al Faisaliyah, Central Jeddah, Jeddah"
"415,000",Apartment,2,2,580 Sq. M.,"Al Salamah, North Jeddah, Jeddah"
"285,000",Apartment,2,2,"1,251 Sq. M.","Al Jameah District, South Jeddah, Jeddah"
"299,000",Apartment,2,2,750 Sq. M.,"Al Safa, North Jeddah, Jeddah"
"580,000",Apartment,3,3,100 Sq. M.,"Al Naim, North Jeddah, Jeddah"
"365,000",Apartment,2,2,625 Sq. M.,"Al Faisaliyah, Central Jeddah, Jeddah"
"1,650,000",Villa,5,5,450 Sq. M.,"Al Taawon, South Jeddah, Jeddah"
"830,000",Villa,5,5,400 Sq. M.,"King Fahd District, Unayzah"
"650,000",Apartment,4,3,123 Sq. M.,"Al Salamah, North Jeddah, Jeddah"
"850,000",Apartment,4,3,146 Sq. M.,"Dhahrat Laban, West Riyadh, Riyadh"
"850,000",Floor,3,3,212 Sq. M.,"Tuwaiq, West Riyadh, Riyadh"
"850,000",Villa,2,2,105 Sq. M.,"Al Suwaidi, West Riyadh, Riyadh"
"900,000",Apartment,6,4,188 Sq. M.,"Al Naim, North Jeddah, Jeddah"
"555,000",Apartment,6,6,149 Sq. M.,"Al Hamra, Al Khobar"
"970,000",Villa,6,3,300 Sq. M.,"Jarana, Makkah"
"730,000",Apartment,5,3,130 Sq. M.,"Al Naim, North Jeddah, Jeddah"
"330,000",Apartment,3,2,88 Sq. M.,"Al Shawqiyyah, Makkah"
"570,000",Apartment,3,3,111 Sq. M.,"Al Salamah, North Jeddah, Jeddah"
"2,200,000",Villa,5,4,262 Sq. M.,"Al Mahdiyah, West Riyadh, Riyadh"
"580,000",Apartment,3,4,124 Sq. M.,"Al Suwaidi, West Riyadh, Riyadh"
"630,000",Apartment,4,3,112 Sq. M.,"Al Salamah, North Jeddah, Jeddah"
"2,400,000",Villa,7,7,500 Sq. M.,"Al Mahdiyah, West Riyadh, Riyadh"
"2,200,000",Villa,5,4,330 Sq. M.,"Al Rimal, East Riyadh, Riyadh"
"890,500",Villa,6,5,250 Sq. M.,"King Fahd Suburb, Dammam"
"403,949",Apartment,3,2,175 Sq. M.,"Al Nur, Dammam"
"1,250,000",Floor,4,4,230 Sq. M.,"Al Khaleej, East Riyadh, Riyadh"
"5,100,945",Building,10,10,810 Sq. M.,"Al Nuzhah, North Jeddah, Jeddah"
"900,000",Apartment,3,2,135 Sq. M.,"Al Mahdiyah, West Riyadh, Riyadh"
"750,000",Apartment,3,3,478 Sq. M.,"Al Mahdiyah, West Riyadh, Riyadh"
"1,800,000",Villa,5,5,366 Sq. M.,"Al Mahdiyah, West Riyadh, Riyadh"
"4,100,000",Villa,6,5,366 Sq. M.,"Al Mahdiyah, West Riyadh, Riyadh"
"2,800,000",Villa,7,5,366 Sq. M.,"Al Mahdiyah, West Riyadh, Riyadh"
"869,000",Apartment,3,3,138 Sq. M.,"Al Mahdiyah, West Riyadh, Riyadh"
"858,000",Apartment,3,3,130 Sq. M.,"Al Mahdiyah, West Riyadh, Riyadh"
"759,000",Apartment,3,3,128 Sq. M.,"Al Mahdiyah, West Riyadh, Riyadh"
"1,800,000",Villa,7,5,366 Sq. M.,"Al Mahdiyah, West Riyadh, Riyadh"
"3,200,000",Villa,7,5,300 Sq. M.,"Al Mahdiyah, West Riyadh, Riyadh"
"1,200,000",Apartment,4,4,200 Sq. M.,"Al Mahdiyah, West Riyadh, Riyadh"
"750,000",Apartment,3,3,132 Sq. M.,"Al Mahdiyah, West Riyadh, Riyadh"
"1,800,000",Villa,6,5,366 Sq. M.,"Al Mahdiyah, West Riyadh, Riyadh"
"1,800,000",Villa,6,5,366 Sq. M.,"Al Mahdiyah, West Riyadh, Riyadh"
"3,100,000",Villa,7,4,366 Sq. M.,"Al Mahdiyah, West Riyadh, Riyadh"
"1,400,000",Apartment,3,4,138 Sq. M.,"Ghirnatah, East Riyadh, Riyadh"
"3,500,000",Apartment,4,4,212 Sq. M.,"Al Marwah, North Jeddah, Jeddah"
"963,000",Villa,11,7,270 Sq. M.,"Badr, South Riyadh, Riyadh"
"800,000",Apartment,3,3,128 Sq. M.,"Laban, West Riyadh, Riyadh"
"460,000",Apartment,4,3,126 Sq. M.,"Al Waha, North Jeddah, Jeddah"
"3,000,000",Villa,8,5,275 Sq. M.,"Al Taawun, North Riyadh, Riyadh"
"550,000",Apartment,2,3,87 Sq. M.,"Al Saadah, East Riyadh, Riyadh"
"400,000",Apartment,3,4,286 Sq. M.,"Al Rayyan, Unayzah"
"1,200,000",Villa,4,3,428 Sq. M.,"Al Masif, Unayzah"
"1,000,000",Villa,5,4,346 Sq. M.,"Al Khalidiyyah, Unayzah"
"1,700,000",Villa,4,4,420 Sq. M.,"Tuwaiq, West Riyadh, Riyadh"
"989,000",Apartment,3,3,130 Sq. M.,"Al Rawdah, East Riyadh, Riyadh"
"859,000",Apartment,3,3,134 Sq. M.,"Al Rimal, East Riyadh, Riyadh"
"1,500,000",Villa,8,6,300 Sq. M.,"Tuwaiq, West Riyadh, Riyadh"
"3,270,000",Villa,4,2,263 Sq. M.,"Al Narjis, North Riyadh, Riyadh"
"1,400,000",Rest House,2,3,656 Sq. M.,"Abu Kabir, Madina"
"1,200,000",Floor,3,3,156 Sq. M.,"Al Bayan Neighborhood, East Riyadh, Riyadh"
"950,000",Villa,6,6,392 Sq. M.,"Al Sheraa, Al Khobar"
"350,000",Apartment,4,2,104 Sq. M.,"Al Hijrah, Makkah"
"1,200,000",Villa,3,3,215 Sq. M.,"Al Rimal, East Riyadh, Riyadh"
"3,000,000",Villa,5,5,338 Sq. M.,"Al Rimal, East Riyadh, Riyadh"
"400,000",Apartment,2,2,51 Sq. M.,"Al Rimal, East Riyadh, Riyadh"
"1,100,000",Villa,5,4,311 Sq. M.,"Ash Shamiya Al Jadid, Makkah"
"1,350,000",Villa,5,4,300 Sq. M.,"Al Rahmanyah, North Jeddah, Jeddah"
"1,000,000",Rest House,1,1,"11,700 Sq. M.","Al Rawdah, Al Bukayriyah"
"1,000,000",Villa,7,5,261 Sq. M.,"Al Riyadh, North Jeddah, Jeddah"
"1,100,000",Villa,1,1,215 Sq. M.,"Nubala, Madina"
"750,000",Apartment,6,5,357 Sq. M.,"Al Dhurfah, Khamis Mushait"
"580,000",Apartment,5,4,221 Sq. M.,"Ar Rawabi, Abha"
"1,350,000",Apartment,4,5,235 Sq. M.,"Al Rimal, East Riyadh, Riyadh"
"600,000",Apartment,6,5,203 Sq. M.,"Al Sharaf, Khamis Mushait"
"650,000",Apartment,4,3,123 Sq. M.,"Al Salamah, North Jeddah, Jeddah"
"675,000",Apartment,3,2,145 Sq. M.,"Alawali, West Riyadh, Riyadh"
"1,450,000",Villa,7,3,200 Sq. M.,"Al Suwaidi, West Riyadh, Riyadh"
"1,300,000",Villa,5,1,200 Sq. M.,"Tuwaiq, West Riyadh, Riyadh"
"2,100,000",Villa,6,4,328 Sq. M.,"Al Rimal, East Riyadh, Riyadh"
"1,350,000",Floor,4,4,196 Sq. M.,"Al Munsiyah, East Riyadh, Riyadh"
"3,200,000",Villa,4,5,210 Sq. M.,"Al Narjis, North Riyadh, Riyadh"
"530,000",Apartment,5,4,182 Sq. M.,"Ash Shamiya Al Jadid, Makkah"
"1,100,000",Villa,6,8,423 Sq. M.,"Al Qashashia Al Jadid, Makkah"
"570,000",Apartment,2,1,115 Sq. M.,"Badr, South Riyadh, Riyadh"
"670,000",Apartment,5,3,162 Sq. M.,"Al Nuzhah, North Jeddah, Jeddah"
"1,900,000",Apartment,1,2,101 Sq. M.,"Al Shati, North Jeddah, Jeddah"
"2,200,000",Residential Building,10,10,600 Sq. M.,"Al Rashidiyyah Neighborhood, Makkah"
"820,000",Apartment,4,3,165 Sq. M.,"Al Salamah, North Jeddah, Jeddah"
"1,450,000",Apartment,6,4,216 Sq. M.,"Al Zahraa, North Jeddah, Jeddah"
"2,350,000",Villa,5,5,250 Sq. M.,"Al Yarmuk, East Riyadh, Riyadh"
"4,900,000",Villa,6,8,390 Sq. M.,"Al Qirawan, North Riyadh, Riyadh"
"670,000",Apartment,3,3,150 Sq. M.,"Alawali, West Riyadh, Riyadh"
"250,000",Floor,6,5,"1,606 Sq. M.","Al Nahdah, Uglat Al Sugour"
"950,000",Villa,8,4,331 Sq. M.,"Dirab, West Riyadh, Riyadh"
"2,000,000",Villa,5,6,400 Sq. M.,"Al Mahdiyah, West Riyadh, Riyadh"
"1,300,000",Villa,5,6,200 Sq. M.,"Tuwaiq, West Riyadh, Riyadh"
"2,000,000",Villa,5,5,400 Sq. M.,"Al Mahdiyah, West Riyadh, Riyadh"
"5,500,000",Villa,11,2,450 Sq. M.,"Al Wurud, North Riyadh, Riyadh"
"550,000",Apartment,7,6,201 Sq. M.,"Al Safa, Jazan"
600,Apartment,6,3,173 Sq. M.,"Asharai, Makkah"
"515,000",Apartment,5,3,157 Sq. M.,"Governmental1, Jeddah"
"530,000",Apartment,4,4,154 Sq. M.,"Al Rayaan, North Jeddah, Jeddah"
"430,000",Apartment,5,3,173 Sq. M.,"Badr, South Riyadh, Riyadh"
"900,000",Apartment,3,3,196 Sq. M.,"Dhahrat Laban, West Riyadh, Riyadh"
"750,000",Apartment,5,3,136 Sq. M.,"Al Naim, North Jeddah, Jeddah"
"750,000",Apartment,5,3,136 Sq. M.,"Al Naim, North Jeddah, Jeddah"
"750,000",Apartment,5,3,136 Sq. M.,"Al Naim, North Jeddah, Jeddah"
"1,600,000",Floor,3,3,360 Sq. M.,"Tayba, Madina"
"1,350,000",Rest House,4,3,"1,191 Sq. M.",Madina
"1,400,000",Villa,6,4,500 Sq. M.,"Al Khadraa, Madina"
"7,000,000",Villa,4,4,"1,980 Sq. M.","Al Jamiah, Madina"
"2,400,000",Villa,6,5,200 Sq. M.,"Al Mahdiyah, West Riyadh, Riyadh"
"2,100,000",Villa,5,5,400 Sq. M.,"Al Mahdiyah, West Riyadh, Riyadh"
"1,950,000",Villa,5,5,400 Sq. M.,"Al Mahdiyah, West Riyadh, Riyadh"
"2,000,000",Villa,4,5,400 Sq. M.,"Al Mahdiyah, West Riyadh, Riyadh"
"1,800,000",Villa,5,4,400 Sq. M.,"Al Mahdiyah, West Riyadh, Riyadh"
"860,000",Apartment,3,3,138 Sq. M.,"Al Mahdiyah, West Riyadh, Riyadh"
"860,000",Apartment,3,3,157 Sq. M.,"Al Mahdiyah, West Riyadh, Riyadh"
"2,500,000",Villa,6,5,245 Sq. M.,"Al Mahdiyah, West Riyadh, Riyadh"
"2,050,000",Villa,5,4,400 Sq. M.,"Al Mahdiyah, West Riyadh, Riyadh"
"1,800,000",Villa,5,3,200 Sq. M.,"Al Mahdiyah, West Riyadh, Riyadh"
"2,200,000",Villa,6,4,210 Sq. M.,"Al Mahdiyah, West Riyadh, Riyadh"
"8,000,000",Villa,6,5,500 Sq. M.,"Irqah, West Riyadh, Riyadh"
"395,000",Apartment,3,2,104 Sq. M.,"Al Jameah District, South Jeddah, Jeddah"
"250,000",Rest House,2,1,415 Sq. M.,"Al Wahlan, Unayzah"
"1,800,000",Villa,5,3,360 Sq. M.,"Al Nahdah, East Riyadh, Riyadh"
"550,000",Apartment,3,3,128 Sq. M.,"Al Zahrah, West Riyadh, Riyadh"
"8,500,000",Building,3,4,525 Sq. M.,"Al Salamah, North Jeddah, Jeddah"
"820,000",Apartment,4,3,165 Sq. M.,"Al Salamah, North Jeddah, Jeddah"
"5,000,000",Residential Building,11,6,750 Sq. M.,"Al Shati Al Gharbi, Dammam"
"580,000",Apartment,5,3,158 Sq. M.,"Wadi Jalil, Makkah"
"1,300,000",Villa,5,4,375 Sq. M.,"Al Dar Al Baida, South Riyadh, Riyadh"
"1,000,000",Villa,11,11,367 Sq. M.,"Al Dar Al Baida, South Riyadh, Riyadh"
"430,000",Apartment,3,3,170 Sq. M.,"Badr, South Riyadh, Riyadh"
"550,000",Apartment,3,3,130 Sq. M.,"Al Zahrah, West Riyadh, Riyadh"
"690,000",Apartment,6,5,219 Sq. M.,"Al Dar Al Baida, South Riyadh, Riyadh"
"820,000",Apartment,5,4,165 Sq. M.,"Al Salamah, North Jeddah, Jeddah"
"1,100,000",Apartment,4,3,97 Sq. M.,"Al Masif, North Riyadh, Riyadh"
"1,150,000",Floor,2,4,232 Sq. M.,"Al Rimal, East Riyadh, Riyadh"
"650,000",Apartment,3,2,112 Sq. M.,"Al Bayan Neighborhood, East Riyadh, Riyadh"
"800,000",Apartment,3,3,161 Sq. M.,"Al Rimal, East Riyadh, Riyadh"
"620,000",Apartment,3,3,111 Sq. M.,"Al Naim, North Jeddah, Jeddah"
"650,000",Apartment,5,4,163 Sq. M.,"As Salamah, Makkah"
"680,000",Apartment,5,3,137 Sq. M.,"Al Salamah, North Jeddah, Jeddah"
"680,000",Apartment,5,3,136 Sq. M.,"Al Salamah, North Jeddah, Jeddah"
"650,000",Apartment,4,3,124 Sq. M.,"Al Salamah, North Jeddah, Jeddah"
"780,000",Apartment,5,3,176 Sq. M.,"Al Salamah, North Jeddah, Jeddah"
"780,000",Apartment,5,3,176 Sq. M.,"Al Salamah, North Jeddah, Jeddah"
"1,450,000",Villa,5,7,300 Sq. M.,"Ash Shamiya Al Jadid, Makkah"
"2,990,000",Villa,4,5,624 Sq. M.,"Al Fayha, East Riyadh, Riyadh"
"590,000",Apartment,4,3,111 Sq. M.,"Al Salamah, North Jeddah, Jeddah"
"350,000",Apartment,3,2,105 Sq. M.,"Al Aziziyah, South Riyadh, Riyadh"
"1,129,000",Apartment,3,3,184 Sq. M.,"Al Nuzhah, North Jeddah, Jeddah"
"450,000",Apartment,6,3,177 Sq. M.,"Badr, South Riyadh, Riyadh"
"360,000",Apartment,1,2,64 Sq. M.,"Al Marwa, South Riyadh, Riyadh"
"690,000",Apartment,4,4,177 Sq. M.,"Badr, South Riyadh, Riyadh"
"1,100,000",Villa,5,4,313 Sq. M.,"Al Sawari, Al Khobar"
"1,100,000",Villa,3,3,188 Sq. M.,"Al Qadisiyah, East Riyadh, Riyadh"
"650,000",Floor,5,3,139 Sq. M.,"Al Aziziyah, South Riyadh, Riyadh"
"2,400,000",Villa,4,4,390 Sq. M.,"Al Sadafah, Dammam"
"1,380,000",Floor,5,3,168 Sq. M.,"Al Munsiyah, East Riyadh, Riyadh"
"770,000",Apartment,3,3,140 Sq. M.,"Al Qadisiyah, East Riyadh, Riyadh"
"800,000",Apartment,4,3,125 Sq. M.,"Al Qadisiyah, East Riyadh, Riyadh"
"950,000",Villa,6,7,300 Sq. M.,"Al Lulu, Al Khobar"
"390,000",Apartment,4,3,133 Sq. M.,"Al Nur, Dammam"
"1,100,000",Villa,6,5,289 Sq. M.,"Al Janadriyah, East Riyadh, Riyadh"
"1,750,000",Villa,6,6,403 Sq. M.,"Al Faruq, Central Riyadh, Riyadh"
"1,300,000",Apartment,4,3,87 Sq. M.,"Al Arid, North Riyadh, Riyadh"
"1,050,000",Villa,8,5,250 Sq. M.,"King Fahd Suburb, Dammam"
"15,000,000",Villa,6,5,828 Sq. M.,"Ash Shamiya Al Jadid, Makkah"
"4,000,000",Villa,5,11,435 Sq. M.,"King Fahd, North Riyadh, Riyadh"
"800,000",Floor,7,5,226 Sq. M.,"Al Janadriyah, East Riyadh, Riyadh"
"600,000",Apartment,6,1,132 Sq. M.,"Dhahrat Laban, West Riyadh, Riyadh"
"680,000",Apartment,2,3,145 Sq. M.,Dhahran
"1,000,000",Villa,3,2,201 Sq. M.,"Al Maizilah, East Riyadh, Riyadh"
"1,400,000",Villa,3,3,287 Sq. M.,"Al Maizilah, East Riyadh, Riyadh"
"950,000",Villa,6,4,240 Sq. M.,"Al Gharbia, Jeddah"
"2,400,000",Villa,9,7,482 Sq. M.,"King Fahd Suburb, Dammam"
"549,000",Apartment,4,3,524 Sq. M.,"Al Rawdah, North Jeddah, Jeddah"
"2,000,000",Residential Building,11,11,930 Sq. M.,"Badr, Dammam"
"800,000",Floor,4,3,500 Sq. M.,"Al Zahrah, West Riyadh, Riyadh"
"1,200,000",Villa,6,7,373 Sq. M.,"King Fahd Suburb, Dammam"
"3,000,000",Villa,9,6,409 Sq. M.,"Al Rimal, East Riyadh, Riyadh"
"6,000,000",Villa,9,7,450 Sq. M.,"Al Malqa, North Riyadh, Riyadh"
"5,200,000",Villa,10,6,625 Sq. M.,"Al Sulimaniyah, North Riyadh, Riyadh"
"2,100,000",Villa,7,6,360 Sq. M.,"Al Rimal, East Riyadh, Riyadh"
"830,000",Villa,4,5,253 Sq. M.,"Okaz, South Riyadh, Riyadh"
"1,400,000",Apartment,4,5,181 Sq. M.,"Al Malqa, North Riyadh, Riyadh"
"1,200,000",Villa,8,4,400 Sq. M.,"Al Uraija Al Gharbiyah, West Riyadh, Riyadh"
"1,100,000",Villa,7,5,400 Sq. M.,"Al Uraija Al Wusta, West Riyadh, Riyadh"
"580,000",Apartment,3,3,218 Sq. M.,"Al Nur, Dammam"
"1,400,000",Villa,6,4,375 Sq. M.,"Al Dar Al Baida, South Riyadh, Riyadh"
"1,000,000",Villa,4,4,280 Sq. M.,"Al Gharbia, Jeddah"
"1,900,000",Villa,6,5,400 Sq. M.,"Al Safa, North Jeddah, Jeddah"
"3,200,000",Villa,6,8,375 Sq. M.,"Al Mahdiyah, West Riyadh, Riyadh"
"820,000",Floor,3,3,178 Sq. M.,"Al Murjan, East Riyadh, Riyadh"
"1,300,000",Apartment,3,3,146 Sq. M.,"Al Arid, North Riyadh, Riyadh"
"970,000",Villa,6,5,250 Sq. M.,"King Fahd Suburb, Dammam"
"1,100,000",Floor,5,4,312 Sq. M.,"Al Riyadh, North Jeddah, Jeddah"
"3,800,000",Villa,7,7,300 Sq. M.,"Al Narjis, North Riyadh, Riyadh"
"460,000",Apartment,3,2,96 Sq. M.,"Al Safa, North Jeddah, Jeddah"
"490,000",Apartment,4,3,188 Sq. M.,"Al Wahah, Dammam"
"2,900,000",Villa,7,5,600 Sq. M.,"Al Hazm, West Riyadh, Riyadh"
"1,140,000",Apartment,3,3,135 Sq. M.,"Al Arid, North Riyadh, Riyadh"
"660,000",Apartment,3,4,"2,000 Sq. M.","Al Nahdah, North Jeddah, Jeddah"
"6,700,000",Rest House,6,8,916 Sq. M.,"Al Arid, North Riyadh, Riyadh"
"450,000",Apartment,3,2,102 Sq. M.,"Al Marwah, North Jeddah, Jeddah"
"750,000",Apartment,4,3,167 Sq. M.,"Al Marwah, North Jeddah, Jeddah"
"680,000",Apartment,5,3,161 Sq. M.,"Al Marwah, North Jeddah, Jeddah"
"1,500,000",Villa,8,9,600 Sq. M.,"As Sulaymaniyah Third, Al Ahsa"
"670,000",Apartment,5,3,162 Sq. M.,"Al Nuzhah, North Jeddah, Jeddah"
"530,000",Apartment,4,3,168 Sq. M.,"Al Zahrah, West Riyadh, Riyadh"
"530,000",Apartment,5,8,205 Sq. M.,"Akhbab, Taif"
"650,000",Apartment,4,3,111 Sq. M.,"Al Salamah, North Jeddah, Jeddah"
"620,000",Apartment,4,4,132 Sq. M.,"Al Salamah, North Jeddah, Jeddah"
"740,000",Apartment,4,4,130 Sq. M.,"Al Salamah, North Jeddah, Jeddah"
"590,000",Apartment,4,4,135 Sq. M.,"Al Salamah, North Jeddah, Jeddah"
"830,000",Apartment,5,4,165 Sq. M.,"Al Rehab, North Jeddah, Jeddah"
"580,000",Apartment,5,4,217 Sq. M.,"Mansubi Al Taleem 1st, Al Ahsa"
"2,000,000",Villa,8,4,350 Sq. M.,"Al Salam, East Riyadh, Riyadh"
"3,000,000",Villa,8,4,405 Sq. M.,"Al Fayha, East Riyadh, Riyadh"
"970,000",Villa,4,3,200 Sq. M.,"Taybay, Dammam"
"1,200,000",Floor,4,3,164 Sq. M.,"Al Rimal, East Riyadh, Riyadh"
"650,000",Apartment,4,3,123 Sq. M.,"Al Salamah, North Jeddah, Jeddah"
"1,550,000",Floor,3,3,175 Sq. M.,"Al Munsiyah, East Riyadh, Riyadh"
"3,000,000",Villa,5,6,338 Sq. M.,"Al Rimal, East Riyadh, Riyadh"
"1,050,000",Floor,3,4,165 Sq. M.,"Al Janadriyah, East Riyadh, Riyadh"
"10,000,000",Villa,3,2,"1,237 Sq. M.","Al Uroba, Safwa Eastern Region"
"740,000",Apartment,4,3,117 Sq. M.,"Al Rawdah, North Jeddah, Jeddah"
"1,050,000",Floor,5,3,350 Sq. M.,"Badr, South Riyadh, Riyadh"
"730,000",Apartment,6,4,718 Sq. M.,"Al Rabwa, North Jeddah, Jeddah"
"735,000",Apartment,4,4,143 Sq. M.,"Al Naim, North Jeddah, Jeddah"
"640,000",Apartment,5,4,"1,730 Sq. M.","Al Fayhaa, North Jeddah, Jeddah"
"2,450,000",Villa,5,6,500 Sq. M.,"Al Mahdiyah, West Riyadh, Riyadh"
"630,000",Apartment,4,3,143 Sq. M.,"Al Naim, North Jeddah, Jeddah"
"5,000,000",Villa,10,10,"1,066 Sq. M.","Tuwaiq, West Riyadh, Riyadh"
"750,000",Floor,5,3,191 Sq. M.,"Al Janadriyah, East Riyadh, Riyadh"
"700,000",Floor,5,3,196 Sq. M.,"Al Janadriyah, East Riyadh, Riyadh"
"640,000",Floor,5,4,155 Sq. M.,"Al Janadriyah, East Riyadh, Riyadh"
"800,000",Floor,4,5,500 Sq. M.,"Shubra, West Riyadh, Riyadh"
"620,000",Apartment,5,4,166 Sq. M.,"Al Rayaan, North Jeddah, Jeddah"
"800,000",Apartment,4,3,139 Sq. M.,"Al Rawdah, North Jeddah, Jeddah"
"13,000,000",Villa,11,7,879 Sq. M.,"Al Narjis, North Riyadh, Riyadh"
"1,500,000",Villa,6,4,270 Sq. M.,"Al Janadriyah, East Riyadh, Riyadh"
"2,600,000",Villa,8,8,411 Sq. M.,"Al Yarmuk, East Riyadh, Riyadh"
"1,150,000",Floor,4,3,198 Sq. M.,"Tuwaiq, West Riyadh, Riyadh"
"550,000",Apartment,5,4,222 Sq. M.,"Sultanah, Abha"
"1,150,000",Villa,5,3,276 Sq. M.,"Al Nadwa District, East Riyadh, Riyadh"
"1,200,000",Villa,8,7,350 Sq. M.,"Ash Shamiya Al Jadid, Makkah"
"750,000",Apartment,4,3,120 Sq. M.,"Al Rawdah, North Jeddah, Jeddah"
"1,400,000",Villa,7,5,375 Sq. M.,"Al Faysaliyah, Al Kharj Riyadh Region"
"3,200,000",Villa,7,1,275 Sq. M.,"Al Taawun, North Riyadh, Riyadh"
"540,000",Apartment,4,3,131 Sq. M.,"Al Marwah, North Jeddah, Jeddah"
"3,500,000",Villa,5,5,"1,050 Sq. M.","Al Kawthar, Al Khobar"
"650,000",Apartment,4,3,111 Sq. M.,"Al Salamah, North Jeddah, Jeddah"
"1,650,000",Floor,4,5,203 Sq. M.,"Al Munsiyah, East Riyadh, Riyadh"
"650,000",Apartment,4,3,123 Sq. M.,"Al Salamah, North Jeddah, Jeddah"
"2,700,000",Villa,4,5,354 Sq. M.,"Al Saadah, East Riyadh, Riyadh"
"900,000",Apartment,4,3,158 Sq. M.,"Al Naim, North Jeddah, Jeddah"
"850,000",Floor,3,4,138 Sq. M.,"Al Rimal, East Riyadh, Riyadh"
"450,000",Apartment,3,2,102 Sq. M.,"Al Marwah, North Jeddah, Jeddah"
"770,000",Apartment,4,4,630 Sq. M.,"Badr, South Riyadh, Riyadh"
"1,650,000",Floor,3,4,198 Sq. M.,"Qurtubah, East Riyadh, Riyadh"
"1,200,000",Villa,5,5,900 Sq. M.,"Dhahrat Laban, West Riyadh, Riyadh"
"2,450,000",Villa,5,5,250 Sq. M.,"Al Yarmuk, East Riyadh, Riyadh"
"1,350,000",Floor,3,3,185 Sq. M.,"Al Munsiyah, East Riyadh, Riyadh"
"1,500,000",Villa,11,7,250 Sq. M.,"Al Aziziyah, South Riyadh, Riyadh"
"780,000",Apartment,4,3,136 Sq. M.,"Al Rawdah, North Jeddah, Jeddah"
"1,950,000",Villa,7,5,275 Sq. M.,"Mudhainib, Madina"
"650,000",Apartment,4,3,111 Sq. M.,"Al Salamah, North Jeddah, Jeddah"
"1,100,000",Villa,5,5,300 Sq. M.,"Al Rahmanyah, North Jeddah, Jeddah"
"1,080,000",Villa,6,6,312 Sq. M.,"Al Riyadh, North Jeddah, Jeddah"
"600,000",Floor,5,3,350 Sq. M.,"Badr, South Riyadh, Riyadh"
"530,000",Apartment,2,2,"1,049 Sq. M.","Al Rawdah, North Jeddah, Jeddah"
"980,000",Apartment,5,4,"1,049 Sq. M.","Al Rawdah, North Jeddah, Jeddah"
"990,000",Apartment,4,4,497 Sq. M.,"Al Zahraa, North Jeddah, Jeddah"
"800,000",Floor,6,4,220 Sq. M.,"Tuwaiq, West Riyadh, Riyadh"
"900,000",Floor,6,4,206 Sq. M.,"Tuwaiq, West Riyadh, Riyadh"
"296,000",Apartment,4,3,887 Sq. M.,"Al Rayaan, North Jeddah, Jeddah"
"3,000,000",Villa,5,4,250 Sq. M.,"Al Arid, North Riyadh, Riyadh"
"7,500,000",Villa,10,7,767 Sq. M.,"Al Nahdah, Dammam"
"820,000",Apartment,5,3,185 Sq. M.,"Al Faisaliyah, Central Jeddah, Jeddah"
"790,000",Apartment,5,3,175 Sq. M.,"Al Salamah, North Jeddah, Jeddah"
"1,800,000",Villa,6,6,750 Sq. M.,"Dhahrat Al Badiah, West Riyadh, Riyadh"
"1,060,000",Apartment,5,4,497 Sq. M.,"Al Zahraa, North Jeddah, Jeddah"
"550,000",Apartment,5,3,"1,327 Sq. M.","Al Shawqiyyah, Makkah"
"7,000,000",Villa,5,5,630 Sq. M.,"Al Yasmin, North Riyadh, Riyadh"
"1,700,000",Floor,6,6,690 Sq. M.,"Al Qarina Al Jadida, Huraymila"
"800,000",Apartment,4,3,139 Sq. M.,"Al Rawdah, North Jeddah, Jeddah"
"610,000",Apartment,6,3,173 Sq. M.,"Asharai, Makkah"
"1,100,000",Villa,4,4,433 Sq. M.,"West Al Aziziyah, Al Khobar"
"1,000,000",Residential Building,8,7,300 Sq. M.,"Al-Basatin, Al Kharj Riyadh Region"
"900,000",Apartment,4,4,258 Sq. M.,"Tuwaiq, West Riyadh, Riyadh"
"890,000",Apartment,4,4,151 Sq. M.,"Al Zahraa, North Jeddah, Jeddah"
"1,000,000",Villa,7,7,325 Sq. M.,"Thuqbah, Al Khobar"
"4,500,000",Villa,5,3,343 Sq. M.,"Al Narjis, North Riyadh, Riyadh"
"470,000",Apartment,3,2,120 Sq. M.,"Al Dar Al Baida, South Riyadh, Riyadh"
"600,000",Apartment,3,3,136 Sq. M.,"Al Hamra, Al Khobar"
"440,000",Apartment,3,2,162 Sq. M.,"Al Rakah Al Janubiyah, Al Khobar"
"1,900,000",Villa,5,4,296 Sq. M.,"Al Shulah, Dammam"
"870,000",Floor,5,4,180 Sq. M.,"Al Bayan Neighborhood, East Riyadh, Riyadh"
"520,000",Floor,4,4,203 Sq. M.,"Badr, South Riyadh, Riyadh"
"1,750,000",Apartment,3,4,211 Sq. M.,"Al Zahraa, North Jeddah, Jeddah"
"1,750,000",Apartment,3,4,211 Sq. M.,"Al Zahraa, North Jeddah, Jeddah"
"570,000",Apartment,5,3,198 Sq. M.,"Ar Rehab 3, Jazan"
"3,300,000",Villa,10,10,385 Sq. M.,"Qurtubah, East Riyadh, Riyadh"
"1,400,000",Apartment,3,2,165 Sq. M.,"Al Rayyan, East Riyadh, Riyadh"
"550,000",Apartment,3,2,128 Sq. M.,"Al Zahrah, West Riyadh, Riyadh"
"360,000",Apartment,2,2,64 Sq. M.,"Al Marwa, South Riyadh, Riyadh"
"860,000",Floor,3,3,500 Sq. M.,"Al Zahrah, West Riyadh, Riyadh"
"580,000",Apartment,4,3,143 Sq. M.,"Batha Quraysh, Makkah"
"950,000",Floor,3,4,500 Sq. M.,"Shubra, West Riyadh, Riyadh"
"1,750,000",Villa,10,8,303 Sq. M.,"Al Janadriyah, East Riyadh, Riyadh"
"510,000",Apartment,5,4,187 Sq. M.,"Ash Shamiya Al Jadid, Makkah"
"1,600,000",Floor,5,5,206 Sq. M.,"Al Munsiyah, East Riyadh, Riyadh"
"900,000",Apartment,3,3,137 Sq. M.,"Al Rimal, East Riyadh, Riyadh"
"1,300,000",Floor,5,4,315 Sq. M.,"Al Rimal, East Riyadh, Riyadh"
"850,000",Floor,5,5,138 Sq. M.,"Al Rimal, East Riyadh, Riyadh"
"750,000",Apartment,4,3,120 Sq. M.,"Al Rawdah, North Jeddah, Jeddah"
"1,250,000",Villa,4,5,260 Sq. M.,"Al Janadriyah, East Riyadh, Riyadh"
"650,000",Apartment,4,3,123 Sq. M.,"Al Salamah, North Jeddah, Jeddah"
"1,300,000",Villa,10,7,400 Sq. M.,"Shubra, West Riyadh, Riyadh"
"700,000",Apartment,2,3,104 Sq. M.,"Al Saadah, East Riyadh, Riyadh"
"3,500,000",Villa,8,7,276 Sq. M.,"Al Arid, North Riyadh, Riyadh"
"1,500,000",Villa,6,5,483 Sq. M.,"Al Shifa, South Riyadh, Riyadh"
"4,000,000",Residential Building,11,7,"1,281 Sq. M.","Ghubairah, Central Riyadh, Riyadh"
"980,000",Apartment,5,4,"1,049 Sq. M.","Al Rawdah, North Jeddah, Jeddah"
"720,000",Apartment,5,3,149 Sq. M.,"Al Salamah, North Jeddah, Jeddah"
"630,000",Apartment,4,4,146 Sq. M.,"Al Nuzhah, North Jeddah, Jeddah"
"650,000",Apartment,4,1,111 Sq. M.,"Al Salamah, North Jeddah, Jeddah"
"720,000",Floor,3,3,180 Sq. M.,"Dirab, West Riyadh, Riyadh"
"7,000,000",Residential Building,11,11,910 Sq. M.,"Al Fayha, East Riyadh, Riyadh"
"950,000",Apartment,4,3,160 Sq. M.,"Al Rawdah, North Jeddah, Jeddah"
"1,550,000",Villa,2,3,330 Sq. M.,"Al Rabwa, Al Hofuf Eastern Region"
"2,450,000",Villa,4,5,526 Sq. M.,Aljubail Industrial
"600,000",Apartment,3,2,341 Sq. M.,"Al Rimal, East Riyadh, Riyadh"
"850,000",Apartment,3,3,750 Sq. M.,"Al Zahraa, North Jeddah, Jeddah"
"439,000",Apartment,3,3,510 Sq. M.,"Al Salamah, North Jeddah, Jeddah"
"530,000",Apartment,3,2,460 Sq. M.,"Al Rawdah, North Jeddah, Jeddah"
"570,000",Apartment,3,3,865 Sq. M.,"Al Rabwa, North Jeddah, Jeddah"
"529,000",Apartment,4,3,500 Sq. M.,"Al Naim, North Jeddah, Jeddah"
"519,000",Apartment,3,3,582 Sq. M.,"Al Hamraa, Central Jeddah, Jeddah"
"519,000",Apartment,3,3,582 Sq. M.,"Al Hamraa, Central Jeddah, Jeddah"
"519,000",Apartment,3,3,582 Sq. M.,"Al Hamraa, Central Jeddah, Jeddah"
"415,000",Apartment,3,3,630 Sq. M.,"Al Salamah, North Jeddah, Jeddah"
"464,000",Apartment,4,3,"1,358 Sq. M.","Bani Malik, North Jeddah, Jeddah"
"389,000",Apartment,3,3,"1,358 Sq. M.","Bani Malik, North Jeddah, Jeddah"
"415,000",Apartment,3,1,630 Sq. M.,"Al Salamah, North Jeddah, Jeddah"
"415,000",Apartment,3,3,630 Sq. M.,"Al Salamah, North Jeddah, Jeddah"
"440,000",Apartment,3,2,"1,092 Sq. M.","Al Hamraa, Central Jeddah, Jeddah"
"369,000",Apartment,3,3,800 Sq. M.,"Al Safa, North Jeddah, Jeddah"
"570,000",Apartment,3,3,865 Sq. M.,"Al Rabwa, North Jeddah, Jeddah"
"650,000",Apartment,4,3,750 Sq. M.,"Al Zahraa, North Jeddah, Jeddah"
"415,000",Apartment,3,3,630 Sq. M.,"Al Salamah, North Jeddah, Jeddah"
"464,000",Apartment,4,3,"1,358 Sq. M.","Bani Malik, North Jeddah, Jeddah"
"415,000",Apartment,3,3,630 Sq. M.,"Al Salamah, North Jeddah, Jeddah"
"620,000",Apartment,3,3,111 Sq. M.,"Al Naim, North Jeddah, Jeddah"
"650,000",Apartment,3,3,750 Sq. M.,"Al Zahraa, North Jeddah, Jeddah"
"655,000",Apartment,3,3,529 Sq. M.,"Al Rawdah, North Jeddah, Jeddah"
"439,000",Apartment,3,3,510 Sq. M.,"Al Salamah, North Jeddah, Jeddah"
"360,000",Apartment,3,3,726 Sq. M.,"Al Safa, North Jeddah, Jeddah"
"439,000",Apartment,3,3,510 Sq. M.,"Al Salamah, North Jeddah, Jeddah"
"369,000",Apartment,2,3,800 Sq. M.,"Al Safa, North Jeddah, Jeddah"
"530,000",Apartment,3,3,461 Sq. M.,"Al Rawdah, North Jeddah, Jeddah"
"570,000",Apartment,5,3,866 Sq. M.,"Al Rabwa, North Jeddah, Jeddah"
"480,000",Apartment,4,3,525 Sq. M.,"Al Faisaliyah, Central Jeddah, Jeddah"
"439,000",Apartment,3,3,510 Sq. M.,"Al Salamah, North Jeddah, Jeddah"
"449,000",Apartment,3,3,525 Sq. M.,"Al Naim, North Jeddah, Jeddah"
"439,000",Apartment,3,3,510 Sq. M.,"Al Salamah, North Jeddah, Jeddah"
"1,700,000",Floor,3,5,242 Sq. M.,"Al Munsiyah, East Riyadh, Riyadh"
"975,000",Apartment,4,3,129 Sq. M.,"Al Munsiyah, East Riyadh, Riyadh"
"850,000",Floor,3,4,166 Sq. M.,"Al Rimal, East Riyadh, Riyadh"
"950,000",Apartment,4,3,157 Sq. M.,"Al Rawdah, North Jeddah, Jeddah"
"1,100,000",Villa,5,2,371 Sq. M.,"Dahiyat Al Amir Sultan Al Shamalia, Al Oyun"
"450,000",Apartment,3,2,102 Sq. M.,"Al Marwah, North Jeddah, Jeddah"
"5,000,000",Rest House,4,3,"10,010 Sq. M.","Al Jamiah, Al Muzahimiyah Riyadh Region"
"2,850,000",Villa,5,4,312 Sq. M.,"Al Rimal, East Riyadh, Riyadh"
"1,150,000",Apartment,2,4,134 Sq. M.,"Al Munsiyah, East Riyadh, Riyadh"
"450,000",Apartment,2,2,138 Sq. M.,"Al Naqrah, Hail"
"680,000",Apartment,5,3,310 Sq. M.,"Alhazm, Buraydah Al Qassim Region"
"1,600,000",Villa,5,4,299 Sq. M.,"Al Gara, Abha"
"850,000",Villa,5,4,375 Sq. M.,"Hadri Al Bilad, Hail"
"750,000",Villa,6,4,204 Sq. M.,"Ash Shati 1, Al Qunfidhah"
"2,100,000",Villa,9,7,675 Sq. M.,"Al Faruq, Central Riyadh, Riyadh"
"700,000",Apartment,2,2,104 Sq. M.,"Al Saadah, East Riyadh, Riyadh"
"13,500,000",Villa,4,4,501 Sq. M.,"Al Narjis, North Riyadh, Riyadh"
"6,000,000",Residential Building,11,7,"1,085 Sq. M.","Al Salam, East Riyadh, Riyadh"
"580,000",Apartment,3,3,100 Sq. M.,"Al Naim, North Jeddah, Jeddah"
"540,000",Apartment,4,3,131 Sq. M.,"Al Marwah, North Jeddah, Jeddah"
"730,000",Apartment,5,3,130 Sq. M.,"Al Naim, North Jeddah, Jeddah"
"900,000",Apartment,5,3,158 Sq. M.,"Al Naim, North Jeddah, Jeddah"
"2,100,000",Villa,6,6,328 Sq. M.,"Al Rimal, East Riyadh, Riyadh"
"1,650,000",Floor,3,3,198 Sq. M.,"Qurtubah, East Riyadh, Riyadh"
"650,000",Apartment,5,3,164 Sq. M.,"Al Rehab, North Jeddah, Jeddah"
"650,000",Apartment,5,3,164 Sq. M.,"Al Rehab, North Jeddah, Jeddah"
"989,000",Apartment,3,3,130 Sq. M.,"Al Rawdah, East Riyadh, Riyadh"
"819,000",Apartment,3,3,134 Sq. M.,"Al Rimal, East Riyadh, Riyadh"
"1,180,000",Apartment,4,3,"1,500 Sq. M.","Al Munsiyah, East Riyadh, Riyadh"
"740,000",Apartment,4,3,117 Sq. M.,"Al Rawdah, North Jeddah, Jeddah"
"1,600,000",Apartment,2,3,156 Sq. M.,"Hittin, North Riyadh, Riyadh"
"1,200,000",Villa,6,6,520 Sq. M.,"Al Amwaj, Al Khobar"
"450,000",Apartment,3,2,78 Sq. M.,"Al Nuzhah, North Jeddah, Jeddah"
"4,350,000",Villa,4,5,528 Sq. M.,"Al Yasmin, North Riyadh, Riyadh"
"860,000",Floor,3,3,250 Sq. M.,"Shubra, West Riyadh, Riyadh"
"1,100,000",Villa,7,6,302 Sq. M.,"Taybah, South Riyadh, Riyadh"
"750,000",Floor,3,3,185 Sq. M.,"Al Janadriyah, East Riyadh, Riyadh"
"450,000",Apartment,3,3,174 Sq. M.,"Badr, South Riyadh, Riyadh"
"5,000,000",Villa,4,3,136 Sq. M.,"Al Munsiyah, East Riyadh, Riyadh"
"650,000",Apartment,4,3,111 Sq. M.,"Al Salamah, North Jeddah, Jeddah"
"839,000",Apartment,2,2,97 Sq. M.,"Al Rawdah, East Riyadh, Riyadh"
"989,000",Apartment,3,3,130 Sq. M.,"Al Rawdah, East Riyadh, Riyadh"
"540,000",Apartment,4,3,131 Sq. M.,"Al Marwah, North Jeddah, Jeddah"
"780,000",Villa,4,3,239 Sq. M.,"Al Ain, Bahrah 3"
"800,000",Villa,3,3,312 Sq. M.,"Al Riyadh, North Jeddah, Jeddah"
"700,000",Apartment,5,4,182 Sq. M.,"Al Fayhaa, North Jeddah, Jeddah"
"1,300,000",Villa,7,7,236 Sq. M.,"Nubala, Madina"
"3,500,000",Villa,7,5,383 Sq. M.,"Qurtubah, East Riyadh, Riyadh"
"1,650,000",Floor,5,4,172 Sq. M.,"Qurtubah, East Riyadh, Riyadh"
"3,500,000",Villa,8,7,383 Sq. M.,"Qurtubah, East Riyadh, Riyadh"
"670,000",Apartment,5,3,162 Sq. M.,"Al Nuzhah, North Jeddah, Jeddah"
"2,700,000",Villa,5,3,280 Sq. M.,"Al Basateen, North Jeddah, Jeddah"
"675,000",Apartment,3,2,900 Sq. M.,"Dhahrat Laban, West Riyadh, Riyadh"
"750,000",Apartment,5,3,136 Sq. M.,"Al Naim, North Jeddah, Jeddah"
"3,200,000",Villa,7,8,"4,980 Sq. M.","Qurtubah, East Riyadh, Riyadh"
"2,400,000",Villa,5,6,420 Sq. M.,"Al Bayan Neighborhood, East Riyadh, Riyadh"
"750,000",Apartment,5,3,136 Sq. M.,"Al Naim, North Jeddah, Jeddah"
"1,750,000",Villa,4,3,222 Sq. M.,"Al Munsiyah, East Riyadh, Riyadh"
"540,000",Apartment,4,3,131 Sq. M.,"Al Marwah, North Jeddah, Jeddah"
"730,000",Apartment,5,3,130 Sq. M.,"Al Naim, North Jeddah, Jeddah"
"1,150,000",Apartment,3,3,134 Sq. M.,"Al Munsiyah, East Riyadh, Riyadh"
"740,000",Apartment,4,3,117 Sq. M.,"Al Rawdah, North Jeddah, Jeddah"
"680,000",Apartment,5,3,161 Sq. M.,"Al Marwah, North Jeddah, Jeddah"
"680,000",Apartment,5,3,161 Sq. M.,"Al Marwah, North Jeddah, Jeddah"
"750,000",Apartment,4,3,167 Sq. M.,"Al Marwah, North Jeddah, Jeddah"
"3,200,000",Villa,4,5,383 Sq. M.,"Qurtubah, East Riyadh, Riyadh"
"750,000",Apartment,4,4,450 Sq. M.,"Al Mahdiyah, West Riyadh, Riyadh"
"870,000",Apartment,4,4,450 Sq. M.,"Al Mahdiyah, West Riyadh, Riyadh"
"550,000",Apartment,3,2,125 Sq. M.,"Dhahrat Laban, West Riyadh, Riyadh"
"2,500,000",Villa,5,5,500 Sq. M.,"Al Mahdiyah, West Riyadh, Riyadh"
"1,350,000",Villa,5,4,319 Sq. M.,"Tuwaiq, West Riyadh, Riyadh"
"670,000",Apartment,5,3,162 Sq. M.,"Al Nuzhah, North Jeddah, Jeddah"
"4,050,000",Villa,6,7,450 Sq. M.,"Al Mahdiyah, West Riyadh, Riyadh"
"6,500,000",Villa,10,10,750 Sq. M.,"Al Sahafah, North Riyadh, Riyadh"
"450,000",Apartment,3,3,177 Sq. M.,"Badr, South Riyadh, Riyadh"
"690,000",Apartment,3,3,219 Sq. M.,"Al Aziziyah, South Riyadh, Riyadh"
"470,000",Apartment,5,3,176 Sq. M.,"Al Shati, Jazan"
"950,000",Floor,4,4,186 Sq. M.,"Tuwaiq, West Riyadh, Riyadh"
"650,000",Apartment,5,3,164 Sq. M.,"Al Rehab, North Jeddah, Jeddah"
"670,000",Apartment,5,3,162 Sq. M.,"Al Nuzhah, North Jeddah, Jeddah"
"450,000",Apartment,3,2,102 Sq. M.,"Al Marwah, North Jeddah, Jeddah"
"800,000",Apartment,3,6,630 Sq. M.,"Badr, South Riyadh, Riyadh"
"360,000",Apartment,2,2,64 Sq. M.,"Al Marwa, South Riyadh, Riyadh"
"950,000",Apartment,6,3,197 Sq. M.,"Al Fayhaa, North Jeddah, Jeddah"
"750,000",Apartment,5,3,136 Sq. M.,"Al Naim, North Jeddah, Jeddah"
"500,000",Floor,4,4,251 Sq. M.,"Al Salam, Unayzah"
"430,000",Apartment,3,3,132 Sq. M.,"Badr, South Riyadh, Riyadh"
"680,000",Apartment,5,3,136 Sq. M.,"Al Salamah, North Jeddah, Jeddah"
"680,000",Apartment,5,3,136 Sq. M.,"Al Salamah, North Jeddah, Jeddah"
"680,000",Apartment,5,3,136 Sq. M.,"Al Salamah, North Jeddah, Jeddah"
"2,350,000",Villa,6,6,250 Sq. M.,"Al Yarmuk, East Riyadh, Riyadh"
"740,000",Apartment,4,3,117 Sq. M.,"Al Rawdah, North Jeddah, Jeddah"
"495,000",Apartment,4,3,124 Sq. M.,"Al Manar, North Jeddah, Jeddah"
"1,400,000",Villa,7,5,697 Sq. M.,"Namar, West Riyadh, Riyadh"
"680,000",Apartment,5,3,136 Sq. M.,"Al Salamah, North Jeddah, Jeddah"
"1,300,000",Floor,3,4,131 Sq. M.,"Al Munsiyah, East Riyadh, Riyadh"
"520,000",Apartment,7,7,239 Sq. M.,"North Al Tadamun, Khamis Mushait"
"6,500,000",Villa,5,7,377 Sq. M.,"Al Nakhil, North Riyadh, Riyadh"
"860,000",Floor,3,3,500 Sq. M.,"Shubra, West Riyadh, Riyadh"
"2,400,000",Villa,4,4,450 Sq. M.,"Alawali, West Riyadh, Riyadh"
"580,000",Apartment,3,3,111 Sq. M.,"Al Salamah, North Jeddah, Jeddah"
"540,000",Apartment,3,3,163 Sq. M.,"Okaz, South Riyadh, Riyadh"
"630,000",Apartment,4,3,111 Sq. M.,"Al Salamah, North Jeddah, Jeddah"
"5,000,000",Residential Building,3,2,394 Sq. M.,"As Salam, Makkah"
"860,000",Floor,3,3,500 Sq. M.,"Shubra, West Riyadh, Riyadh"
"580,000",Apartment,3,3,111 Sq. M.,"Al Salamah, North Jeddah, Jeddah"
"7,500,000",Villa,10,8,766 Sq. M.,"Al Nahdah, Dammam"
"1,800,000",Villa,8,6,310 Sq. M.,"Al Rimal, East Riyadh, Riyadh"
"4,000,000",Villa,3,2,345 Sq. M.,"Al Wadi, North Riyadh, Riyadh"
"3,000,000",Villa,8,5,450 Sq. M.,"Al Manar, East Riyadh, Riyadh"
"3,500,000",Villa,6,2,500 Sq. M.,"King Faisal, East Riyadh, Riyadh"
"1,300,000",Villa,2,4,375 Sq. M.,"Al Dar Al Baida, South Riyadh, Riyadh"
"2,800,000",Villa,11,6,480 Sq. M.,"Al Manar, East Riyadh, Riyadh"
"1,090,000",Floor,4,6,200 Sq. M.,"Al Janadriyah, East Riyadh, Riyadh"
"680,000",Apartment,4,6,69 Sq. M.,"Al Janadriyah, East Riyadh, Riyadh"
"3,500,000",Villa,6,5,375 Sq. M.,"Dhahrat Laban, West Riyadh, Riyadh"
"1,500,000",Villa,6,4,450 Sq. M.,"Tuwaiq, West Riyadh, Riyadh"
"922,500",Villa,10,5,360 Sq. M.,"Namar, West Riyadh, Riyadh"
"3,800,000",Building,10,10,400 Sq. M.,"Laban, West Riyadh, Riyadh"
"4,500,000",Villa,6,6,420 Sq. M.,"Al Yasmin, North Riyadh, Riyadh"
"500,000",Villa,10,5,420 Sq. M.,"Al Aziziyah, Dhurma"
"3,000,000",Villa,4,3,520 Sq. M.,"Al Khaleej, East Riyadh, Riyadh"
"3,240,000",Rest House,8,4,405 Sq. M.,"Al Arid, North Riyadh, Riyadh"
"860,000",Floor,5,6,500 Sq. M.,"Shubra, West Riyadh, Riyadh"
"860,000",Floor,3,4,500 Sq. M.,"Shubra, West Riyadh, Riyadh"
"750,000",Apartment,4,4,167 Sq. M.,"Al Marwah, North Jeddah, Jeddah"
"2,500,000",Villa,8,6,250 Sq. M.,"King Faisal, East Riyadh, Riyadh"
"750,000",Apartment,4,3,167 Sq. M.,"Al Marwah, North Jeddah, Jeddah"
"1,700,000",Villa,7,4,375 Sq. M.,"Al Hazm, West Riyadh, Riyadh"
"4,000,000",Building,10,10,469 Sq. M.,"Al Dhahirah, Madina"
"1,000,000",Apartment,5,4,186 Sq. M.,"Al Salamah, North Jeddah, Jeddah"
"1,400,000",Villa,5,6,220 Sq. M.,"Al Salehiyah, North Jeddah, Jeddah"
"3,600,000",Villa,4,6,400 Sq. M.,"Al Munsiyah, East Riyadh, Riyadh"
"2,500",Rest House,3,3,"3,000 Sq. M.","Al Ammariyah Farms, Al Ammariyah Riyadh Region"
"1,300,000",Villa,7,5,619 Sq. M.,"Al Difa, Madina"
"4,200,000",Villa,4,4,360 Sq. M.,"Al Narjis, North Riyadh, Riyadh"
"1,400,000",Floor,5,3,374 Sq. M.,"Tuwaiq, West Riyadh, Riyadh"
"1,250,000",Villa,8,9,247 Sq. M.,"Tuwaiq, West Riyadh, Riyadh"
"690,000",Floor,3,4,181 Sq. M.,"Okaz, South Riyadh, Riyadh"
"4,850,000",Villa,5,1,500 Sq. M.,"Agruba, Al Jubaylah"
"1,170,000",Floor,4,4,233 Sq. M.,"Al Rimal, East Riyadh, Riyadh"
"1,190,000",Apartment,1,1,640 Sq. M.,"Al Zahraa, North Jeddah, Jeddah"
"520,000",Apartment,4,3,718 Sq. M.,"Al Naim, North Jeddah, Jeddah"
"360,000",Apartment,3,3,690 Sq. M.,"Al Nuzhah, North Jeddah, Jeddah"
"360,000",Apartment,3,3,690 Sq. M.,"Al Nuzhah, North Jeddah, Jeddah"
"650,000",Apartment,1,1,162 Sq. M.,"Mudhainib, Madina"
"520,000",Apartment,4,3,718 Sq. M.,"Al Naim, North Jeddah, Jeddah"
"285,000",Apartment,2,2,726 Sq. M.,"Al Safa, North Jeddah, Jeddah"
"285,000",Apartment,2,3,726 Sq. M.,"Al Safa, North Jeddah, Jeddah"
"750,000",Apartment,4,3,152 Sq. M.,"Al Zahraa, North Jeddah, Jeddah"
"520,000",Apartment,4,3,718 Sq. M.,"Al Naim, North Jeddah, Jeddah"
"520,000",Apartment,4,3,718 Sq. M.,"Al Naim, North Jeddah, Jeddah"
"355,000",Apartment,3,3,630 Sq. M.,"Al Safa, North Jeddah, Jeddah"
"285,000",Apartment,2,2,726 Sq. M.,"Al Safa, North Jeddah, Jeddah"
"520,000",Apartment,4,3,719 Sq. M.,"Al Naim, North Jeddah, Jeddah"
"1,400,000",Floor,5,4,900 Sq. M.,"Alawali, West Riyadh, Riyadh"
"3,000,000",Villa,11,7,"1,600 Sq. M.","Uhud, Dammam"
"4,200,000",Villa,6,6,371 Sq. M.,"Al Munsiyah, East Riyadh, Riyadh"
"4,200,000",Villa,5,4,800 Sq. M.,"Al Yarmuk, East Riyadh, Riyadh"
"11,000,000",Villa,5,4,550 Sq. M.,"Al Narjis, North Riyadh, Riyadh"
"590,000",Apartment,3,3,111 Sq. M.,"Al Salamah, North Jeddah, Jeddah"
"3,300,000",Villa,5,6,273 Sq. M.,"Al Narjis, North Riyadh, Riyadh"
"3,500,000",Villa,5,5,360 Sq. M.,"Al Narjis, North Riyadh, Riyadh"
"1,500,000",Villa,11,7,499 Sq. M.,"Al Iskan, Madina"
"620,000",Apartment,6,4,183 Sq. M.,"Al Jisr, Al Khobar"
"1,550,000",Floor,4,5,206 Sq. M.,"Al Munsiyah, East Riyadh, Riyadh"
"900,000",Floor,3,3,189 Sq. M.,"Tuwaiq, West Riyadh, Riyadh"
"780,000",Floor,2,3,149 Sq. M.,"Uraidh, South Riyadh, Riyadh"
"320,000",Apartment,2,2,85 Sq. M.,"Batha Quraysh, Makkah"
"740,000",Apartment,4,3,118 Sq. M.,"Al Rawdah, North Jeddah, Jeddah"
"790,000",Apartment,3,3,137 Sq. M.,"Al Mahdiyah, West Riyadh, Riyadh"
"2,000,000",Villa,10,6,375 Sq. M.,"Namar, West Riyadh, Riyadh"
"5,300,000",Villa,7,5,375 Sq. M.,"Irqah, West Riyadh, Riyadh"
"1,850,000",Floor,3,4,195 Sq. M.,"Qurtubah, East Riyadh, Riyadh"
"1,700,000",Floor,4,3,195 Sq. M.,"Qurtubah, East Riyadh, Riyadh"
"1,600,000",Residential Building,3,3,228 Sq. M.,"Al Jaradiyah, West Riyadh, Riyadh"
"2,900,000",Villa,7,7,875 Sq. M.,"Al Sheraa, Al Khobar"
"1,550,000",Villa,6,5,375 Sq. M.,"Al Jamiyin, Tarout"
"2,200,000",Villa,7,5,500 Sq. M.,"Agruba, Al Jubaylah"
"1,800,000",Villa,5,1,244 Sq. M.,"Al Bayan Neighborhood, East Riyadh, Riyadh"
"6,000,000",Rest House,9,7,999 Sq. M.,"Al Rimal, East Riyadh, Riyadh"
"2,000,000",Villa,3,1,256 Sq. M.,"Dhahrat Laban, West Riyadh, Riyadh"
"1,300,000",Villa,5,4,184 Sq. M.,"Al Nasim Al Gharbi, East Riyadh, Riyadh"
"770,000",Villa,4,4,168 Sq. M.,"Badr, South Riyadh, Riyadh"
"4,400,000",Villa,8,7,840 Sq. M.,"Al Khaleej, East Riyadh, Riyadh"
"750,000",Floor,4,5,162 Sq. M.,"Al Janadriyah, East Riyadh, Riyadh"
"7,000,000",Villa,8,5,733 Sq. M.,"Ishbiliyah, East Riyadh, Riyadh"
"1,100,000",Villa,6,6,200 Sq. M.,"An Nabiyah, Saihat"
"1,982,000",Villa,9,7,381 Sq. M.,"Al Rimal, East Riyadh, Riyadh"
"1,500,000",Floor,3,3,160 Sq. M.,"Al Rimal, East Riyadh, Riyadh"
"350,000",Apartment,4,2,95 Sq. M.,"Badr, South Riyadh, Riyadh"
"1,060,000",Villa,7,7,244 Sq. M.,"King Fahd Suburb, Dammam"
"1,600,000",Villa,9,7,375 Sq. M.,"Tuwaiq, West Riyadh, Riyadh"
"2,300,000",Villa,8,7,341 Sq. M.,"Al Rimal, East Riyadh, Riyadh"
"2,200,000",Villa,10,7,300 Sq. M.,"Dhahrat Laban, West Riyadh, Riyadh"
"800,000",Apartment,3,2,143 Sq. M.,"Al Zahraa, North Jeddah, Jeddah"
"1,400,000",Floor,5,4,311 Sq. M.,"Al Janadriyah, East Riyadh, Riyadh"
"900,000",Floor,5,3,182 Sq. M.,"Al Janadriyah, East Riyadh, Riyadh"
"830,000",Floor,6,4,147 Sq. M.,"Al Murjan, East Riyadh, Riyadh"
"1,320,000",Villa,10,5,284 Sq. M.,"Al Janadriyah, East Riyadh, Riyadh"
"900,000",Floor,5,4,251 Sq. M.,"Al Janadriyah, East Riyadh, Riyadh"
"880,000",Floor,5,4,258 Sq. M.,"Al Janadriyah, East Riyadh, Riyadh"
"830,000",Floor,5,4,175 Sq. M.,"Al Janadriyah, East Riyadh, Riyadh"
"850,000",Floor,5,4,175 Sq. M.,"Al Janadriyah, East Riyadh, Riyadh"
"700,000",Villa,5,5,250 Sq. M.,"Al Dar Al Baida, South Riyadh, Riyadh"
"1,600,000",Villa,5,3,400 Sq. M.,"Al Sheraa, Al Khobar"
"900,000",Floor,5,4,251 Sq. M.,"Al Janadriyah, East Riyadh, Riyadh"
"2,000,000",Building,10,10,613 Sq. M.,"Harat Al Bab Al Jadid, Makkah"
"400,000",Floor,4,3,251 Sq. M.,"Al Salam, Al Kharj Riyadh Region"
"500,000",Apartment,3,3,186 Sq. M.,"Badr, Dammam"
"450,000",Apartment,3,3,153 Sq. M.,"Badr, Dammam"
"5,000,000",Building,10,10,504 Sq. M.,"Al Aziziyah, North Jeddah, Jeddah"
"1,100,000",Villa,3,6,351 Sq. M.,"Al Olaia District, Al Muzahimiyah Riyadh Region"
"700,000",Apartment,4,4,431 Sq. M.,"Taybay, Dammam"
"500,000",Floor,4,4,500 Sq. M.,"Al Talal, Hafar Al Batin"
"1,067,000",Villa,10,6,250 Sq. M.,"Al Suwaidi, West Riyadh, Riyadh"
"600,000",Floor,3,2,600 Sq. M.,"Al Aziziyah District, Al Duwadimi"
"1,300,000",Villa,5,5,379 Sq. M.,"Taybay, Dammam"
"700,000",Villa,6,4,250 Sq. M.,"King Fahd Suburb, Dammam"
"1,523,000",Floor,4,4,450 Sq. M.,"Dhahrat Laban, West Riyadh, Riyadh"
"580,000",Apartment,6,5,"3,225 Sq. M.","Al Shulah, Dammam"
"600,000",Apartment,7,5,220 Sq. M.,"Al Shulah, Dammam"
"2,300,000",Villa,5,5,158 Sq. M.,"Al Arid, North Riyadh, Riyadh"
"1,200,000",Villa,6,7,379 Sq. M.,"Taybay, Dammam"
"1,100,000",Villa,4,3,360 Sq. M.,"Al Amwaj, Al Khobar"
"650,000",Apartment,6,4,219 Sq. M.,"Al Dar Al Baida, South Riyadh, Riyadh"
"2,000,000",Villa,5,5,329 Sq. M.,"Al Malaz, Central Riyadh, Riyadh"
"2,700,000",Villa,10,6,410 Sq. M.,"Al Rimal, East Riyadh, Riyadh"
"1,040,000",Apartment,3,3,115 Sq. M.,"Al Arid, North Riyadh, Riyadh"
"1,100,000",Apartment,5,3,186 Sq. M.,"Al Rawdah, North Jeddah, Jeddah"
"2,000,000",Villa,5,5,329 Sq. M.,"Al Malaz, Central Riyadh, Riyadh"
"4,000,000",Villa,7,4,200 Sq. M.,"King Khalid International Airport, North Riyadh, Riyadh"
"950,000",Apartment,4,4,157 Sq. M.,"Al Rawdah, North Jeddah, Jeddah"
"950,000",Apartment,4,3,120 Sq. M.,"Al Mahdiyah, West Riyadh, Riyadh"
"2,450,000",Villa,5,6,235 Sq. M.,"Al Mahdiyah, West Riyadh, Riyadh"
"900,000",Apartment,3,3,130 Sq. M.,"Al Mahdiyah, West Riyadh, Riyadh"
"790,000",Apartment,5,3,175 Sq. M.,"Al Salamah, North Jeddah, Jeddah"
"1,500,000",Villa,7,6,286 Sq. M.,"Mudhainib, Madina"
"750,000",Apartment,4,3,120 Sq. M.,"Al Rawdah, North Jeddah, Jeddah"
"950,000",Apartment,4,4,157 Sq. M.,"Al Rawdah, North Jeddah, Jeddah"
"320,000",Apartment,3,3,659 Sq. M.,"Al Mraikh, North Jeddah, Jeddah"
"605,000",Apartment,5,3,160 Sq. M.,"Al Safa, North Jeddah, Jeddah"
"1,200,000",Villa,6,6,397 Sq. M.,"Abdullah Fouad Dammam, Dammam"
"1,100,000",Villa,3,3,156 Sq. M.,"Al Bayan Neighborhood, East Riyadh, Riyadh"
"2,450,000",Villa,7,6,437 Sq. M.,"Al Nasim Al Gharbi, East Riyadh, Riyadh"
"1,800,000",Villa,11,7,375 Sq. M.,"Al Aziziyah, South Riyadh, Riyadh"
"1,200,000",Apartment,5,4,268 Sq. M.,"Al Rimal, East Riyadh, Riyadh"
"1,450,000",Apartment,4,4,174 Sq. M.,"Qurtubah, East Riyadh, Riyadh"
"750,000",Apartment,4,3,114 Sq. M.,"Al Rawdah, North Jeddah, Jeddah"
"730,000",Apartment,4,3,112 Sq. M.,"Al Rawdah, North Jeddah, Jeddah"
"2,500,000",Building,10,10,229 Sq. M.,"Al Ud, Central Riyadh, Riyadh"
"740,000",Apartment,4,3,117 Sq. M.,"Al Rawdah, North Jeddah, Jeddah"
"4,000,000",Villa,6,5,481 Sq. M.,"Al Qadisiyah, East Riyadh, Riyadh"
"550,000",Apartment,4,4,550 Sq. M.,"Al Naim, North Jeddah, Jeddah"
"1,200,000",Villa,3,4,215 Sq. M.,"Al Rimal, East Riyadh, Riyadh"
"7,500,000",Villa,7,7,750 Sq. M.,"Al Nuzhah, Dammam"
"4,600,000",Villa,4,4,300 Sq. M.,"Al Narjis, North Riyadh, Riyadh"
"449,000",Apartment,2,3,120 Sq. M.,"Okaz, South Riyadh, Riyadh"
"550,000",Apartment,3,4,135 Sq. M.,"Al Hamra, Al Khobar"
"659,417",Apartment,3,3,187 Sq. M.,"Al Firdaws, Dammam"
"950,000",Floor,3,4,220 Sq. M.,"Tuwaiq, West Riyadh, Riyadh"
"4,000,000",Building,3,2,360 Sq. M.,"Al Aziziyah, South Riyadh, Riyadh"
"500,000",Apartment,3,3,140 Sq. M.,"Al Muntazah, Dammam"
"6,100,000",Villa,10,9,495 Sq. M.,"Al Narjis, North Riyadh, Riyadh"
"4,200,000",Building,9,8,780 Sq. M.,"Al Nahdah, East Riyadh, Riyadh"
650,Apartment,Studio,4,164 Sq. M.,"Laban, West Riyadh, Riyadh"
"900,000",Floor,8,7,145 Sq. M.,"Al Dar Al Baida, South Riyadh, Riyadh"
"3,000,000",Villa,7,6,500 Sq. M.,"Agruba, Al Jubaylah"
"5,700,000",Villa,4,4,300 Sq. M.,"Al Malqa, North Riyadh, Riyadh"
"4,000,000",Villa,4,4,500 Sq. M.,"Al Yasmin, North Riyadh, Riyadh"
"740,000",Apartment,4,3,112 Sq. M.,"Al Rawdah, North Jeddah, Jeddah"
"540,000",Apartment,4,3,163 Sq. M.,"Okaz, South Riyadh, Riyadh"
"770,000",Apartment,5,3,630 Sq. M.,"Badr, South Riyadh, Riyadh"
"770,000",Apartment,4,3,630 Sq. M.,"Badr, South Riyadh, Riyadh"
"530,000",Apartment,3,3,163 Sq. M.,"Okaz, South Riyadh, Riyadh"
"550,000",Apartment,3,3,146 Sq. M.,"Badr, South Riyadh, Riyadh"
"980,000",Apartment,3,3,143 Sq. M.,"Al Suwaidi, West Riyadh, Riyadh"
"800,000",Apartment,3,3,630 Sq. M.,"Badr, South Riyadh, Riyadh"
"1,600,000",Villa,7,6,400 Sq. M.,"Al Sawari, Al Khobar"
"3,500,000",Villa,6,7,357 Sq. M.,"Qurtubah, East Riyadh, Riyadh"
770,Floor,5,4,206 Sq. M.,"Al Hazm, West Riyadh, Riyadh"
"550,000",Apartment,4,4,211 Sq. M.,"Ishbiliyah, Al Jubail"
"1,900,000",Villa,4,4,390 Sq. M.,"Madinat Al Bohairat, North Jeddah, Jeddah"
"1,200,000",Villa,5,4,200 Sq. M.,"Al Khomrah, South Jeddah, Jeddah"
"820,000",Villa,7,6,318 Sq. M.,"Al Sawari, Al Khobar"
"710,000",Villa,6,5,273 Sq. M.,"Al Danah, Al Hofuf Eastern Region"
"1,500,000",Villa,5,3,300 Sq. M.,"Al Rahmanyah, North Jeddah, Jeddah"
"750,000",Apartment,4,3,120 Sq. M.,"Al Rawdah, North Jeddah, Jeddah"
"2,950,000",Villa,6,6,500 Sq. M.,"Al Buhairah, Al Khobar"
"1,350,000",Floor,3,4,165 Sq. M.,"Al Munsiyah, East Riyadh, Riyadh"
"1,350,000",Apartment,4,3,155 Sq. M.,"Al Mahdiyah, West Riyadh, Riyadh"
"1,550,000",Villa,1,1,435 Sq. M.,"Shuran, Madina"
"4,000,000",Villa,5,5,427 Sq. M.,"Agruba, Al Jubaylah"
"850,000",Apartment,5,4,421 Sq. M.,"Al Faisaliyah, Central Jeddah, Jeddah"
"525,000",Apartment,1,1,520 Sq. M.,"Al Salamah, North Jeddah, Jeddah"
"1,250,000",Apartment,6,3,700 Sq. M.,"Al Zahraa, North Jeddah, Jeddah"
"850,000",Apartment,5,3,421 Sq. M.,"Al Faisaliyah, Central Jeddah, Jeddah"
"490,000",Apartment,1,1,172 Sq. M.,"Wadi Al Battan, Madina"
"1,550,000",Villa,1,1,371 Sq. M.,"Al Ranuna, Madina"
"1,850,000",Villa,1,1,576 Sq. M.,"Al Ranuna, Madina"
"650,000",Apartment,4,4,112 Sq. M.,"Al Rimal, East Riyadh, Riyadh"
"1,450,000",Apartment,3,3,"4,980 Sq. M.","Qurtubah, East Riyadh, Riyadh"
"680,000",Apartment,1,1,244 Sq. M.,"Al Jamawat, Madina"
"330,000",Apartment,3,3,"1,920 Sq. M.","Al Jameah District, South Jeddah, Jeddah"
"330,000",Apartment,3,2,"1,920 Sq. M.","Al Jameah District, South Jeddah, Jeddah"
"560,000",Apartment,3,3,865 Sq. M.,"Al Rabwa, North Jeddah, Jeddah"
"550,000",Apartment,1,1,151 Sq. M.,"Ayn Al Khif, Madina"
"360,000",Apartment,3,3,726 Sq. M.,"Al Safa, North Jeddah, Jeddah"
"330,000",Apartment,3,3,"1,920 Sq. M.","Al Jameah District, South Jeddah, Jeddah"
"529,000",Apartment,4,3,500 Sq. M.,"Al Naim, North Jeddah, Jeddah"
"2,900,000",Villa,3,3,375 Sq. M.,"Al Sadafah, Dammam"
"499,000",Apartment,4,3,660 Sq. M.,"Al Salamah, North Jeddah, Jeddah"
"360,000",Apartment,3,3,726 Sq. M.,"Al Safa, North Jeddah, Jeddah"
"430,000",Apartment,3,3,108 Sq. M.,"Al Firdaws, Dammam"
"420,000",Apartment,4,3,750 Sq. M.,"Al Nuzhah, North Jeddah, Jeddah"
"2,200,000",Villa,6,5,408 Sq. M.,"Al Nahdah, Dammam"
"2,400,000",Villa,8,7,700 Sq. M.,"Al Hussam, Dammam"
"380,000",Apartment,3,3,726 Sq. M.,"Al Safa, North Jeddah, Jeddah"
"599,000",Apartment,1,1,144 Sq. M.,"Mudhainib, Madina"
"475,000",Apartment,4,3,726 Sq. M.,"Al Safa, North Jeddah, Jeddah"
"519,000",Apartment,3,3,582 Sq. M.,"Al Hamraa, Central Jeddah, Jeddah"
"519,000",Apartment,3,3,582 Sq. M.,"Al Hamraa, Central Jeddah, Jeddah"
"519,000",Apartment,3,3,582 Sq. M.,"Al Hamraa, Central Jeddah, Jeddah"
"669,000",Apartment,4,3,630 Sq. M.,"Al Nahdah, North Jeddah, Jeddah"
"519,000",Apartment,3,3,582 Sq. M.,"Al Hamraa, Central Jeddah, Jeddah"
"399,000",Apartment,3,3,421 Sq. M.,"Al Faisaliyah, Central Jeddah, Jeddah"
"279,000",Apartment,2,2,"1,784 Sq. M.","Al Bawadi, North Jeddah, Jeddah"
"2,200,000",Villa,4,4,346 Sq. M.,"Al Muntazah, Dammam"
"500,000",Apartment,3,3,511 Sq. M.,"Al Rawdah, North Jeddah, Jeddah"
"475,000",Apartment,4,3,726 Sq. M.,"Al Safa, North Jeddah, Jeddah"
"640,000",Apartment,1,1,182 Sq. M.,"Al Duwaikhilah, Madina"
"449,000",Apartment,3,3,500 Sq. M.,"Al Naim, North Jeddah, Jeddah"
"519,000",Apartment,3,3,582 Sq. M.,"Al Hamraa, Central Jeddah, Jeddah"
"519,000",Apartment,3,3,582 Sq. M.,"Al Hamraa, Central Jeddah, Jeddah"
"299,000",Apartment,2,2,875 Sq. M.,"Al Salamah, North Jeddah, Jeddah"
"275,000",Apartment,2,2,900 Sq. M.,"Al Safa, North Jeddah, Jeddah"
"350,000",Apartment,3,3,900 Sq. M.,"Al Safa, North Jeddah, Jeddah"
"799,000",Apartment,2,2,630 Sq. M.,"Al Nahdah, North Jeddah, Jeddah"
"519,000",Apartment,3,3,582 Sq. M.,"Al Hamraa, Central Jeddah, Jeddah"
"429,000",Apartment,2,2,501 Sq. M.,"Al Rawdah, North Jeddah, Jeddah"
"2,980,000",Villa,4,5,427 Sq. M.,"Al Saif, Dammam"
"349,000",Apartment,2,2,698 Sq. M.,"Al Sawari, North Jeddah, Jeddah"
"399,000",Apartment,3,3,421 Sq. M.,"Al Faisaliyah, Central Jeddah, Jeddah"
"399,000",Apartment,3,1,421 Sq. M.,"Al Faisaliyah, Central Jeddah, Jeddah"
"399,000",Apartment,3,3,421 Sq. M.,"Al Faisaliyah, Central Jeddah, Jeddah"
"2,450,000",Villa,6,5,300 Sq. M.,"Al Rimal, East Riyadh, Riyadh"
"279,000",Apartment,2,3,"1,785 Sq. M.","Al Bawadi, North Jeddah, Jeddah"
"279,000",Apartment,2,2,"1,784 Sq. M.","Al Bawadi, North Jeddah, Jeddah"
"279,000",Apartment,2,2,"1,784 Sq. M.","Al Bawadi, North Jeddah, Jeddah"
"449,000",Apartment,3,3,500 Sq. M.,"Al Naim, North Jeddah, Jeddah"
"449,000",Apartment,3,3,500 Sq. M.,"Al Naim, North Jeddah, Jeddah"
"500,000",Apartment,3,2,511 Sq. M.,"Al Rawdah, North Jeddah, Jeddah"
"449,000",Apartment,3,3,500 Sq. M.,"Al Naim, North Jeddah, Jeddah"
"299,000",Apartment,2,2,875 Sq. M.,"Al Salamah, North Jeddah, Jeddah"
"429,000",Apartment,2,2,501 Sq. M.,"Al Rawdah, North Jeddah, Jeddah"
"500,000",Apartment,3,3,511 Sq. M.,"Al Rawdah, North Jeddah, Jeddah"
"390,000",Apartment,4,3,500 Sq. M.,"Al Safa, North Jeddah, Jeddah"
"390,000",Apartment,3,3,500 Sq. M.,"Al Safa, North Jeddah, Jeddah"
"655,000",Apartment,3,3,529 Sq. M.,"Al Rawdah, North Jeddah, Jeddah"
"429,000",Apartment,2,2,525 Sq. M.,"Al Rawdah, North Jeddah, Jeddah"
"415,000",Apartment,3,1,580 Sq. M.,"Al Salamah, North Jeddah, Jeddah"
"299,000",Apartment,2,2,750 Sq. M.,"Al Safa, North Jeddah, Jeddah"
"380,000",Apartment,3,3,750 Sq. M.,"Al Safa, North Jeddah, Jeddah"
"435,000",Apartment,3,3,575 Sq. M.,"Al Naim, North Jeddah, Jeddah"
"380,000",Apartment,3,3,750 Sq. M.,"Al Safa, North Jeddah, Jeddah"
"519,000",Apartment,3,3,582 Sq. M.,"Al Hamraa, Central Jeddah, Jeddah"
"669,000",Apartment,3,3,630 Sq. M.,"Al Nahdah, North Jeddah, Jeddah"
"279,000",Apartment,3,3,"1,784 Sq. M.","Al Bawadi, North Jeddah, Jeddah"
"275,000",Apartment,2,2,900 Sq. M.,"Al Safa, North Jeddah, Jeddah"
"669,000",Apartment,3,3,630 Sq. M.,"Al Nahdah, North Jeddah, Jeddah"
"500,000",Apartment,3,3,511 Sq. M.,"Al Rawdah, North Jeddah, Jeddah"
"449,000",Apartment,3,3,500 Sq. M.,"Al Naim, North Jeddah, Jeddah"
"399,000",Apartment,3,3,421 Sq. M.,"Al Faisaliyah, Central Jeddah, Jeddah"
"429,000",Apartment,2,2,502 Sq. M.,"Al Rawdah, North Jeddah, Jeddah"
"535,000",Apartment,3,3,450 Sq. M.,"Al Rawdah, North Jeddah, Jeddah"
"390,000",Apartment,4,3,500 Sq. M.,"Al Safa, North Jeddah, Jeddah"
"389,000",Apartment,3,3,598 Sq. M.,"Al Faisaliyah, Central Jeddah, Jeddah"
"429,000",Apartment,2,2,524 Sq. M.,"Al Rawdah, North Jeddah, Jeddah"
"365,000",Apartment,3,3,625 Sq. M.,"Al Faisaliyah, Central Jeddah, Jeddah"
"279,000",Apartment,2,2,"1,785 Sq. M.","Al Bawadi, North Jeddah, Jeddah"
"449,000",Apartment,3,3,500 Sq. M.,"Al Naim, North Jeddah, Jeddah"
"415,000",Apartment,3,2,580 Sq. M.,"Al Salamah, North Jeddah, Jeddah"
"299,000",Apartment,2,2,750 Sq. M.,"Al Safa, North Jeddah, Jeddah"
"529,000",Apartment,3,3,500 Sq. M.,"Al Naim, North Jeddah, Jeddah"
"330,000",Apartment,3,2,"1,920 Sq. M.","Al Jameah District, South Jeddah, Jeddah"
"284,000",Apartment,3,2,726 Sq. M.,"Al Safa, North Jeddah, Jeddah"
"519,000",Apartment,3,3,582 Sq. M.,"Al Hamraa, Central Jeddah, Jeddah"
"284,000",Apartment,2,2,726 Sq. M.,"Al Safa, North Jeddah, Jeddah"
"799,000",Apartment,4,3,630 Sq. M.,"Al Nahdah, North Jeddah, Jeddah"
"309,000",Apartment,3,3,"1,358 Sq. M.","Bani Malik, North Jeddah, Jeddah"
"360,000",Apartment,2,2,726 Sq. M.,"Al Safa, North Jeddah, Jeddah"
"284,000",Apartment,2,2,726 Sq. M.,"Al Safa, North Jeddah, Jeddah"
"449,000",Apartment,3,3,500 Sq. M.,"Al Naim, North Jeddah, Jeddah"
"275,000",Apartment,2,2,900 Sq. M.,"Al Safa, North Jeddah, Jeddah"
"420,000",Apartment,4,3,750 Sq. M.,"Al Nuzhah, North Jeddah, Jeddah"
"519,000",Apartment,3,3,582 Sq. M.,"Al Hamraa, Central Jeddah, Jeddah"
"799,000",Apartment,4,3,630 Sq. M.,"Al Nahdah, North Jeddah, Jeddah"
"730,000",Apartment,5,3,130 Sq. M.,"Al Naim, North Jeddah, Jeddah"
"730,000",Apartment,1,1,112 Sq. M.,"Al Rawdah, North Jeddah, Jeddah"
"900,000",Apartment,1,1,158 Sq. M.,"Al Naim, North Jeddah, Jeddah"
"950,000",Apartment,4,3,157 Sq. M.,"Al Rawdah, North Jeddah, Jeddah"
"1,350,000",Villa,7,6,200 Sq. M.,"Tuwaiq, West Riyadh, Riyadh"
"435,000",Apartment,3,3,575 Sq. M.,"Al Naim, North Jeddah, Jeddah"
"365,000",Apartment,3,3,625 Sq. M.,"Al Faisaliyah, Central Jeddah, Jeddah"
"1,700,000",Villa,4,6,250 Sq. M.,"Al Quds, East Riyadh, Riyadh"
"5,700,000",Villa,4,4,300 Sq. M.,"Al Malqa, North Riyadh, Riyadh"
"580,000",Apartment,3,3,100 Sq. M.,"Al Naim, North Jeddah, Jeddah"
"535,000",Apartment,5,3,142 Sq. M.,"Al Waha, North Jeddah, Jeddah"
"750,000",Floor,5,5,612 Sq. M.,"Ar Rehab, Al Namas"
"1,650,000",Villa,4,3,467 Sq. M.,"Al Bashaer, North Jeddah, Jeddah"
"1,250,000",Villa,5,4,600 Sq. M.,"Al Wurud, Rumah"
"1,850,000",Villa,4,4,500 Sq. M.,"Al Ranuna, Madina"
"3,200,000",Villa,5,5,639 Sq. M.,"Ad Danah Al Janubiyah, Dammam"
"600,000",Apartment,4,3,167 Sq. M.,"Al Suwaidi, West Riyadh, Riyadh"
"3,500,000",Villa,4,5,336 Sq. M.,"Al Yasmin, North Riyadh, Riyadh"
"4,700,000",Villa,6,5,480 Sq. M.,"Al Sahafah, North Riyadh, Riyadh"
"1,600,000",Villa,5,4,362 Sq. M.,"Al Hada District, Al Muzahimiyah Riyadh Region"
"680,000",Apartment,6,4,203 Sq. M.,"Governmental1, Jeddah"
"850,000",Villa,3,3,162 Sq. M.,"Thuqbah, Al Khobar"
"730,000",Apartment,5,3,130 Sq. M.,"Al Naim, North Jeddah, Jeddah"
"3,200,000",Villa,4,5,625 Sq. M.,"Qurtubah, East Riyadh, Riyadh"
"3,450,000",Villa,4,4,250 Sq. M.,"Al Narjis, North Riyadh, Riyadh"
"730,000",Apartment,4,3,112 Sq. M.,"Al Rawdah, North Jeddah, Jeddah"
"1,750,000",Villa,6,5,420 Sq. M.,"Tuwaiq, West Riyadh, Riyadh"
"1,300,000",Villa,4,5,300 Sq. M.,"Al Khuzami District, Al Ahsa"
"7,000,000",Rest House,6,1,"1,475 Sq. M.","Al Rimal, East Riyadh, Riyadh"
"9,000,000",Villa,4,4,650 Sq. M.,"Al Malqa, North Riyadh, Riyadh"
"1,700,000",Villa,6,7,200 Sq. M.,"Al Faruq, Central Riyadh, Riyadh"
"1,600,000",Villa,7,7,330 Sq. M.,"Al Rabwa, Al Hofuf Eastern Region"
"740,000",Apartment,4,3,114 Sq. M.,"Al Rawdah, North Jeddah, Jeddah"
"580,000",Apartment,3,3,100 Sq. M.,"Al Naim, North Jeddah, Jeddah"
"570,000",Apartment,3,3,111 Sq. M.,"Al Salamah, North Jeddah, Jeddah"
"730,000",Apartment,4,3,112 Sq. M.,"Al Rawdah, North Jeddah, Jeddah"
"829,000",Apartment,3,3,145 Sq. M.,"Al Rimal, East Riyadh, Riyadh"
680,Apartment,5,3,136 Sq. M.,"Al Salamah, North Jeddah, Jeddah"
"680,000",Apartment,5,3,136 Sq. M.,"Al Salamah, North Jeddah, Jeddah"
"1,100,000",Villa,3,3,219 Sq. M.,"Al Rimal, East Riyadh, Riyadh"
"680,000",Apartment,5,3,136 Sq. M.,"Al Salamah, North Jeddah, Jeddah"
"950,000",Floor,3,3,500 Sq. M.,"Shubra, West Riyadh, Riyadh"
"800,000",Floor,3,3,500 Sq. M.,"Shubra, West Riyadh, Riyadh"
"1,300,000",Villa,7,5,375 Sq. M.,"Shubra, West Riyadh, Riyadh"
"1,109,000",Apartment,3,3,151 Sq. M.,"Al Narjis, North Riyadh, Riyadh"
"1,150,000",Villa,11,7,472 Sq. M.,"Al Rabie, Khamis Mushait"
"5,000,000",Villa,11,7,480 Sq. M.,"Al Sahafah, North Riyadh, Riyadh"
"2,400,000",Villa,6,5,765 Sq. M.,"Al Hussam, Dammam"
"1,500,000",Villa,6,5,328 Sq. M.,"Tuwaiq, West Riyadh, Riyadh"
"1,350,000",Villa,6,5,200 Sq. M.,"Tuwaiq, West Riyadh, Riyadh"
"950,000",Floor,6,4,360 Sq. M.,"Al Bayan Neighborhood, East Riyadh, Riyadh"
"2,200,000",Villa,6,6,800 Sq. M.,"Al Tahliyah, Al Khobar"
"3,800,000",Building,3,3,900 Sq. M.,"Al Shati Al Sharqi, Dammam"
"461,951",Apartment,3,3,164 Sq. M.,"Al Nur, Dammam"
"876,800",Villa,4,3,250 Sq. M.,"King Fahd Suburb, Dammam"
"475,000",Apartment,3,2,183 Sq. M.,"Al Nur, Dammam"
"440,000",Apartment,3,2,177 Sq. M.,"Al Nur, Dammam"
"404,503",Apartment,3,2,178 Sq. M.,"Al Nur, Dammam"
"550,000",Apartment,5,3,216 Sq. M.,"Al Muhammadiyah 2, Jazan"
50,Apartment,4,3,147 Sq. M.,"King Fahd, Madina"
"1,200,000",Floor,5,3,277 Sq. M.,"Al Rimal, East Riyadh, Riyadh"
"2,500,000",Villa,6,5,360 Sq. M.,"Al Bayan Neighborhood, East Riyadh, Riyadh"
"943,000",Villa,5,7,304 Sq. M.,"Al Manar, Unayzah"
"891,000",Apartment,3,2,142 Sq. M.,"Al Mahdiyah, West Riyadh, Riyadh"
"891,000",Apartment,3,2,142 Sq. M.,"Al Mahdiyah, West Riyadh, Riyadh"
"750,000",Apartment,3,5,478 Sq. M.,"Al Mahdiyah, West Riyadh, Riyadh"
"750,000",Apartment,3,3,478 Sq. M.,"Al Mahdiyah, West Riyadh, Riyadh"
"3,100,000",Villa,5,5,366 Sq. M.,"Al Mahdiyah, West Riyadh, Riyadh"
"1,800,000",Villa,5,5,366 Sq. M.,"Al Mahdiyah, West Riyadh, Riyadh"
"850,000",Apartment,3,3,150 Sq. M.,"Al Mahdiyah, West Riyadh, Riyadh"
"1,980,000",Villa,6,5,200 Sq. M.,"Al Mahdiyah, West Riyadh, Riyadh"
"1,800,000",Villa,6,5,366 Sq. M.,"Al Mahdiyah, West Riyadh, Riyadh"
"1,800,000",Villa,6,5,366 Sq. M.,"Al Mahdiyah, West Riyadh, Riyadh"
"1,800,000",Villa,5,5,200 Sq. M.,"Al Mahdiyah, West Riyadh, Riyadh"
"1,200,000",Villa,3,3,270 Sq. M.,"Badr, South Riyadh, Riyadh"
"7,000,000",Villa,5,5,"1,200 Sq. M.","Dhahrat Laban, West Riyadh, Riyadh"
"650,000",Apartment,3,2,131 Sq. M.,"Dhahrat Laban, West Riyadh, Riyadh"
"2,300,000",Villa,9,7,300 Sq. M.,"Al Rimal, East Riyadh, Riyadh"
"1,450,000",Villa,6,3,302 Sq. M.,"Tuwaiq, West Riyadh, Riyadh"
"1,500,000",Villa,5,5,215 Sq. M.,"Dhahrat Laban, West Riyadh, Riyadh"
"750,000",Apartment,4,3,130 Sq. M.,"Laban, West Riyadh, Riyadh"
"7,000,000",Villa,7,7,800 Sq. M.,"Laban, West Riyadh, Riyadh"
"890,000",Villa,7,5,353 Sq. M.,"Ar Rehab 3, Jazan"
"680,000",Apartment,5,3,137 Sq. M.,"Al Salamah, North Jeddah, Jeddah"
"985,000",Apartment,3,3,151 Sq. M.,"Al Nahdah, East Riyadh, Riyadh"
"290,000",Rest House,4,3,700 Sq. M.,"Al Rawabi, Buraydah Al Qassim Region"
"680,000",Apartment,2,3,600 Sq. M.,"Al Salam, Madina"
"1,200,000",Villa,5,4,345 Sq. M.,"Al Jameyeen, Al Hofuf Eastern Region"
"600,000",Apartment,6,5,203 Sq. M.,"Al Yaqoot, Abha"
"3,200,000",Villa,7,8,"4,980 Sq. M.","Qurtubah, East Riyadh, Riyadh"
"980,000",Floor,3,4,158 Sq. M.,"Al Saadah, East Riyadh, Riyadh"
"2,850,000",Villa,6,9,300 Sq. M.,"Al Munsiyah, East Riyadh, Riyadh"
"3,000,000",Villa,6,5,500 Sq. M.,"King Faisal, East Riyadh, Riyadh"
"580,000",Floor,3,2,170 Sq. M.,"Al Rimal, East Riyadh, Riyadh"
"1,100,000",Villa,11,6,378 Sq. M.,"An Noor, Jazan"
"1,109,000",Apartment,3,3,151 Sq. M.,"Al Narjis, North Riyadh, Riyadh"
"4,500,000",Residential Building,11,11,550 Sq. M.,"Al Safa, North Jeddah, Jeddah"
"360,000",Apartment,1,1,64 Sq. M.,"Al Marwa, South Riyadh, Riyadh"
"630,000",Apartment,4,3,112 Sq. M.,"Al Salamah, North Jeddah, Jeddah"
"1,200,000",Floor,5,4,713 Sq. M.,"King Khalid District, Unayzah"
"800,000",Villa,5,4,731 Sq. M.,"Al Ulayya, Unayzah"
"900,000",Apartment,6,4,188 Sq. M.,"Al Naim, North Jeddah, Jeddah"
"730,000",Apartment,4,3,112 Sq. M.,"Al Rawdah, North Jeddah, Jeddah"
"979,000",Apartment,3,2,120 Sq. M.,"Al Rawdah, East Riyadh, Riyadh"
"950,000",Floor,3,4,244 Sq. M.,"Al Janadriyah, East Riyadh, Riyadh"
"7,500,000",Villa,7,9,750 Sq. M.,"Al Nuzhah, Dammam"
"829,000",Apartment,3,3,145 Sq. M.,"Al Rimal, East Riyadh, Riyadh"
"999,000",Apartment,3,3,184 Sq. M.,"Al Nuzhah, North Jeddah, Jeddah"
"550,000",Apartment,5,3,128 Sq. M.,"Al Zahrah, West Riyadh, Riyadh"
"797,000",Apartment,3,3,88 Sq. M.,"Al Qadisiyah, East Riyadh, Riyadh"
"730,000",Apartment,3,3,141 Sq. M.,"Al Maizilah, East Riyadh, Riyadh"
"800,000",Floor,3,3,194 Sq. M.,"Tuwaiq, West Riyadh, Riyadh"
"1,200,000",Apartment,2,2,187 Sq. M.,"Al Rimal, East Riyadh, Riyadh"
"1,200,000",Floor,4,4,432 Sq. M.,"Al Murjan, East Riyadh, Riyadh"
"1,100,000",Villa,4,6,268 Sq. M.,"Al Janadriyah, East Riyadh, Riyadh"
"986,000",Villa,11,7,800 Sq. M.,"Al Shefaa, Hail"
"250,000",Villa,4,2,330 Sq. M.,"Al Aziziyah, Hafar Al Batin"
"1,222,735",Villa,6,7,333 Sq. M.,"Al Dar Al Baida, South Riyadh, Riyadh"
"1,350,000",Villa,6,6,400 Sq. M.,"Al Uraija Al Gharbiyah, West Riyadh, Riyadh"
"1,350,000",Villa,6,7,281 Sq. M.,"King Fahd Suburb, Dammam"
"1,950,000",Villa,11,5,483 Sq. M.,"Al Anabis, Madina"
"1,300,000",Apartment,3,4,167 Sq. M.,"Al Rimal, East Riyadh, Riyadh"
"3,000,000",Villa,5,6,270 Sq. M.,"Al Narjis, North Riyadh, Riyadh"
"1,550,000",Floor,5,6,206 Sq. M.,"Al Munsiyah, East Riyadh, Riyadh"
"1,000,000",Floor,3,3,163 Sq. M.,"Al Bayan Neighborhood, East Riyadh, Riyadh"
"860,000",Apartment,4,4,184 Sq. M.,"Al Rimal, East Riyadh, Riyadh"
"2,000,000",Villa,4,3,250 Sq. M.,"Dhahrat Laban, West Riyadh, Riyadh"
"2,800,000",Villa,5,3,448 Sq. M.,"Al Bayan Neighborhood, East Riyadh, Riyadh"
"1,110,000",Floor,4,3,185 Sq. M.,"Al Rimal, East Riyadh, Riyadh"
"4,200,000",Villa,5,4,300 Sq. M.,"Al Narjis, North Riyadh, Riyadh"
"600,300",Residential Land,1,1,207 Sq. M.,"Al Kair District, North Riyadh, Riyadh"
"480,000",Apartment,3,3,180 Sq. M.,"Badr, South Riyadh, Riyadh"
"2,000",Villa,8,6,550 Sq. M.,"Al Marwa, South Riyadh, Riyadh"
"2,100,000",Villa,4,6,328 Sq. M.,"Al Rimal, East Riyadh, Riyadh"
"1,500,000",Villa,4,4,375 Sq. M.,"Okaz, South Riyadh, Riyadh"
"3,400,000",Villa,5,9,250 Sq. M.,"Al Narjis, North Riyadh, Riyadh"
"900,000",Rest House,4,3,"5,250 Sq. M.","Amal District, Al Bukayriyah"
"1,000,000",Floor,3,4,165 Sq. M.,"Al Janadriyah, East Riyadh, Riyadh"
"1,100,000",Floor,4,4,170 Sq. M.,"Al Rimal, East Riyadh, Riyadh"
"650,000",Apartment,1,1,123 Sq. M.,"Al Salamah, North Jeddah, Jeddah"
"650,000",Apartment,1,1,123 Sq. M.,"Al Salamah, North Jeddah, Jeddah"
"1,130,000",Apartment,4,3,125 Sq. M.,"Al Arid, North Riyadh, Riyadh"
"650,000",Apartment,3,3,171 Sq. M.,"Dhahrat Laban, West Riyadh, Riyadh"
"450,000",Apartment,4,3,122 Sq. M.,"Al Waha, North Jeddah, Jeddah"
"1,750,000",Floor,4,5,621 Sq. M.,"Al Munsiyah, East Riyadh, Riyadh"
"680,000",Apartment,3,4,133 Sq. M.,"Al Janadriyah, East Riyadh, Riyadh"
"500,000",Apartment,4,3,146 Sq. M.,"Al Hazm, West Riyadh, Riyadh"
"455,000",Residential Land,3,2,"1,250 Sq. M.","Al Salamah, North Jeddah, Jeddah"
"6,000",Residential Land,3,3,"1,250 Sq. M.","Al Salamah, North Jeddah, Jeddah"
"1,250,000",Floor,3,4,203 Sq. M.,"Al Qadisiyah, East Riyadh, Riyadh"
"1,250,000",Floor,3,4,203 Sq. M.,"Al Qadisiyah, East Riyadh, Riyadh"
"270,000",Residential Land,1,1,630 Sq. M.,"Prince Sultan bin Abdulaziz, Al Majmaah Riyadh Region"
"750,000",Residential Land,9,10,300 Sq. M.,"Al Wasam, Riyadh"
"1,080,000",Villa,6,5,240 Sq. M.,"Al Uraija Al Wusta, West Riyadh, Riyadh"
"950,000",Floor,3,4,169 Sq. M.,"Al Janadriyah, East Riyadh, Riyadh"
"3,500,000",Villa,11,6,500 Sq. M.,"Agruba, Al Jubaylah"
"1,500,000",Apartment,3,3,143 Sq. M.,"Al Malqa, North Riyadh, Riyadh"
"4,850,000",Villa,10,7,550 Sq. M.,"Ishbiliyah, East Riyadh, Riyadh"
"1,100,000",Apartment,5,3,196 Sq. M.,"Al Rawdah, North Jeddah, Jeddah"
"800,000",Apartment,6,5,170 Sq. M.,"Al Bawadi, North Jeddah, Jeddah"
"680,000",Apartment,5,3,180 Sq. M.,"Al Mraikh, North Jeddah, Jeddah"
"3,800,000",Villa,4,4,400 Sq. M.,"King Fahd, Makkah"
"770,000",Villa,5,4,270 Sq. M.,"King Fahd District, Unayzah"
"1,550,000",Villa,8,5,300 Sq. M.,"Al Salehiyah, North Jeddah, Jeddah"
"1,200,000",Villa,6,6,300 Sq. M.,"Al Dar Al Baida, South Riyadh, Riyadh"
"750,000",Apartment,3,2,166 Sq. M.,"Dhahrat Laban, West Riyadh, Riyadh"
"1,300,000",Villa,7,5,280 Sq. M.,"Tuwaiq, West Riyadh, Riyadh"
"2,400,000",Villa,6,5,639 Sq. M.,"Al Mahdiyah, West Riyadh, Riyadh"
"660,000",Apartment,4,3,134 Sq. M.,"Dhahrat Laban, West Riyadh, Riyadh"
"3,800,000",Villa,11,7,475 Sq. M.,"Al Mahdiyah, West Riyadh, Riyadh"
"1,200,000",Floor,4,3,232 Sq. M.,"Al Rimal, East Riyadh, Riyadh"
"2,420,000",Residential Land,1,1,945 Sq. M.,"Al Nahdah, Dammam"
"1,350,000",Villa,6,6,452 Sq. M.,"Al Sawari, Al Khobar"
"3,000,000",Villa,6,10,437 Sq. M.,"Al Sheraa, Al Khobar"
"2,350,000",Villa,6,6,250 Sq. M.,"Al Yarmuk, East Riyadh, Riyadh"
"1,350,000",Villa,6,9,452 Sq. M.,"Al Sawari, Al Khobar"
"2,000,000",Rest House,4,3,"1,770 Sq. M.","Dst C7, Huraymila"
"1,030,000",Villa,6,5,250 Sq. M.,"King Fahd Suburb, Dammam"
"1,000,000",Villa,7,6,205 Sq. M.,"Al Janadriyah, East Riyadh, Riyadh"
"850,000",Villa,5,6,592 Sq. M.,"Al Qadisiyah, Al Badayea Al Qassim Region"
"2,100,000",Villa,5,5,400 Sq. M.,"Al Mahdiyah, West Riyadh, Riyadh"
"950,000",Rest House,5,5,617 Sq. M.,"Al Salam, Madina"
"2,750,000",Villa,5,5,309 Sq. M.,"Al Munsiyah, East Riyadh, Riyadh"
"600,000",Apartment,3,3,166 Sq. M.,"Tuwaiq, West Riyadh, Riyadh"
"700,000",Rest House,1,1,"5,000 Sq. M.",Al Hazm w Bataynah
"1,250,000",Floor,4,4,410 Sq. M.,"Al Danah, Al Hofuf Eastern Region"
"1,100,000",Floor,4,3,633 Sq. M.,"Al arfaa Al garbi, Taif"
"820,000",Villa,7,6,200 Sq. M.,"Al Danah, Al Hofuf Eastern Region"
"550,000",Apartment,3,4,207 Sq. M.,"Al Muhammadiyah 1, Jazan"
"700,000",Apartment,3,3,199 Sq. M.,"Al Muhammadiyah 2, Jazan"
"750,000",Apartment,5,3,136 Sq. M.,"Al Naim, North Jeddah, Jeddah"
"750,000",Apartment,5,3,136 Sq. M.,"Al Naim, North Jeddah, Jeddah"
"620,000",Apartment,3,3,111 Sq. M.,"Al Naim, North Jeddah, Jeddah"
"750,000",Apartment,5,3,136 Sq. M.,"Al Naim, North Jeddah, Jeddah"
"850,000",Villa,1,1,592 Sq. M.,"Al Qadisiyah, Al Badayea Al Qassim Region"
"700,000",Villa,5,4,310 Sq. M.,"Al Wafa Scheme, North Jeddah, Jeddah"
"1,480,000",Villa,3,4,300 Sq. M.,"Al Yaqoot, Abha"
"1,150,000",Floor,1,2,400 Sq. M.,"Al Danah, Al Hofuf Eastern Region"
"550,000",Apartment,7,6,240 Sq. M.,"Al Danah, Al Hofuf Eastern Region"
"720,000",Floor,3,7,578 Sq. M.,"King Fahd Suburb, Dammam"
"800,000",Apartment,3,3,154 Sq. M.,"Al Khour, Al Khobar"
"1,700,000",Villa,7,6,225 Sq. M.,"Al Rimal, East Riyadh, Riyadh"
"1,000,000",Floor,6,5,202 Sq. M.,"Al Rimal, East Riyadh, Riyadh"
"1,170,000",Villa,5,4,241 Sq. M.,"Al Rimal, East Riyadh, Riyadh"
"500,000",Apartment,4,3,130 Sq. M.,"Al Maizilah, East Riyadh, Riyadh"
"550,000",Apartment,1,1,233 Sq. M.,"Al Rimal, East Riyadh, Riyadh"
"1,300,000",Floor,5,4,162 Sq. M.,"Al Rimal, East Riyadh, Riyadh"
"780,000",Apartment,4,3,136 Sq. M.,"Al Rawdah, North Jeddah, Jeddah"
"4,700,000",Villa,4,4,405 Sq. M.,"Al Sahafah, North Riyadh, Riyadh"
"750,000",Floor,3,3,179 Sq. M.,"Okaz, South Riyadh, Riyadh"
"6,000,000",Rest House,1,1,"3,000 Sq. M.","Al Ammariyah Farms, Al Ammariyah Riyadh Region"
"900,000",Apartment,6,5,219 Sq. M.,"Al Sawari, North Jeddah, Jeddah"
"900,000",Apartment,6,5,219 Sq. M.,"Al Sawari, North Jeddah, Jeddah"
"2,500,000",Villa,9,6,575 Sq. M.,"Al Samer, North Jeddah, Jeddah"
"750,000",Apartment,5,3,136 Sq. M.,"Al Naim, North Jeddah, Jeddah"
"750,000",Apartment,5,3,136 Sq. M.,"Al Naim, North Jeddah, Jeddah"
"750,000",Apartment,5,3,136 Sq. M.,"Al Naim, North Jeddah, Jeddah"
"750,000",Apartment,5,3,136 Sq. M.,"Al Naim, North Jeddah, Jeddah"
"2,250,000",Villa,4,4,720 Sq. M.,"Al Qaswa, Madina"
"2,100,000",Villa,4,4,433 Sq. M.,"Al Ranuna, Madina"
"1,500,000",Villa,7,5,437 Sq. M.,"Bani Bayadah, Madina"
"1,500,000",Villa,8,5,315 Sq. M.,"Ayn Al Khif, Madina"
"2,400,000",Villa,6,5,200 Sq. M.,"Al Mahdiyah, West Riyadh, Riyadh"
"3,150,000",Villa,7,6,300 Sq. M.,"Al Mahdiyah, West Riyadh, Riyadh"
"620,000",Floor,3,4,500 Sq. M.,"Al Safa, Unayzah"
"2,100,000",Villa,5,5,400 Sq. M.,"Al Mahdiyah, West Riyadh, Riyadh"
"2,150,000",Villa,5,5,400 Sq. M.,"Al Mahdiyah, West Riyadh, Riyadh"
"1,900,000",Villa,5,5,400 Sq. M.,"Al Mahdiyah, West Riyadh, Riyadh"
"1,800,000",Villa,5,3,400 Sq. M.,"Al Mahdiyah, West Riyadh, Riyadh"
"2,000,000",Villa,4,4,400 Sq. M.,"Al Mahdiyah, West Riyadh, Riyadh"
"1,850,000",Villa,6,5,200 Sq. M.,"Al Mahdiyah, West Riyadh, Riyadh"
"750,000",Floor,7,6,211 Sq. M.,"King Fahd Suburb, Dammam"
"710,000",Villa,7,6,296 Sq. M.,"Al Rabiyah, Al Hofuf Eastern Region"
"610,000",Apartment,3,3,236 Sq. M.,"Al safa Al Thani, Algorn, Al Ahsa"
"395,000",Apartment,3,3,106 Sq. M.,"Al Jameah District, South Jeddah, Jeddah"
"880,000",Floor,8,5,625 Sq. M.,Reghwah
"2,000,000",Villa,5,5,264 Sq. M.,"Al Rimal, East Riyadh, Riyadh"
"1,700,000",Villa,6,5,625 Sq. M.,"Al Suwaidi, West Riyadh, Riyadh"
"1,150,000",Villa,7,5,300 Sq. M.,"Al Dar Al Baida, South Riyadh, Riyadh"
"450,000",Apartment,5,3,149 Sq. M.,"Badr, South Riyadh, Riyadh"
"685,000",Apartment,3,3,180 Sq. M.,"Alawali, West Riyadh, Riyadh"
"4,000,000",Villa,6,5,525 Sq. M.,"Ishbiliyah, East Riyadh, Riyadh"
"658,000",Apartment,4,2,346 Sq. M.,"Taybay, Dammam"
"450,000",Apartment,4,2,207 Sq. M.,"Al Zahra, Al Qatif"
"1,700,000",Villa,6,2,379 Sq. M.,"Taybay, Dammam"
"700,000",Villa,8,5,250 Sq. M.,"King Fahd Suburb, Dammam"
"1,600,000",Villa,6,7,463 Sq. M.,"Al Safa, Dammam"
"580,000",Apartment,3,4,124 Sq. M.,"Al Suwaidi, West Riyadh, Riyadh"
"1,050,000",Apartment,3,3,153 Sq. M.,"Al Nahdah, North Jeddah, Jeddah"
"520,000",Apartment,5,4,239 Sq. M.,"North Al Tadamun, Khamis Mushait"
"7,500,000",Residential Building,10,10,310 Sq. M.,"Al Olaya, North Riyadh, Riyadh"
"700,000",Villa,3,4,287 Sq. M.,"Al Rayyan, Buraydah Al Qassim Region"
"420,000",Apartment,3,3,170 Sq. M.,"Badr, South Riyadh, Riyadh"
"450,000",Apartment,3,3,169 Sq. M.,"Badr, South Riyadh, Riyadh"
"1,200,000",Floor,4,4,200 Sq. M.,"Al Qadisiyah, East Riyadh, Riyadh"
"620,000",Apartment,3,3,111 Sq. M.,"Al Naim, North Jeddah, Jeddah"
"2,700,000",Villa,5,5,450 Sq. M.,"Dhahrat Laban, West Riyadh, Riyadh"
"590,000",Apartment,3,3,111 Sq. M.,"Al Salamah, North Jeddah, Jeddah"
"680,000",Apartment,5,4,170 Sq. M.,"Al Faisaliyah, Central Jeddah, Jeddah"
"927,000",Apartment,3,4,192 Sq. M.,"Al Munsiyah, East Riyadh, Riyadh"
"590,000",Apartment,3,3,111 Sq. M.,"Al Salamah, North Jeddah, Jeddah"
"670,000",Apartment,5,4,170 Sq. M.,"Al Faisaliyah, Central Jeddah, Jeddah"
"430,000",Apartment,3,3,99 Sq. M.,"Al Faisaliyah, Central Jeddah, Jeddah"
"600,000",Apartment,4,3,149 Sq. M.,"Al Marwah, North Jeddah, Jeddah"
"550,000",Apartment,3,3,128 Sq. M.,"Al Zahrah, West Riyadh, Riyadh"
"950,000",Apartment,5,4,180 Sq. M.,"Al Rawdah, North Jeddah, Jeddah"
"2,100,000",Villa,5,3,300 Sq. M.,"Al Nahdah, East Riyadh, Riyadh"
"4,800,000",Villa,5,4,500 Sq. M.,"Al Rafiah, West Riyadh, Riyadh"
"2,200,000",Villa,5,4,312 Sq. M.,"Ishbiliyah, East Riyadh, Riyadh"
"1,400,000",Apartment,4,4,188 Sq. M.,"Al Munsiyah, East Riyadh, Riyadh"
"530,000",Residential Building,11,7,"1,964 Sq. M.","Badr, South Riyadh, Riyadh"
"6,000,000",Villa,10,6,702 Sq. M.,"Dhahrat Al Awdat Gharb, Al Diriyah"
"900,000",Villa,6,6,200 Sq. M.,"Al Frosyah, South Jeddah, Jeddah"
"680,000",Apartment,5,3,136 Sq. M.,"Al Salamah, North Jeddah, Jeddah"
"840,000",Floor,4,3,335 Sq. M.,"Dahiat Namar, West Riyadh, Riyadh"
"6,100,000",Residential Building,11,7,810 Sq. M.,"Al Yarmuk, East Riyadh, Riyadh"
"3,800,000",Villa,8,7,400 Sq. M.,"Al Aqiq, North Riyadh, Riyadh"
"4,000,000",Villa,7,3,200 Sq. M.,"King Khalid International Airport, North Riyadh, Riyadh"
"680,000",Apartment,5,3,136 Sq. M.,"Al Salamah, North Jeddah, Jeddah"
"3,000,000",Villa,11,5,405 Sq. M.,"Al Fayha, East Riyadh, Riyadh"
"650,000",Apartment,5,3,124 Sq. M.,"Al Salamah, North Jeddah, Jeddah"
"900,000",Villa,8,5,240 Sq. M.,"Madinah Industrial City, Madina"
"2,950,000",Villa,5,5,319 Sq. M.,"Al Munsiyah, East Riyadh, Riyadh"
"1,500,000",Floor,5,2,360 Sq. M.,"Al Munsiyah, East Riyadh, Riyadh"
"550,000",Floor,4,4,212 Sq. M.,"Badr, South Riyadh, Riyadh"
"600,000",Apartment,3,3,86 Sq. M.,"Al Rawdah, North Jeddah, Jeddah"
"820,000",Apartment,5,3,165 Sq. M.,"Al Salamah, North Jeddah, Jeddah"
"680,000",Apartment,5,3,137 Sq. M.,"Al Salamah, North Jeddah, Jeddah"
"680,000",Apartment,5,3,136 Sq. M.,"Al Salamah, North Jeddah, Jeddah"
"650,000",Apartment,4,3,124 Sq. M.,"Al Salamah, North Jeddah, Jeddah"
"570,000",Apartment,3,3,111 Sq. M.,"Al Salamah, North Jeddah, Jeddah"
"630,000",Apartment,4,3,111 Sq. M.,"Al Salamah, North Jeddah, Jeddah"
"720,000",Villa,6,5,211 Sq. M.,"Al Ghnamiah, South Riyadh, Riyadh"
"590,000",Apartment,3,3,111 Sq. M.,"Al Salamah, North Jeddah, Jeddah"
"1,039,000",Apartment,3,4,231 Sq. M.,"Al Nuzhah, North Jeddah, Jeddah"
"1,039,000",Apartment,3,4,231 Sq. M.,"Al Nuzhah, North Jeddah, Jeddah"
"1,079,000",Apartment,3,3,184 Sq. M.,"Al Nuzhah, North Jeddah, Jeddah"
"899,000",Apartment,3,3,170 Sq. M.,"Al Nuzhah, North Jeddah, Jeddah"
"1,000,000",Villa,8,4,600 Sq. M.,"As Salam, Howta Bani Tamim"
"2,000,000",Villa,5,4,450 Sq. M.,"Dhahrat Laban, West Riyadh, Riyadh"
"1,380,000",Floor,5,3,168 Sq. M.,"Al Munsiyah, East Riyadh, Riyadh"
"680,000",Apartment,5,3,136 Sq. M.,"Al Salamah, North Jeddah, Jeddah"
"770,000",Apartment,4,3,140 Sq. M.,"Al Qadisiyah, East Riyadh, Riyadh"
"750,000",Apartment,5,4,164 Sq. M.,"Al Fayhaa, North Jeddah, Jeddah"
"830,000",Apartment,5,4,165 Sq. M.,"Al Rehab, North Jeddah, Jeddah"
"750,000",Apartment,5,4,163 Sq. M.,"Al Fayhaa, North Jeddah, Jeddah"
"1,000,000",Apartment,3,3,192 Sq. M.,"Al Munsiyah, East Riyadh, Riyadh"
"3,300,000",Villa,4,5,339 Sq. M.,"King Abdulaziz District, East Riyadh, Riyadh"
"800,000",Apartment,4,3,125 Sq. M.,"Al Qadisiyah, East Riyadh, Riyadh"
"927,000",Apartment,3,3,193 Sq. M.,"Al Munsiyah, East Riyadh, Riyadh"
"1,100,000",Apartment,4,3,140 Sq. M.,"Al Yarmuk, East Riyadh, Riyadh"
"730,000",Apartment,3,3,141 Sq. M.,"Al Maizilah, East Riyadh, Riyadh"
"420,000",Villa,4,6,250 Sq. M.,"Al Manar, Unayzah"
"700,000",Apartment,5,3,150 Sq. M.,"Al Rehab, North Jeddah, Jeddah"
"390,000",Apartment,4,3,133 Sq. M.,"Al Nur, Dammam"
"1,700,000",Villa,6,5,368 Sq. M.,"Al Tahliyah, Al Khobar"
"465,000",Apartment,2,2,"1,049 Sq. M.","Al Rawdah, North Jeddah, Jeddah"
"480,000",Apartment,3,3,130 Sq. M.,"Badr, South Riyadh, Riyadh"
"320,000",Apartment,3,2,659 Sq. M.,"Al Mraikh, North Jeddah, Jeddah"
"10,000,000",Villa,11,11,652 Sq. M.,"Al Yasmin, North Riyadh, Riyadh"
"2,035,000",Villa,4,7,407 Sq. M.,"Al Saif, Dammam"
"620,000",Apartment,3,3,167 Sq. M.,"Tuwaiq, West Riyadh, Riyadh"
"1,880,000",Floor,6,4,194 Sq. M.,"Al Arid, North Riyadh, Riyadh"
"7,500,000",Villa,6,7,500 Sq. M.,"Irqah, West Riyadh, Riyadh"
"550,000",Apartment,4,3,158 Sq. M.,"Al Firdaws, Dammam"
"1,400,000",Apartment,4,3,115 Sq. M.,"Al Hamraa, Central Jeddah, Jeddah"
"4,850,000",Villa,7,7,500 Sq. M.,"Agruba, Al Jubaylah"
"1,300,000",Apartment,2,4,119 Sq. M.,"Al Arid, North Riyadh, Riyadh"
"1,900,000",Floor,3,4,221 Sq. M.,"Al Arid, North Riyadh, Riyadh"
"700,000",Rest House,3,2,478 Sq. M.,"Al Hamra, Unayzah"
"2,850,000",Villa,11,8,420 Sq. M.,"Al Bayan Neighborhood, East Riyadh, Riyadh"
"650,000",Apartment,4,3,204 Sq. M.,"Mishrifah, North Jeddah, Jeddah"
"1,003,000",Apartment,4,3,135 Sq. M.,"Al Munsiyah, East Riyadh, Riyadh"
"989,000",Apartment,4,3,131 Sq. M.,"Al Munsiyah, East Riyadh, Riyadh"
"860,000",Floor,3,3,250 Sq. M.,"Shubra, West Riyadh, Riyadh"
"860,000",Floor,3,3,500 Sq. M.,"Shubra, West Riyadh, Riyadh"
"320,000",Apartment,3,3,659 Sq. M.,"Al Mraikh, North Jeddah, Jeddah"
"1,300,000",Villa,4,3,300 Sq. M.,"Okaz, South Riyadh, Riyadh"
"450,000",Apartment,3,2,102 Sq. M.,"Al Marwah, North Jeddah, Jeddah"
"3,800,000",Villa,7,9,300 Sq. M.,"Al Narjis, North Riyadh, Riyadh"
"540,000",Apartment,4,3,131 Sq. M.,"Al Marwah, North Jeddah, Jeddah"
"3,800,000",Villa,6,6,300 Sq. M.,"Al Narjis, North Riyadh, Riyadh"
"540,000",Apartment,4,3,131 Sq. M.,"Al Marwah, North Jeddah, Jeddah"
"950,000",Floor,2,4,156 Sq. M.,"Al Qadisiyah, East Riyadh, Riyadh"
"860,000",Floor,3,3,500 Sq. M.,"Shubra, West Riyadh, Riyadh"
"860,000",Floor,3,4,500 Sq. M.,"Shubra, West Riyadh, Riyadh"
"650,000",Apartment,5,3,164 Sq. M.,"Al Rehab, North Jeddah, Jeddah"
"670,000",Apartment,5,3,162 Sq. M.,"Al Nuzhah, North Jeddah, Jeddah"
"750,000",Apartment,4,3,167 Sq. M.,"Al Marwah, North Jeddah, Jeddah"
"670,000",Apartment,5,3,162 Sq. M.,"Al Nuzhah, North Jeddah, Jeddah"
"670,000",Apartment,5,3,162 Sq. M.,"Al Nuzhah, North Jeddah, Jeddah"
"650,000",Apartment,5,3,164 Sq. M.,"Al Rehab, North Jeddah, Jeddah"
"670,000",Apartment,5,3,162 Sq. M.,"Al Nuzhah, North Jeddah, Jeddah"
"750,000",Apartment,4,3,167 Sq. M.,"Al Marwah, North Jeddah, Jeddah"
"5,200,000",Villa,10,7,625 Sq. M.,"Al Sulimaniyah, North Riyadh, Riyadh"
"600,000",Apartment,2,2,82 Sq. M.,"Al Nahdah, North Jeddah, Jeddah"
"750,000",Apartment,5,3,136 Sq. M.,"Al Naim, North Jeddah, Jeddah"
"540,000",Apartment,3,3,143 Sq. M.,"Al Safa, North Jeddah, Jeddah"
"480,000",Apartment,4,3,172 Sq. M.,"Al Shulah, Dammam"
"6,000,000",Villa,8,7,684 Sq. M.,"Irqah, West Riyadh, Riyadh"
"730,000",Apartment,5,3,130 Sq. M.,"Al Naim, North Jeddah, Jeddah"
"740,000",Apartment,4,3,112 Sq. M.,"Al Rawdah, North Jeddah, Jeddah"
"900,000",Apartment,4,3,158 Sq. M.,"Al Naim, North Jeddah, Jeddah"
"320,000",Apartment,3,2,659 Sq. M.,"Al Mraikh, North Jeddah, Jeddah"
"650,000",Apartment,4,3,111 Sq. M.,"Al Salamah, North Jeddah, Jeddah"
"650,000",Apartment,4,3,123 Sq. M.,"Al Salamah, North Jeddah, Jeddah"
"550,000",Apartment,3,4,226 Sq. M.,"Al Dhurfah, Khamis Mushait"
"800,000",Apartment,4,3,139 Sq. M.,"Al Rawdah, North Jeddah, Jeddah"
"1,225,000",Floor,3,3,145 Sq. M.,"Al Arid, North Riyadh, Riyadh"
"730,000",Apartment,4,3,112 Sq. M.,"Al Rawdah, North Jeddah, Jeddah"
"2,300,000",Apartment,3,3,190 Sq. M.,"Al Arid, North Riyadh, Riyadh"
"1,300,000",Floor,4,5,307 Sq. M.,"Al Janadriyah, East Riyadh, Riyadh"
"830,000",Apartment,4,3,140 Sq. M.,"Al Salamah, North Jeddah, Jeddah"
"1,000,000",Floor,3,4,141 Sq. M.,"Al Munsiyah, East Riyadh, Riyadh"
"430,000",Apartment,5,4,103 Sq. M.,"Badr, South Riyadh, Riyadh"
"740,000",Apartment,4,3,112 Sq. M.,"Al Rawdah, North Jeddah, Jeddah"
"1,000,000",Villa,6,5,313 Sq. M.,"Al Qashashia Al Jadid, Makkah"
"1,500,000",Apartment,3,3,131 Sq. M.,"Al Malqa, North Riyadh, Riyadh"
"1,650,000",Villa,4,4,249 Sq. M.,"Al Janadriyah, East Riyadh, Riyadh"
"2,450,000",Villa,5,6,500 Sq. M.,"Al Mahdiyah, West Riyadh, Riyadh"
"1,250,000",Floor,4,5,260 Sq. M.,"Al Janadriyah, East Riyadh, Riyadh"
"1,100,000",Floor,4,5,167 Sq. M.,"Al Rimal, East Riyadh, Riyadh"
"1,550,000",Floor,3,4,198 Sq. M.,"Qurtubah, East Riyadh, Riyadh"
"1,550,000",Floor,3,3,198 Sq. M.,"Qurtubah, East Riyadh, Riyadh"
"770,000",Apartment,4,3,127 Sq. M.,"Al Rawdah, North Jeddah, Jeddah"
"1,000,000",Apartment,3,4,155 Sq. M.,"Al Arid, North Riyadh, Riyadh"
"2,450,000",Villa,5,6,500 Sq. M.,"Al Mahdiyah, West Riyadh, Riyadh"
"720,000",Apartment,4,3,117 Sq. M.,"Al Rawdah, North Jeddah, Jeddah"
"640,000",Apartment,3,3,149 Sq. M.,"Tuwaiq, West Riyadh, Riyadh"
"660,000",Apartment,3,3,159 Sq. M.,"Tuwaiq, West Riyadh, Riyadh"
"620,000",Apartment,3,3,137 Sq. M.,"Tuwaiq, West Riyadh, Riyadh"
"700,000",Apartment,3,3,123 Sq. M.,"Al Maizilah, East Riyadh, Riyadh"
"1,549,000",Apartment,3,3,135 Sq. M.,"Al Falah, North Riyadh, Riyadh"
"1,849,000",Apartment,3,3,133 Sq. M.,"Al Falah, North Riyadh, Riyadh"
"5,250,000",Villa,5,6,656 Sq. M.,"Al Shati, North Jeddah, Jeddah"
"760,000",Apartment,5,4,210 Sq. M.,"Batha Quraysh, Makkah"
"3,000,000",Villa,5,4,250 Sq. M.,"Al Nafal, North Riyadh, Riyadh"
"1,550,000",Apartment,5,4,213 Sq. M.,"Al Salamah, North Jeddah, Jeddah"
"1,550,000",Apartment,5,4,213 Sq. M.,"Al Salamah, North Jeddah, Jeddah"
"1,050,000",Apartment,2,2,61 Sq. M.,"Al Arid, North Riyadh, Riyadh"
"1,650,000",Villa,7,8,318 Sq. M.,"Al Salehiyah, North Jeddah, Jeddah"
"1,195,000",Apartment,6,4,640 Sq. M.,"Al Zahraa, North Jeddah, Jeddah"
"950,000",Floor,6,4,193 Sq. M.,"Al Janadriyah, East Riyadh, Riyadh"
"600,000",Apartment,4,3,750 Sq. M.,"Al Rehab, North Jeddah, Jeddah"
"296,000",Apartment,3,3,887 Sq. M.,"Al Rayaan, North Jeddah, Jeddah"
"450,000",Apartment,3,2,102 Sq. M.,"Al Marwah, North Jeddah, Jeddah"
"1,350,000",Villa,3,2,234 Sq. M.,"Al Janadriyah, East Riyadh, Riyadh"
"650,000",Apartment,4,3,111 Sq. M.,"Al Salamah, North Jeddah, Jeddah"
"1,000,000",Floor,4,3,344 Sq. M.,"Al Qadisiyah, East Riyadh, Riyadh"
"1,200,000",Floor,4,4,492 Sq. M.,"Al Rimal, East Riyadh, Riyadh"
"1,550,000",Floor,4,4,206 Sq. M.,"Al Munsiyah, East Riyadh, Riyadh"
"740,000",Apartment,4,3,117 Sq. M.,"Al Rawdah, North Jeddah, Jeddah"
"830,000",Apartment,4,3,140 Sq. M.,"Al Salamah, North Jeddah, Jeddah"
"1,500,000",Floor,3,3,141 Sq. M.,"Al Munsiyah, East Riyadh, Riyadh"
"2,150,000",Villa,5,7,328 Sq. M.,"Al Rimal, East Riyadh, Riyadh"
"650,000",Apartment,4,3,111 Sq. M.,"Al Salamah, North Jeddah, Jeddah"
"3,750,000",Villa,6,8,343 Sq. M.,"Qurtubah, East Riyadh, Riyadh"
"740,000",Apartment,4,3,112 Sq. M.,"Al Rawdah, North Jeddah, Jeddah"
"830,000",Apartment,4,3,140 Sq. M.,"Al Salamah, North Jeddah, Jeddah"
"650,000",Apartment,4,3,123 Sq. M.,"Al Salamah, North Jeddah, Jeddah"
"750,000",Apartment,4,3,114 Sq. M.,"Al Rawdah, North Jeddah, Jeddah"
"790,000",Apartment,5,3,175 Sq. M.,"Al Salamah, North Jeddah, Jeddah"
"2,450,000",Villa,5,6,500 Sq. M.,"Al Mahdiyah, West Riyadh, Riyadh"
"1,650,000",Floor,3,4,195 Sq. M.,"Qurtubah, East Riyadh, Riyadh"
"1,300,000",Floor,5,4,175 Sq. M.,"Al Rimal, East Riyadh, Riyadh"
"1,200,000",Apartment,Studio,3,180 Sq. M.,"Al Munsiyah, East Riyadh, Riyadh"
"740,000",Apartment,4,3,117 Sq. M.,"Al Rawdah, North Jeddah, Jeddah"
"730,000",Apartment,5,3,130 Sq. M.,"Al Naim, North Jeddah, Jeddah"
"2,450,000",Villa,5,6,500 Sq. M.,"Al Mahdiyah, West Riyadh, Riyadh"
"830,000",Apartment,4,3,140 Sq. M.,"Al Salamah, North Jeddah, Jeddah"
"1,000,000",Floor,3,4,193 Sq. M.,"Al Qadisiyah, East Riyadh, Riyadh"
"949,000",Apartment,3,3,165 Sq. M.,"Al Qadisiyah, East Riyadh, Riyadh"
"560,000",Apartment,5,3,186 Sq. M.,"Al Rayaan, North Jeddah, Jeddah"
"900,000",Apartment,4,3,158 Sq. M.,"Al Naim, North Jeddah, Jeddah"
"730,000",Apartment,5,3,130 Sq. M.,"Al Naim, North Jeddah, Jeddah"
"720,000",Apartment,5,3,130 Sq. M.,"Al Naim, North Jeddah, Jeddah"
"850,000",Villa,5,5,345 Sq. M.,"Ar Rehab, Taif"
"1,539,000",Apartment,3,3,134 Sq. M.,"Al Falah, North Riyadh, Riyadh"
"740,000",Apartment,4,3,117 Sq. M.,"Al Rawdah, North Jeddah, Jeddah"
"1,800,000",Villa,5,5,230 Sq. M.,"Tuwaiq, West Riyadh, Riyadh"
"1,130,000",Villa,6,6,312 Sq. M.,"Al Riyadh, North Jeddah, Jeddah"
"5,200,000",Villa,5,7,675 Sq. M.,"Al Shati, North Jeddah, Jeddah"
"7,000,000",Villa,5,4,450 Sq. M.,"Al Narjis, North Riyadh, Riyadh"
"1,100,000",Apartment,5,4,220 Sq. M.,"Al Salamah, North Jeddah, Jeddah"
"1,100,000",Apartment,5,4,220 Sq. M.,"Al Salamah, North Jeddah, Jeddah"
"1,100,000",Apartment,5,4,220 Sq. M.,"Al Salamah, North Jeddah, Jeddah"
"1,100,000",Apartment,5,4,220 Sq. M.,"Al Salamah, North Jeddah, Jeddah"
"1,100,000",Apartment,5,4,220 Sq. M.,"Al Salamah, North Jeddah, Jeddah"
"1,100,000",Apartment,5,4,220 Sq. M.,"Al Salamah, North Jeddah, Jeddah"
"2,400,000",Villa,6,7,200 Sq. M.,"Al Mahdiyah, West Riyadh, Riyadh"
"620,000",Apartment,5,4,175 Sq. M.,"Al Safa, North Jeddah, Jeddah"
"790,000",Apartment,6,5,252 Sq. M.,"Al Manar, North Jeddah, Jeddah"
"720,000",Apartment,5,3,130 Sq. M.,"Al Naim, North Jeddah, Jeddah"
"580,000",Apartment,4,3,129 Sq. M.,"Al Faisaliyah, Central Jeddah, Jeddah"
"1,050,000",Villa,10,6,200 Sq. M.,"Al Khomrah, South Jeddah, Jeddah"
"1,400,000",Villa,6,6,300 Sq. M.,"Al Rahmanyah, North Jeddah, Jeddah"
"1,750,000",Villa,6,6,525 Sq. M.,"Al Yaqout, North Jeddah, Jeddah"
"9,000,000",Villa,7,7,"1,000 Sq. M.","Al Hamra, East Riyadh, Riyadh"
"700,000",Floor,6,6,150 Sq. M.,"Al Zahrah, West Riyadh, Riyadh"
"1,550,000",Apartment,3,4,213 Sq. M.,"Al Salamah, North Jeddah, Jeddah"
"1,550,000",Apartment,3,4,213 Sq. M.,"Al Salamah, North Jeddah, Jeddah"
"1,550,000",Apartment,5,4,213 Sq. M.,"Al Salamah, North Jeddah, Jeddah"
"950,000",Floor,4,2,152 Sq. M.,"Al Qadisiyah, East Riyadh, Riyadh"
"1,200,000",Floor,3,3,209 Sq. M.,"Al Qadisiyah, East Riyadh, Riyadh"
"1,200,000",Apartment,3,3,114 Sq. M.,"Al Shuhada, East Riyadh, Riyadh"
"3,200,000",Villa,7,8,390 Sq. M.,"Obhur Al Shamaliyah, North Jeddah, Jeddah"
"550,000",Apartment,5,4,187 Sq. M.,"Al Maealaa, Ahad Rafidah"
"1,250,000",Villa,6,6,375 Sq. M.,"Al Riyadh, North Jeddah, Jeddah"
"550,000",Apartment,4,3,129 Sq. M.,"Al Faisaliyah, Central Jeddah, Jeddah"
"1,150,000",Apartment,4,3,215 Sq. M.,"Al Rimal, East Riyadh, Riyadh"
"740,000",Apartment,4,3,117 Sq. M.,"Al Rawdah, North Jeddah, Jeddah"
"900,000",Villa,6,6,200 Sq. M.,"Al Fadeylah, South Jeddah, Jeddah"
"1,400,000",Villa,10,10,300 Sq. M.,"Al Rahmanyah, North Jeddah, Jeddah"
"715,000",Villa,5,6,204 Sq. M.,"Al Shifa, South Riyadh, Riyadh"
"715,000",Villa,5,5,204 Sq. M.,"Al Shifa, South Riyadh, Riyadh"
"965,000",Apartment,4,4,"2,640 Sq. M.","Al Narjis, North Riyadh, Riyadh"
"1,750,000",Apartment,3,4,211 Sq. M.,"Al Zahraa, North Jeddah, Jeddah"
"1,750,000",Apartment,3,4,211 Sq. M.,"Al Zahraa, North Jeddah, Jeddah"
"1,950,000",Apartment,3,4,192 Sq. M.,"Al Zahraa, North Jeddah, Jeddah"
"1,950,000",Apartment,3,4,192 Sq. M.,"Al Zahraa, North Jeddah, Jeddah"
"1,950,000",Apartment,3,4,192 Sq. M.,"Al Zahraa, North Jeddah, Jeddah"
"1,950,000",Apartment,3,4,192 Sq. M.,"Al Zahraa, North Jeddah, Jeddah"
"1,950,000",Apartment,3,4,192 Sq. M.,"Al Zahraa, North Jeddah, Jeddah"
"1,950,000",Apartment,3,4,192 Sq. M.,"Al Zahraa, North Jeddah, Jeddah"
"1,800,000",Villa,11,7,203 Sq. M.,"Al Naim, North Jeddah, Jeddah"
"599,000",Apartment,4,3,112 Sq. M.,"Al Salamah, North Jeddah, Jeddah"
"1,350,000",Floor,5,4,196 Sq. M.,"Al Munsiyah, East Riyadh, Riyadh"
"3,500,000",Villa,5,6,264 Sq. M.,"Qurtubah, East Riyadh, Riyadh"
"770,000",Apartment,3,6,630 Sq. M.,"Badr, South Riyadh, Riyadh"
"770,000",Apartment,5,4,630 Sq. M.,"Badr, South Riyadh, Riyadh"
"450,000",Apartment,3,3,173 Sq. M.,"Badr, South Riyadh, Riyadh"
"860,000",Floor,3,4,500 Sq. M.,"Shubra, West Riyadh, Riyadh"
"860,000",Floor,3,3,500 Sq. M.,"Al Zahrah, West Riyadh, Riyadh"
"450,000",Apartment,3,3,177 Sq. M.,"Badr, South Riyadh, Riyadh"
"450,000",Apartment,3,3,169 Sq. M.,"Badr, South Riyadh, Riyadh"
"700,000",Floor,4,4,177 Sq. M.,"Badr, South Riyadh, Riyadh"
"500,000",Apartment,3,4,199 Sq. M.,"Badr, South Riyadh, Riyadh"
"830,000",Floor,3,3,246 Sq. M.,"Tuwaiq, West Riyadh, Riyadh"
"770,000",Apartment,4,4,630 Sq. M.,"Badr, South Riyadh, Riyadh"
"770,000",Apartment,3,5,630 Sq. M.,"Badr, South Riyadh, Riyadh"
"760,000",Floor,3,3,214 Sq. M.,"Badr, South Riyadh, Riyadh"
"420,000",Apartment,3,3,132 Sq. M.,"Al Dar Al Baida, South Riyadh, Riyadh"
"430,000",Apartment,3,3,131 Sq. M.,"Badr, South Riyadh, Riyadh"
"450,000",Apartment,3,3,177 Sq. M.,"Badr, South Riyadh, Riyadh"
"450,000",Apartment,3,3,173 Sq. M.,"Badr, South Riyadh, Riyadh"
"450,000",Apartment,3,3,175 Sq. M.,"Badr, South Riyadh, Riyadh"
"1,350,000",Floor,4,3,165 Sq. M.,"Al Munsiyah, East Riyadh, Riyadh"
"850,000",Floor,3,4,156 Sq. M.,"Al Rimal, East Riyadh, Riyadh"
"1,000,000",Floor,5,4,251 Sq. M.,"Al Janadriyah, East Riyadh, Riyadh"
"800,000",Apartment,4,3,139 Sq. M.,"Al Rawdah, North Jeddah, Jeddah"
"1,070,000",Villa,4,4,263 Sq. M.,"Tuwaiq, West Riyadh, Riyadh"
"600,000",Apartment,4,3,148 Sq. M.,"Ash Shamiya Al Jadid, Makkah"
"770,000",Apartment,4,4,630 Sq. M.,"Badr, South Riyadh, Riyadh"
"770,000",Apartment,4,4,630 Sq. M.,"Badr, South Riyadh, Riyadh"
"950,000",Floor,3,3,500 Sq. M.,"Shubra, West Riyadh, Riyadh"
"860,000",Floor,4,3,500 Sq. M.,"Shubra, West Riyadh, Riyadh"
"580,000",Apartment,3,4,124 Sq. M.,"Al Suwaidi, West Riyadh, Riyadh"
"685,000",Apartment,3,3,180 Sq. M.,"Alawali, West Riyadh, Riyadh"
"450,000",Apartment,3,3,177 Sq. M.,"Badr, South Riyadh, Riyadh"
"1,500,000",Apartment,3,4,185 Sq. M.,"Al Munsiyah, East Riyadh, Riyadh"
"2,600,000",Villa,5,7,411 Sq. M.,"Al Yarmuk, East Riyadh, Riyadh"
"750,000",Apartment,4,3,120 Sq. M.,"Al Rawdah, North Jeddah, Jeddah"
"650,000",Apartment,4,3,123 Sq. M.,"Al Salamah, North Jeddah, Jeddah"
"830,000",Floor,4,4,245 Sq. M.,"Tuwaiq, West Riyadh, Riyadh"
"2,000,000",Villa,5,3,400 Sq. M.,"Al Mahdiyah, West Riyadh, Riyadh"
"3,000,000",Villa,5,3,300 Sq. M.,"Al Mahdiyah, West Riyadh, Riyadh"
"2,000,000",Villa,5,3,400 Sq. M.,"Al Mahdiyah, West Riyadh, Riyadh"
"1,300,000",Villa,6,5,415 Sq. M.,"Al Sawari, Al Khobar"
"1,000,000",Floor,3,3,570 Sq. M.,"Al Qadisiyah, East Riyadh, Riyadh"
"750,000",Apartment,4,3,120 Sq. M.,"Al Rawdah, North Jeddah, Jeddah"
"500,000",Apartment,5,4,189 Sq. M.,"Al Nwwariyah, Makkah"
"3,500,000",Villa,9,6,357 Sq. M.,"Qurtubah, East Riyadh, Riyadh"
"790,000",Apartment,5,3,175 Sq. M.,"Al Salamah, North Jeddah, Jeddah"
"650,000",Apartment,4,3,111 Sq. M.,"Al Salamah, North Jeddah, Jeddah"
"1,000,000",Floor,5,5,168 Sq. M.,"Al Rimal, East Riyadh, Riyadh"
"650,000",Apartment,4,3,111 Sq. M.,"Al Salamah, North Jeddah, Jeddah"
"830,000",Apartment,4,3,140 Sq. M.,"Al Salamah, North Jeddah, Jeddah"
"750,000",Apartment,4,3,120 Sq. M.,"Al Rawdah, North Jeddah, Jeddah"
"730,000",Apartment,5,3,130 Sq. M.,"Al Naim, North Jeddah, Jeddah"
"740,000",Apartment,4,3,112 Sq. M.,"Al Rawdah, North Jeddah, Jeddah"
"1,055,000",Apartment,3,4,106 Sq. M.,"Al Munsiyah, East Riyadh, Riyadh"
"1,150,000",Floor,3,4,222 Sq. M.,"Al Qadisiyah, East Riyadh, Riyadh"
"750,000",Apartment,4,3,114 Sq. M.,"Al Rawdah, North Jeddah, Jeddah"
"540,000",Apartment,5,3,217 Sq. M.,"Ar Rehab 3, Jazan"
"2,350,000",Villa,5,7,250 Sq. M.,"Al Yarmuk, East Riyadh, Riyadh"
"900,000",Villa,7,6,200 Sq. M.,"Al Qryniah, South Jeddah, Jeddah"
"750,000",Apartment,4,3,114 Sq. M.,"Al Rawdah, North Jeddah, Jeddah"
"740,000",Apartment,4,3,112 Sq. M.,"Al Rawdah, North Jeddah, Jeddah"
"650,000",Apartment,4,3,123 Sq. M.,"Al Salamah, North Jeddah, Jeddah"
"1,000,000",Floor,3,4,171 Sq. M.,"Al Janadriyah, East Riyadh, Riyadh"
"950,000",Apartment,2,3,126 Sq. M.,"Al Munsiyah, East Riyadh, Riyadh"
"2,750,000",Villa,5,7,376 Sq. M.,"Al Yarmuk, East Riyadh, Riyadh"
"1,000,000",Floor,4,4,192 Sq. M.,"Al Qadisiyah, East Riyadh, Riyadh"
"989,000",Apartment,3,3,131 Sq. M.,"Al Munsiyah, East Riyadh, Riyadh"
"995,000",Apartment,4,3,158 Sq. M.,"Al Rimal, East Riyadh, Riyadh"
"570,000",Apartment,5,3,865 Sq. M.,"Al Rabwa, North Jeddah, Jeddah"
"730,000",Apartment,1,1,216 Sq. M.,"King Fahd, Madina"
"669,000",Apartment,2,2,630 Sq. M.,"Al Nahdah, North Jeddah, Jeddah"
"490,000",Apartment,3,1,94 Sq. M.,"Al Salamah, North Jeddah, Jeddah"
"1,250,000",Floor,4,4,260 Sq. M.,"Al Janadriyah, East Riyadh, Riyadh"
"570,000",Apartment,3,3,865 Sq. M.,"Al Rabwa, North Jeddah, Jeddah"
"529,000",Apartment,2,3,500 Sq. M.,"Al Naim, North Jeddah, Jeddah"
"490,000",Apartment,3,3,128 Sq. M.,"Al Marwah, North Jeddah, Jeddah"
"730,000",Apartment,4,3,112 Sq. M.,"Al Rawdah, North Jeddah, Jeddah"
"1,400,000",Villa,4,4,205 Sq. M.,"Al Khaleej, East Riyadh, Riyadh"
"2,100,000",Villa,6,6,328 Sq. M.,"Al Rimal, East Riyadh, Riyadh"
"2,600,000",Villa,6,6,376 Sq. M.,"Al Yarmuk, East Riyadh, Riyadh"
"740,000",Apartment,5,3,130 Sq. M.,"Al Naim, North Jeddah, Jeddah"
"730,000",Apartment,5,3,130 Sq. M.,"Al Naim, North Jeddah, Jeddah"
"750,000",Apartment,4,3,114 Sq. M.,"Al Rawdah, North Jeddah, Jeddah"
"730,000",Apartment,5,3,112 Sq. M.,"Al Rawdah, North Jeddah, Jeddah"
"750,000",Apartment,4,3,120 Sq. M.,"Al Rawdah, North Jeddah, Jeddah"
"740,000",Apartment,4,3,117 Sq. M.,"Al Rawdah, North Jeddah, Jeddah"
"750,000",Apartment,4,3,120 Sq. M.,"Al Rawdah, North Jeddah, Jeddah"
"730,000",Apartment,4,3,112 Sq. M.,"Al Rawdah, North Jeddah, Jeddah"
"650,000",Apartment,4,3,111 Sq. M.,"Al Salamah, North Jeddah, Jeddah"
"650,000",Apartment,4,3,111 Sq. M.,"Al Salamah, North Jeddah, Jeddah"
"900,000",Floor,4,5,116 Sq. M.,"Tuwaiq, West Riyadh, Riyadh"
"700,000",Floor,3,4,151 Sq. M.,"Al Suwaidi, West Riyadh, Riyadh"
"900,000",Apartment,6,4,188 Sq. M.,"Al Naim, North Jeddah, Jeddah"
"730,000",Apartment,3,3,112 Sq. M.,"Al Rawdah, North Jeddah, Jeddah"
"740,000",Apartment,4,3,117 Sq. M.,"Al Rawdah, North Jeddah, Jeddah"
"820,000",Apartment,5,4,177 Sq. M.,"Al Rawdah, North Jeddah, Jeddah"
"868,000",Apartment,3,3,132 Sq. M.,"Al Munsiyah, East Riyadh, Riyadh"
"570,000",Apartment,4,3,171 Sq. M.,"Um Assalum, South Jeddah, Jeddah"
"640,000",Apartment,6,5,206 Sq. M.,"Al Rayaan, North Jeddah, Jeddah"
"730,000",Floor,7,3,275 Sq. M.,"Al Qayam Al Aala, Taif"
"1,800,000",Floor,3,3,383 Sq. M.,"Qurtubah, East Riyadh, Riyadh"
"900,000",Floor,5,4,189 Sq. M.,"Tuwaiq, West Riyadh, Riyadh"
"1,350,000",Floor,5,3,196 Sq. M.,"Al Munsiyah, East Riyadh, Riyadh"
"2,600,000",Villa,6,7,411 Sq. M.,"Al Yarmuk, East Riyadh, Riyadh"
"650,000",Floor,5,4,164 Sq. M.,"Tuwaiq, West Riyadh, Riyadh"
"1,100,000",Apartment,2,2,94 Sq. M.,"Al Malqa, North Riyadh, Riyadh"
"720,000",Apartment,Studio,3,130 Sq. M.,"Al Naim, North Jeddah, Jeddah"
"900,000",Apartment,6,4,188 Sq. M.,"Al Naim, North Jeddah, Jeddah"
"720,000",Apartment,5,3,130 Sq. M.,"Al Naim, North Jeddah, Jeddah"
"720,000",Apartment,5,3,150 Sq. M.,"Al Naim, North Jeddah, Jeddah"
"800,000",Apartment,4,3,120 Sq. M.,"Al Rawdah, North Jeddah, Jeddah"
"740,000",Apartment,4,4,117 Sq. M.,"Al Rawdah, North Jeddah, Jeddah"
"750,000",Apartment,4,3,114 Sq. M.,"Al Rawdah, North Jeddah, Jeddah"
"900,000",Apartment,6,3,188 Sq. M.,"Al Naim, North Jeddah, Jeddah"
"900,000",Apartment,6,4,158 Sq. M.,"Al Naim, North Jeddah, Jeddah"
"900,000",Apartment,6,3,158 Sq. M.,"Al Naim, North Jeddah, Jeddah"
"580,000",Apartment,3,3,100 Sq. M.,"Al Naim, North Jeddah, Jeddah"
"1,700,000",Villa,5,5,225 Sq. M.,"Al Rimal, East Riyadh, Riyadh"
"900,000",Apartment,6,4,188 Sq. M.,"Al Naim, North Jeddah, Jeddah"
"1,600,000",Apartment,3,3,186 Sq. M.,"Qurtubah, East Riyadh, Riyadh"
"580,000",Apartment,3,3,100 Sq. M.,"Al Naim, North Jeddah, Jeddah"
"730,000",Apartment,4,3,112 Sq. M.,"Al Rawdah, North Jeddah, Jeddah"
"730,000",Apartment,5,3,130 Sq. M.,"Al Naim, North Jeddah, Jeddah"
"4,200,000",Villa,6,6,371 Sq. M.,"Al Munsiyah, East Riyadh, Riyadh"
"829,000",Apartment,3,3,145 Sq. M.,"Al Rimal, East Riyadh, Riyadh"
"3,400,000",Villa,5,8,250 Sq. M.,"Al Arid, North Riyadh, Riyadh"
"730,000",Apartment,5,3,130 Sq. M.,"Al Naim, North Jeddah, Jeddah"
"750,000",Apartment,4,3,114 Sq. M.,"Al Rawdah, North Jeddah, Jeddah"
"2,300,000",Floor,4,4,149 Sq. M.,"Al Olaya, North Riyadh, Riyadh"
"1,000,000",Floor,4,5,162 Sq. M.,"Al Rimal, East Riyadh, Riyadh"
"750,000",Apartment,4,3,114 Sq. M.,"Al Rawdah, North Jeddah, Jeddah"
"1,170,000",Apartment,6,4,181 Sq. M.,"Al Salamah, North Jeddah, Jeddah"
"430,000",Apartment,4,3,132 Sq. M.,"Badr, South Riyadh, Riyadh"
"420,000",Apartment,3,3,170 Sq. M.,"Badr, South Riyadh, Riyadh"
"1,400,000",Floor,3,4,560 Sq. M.,"Al Munsiyah, East Riyadh, Riyadh"
"680,000",Villa,3,3,177 Sq. M.,"Badr, South Riyadh, Riyadh"
"440,000",Apartment,4,3,103 Sq. M.,"Al Faisaliyah, Central Jeddah, Jeddah"
"720,000",Apartment,5,3,130 Sq. M.,"Al Naim, North Jeddah, Jeddah"
"750,000",Apartment,4,4,450 Sq. M.,"Al Mahdiyah, West Riyadh, Riyadh"
"860,000",Floor,3,3,500 Sq. M.,"Shubra, West Riyadh, Riyadh"
"900,000",Apartment,6,4,188 Sq. M.,"Al Naim, North Jeddah, Jeddah"
"900,000",Apartment,6,4,188 Sq. M.,"Al Naim, North Jeddah, Jeddah"
"470,000",Apartment,4,4,114 Sq. M.,"Tuwaiq, West Riyadh, Riyadh"
"1,400,000",Floor,4,4,305 Sq. M.,"Al Qadisiyah, East Riyadh, Riyadh"
"580,000",Apartment,3,3,111 Sq. M.,"Al Salamah, North Jeddah, Jeddah"
"3,500,000",Villa,5,5,"1,078 Sq. M.","Al Nahdah, Buraydah Al Qassim Region"
"820,000",Apartment,5,3,165 Sq. M.,"Al Salamah, North Jeddah, Jeddah"
"650,000",Apartment,4,3,123 Sq. M.,"Al Salamah, North Jeddah, Jeddah"
"900,000",Apartment,4,3,158 Sq. M.,"Al Naim, North Jeddah, Jeddah"
"650,000",Apartment,4,3,111 Sq. M.,"Al Salamah, North Jeddah, Jeddah"
"979,000",Apartment,3,3,120 Sq. M.,"Al Rawdah, East Riyadh, Riyadh"
"979,000",Apartment,3,3,120 Sq. M.,"Al Rawdah, East Riyadh, Riyadh"
"839,000",Apartment,3,3,97 Sq. M.,"Al Rawdah, East Riyadh, Riyadh"
"1,650,000",Floor,4,3,198 Sq. M.,"Qurtubah, East Riyadh, Riyadh"
"600,000",Apartment,5,4,163 Sq. M.,"As Salamah, Makkah"
"670,000",Apartment,5,3,162 Sq. M.,"Al Nuzhah, North Jeddah, Jeddah"
"450,000",Apartment,3,2,102 Sq. M.,"Al Marwah, North Jeddah, Jeddah"
"1,100,000",Villa,4,4,188 Sq. M.,"Al Qadisiyah, East Riyadh, Riyadh"
"2,230,000",Floor,7,5,257 Sq. M.,"Qurtubah, East Riyadh, Riyadh"
"2,400,000",Villa,4,5,250 Sq. M.,"Al Yarmuk, East Riyadh, Riyadh"
"640,000",Apartment,4,3,183 Sq. M.,"Al Jisr, Al Khobar"
"3,500,000",Villa,9,8,383 Sq. M.,"Qurtubah, East Riyadh, Riyadh"
"730,000",Apartment,5,3,130 Sq. M.,"Al Naim, North Jeddah, Jeddah"
"730,000",Apartment,4,3,112 Sq. M.,"Al Rawdah, North Jeddah, Jeddah"
"730,000",Apartment,5,3,130 Sq. M.,"Al Naim, North Jeddah, Jeddah"
"750,000",Apartment,4,3,120 Sq. M.,"Al Rawdah, North Jeddah, Jeddah"
"730,000",Apartment,5,3,130 Sq. M.,"Al Naim, North Jeddah, Jeddah"
"740,000",Apartment,4,3,112 Sq. M.,"Al Rawdah, North Jeddah, Jeddah"
"900,000",Apartment,4,3,158 Sq. M.,"Al Naim, North Jeddah, Jeddah"
"730,000",Apartment,4,3,112 Sq. M.,"Al Rawdah, North Jeddah, Jeddah"
"3,700,000",Villa,6,6,343 Sq. M.,"Qurtubah, East Riyadh, Riyadh"
"2,100,000",Villa,5,5,328 Sq. M.,"Al Rimal, East Riyadh, Riyadh"
"2,800,000",Villa,5,7,312 Sq. M.,"Al Rimal, East Riyadh, Riyadh"
"1,450,000",Apartment,3,4,"4,980 Sq. M.","Qurtubah, East Riyadh, Riyadh"
"740,000",Apartment,4,3,117 Sq. M.,"Al Rawdah, North Jeddah, Jeddah"
"2,100,000",Villa,5,7,328 Sq. M.,"Al Rimal, East Riyadh, Riyadh"
"800,000",Villa,3,5,640 Sq. M.,"Al Khaleej District, Al Quwaiiyah"
"860,000",Apartment,3,3,184 Sq. M.,"Al Rimal, East Riyadh, Riyadh"
"730,000",Apartment,4,3,112 Sq. M.,"Al Rawdah, North Jeddah, Jeddah"
"540,000",Apartment,4,3,131 Sq. M.,"Al Marwah, North Jeddah, Jeddah"
"600,000",Apartment,5,4,163 Sq. M.,"As Salamah, Makkah"
"730,000",Apartment,4,3,112 Sq. M.,"Al Rawdah, North Jeddah, Jeddah"
"1,350,000",Floor,4,3,196 Sq. M.,"Al Munsiyah, East Riyadh, Riyadh"
"580,000",Apartment,3,3,100 Sq. M.,"Al Naim, North Jeddah, Jeddah"
"1,600,000",Floor,5,4,223 Sq. M.,"Al Munsiyah, East Riyadh, Riyadh"
"780,000",Apartment,4,3,136 Sq. M.,"Al Rawdah, North Jeddah, Jeddah"
"900,000",Apartment,6,3,188 Sq. M.,"Al Naim, North Jeddah, Jeddah"
"730,000",Apartment,5,3,130 Sq. M.,"Al Naim, North Jeddah, Jeddah"
"740,000",Apartment,5,3,130 Sq. M.,"Al Naim, North Jeddah, Jeddah"
"900,000",Apartment,4,3,158 Sq. M.,"Al Naim, North Jeddah, Jeddah"
"590,000",Apartment,4,4,111 Sq. M.,"Al Salamah, North Jeddah, Jeddah"
"730,000",Apartment,5,3,130 Sq. M.,"Al Naim, North Jeddah, Jeddah"
"720,000",Apartment,5,3,130 Sq. M.,"Al Naim, North Jeddah, Jeddah"
"670,000",Apartment,5,3,162 Sq. M.,"Al Nuzhah, North Jeddah, Jeddah"
"540,000",Apartment,4,3,131 Sq. M.,"Al Marwah, North Jeddah, Jeddah"
"900,000",Apartment,4,3,158 Sq. M.,"Al Naim, North Jeddah, Jeddah"
"750,000",Apartment,4,4,167 Sq. M.,"Al Marwah, North Jeddah, Jeddah"
"920,000",Apartment,4,3,172 Sq. M.,"Al Rawdah, North Jeddah, Jeddah"
"680,000",Apartment,5,3,161 Sq. M.,"Al Marwah, North Jeddah, Jeddah"
"740,000",Apartment,4,3,117 Sq. M.,"Al Rawdah, North Jeddah, Jeddah"
"2,000,000",Villa,4,5,275 Sq. M.,"Al Rimal, East Riyadh, Riyadh"
"1,350,000",Floor,3,4,185 Sq. M.,"Al Munsiyah, East Riyadh, Riyadh"
"900,000",Apartment,4,3,450 Sq. M.,"Al Mahdiyah, West Riyadh, Riyadh"
"750,000",Apartment,4,3,450 Sq. M.,"Al Mahdiyah, West Riyadh, Riyadh"
"850,000",Apartment,4,3,450 Sq. M.,"Al Mahdiyah, West Riyadh, Riyadh"
"750,000",Apartment,4,3,450 Sq. M.,"Al Mahdiyah, West Riyadh, Riyadh"
"760,000",Apartment,4,3,450 Sq. M.,"Al Mahdiyah, West Riyadh, Riyadh"
"760,000",Apartment,4,3,450 Sq. M.,"Al Mahdiyah, West Riyadh, Riyadh"
"750,000",Apartment,4,4,450 Sq. M.,"Al Mahdiyah, West Riyadh, Riyadh"
"770,000",Apartment,4,3,450 Sq. M.,"Al Mahdiyah, West Riyadh, Riyadh"
"780,000",Apartment,4,2,450 Sq. M.,"Al Mahdiyah, West Riyadh, Riyadh"
"770,000",Apartment,4,3,450 Sq. M.,"Al Mahdiyah, West Riyadh, Riyadh"
"880,000",Apartment,4,3,450 Sq. M.,"Al Mahdiyah, West Riyadh, Riyadh"
"750,000",Apartment,4,5,450 Sq. M.,"Al Mahdiyah, West Riyadh, Riyadh"
"900,000",Apartment,4,3,450 Sq. M.,"Al Mahdiyah, West Riyadh, Riyadh"
"750,000",Apartment,4,3,450 Sq. M.,"Al Mahdiyah, West Riyadh, Riyadh"
"800,000",Apartment,4,3,450 Sq. M.,"Al Mahdiyah, West Riyadh, Riyadh"
"920,000",Apartment,4,3,450 Sq. M.,"Al Mahdiyah, West Riyadh, Riyadh"
"905,000",Apartment,4,3,450 Sq. M.,"Al Mahdiyah, West Riyadh, Riyadh"
"960,000",Apartment,4,5,450 Sq. M.,"Al Mahdiyah, West Riyadh, Riyadh"
"749,999",Apartment,4,4,450 Sq. M.,"Al Mahdiyah, West Riyadh, Riyadh"
"750,000",Apartment,4,4,450 Sq. M.,"Al Mahdiyah, West Riyadh, Riyadh"
"749,999",Apartment,4,4,450 Sq. M.,"Al Mahdiyah, West Riyadh, Riyadh"
"850,000",Apartment,4,3,450 Sq. M.,"Al Mahdiyah, West Riyadh, Riyadh"
"750,000",Apartment,4,3,450 Sq. M.,"Al Mahdiyah, West Riyadh, Riyadh"
"750,000",Apartment,4,3,450 Sq. M.,"Al Mahdiyah, West Riyadh, Riyadh"
"750,000",Apartment,4,3,450 Sq. M.,"Al Mahdiyah, West Riyadh, Riyadh"
"750,000",Apartment,4,3,450 Sq. M.,"Al Mahdiyah, West Riyadh, Riyadh"
"850,000",Apartment,4,4,450 Sq. M.,"Al Mahdiyah, West Riyadh, Riyadh"
"790,000",Apartment,4,4,450 Sq. M.,"Al Mahdiyah, West Riyadh, Riyadh"
"790,000",Apartment,4,4,450 Sq. M.,"Al Mahdiyah, West Riyadh, Riyadh"
"800,000",Apartment,4,3,450 Sq. M.,"Al Mahdiyah, West Riyadh, Riyadh"
"750,000",Apartment,4,3,450 Sq. M.,"Al Mahdiyah, West Riyadh, Riyadh"
"750,000",Apartment,4,3,450 Sq. M.,"Al Mahdiyah, West Riyadh, Riyadh"
"750,000",Apartment,4,3,450 Sq. M.,"Al Mahdiyah, West Riyadh, Riyadh"
"869,000",Apartment,4,3,450 Sq. M.,"Al Mahdiyah, West Riyadh, Riyadh"
"820,000",Apartment,4,3,450 Sq. M.,"Al Mahdiyah, West Riyadh, Riyadh"
"820,000",Apartment,3,3,450 Sq. M.,"Al Mahdiyah, West Riyadh, Riyadh"
"750,000",Apartment,4,4,450 Sq. M.,"Al Mahdiyah, West Riyadh, Riyadh"
"750,000",Apartment,4,3,450 Sq. M.,"Al Mahdiyah, West Riyadh, Riyadh"
"759,000",Apartment,4,3,450 Sq. M.,"Al Mahdiyah, West Riyadh, Riyadh"
"750,000",Apartment,4,4,450 Sq. M.,"Al Mahdiyah, West Riyadh, Riyadh"
"750,000",Apartment,4,4,450 Sq. M.,"Al Mahdiyah, West Riyadh, Riyadh"
"880,000",Apartment,4,4,450 Sq. M.,"Al Mahdiyah, West Riyadh, Riyadh"
"800,000",Apartment,4,4,450 Sq. M.,"Al Mahdiyah, West Riyadh, Riyadh"
"780,000",Apartment,4,3,450 Sq. M.,"Al Mahdiyah, West Riyadh, Riyadh"
"820,000",Apartment,3,3,450 Sq. M.,"Al Mahdiyah, West Riyadh, Riyadh"
"950,000",Apartment,4,4,450 Sq. M.,"Al Mahdiyah, West Riyadh, Riyadh"
"900,000",Apartment,4,3,450 Sq. M.,"Al Mahdiyah, West Riyadh, Riyadh"
"850,000",Apartment,4,3,450 Sq. M.,"Al Mahdiyah, West Riyadh, Riyadh"
"780,000",Apartment,4,3,450 Sq. M.,"Al Mahdiyah, West Riyadh, Riyadh"
"800,000",Apartment,4,4,450 Sq. M.,"Al Mahdiyah, West Riyadh, Riyadh"
"730,000",Apartment,5,3,130 Sq. M.,"Al Naim, North Jeddah, Jeddah"
"1,350,000",Floor,5,5,229 Sq. M.,"Alawali, West Riyadh, Riyadh"
"950,000",Floor,4,3,180 Sq. M.,"Tuwaiq, West Riyadh, Riyadh"
"950,000",Floor,3,3,155 Sq. M.,"Tuwaiq, West Riyadh, Riyadh"
"450,000",Apartment,3,2,102 Sq. M.,"Al Marwah, North Jeddah, Jeddah"
"580,000",Apartment,3,3,100 Sq. M.,"Al Naim, North Jeddah, Jeddah"
"730,000",Apartment,4,3,112 Sq. M.,"Al Rawdah, North Jeddah, Jeddah"
"580,000",Apartment,3,3,100 Sq. M.,"Al Naim, North Jeddah, Jeddah"
"900,000",Apartment,6,4,188 Sq. M.,"Al Naim, North Jeddah, Jeddah"
"730,000",Apartment,4,3,112 Sq. M.,"Al Rawdah, North Jeddah, Jeddah"
"730,000",Apartment,4,3,112 Sq. M.,"Al Rawdah, North Jeddah, Jeddah"
"730,000",Apartment,5,3,130 Sq. M.,"Al Naim, North Jeddah, Jeddah"
"750,000",Apartment,4,3,114 Sq. M.,"Al Rawdah, North Jeddah, Jeddah"
"670,000",Apartment,5,3,162 Sq. M.,"Al Nuzhah, North Jeddah, Jeddah"
"450,000",Apartment,3,2,102 Sq. M.,"Al Marwah, North Jeddah, Jeddah"
"680,000",Apartment,5,3,136 Sq. M.,"Al Salamah, North Jeddah, Jeddah"
"900,000",Apartment,4,3,158 Sq. M.,"Al Naim, North Jeddah, Jeddah"
"590,000",Apartment,4,3,112 Sq. M.,"Al Salamah, North Jeddah, Jeddah"
"730,000",Apartment,5,3,130 Sq. M.,"Al Naim, North Jeddah, Jeddah"
"860,000",Floor,4,3,500 Sq. M.,"Shubra, West Riyadh, Riyadh"
"690,000",Apartment,3,3,177 Sq. M.,"Badr, South Riyadh, Riyadh"
"860,000",Floor,3,3,500 Sq. M.,"Al Zahrah, West Riyadh, Riyadh"
"670,000",Apartment,3,3,150 Sq. M.,"Alawali, West Riyadh, Riyadh"
"780,000",Apartment,4,3,136 Sq. M.,"Al Rawdah, North Jeddah, Jeddah"
"580,000",Apartment,3,3,111 Sq. M.,"Al Salamah, North Jeddah, Jeddah"
"730,000",Apartment,5,3,130 Sq. M.,"Al Naim, North Jeddah, Jeddah"
"740,000",Apartment,4,3,117 Sq. M.,"Al Rawdah, North Jeddah, Jeddah"
"2,100,000",Villa,7,5,328 Sq. M.,"Al Rimal, East Riyadh, Riyadh"
"920,000",Apartment,4,3,172 Sq. M.,"Al Rawdah, North Jeddah, Jeddah"
"900,000",Apartment,6,3,188 Sq. M.,"Al Naim, North Jeddah, Jeddah"
"580,000",Apartment,3,3,111 Sq. M.,"Al Salamah, North Jeddah, Jeddah"
"430,000",Apartment,4,3,149 Sq. M.,"Badr, South Riyadh, Riyadh"
"430,000",Apartment,4,3,149 Sq. M.,"Badr, South Riyadh, Riyadh"
"780,000",Apartment,4,3,136 Sq. M.,"Al Rawdah, North Jeddah, Jeddah"
"2,100,000",Villa,5,6,328 Sq. M.,"Al Rimal, East Riyadh, Riyadh"
"2,000,000",Villa,4,5,276 Sq. M.,"Al Maizilah, East Riyadh, Riyadh"
"580,000",Apartment,3,3,100 Sq. M.,"Al Naim, North Jeddah, Jeddah"
"630,000",Apartment,4,3,111 Sq. M.,"Al Salamah, North Jeddah, Jeddah"
"680,000",Apartment,5,3,136 Sq. M.,"Al Salamah, North Jeddah, Jeddah"
"730,000",Apartment,4,3,112 Sq. M.,"Al Rawdah, North Jeddah, Jeddah"
"680,000",Apartment,5,3,136 Sq. M.,"Al Salamah, North Jeddah, Jeddah"
"780,000",Apartment,4,3,136 Sq. M.,"Al Rawdah, North Jeddah, Jeddah"
"599,000",Apartment,4,3,111 Sq. M.,"Al Salamah, North Jeddah, Jeddah"
"1,550,000",Floor,5,6,206 Sq. M.,"Al Munsiyah, East Riyadh, Riyadh"
"670,000",Apartment,5,3,162 Sq. M.,"Al Nuzhah, North Jeddah, Jeddah"
"680,000",Apartment,5,3,136 Sq. M.,"Al Salamah, North Jeddah, Jeddah"
"1,000,000",Floor,3,3,344 Sq. M.,"Al Qadisiyah, East Riyadh, Riyadh"
"900,000",Apartment,4,3,158 Sq. M.,"Al Naim, North Jeddah, Jeddah"
"680,000",Apartment,5,3,136 Sq. M.,"Al Salamah, North Jeddah, Jeddah"
"740,000",Apartment,4,3,117 Sq. M.,"Al Rawdah, North Jeddah, Jeddah"
"730,000",Apartment,5,3,130 Sq. M.,"Al Naim, North Jeddah, Jeddah"
"599,000",Apartment,4,3,112 Sq. M.,"Al Salamah, North Jeddah, Jeddah"
"740,000",Apartment,3,3,117 Sq. M.,"Al Rawdah, North Jeddah, Jeddah"
"580,000",Apartment,3,3,111 Sq. M.,"Al Salamah, North Jeddah, Jeddah"
"730,000",Apartment,5,3,130 Sq. M.,"Al Naim, North Jeddah, Jeddah"
"750,000",Apartment,4,4,167 Sq. M.,"Al Marwah, North Jeddah, Jeddah"
"540,000",Apartment,4,3,131 Sq. M.,"Al Marwah, North Jeddah, Jeddah"
"599,000",Apartment,4,3,111 Sq. M.,"Al Salamah, North Jeddah, Jeddah"
"580,000",Apartment,3,3,111 Sq. M.,"Al Salamah, North Jeddah, Jeddah"
"1,129,000",Apartment,3,3,157 Sq. M.,"Al Narjis, North Riyadh, Riyadh"
"1,300,000",Villa,5,7,527 Sq. M.,"Al Amwaj, Al Khobar"
"730,000",Apartment,4,3,112 Sq. M.,"Al Rawdah, North Jeddah, Jeddah"
"430,000",Apartment,3,4,131 Sq. M.,"Badr, South Riyadh, Riyadh"
"860,000",Floor,3,3,500 Sq. M.,"Al Zahrah, West Riyadh, Riyadh"
"450,000",Apartment,3,3,177 Sq. M.,"Badr, South Riyadh, Riyadh"
"730,000",Apartment,4,3,112 Sq. M.,"Al Rawdah, North Jeddah, Jeddah"
"720,000",Apartment,5,3,130 Sq. M.,"Al Naim, North Jeddah, Jeddah"
"860,000",Floor,3,3,500 Sq. M.,"Shubra, West Riyadh, Riyadh"
"860,000",Floor,3,4,500 Sq. M.,"Al Zahrah, West Riyadh, Riyadh"
"550,000",Apartment,3,3,128 Sq. M.,"Al Zahrah, West Riyadh, Riyadh"
"450,000",Apartment,3,3,177 Sq. M.,"Badr, South Riyadh, Riyadh"
"860,000",Floor,3,3,500 Sq. M.,"Shubra, West Riyadh, Riyadh"
"860,000",Floor,3,4,500 Sq. M.,"Shubra, West Riyadh, Riyadh"
"860,000",Floor,3,3,500 Sq. M.,"Shubra, West Riyadh, Riyadh"
"550,000",Apartment,3,1,128 Sq. M.,"Al Zahrah, West Riyadh, Riyadh"
"590,000",Apartment,3,3,111 Sq. M.,"Al Salamah, North Jeddah, Jeddah"
"750,000",Apartment,5,3,136 Sq. M.,"Al Naim, North Jeddah, Jeddah"
"580,000",Apartment,3,3,111 Sq. M.,"Al Salamah, North Jeddah, Jeddah"
"630,000",Apartment,4,3,111 Sq. M.,"Al Salamah, North Jeddah, Jeddah"
"580,000",Apartment,3,3,111 Sq. M.,"Al Salamah, North Jeddah, Jeddah"
"590,000",Apartment,3,3,111 Sq. M.,"Al Salamah, North Jeddah, Jeddah"
"680,000",Apartment,5,3,136 Sq. M.,"Al Salamah, North Jeddah, Jeddah"
"780,000",Apartment,5,3,176 Sq. M.,"Al Salamah, North Jeddah, Jeddah"
"680,000",Apartment,5,3,137 Sq. M.,"Al Salamah, North Jeddah, Jeddah"
"680,000",Apartment,5,3,136 Sq. M.,"Al Salamah, North Jeddah, Jeddah"
"630,000",Apartment,4,3,111 Sq. M.,"Al Salamah, North Jeddah, Jeddah"
"630,000",Apartment,4,3,111 Sq. M.,"Al Salamah, North Jeddah, Jeddah"
"630,000",Apartment,4,3,111 Sq. M.,"Al Salamah, North Jeddah, Jeddah"
"710,000",Apartment,3,4,180 Sq. M.,"Alawali, West Riyadh, Riyadh"
"820,000",Apartment,5,3,165 Sq. M.,"Al Salamah, North Jeddah, Jeddah"
"680,000",Apartment,5,3,136 Sq. M.,"Al Salamah, North Jeddah, Jeddah"
"680,000",Apartment,5,3,136 Sq. M.,"Al Salamah, North Jeddah, Jeddah"
"680,000",Apartment,5,3,136 Sq. M.,"Al Salamah, North Jeddah, Jeddah"
"1,159,000",Apartment,3,4,184 Sq. M.,"Al Nuzhah, North Jeddah, Jeddah"
"630,000",Apartment,4,3,115 Sq. M.,"Al Salamah, North Jeddah, Jeddah"
"1,500,000",Floor,5,4,213 Sq. M.,"Al Yarmuk, East Riyadh, Riyadh"
"580,000",Apartment,3,3,100 Sq. M.,"Al Naim, North Jeddah, Jeddah"
"750,000",Apartment,4,3,114 Sq. M.,"Al Rawdah, North Jeddah, Jeddah"
"730,000",Apartment,5,3,130 Sq. M.,"Al Naim, North Jeddah, Jeddah"
"730,000",Apartment,4,3,112 Sq. M.,"Al Rawdah, North Jeddah, Jeddah"
"663,400",Apartment,3,2,175 Sq. M.,"Tuwaiq, West Riyadh, Riyadh"
"662,000",Apartment,3,2,177 Sq. M.,"Tuwaiq, West Riyadh, Riyadh"
"670,000",Apartment,5,3,162 Sq. M.,"Al Nuzhah, North Jeddah, Jeddah"
"2,350,000",Villa,5,7,250 Sq. M.,"Al Yarmuk, East Riyadh, Riyadh"
"900,000",Apartment,6,3,188 Sq. M.,"Al Naim, North Jeddah, Jeddah"
"930,000",Floor,3,3,158 Sq. M.,"Al Saadah, East Riyadh, Riyadh"
"790,000",Apartment,3,3,136 Sq. M.,"Al Mahdiyah, West Riyadh, Riyadh"
"580,000",Apartment,3,3,100 Sq. M.,"Al Naim, North Jeddah, Jeddah"
"730,000",Apartment,4,3,112 Sq. M.,"Al Rawdah, North Jeddah, Jeddah"
"730,000",Apartment,5,3,130 Sq. M.,"Al Naim, North Jeddah, Jeddah"
"900,000",Apartment,4,3,158 Sq. M.,"Al Naim, North Jeddah, Jeddah"
"680,000",Apartment,5,3,136 Sq. M.,"Al Salamah, North Jeddah, Jeddah"
"900,000",Apartment,6,3,188 Sq. M.,"Al Naim, North Jeddah, Jeddah"
"680,000",Apartment,5,3,136 Sq. M.,"Al Salamah, North Jeddah, Jeddah"
"680,000",Apartment,5,3,136 Sq. M.,"Al Salamah, North Jeddah, Jeddah"
"730,000",Apartment,5,3,130 Sq. M.,"Al Naim, North Jeddah, Jeddah"
"580,000",Apartment,3,3,111 Sq. M.,"Al Salamah, North Jeddah, Jeddah"
"900,000",Apartment,4,3,158 Sq. M.,"Al Naim, North Jeddah, Jeddah"
"920,000",Apartment,4,3,172 Sq. M.,"Al Rawdah, North Jeddah, Jeddah"
"3,800,000",Villa,6,8,450 Sq. M.,"Al Yarmuk, East Riyadh, Riyadh"
"590,000",Apartment,3,3,111 Sq. M.,"Al Salamah, North Jeddah, Jeddah"
"670,000",Apartment,3,3,150 Sq. M.,"Alawali, West Riyadh, Riyadh"
"1,000,000",Floor,5,3,193 Sq. M.,"Al Qadisiyah, East Riyadh, Riyadh"
"580,000",Apartment,3,3,100 Sq. M.,"Al Naim, North Jeddah, Jeddah"
"680,000",Apartment,5,3,136 Sq. M.,"Al Salamah, North Jeddah, Jeddah"
"680,000",Apartment,5,3,136 Sq. M.,"Al Salamah, North Jeddah, Jeddah"
"680,000",Apartment,5,3,136 Sq. M.,"Al Salamah, North Jeddah, Jeddah"
"999,000",Apartment,3,3,170 Sq. M.,"Al Nuzhah, North Jeddah, Jeddah"
"580,000",Apartment,3,3,111 Sq. M.,"Al Salamah, North Jeddah, Jeddah"
"580,000",Apartment,3,3,111 Sq. M.,"Al Salamah, North Jeddah, Jeddah"
"580,000",Apartment,3,3,111 Sq. M.,"Al Salamah, North Jeddah, Jeddah"
"680,000",Apartment,5,3,136 Sq. M.,"Al Salamah, North Jeddah, Jeddah"
"1,850,000",Floor,3,3,200 Sq. M.,"Qurtubah, East Riyadh, Riyadh"
"1,039,000",Apartment,3,4,231 Sq. M.,"Al Nuzhah, North Jeddah, Jeddah"
"549,000",Apartment,3,3,"16,975 Sq. M.","Umm Hablain Al Gharbia, Jeddah"
"899,000",Apartment,3,4,170 Sq. M.,"Al Nuzhah, North Jeddah, Jeddah"
"1,039,000",Apartment,3,4,231 Sq. M.,"Al Nuzhah, North Jeddah, Jeddah"
"580,000",Apartment,3,3,111 Sq. M.,"Al Salamah, North Jeddah, Jeddah"
"860,000",Floor,3,3,500 Sq. M.,"Shubra, West Riyadh, Riyadh"
"900,000",Apartment,4,3,159 Sq. M.,"Al Naim, North Jeddah, Jeddah"
"730,000",Apartment,5,3,130 Sq. M.,"Al Naim, North Jeddah, Jeddah"
"860,000",Floor,4,3,500 Sq. M.,"Shubra, West Riyadh, Riyadh"
"580,000",Apartment,3,3,111 Sq. M.,"Al Salamah, North Jeddah, Jeddah"
"630,000",Apartment,4,3,112 Sq. M.,"Al Salamah, North Jeddah, Jeddah"
"680,000",Apartment,5,3,136 Sq. M.,"Al Salamah, North Jeddah, Jeddah"
"860,000",Floor,4,3,500 Sq. M.,"Shubra, West Riyadh, Riyadh"
"550,000",Apartment,3,3,128 Sq. M.,"Al Zahrah, West Riyadh, Riyadh"
"730,000",Apartment,5,3,130 Sq. M.,"Al Naim, North Jeddah, Jeddah"
"620,000",Apartment,3,3,111 Sq. M.,"Al Naim, North Jeddah, Jeddah"
"750,000",Apartment,5,3,136 Sq. M.,"Al Naim, North Jeddah, Jeddah"
"860,000",Floor,3,3,500 Sq. M.,"Shubra, West Riyadh, Riyadh"
"860,000",Floor,4,3,500 Sq. M.,"Shubra, West Riyadh, Riyadh"
"860,000",Floor,4,3,500 Sq. M.,"Shubra, West Riyadh, Riyadh"
"420,000",Apartment,3,3,132 Sq. M.,"Al Dar Al Baida, South Riyadh, Riyadh"
"730,000",Apartment,4,3,112 Sq. M.,"Al Rawdah, North Jeddah, Jeddah"
"860,000",Floor,4,3,500 Sq. M.,"Shubra, West Riyadh, Riyadh"
"420,000",Apartment,3,3,131 Sq. M.,"Al Dar Al Baida, South Riyadh, Riyadh"
"860,000",Floor,3,3,500 Sq. M.,"Shubra, West Riyadh, Riyadh"
"860,000",Floor,3,3,500 Sq. M.,"Shubra, West Riyadh, Riyadh"
"685,000",Apartment,3,3,181 Sq. M.,"Alawali, West Riyadh, Riyadh"
"580,000",Apartment,3,3,111 Sq. M.,"Al Salamah, North Jeddah, Jeddah"
"3,500,000",Villa,5,5,720 Sq. M.,"Al Shulah, Dammam"
"670,000",Apartment,5,3,181 Sq. M.,"Al Hamraa District, Makkah"
"670,000",Apartment,5,3,181 Sq. M.,"Al Hamraa District, Makkah"
"700,000",Apartment,5,3,193 Sq. M.,"Al Shawqiyyah, Makkah"
"680,000",Apartment,5,1,188 Sq. M.,"Al Mohamdya, Makkah"
"670,000",Apartment,5,1,181 Sq. M.,"Al Hamraa District, Makkah"
"700,000",Apartment,5,3,195 Sq. M.,"Al Shawqiyyah, Makkah"
"750,000",Apartment,5,3,193 Sq. M.,"Al Shawqiyyah, Makkah"
"590,000",Apartment,3,3,111 Sq. M.,"Al Salamah, North Jeddah, Jeddah"
"520,000",Apartment,5,3,152 Sq. M.,"Al Mraikh, North Jeddah, Jeddah"
"580,000",Apartment,3,3,138 Sq. M.,"Al Jawhara, Dammam"
"740,000",Apartment,6,3,141 Sq. M.,"Al Salamah, North Jeddah, Jeddah"
"740,000",Apartment,4,4,141 Sq. M.,"Al Salamah, North Jeddah, Jeddah"
"740,000",Apartment,4,4,141 Sq. M.,"Al Salamah, North Jeddah, Jeddah"
"860,000",Floor,3,4,500 Sq. M.,"Shubra, West Riyadh, Riyadh"
"860,000",Floor,3,4,500 Sq. M.,"Shubra, West Riyadh, Riyadh"
"860,000",Floor,3,4,250 Sq. M.,"Shubra, West Riyadh, Riyadh"
"860,000",Floor,4,3,500 Sq. M.,"Shubra, West Riyadh, Riyadh"
"860,000",Floor,3,4,500 Sq. M.,"Shubra, West Riyadh, Riyadh"
"860,000",Floor,3,3,250 Sq. M.,"Shubra, West Riyadh, Riyadh"
"860,000",Floor,3,3,500 Sq. M.,"Shubra, West Riyadh, Riyadh"
"860,000",Floor,3,4,500 Sq. M.,"Shubra, West Riyadh, Riyadh"
"670,000",Apartment,5,3,162 Sq. M.,"Al Nuzhah, North Jeddah, Jeddah"
"250,000",Apartment,2,2,706 Sq. M.,"Al Mraikh, North Jeddah, Jeddah"
"2,500,000",Villa,6,8,446 Sq. M.,"Al Mahdiyah, West Riyadh, Riyadh"
"1,400,000",Floor,5,4,600 Sq. M.,"Al Khaleej, East Riyadh, Riyadh"
"1,450,000",Apartment,5,4,174 Sq. M.,"Qurtubah, East Riyadh, Riyadh"
"1,650,000",Floor,5,4,190 Sq. M.,"Qurtubah, East Riyadh, Riyadh"
"1,650,000",Floor,5,4,190 Sq. M.,"Qurtubah, East Riyadh, Riyadh"
"1,350,000",Floor,6,4,442 Sq. M.,"Al Nahdah, East Riyadh, Riyadh"
"250,000",Apartment,2,2,706 Sq. M.,"Al Mraikh, North Jeddah, Jeddah"
"1,150,000",Apartment,4,3,134 Sq. M.,"Al Munsiyah, East Riyadh, Riyadh"
"1,070,000",Villa,5,5,263 Sq. M.,"Tuwaiq, West Riyadh, Riyadh"
"1,650,000",Floor,5,5,183 Sq. M.,"Al Munsiyah, East Riyadh, Riyadh"
"1,050,000",Apartment,7,6,339 Sq. M.,"Al Sawari, North Jeddah, Jeddah"
"1,050,000",Apartment,7,6,339 Sq. M.,"Al Sawari, North Jeddah, Jeddah"
"720,000",Apartment,4,3,175 Sq. M.,"Al Aziziyah, North Jeddah, Jeddah"
"850,000",Apartment,6,5,207 Sq. M.,"Al Marwah, North Jeddah, Jeddah"
"1,050,000",Apartment,1,1,339 Sq. M.,"Al Sawari, North Jeddah, Jeddah"
"995,000",Apartment,3,3,158 Sq. M.,"Al Rimal, East Riyadh, Riyadh"
"995,000",Apartment,3,4,158 Sq. M.,"Al Rimal, East Riyadh, Riyadh"
"630,000",Apartment,1,1,153 Sq. M.,"Al Aridh, Madina"
"650,000",Apartment,5,3,261 Sq. M.,"Al Raqi, Khamis Mushait"
"1,150,000",Apartment,3,3,134 Sq. M.,"Al Munsiyah, East Riyadh, Riyadh"
"1,400,000",Apartment,5,4,167 Sq. M.,"Al Rimal, East Riyadh, Riyadh"
"1,500,000",Floor,4,3,141 Sq. M.,"Al Munsiyah, East Riyadh, Riyadh"
"1,600,000",Floor,5,4,206 Sq. M.,"Al Munsiyah, East Riyadh, Riyadh"
"950,000",Apartment,3,3,120 Sq. M.,"Al Nahdah, East Riyadh, Riyadh"
"1,400,000",Apartment,5,4,167 Sq. M.,"Al Rimal, East Riyadh, Riyadh"
"2,600,000",Villa,7,5,411 Sq. M.,"Al Yarmuk, East Riyadh, Riyadh"
"2,350,000",Villa,6,5,250 Sq. M.,"Al Yarmuk, East Riyadh, Riyadh"
"860,000",Floor,4,5,500 Sq. M.,"Shubra, West Riyadh, Riyadh"
"420,000",Apartment,3,3,131 Sq. M.,"Al Dar Al Baida, South Riyadh, Riyadh"
"860,000",Floor,3,4,500 Sq. M.,"Shubra, West Riyadh, Riyadh"
"420,000",Apartment,3,3,131 Sq. M.,"Al Dar Al Baida, South Riyadh, Riyadh"
"420,000",Apartment,3,3,131 Sq. M.,"Al Dar Al Baida, South Riyadh, Riyadh"
"860,000",Floor,3,4,500 Sq. M.,"Shubra, West Riyadh, Riyadh"
"640,000",Apartment,4,3,183 Sq. M.,"Al Jisr, Al Khobar"
"640,000",Apartment,5,3,184 Sq. M.,"Al Jisr, Al Khobar"
"730,000",Apartment,4,3,112 Sq. M.,"Al Rawdah, North Jeddah, Jeddah"
"730,000",Apartment,4,3,112 Sq. M.,"Al Rawdah, North Jeddah, Jeddah"
"730,000",Apartment,4,3,112 Sq. M.,"Al Rawdah, North Jeddah, Jeddah"
"700,000",Apartment,3,4,151 Sq. M.,"Batha Quraysh, Makkah"
"1,150,000",Apartment,3,3,134 Sq. M.,"Al Munsiyah, East Riyadh, Riyadh"
"1,100,000",Apartment,4,3,66 Sq. M.,"King Faisal, East Riyadh, Riyadh"
"1,400,000",Floor,6,3,166 Sq. M.,"King Faisal, East Riyadh, Riyadh"
"3,700,000",Villa,9,8,408 Sq. M.,"Qurtubah, East Riyadh, Riyadh"
"370,000",Apartment,3,3,145 Sq. M.,"Al Suways 1, Jazan"
"650,000",Apartment,2,2,110 Sq. M.,"Tuwaiq, West Riyadh, Riyadh"
"1,050,000",Villa,5,5,250 Sq. M.,"Tuwaiq, West Riyadh, Riyadh"
"710,000",Apartment,3,3,132 Sq. M.,"Al Rimal, East Riyadh, Riyadh"
"495,000",Apartment,5,3,168 Sq. M.,"Akhbab, Taif"
"650,000",Floor,4,3,162 Sq. M.,"Al Dar Al Baida, South Riyadh, Riyadh"
"1,100,000",Villa,4,4,188 Sq. M.,"Al Qadisiyah, East Riyadh, Riyadh"
"1,400,000",Floor,6,5,185 Sq. M.,"Al Munsiyah, East Riyadh, Riyadh"
"1,005,000",Apartment,3,4,142 Sq. M.,"Al Yarmuk, East Riyadh, Riyadh"
"1,005,000",Apartment,4,4,142 Sq. M.,"Al Yarmuk, East Riyadh, Riyadh"
"860,000",Floor,3,3,500 Sq. M.,"Shubra, West Riyadh, Riyadh"
"720,000",Apartment,3,3,101 Sq. M.,"Al Maizilah, East Riyadh, Riyadh"
"850,000",Floor,3,3,500 Sq. M.,"Shubra, West Riyadh, Riyadh"
"1,380,000",Floor,3,3,168 Sq. M.,"Al Munsiyah, East Riyadh, Riyadh"
"18,750,000",Rest House,1,5,"7,500 Sq. M.","Al Rimal, East Riyadh, Riyadh"
"575,000",Apartment,4,3,161 Sq. M.,"Al Buhayrat, Makkah"
"700,000",Apartment,5,3,195 Sq. M.,"Al Shawqiyyah, Makkah"
"800,000",Apartment,6,4,215 Sq. M.,"King Fahd, Makkah"
"730,000",Apartment,6,1,205 Sq. M.,"Al Shawqiyyah, Makkah"
"510,000",Apartment,6,3,210 Sq. M.,"Al Suways 2, Jazan"
"580,000",Apartment,3,4,142 Sq. M.,"Al Hamra, Al Khobar"
"580,000",Apartment,3,4,157 Sq. M.,"Al Hamra, Al Khobar"
"550,000",Apartment,3,4,149 Sq. M.,"Al Hamra, Al Khobar"
"810,000",Apartment,3,4,189 Sq. M.,"Al Shati Al Sharqi, Dammam"
"810,000",Apartment,3,4,189 Sq. M.,"Al Shati Al Sharqi, Dammam"
"800,000",Apartment,3,4,189 Sq. M.,"Al Shati Al Sharqi, Dammam"
"550,000",Apartment,3,4,135 Sq. M.,"Al Hamra, Al Khobar"
"950,000",Villa,6,5,312 Sq. M.,"Al Hazm, West Riyadh, Riyadh"
"490,000",Apartment,4,3,172 Sq. M.,"Badr, Dammam"
"610,000",Apartment,6,5,220 Sq. M.,"Al Shulah, Dammam"
"580,000",Apartment,6,5,"3,225 Sq. M.","Al Shulah, Dammam"
"1,030,000",Apartment,3,3,188 Sq. M.,"Al Mahdiyah, West Riyadh, Riyadh"
"550,000",Apartment,3,3,130 Sq. M.,"Alawali, West Riyadh, Riyadh"
"920,000",Apartment,3,4,140 Sq. M.,"Al Mahdiyah, West Riyadh, Riyadh"
"880,000",Apartment,4,4,140 Sq. M.,"Al Mahdiyah, West Riyadh, Riyadh"
"1,000,000",Apartment,3,4,170 Sq. M.,"Al Mahdiyah, West Riyadh, Riyadh"
"860,000",Apartment,3,3,130 Sq. M.,"Al Mahdiyah, West Riyadh, Riyadh"
"780,000",Apartment,2,2,130 Sq. M.,"Al Mahdiyah, West Riyadh, Riyadh"
"680,000",Apartment,3,2,111 Sq. M.,"Al Mahdiyah, West Riyadh, Riyadh"
"800,000",Apartment,4,3,130 Sq. M.,"Al Mahdiyah, West Riyadh, Riyadh"
"1,350,000",Apartment,2,2,153 Sq. M.,"Al Mahdiyah, West Riyadh, Riyadh"
"1,200,000",Apartment,4,3,165 Sq. M.,"Al Mahdiyah, West Riyadh, Riyadh"
"750,000",Apartment,3,3,478 Sq. M.,"Al Mahdiyah, West Riyadh, Riyadh"
"850,000",Apartment,3,2,130 Sq. M.,"Al Mahdiyah, West Riyadh, Riyadh"
"750,000",Apartment,3,3,478 Sq. M.,"Al Mahdiyah, West Riyadh, Riyadh"
"740,000",Apartment,3,3,125 Sq. M.,"Al Mahdiyah, West Riyadh, Riyadh"
"750,000",Apartment,3,3,125 Sq. M.,"Al Mahdiyah, West Riyadh, Riyadh"
"1,005,000",Floor,3,2,193 Sq. M.,"Tuwaiq, West Riyadh, Riyadh"
"250,000",Apartment,2,2,706 Sq. M.,"Al Mraikh, North Jeddah, Jeddah"
"320,000",Apartment,3,3,659 Sq. M.,"Al Mraikh, North Jeddah, Jeddah"
"740,000",Apartment,4,3,112 Sq. M.,"Al Rawdah, North Jeddah, Jeddah"
"2,000,000",Villa,5,4,270 Sq. M.,"Al Rimal, East Riyadh, Riyadh"
"1,150,000",Floor,4,3,134 Sq. M.,"Al Rimal, East Riyadh, Riyadh"
"730,000",Apartment,4,3,117 Sq. M.,"Al Rawdah, North Jeddah, Jeddah"
"800,000",Apartment,3,3,120 Sq. M.,"Al Mahdiyah, West Riyadh, Riyadh"
"990,000",Apartment,3,3,478 Sq. M.,"Al Mahdiyah, West Riyadh, Riyadh"
"970,000",Floor,3,3,128 Sq. M.,"Al Rimal, East Riyadh, Riyadh"
"830,000",Apartment,4,4,140 Sq. M.,"Al Salamah, North Jeddah, Jeddah"
"1,055,000",Apartment,3,3,106 Sq. M.,"Al Munsiyah, East Riyadh, Riyadh"
"2,450,000",Villa,5,6,235 Sq. M.,"Al Mahdiyah, West Riyadh, Riyadh"
"730,000",Apartment,4,3,112 Sq. M.,"Al Rawdah, North Jeddah, Jeddah"
"740,000",Apartment,4,3,112 Sq. M.,"Al Rawdah, North Jeddah, Jeddah"
"750,000",Apartment,4,3,114 Sq. M.,"Al Rawdah, North Jeddah, Jeddah"
"740,000",Apartment,4,3,117 Sq. M.,"Al Rawdah, North Jeddah, Jeddah"
"830,000",Apartment,4,3,140 Sq. M.,"Al Salamah, North Jeddah, Jeddah"
"740,000",Apartment,4,3,117 Sq. M.,"Al Rawdah, North Jeddah, Jeddah"
"740,000",Apartment,4,3,117 Sq. M.,"Al Rawdah, North Jeddah, Jeddah"
"730,000",Apartment,4,3,112 Sq. M.,"Al Rawdah, North Jeddah, Jeddah"
"900,000",Apartment,4,4,158 Sq. M.,"Al Naim, North Jeddah, Jeddah"
"650,000",Apartment,4,3,111 Sq. M.,"Al Salamah, North Jeddah, Jeddah"
"900,000",Apartment,4,4,158 Sq. M.,"Al Naim, North Jeddah, Jeddah"
"740,000",Apartment,4,3,117 Sq. M.,"Al Rawdah, North Jeddah, Jeddah"
"750,000",Apartment,4,3,114 Sq. M.,"Al Rawdah, North Jeddah, Jeddah"
"650,000",Apartment,4,3,111 Sq. M.,"Al Salamah, North Jeddah, Jeddah"
"650,000",Apartment,3,3,111 Sq. M.,"Al Salamah, North Jeddah, Jeddah"
"650,000",Apartment,4,3,111 Sq. M.,"Al Salamah, North Jeddah, Jeddah"
"950,000",Apartment,4,4,160 Sq. M.,"Al Rawdah, North Jeddah, Jeddah"
"1,550,000",Floor,5,4,198 Sq. M.,"Qurtubah, East Riyadh, Riyadh"
"480,000",Apartment,4,3,156 Sq. M.,"Badr, South Riyadh, Riyadh"
"3,600,000",Villa,5,2,728 Sq. M.,"Al Fayha, East Riyadh, Riyadh"
"1,350,000",Villa,7,4,136 Sq. M.,"Umm Al Hamam Al Gharbi, West Riyadh, Riyadh"
"740,000",Apartment,4,3,112 Sq. M.,"Al Rawdah, North Jeddah, Jeddah"
"650,000",Apartment,4,3,123 Sq. M.,"Al Salamah, North Jeddah, Jeddah"
"1,650,000",Floor,4,4,183 Sq. M.,"Al Munsiyah, East Riyadh, Riyadh"
"800,000",Apartment,4,5,630 Sq. M.,"Badr, South Riyadh, Riyadh"
"800,000",Apartment,4,4,630 Sq. M.,"Badr, South Riyadh, Riyadh"
"650,000",Apartment,4,3,111 Sq. M.,"Al Salamah, North Jeddah, Jeddah"
"830,000",Floor,3,3,245 Sq. M.,"Tuwaiq, West Riyadh, Riyadh"
"740,000",Apartment,4,3,112 Sq. M.,"Al Rawdah, North Jeddah, Jeddah"
"2,500,000",Villa,5,3,355 Sq. M.,"Ishbiliyah, East Riyadh, Riyadh"
"1,800,000",Apartment,4,2,148 Sq. M.,"Hittin, North Riyadh, Riyadh"
"580,000",Apartment,3,4,142 Sq. M.,"Al Hamra, Al Khobar"
"580,000",Apartment,3,4,157 Sq. M.,"Al Hamra, Al Khobar"
"550,000",Apartment,3,4,149 Sq. M.,"Al Hamra, Al Khobar"
"810,000",Apartment,3,4,189 Sq. M.,"Al Shati Al Sharqi, Dammam"
"810,000",Apartment,3,4,189 Sq. M.,"Al Shati Al Sharqi, Dammam"
"2,360,000",Apartment,3,3,118 Sq. M.,"Al Olaya, North Riyadh, Riyadh"
"3,350,000",Apartment,3,3,168 Sq. M.,"Al Olaya, North Riyadh, Riyadh"
"800,000",Apartment,3,4,189 Sq. M.,"Al Shati Al Sharqi, Dammam"
"509,000",Apartment,2,3,138 Sq. M.,"Okaz, South Riyadh, Riyadh"
"779,000",Apartment,2,4,206 Sq. M.,"Okaz, South Riyadh, Riyadh"
"550,000",Apartment,3,4,135 Sq. M.,"Al Hamra, Al Khobar"
"850,000",Apartment,4,3,146 Sq. M.,"Dhahrat Laban, West Riyadh, Riyadh"
"950,000",Floor,3,4,152 Sq. M.,"Al Qadisiyah, East Riyadh, Riyadh"
"499,000",Apartment,2,3,127 Sq. M.,"Okaz, South Riyadh, Riyadh"
"1,350,000",Apartment,4,3,155 Sq. M.,"Al Mahdiyah, West Riyadh, Riyadh"
"2,200,000",Apartment,3,4,178 Sq. M.,"Al Fayhaa, North Jeddah, Jeddah"
"820,000",Apartment,7,5,236 Sq. M.,"Prince Abdulmajeed, South Jeddah, Jeddah"
"850,000",Apartment,4,3,146 Sq. M.,"Dhahrat Laban, West Riyadh, Riyadh"
"1,500,000",Apartment,3,4,201 Sq. M.,"Al Fayhaa, North Jeddah, Jeddah"
"760,000",Apartment,5,3,166 Sq. M.,"Al Nuzhah, North Jeddah, Jeddah"
"730,000",Apartment,4,3,112 Sq. M.,"Al Rawdah, North Jeddah, Jeddah"
"650,000",Apartment,4,3,123 Sq. M.,"Al Salamah, North Jeddah, Jeddah"
"570,000",Apartment,3,3,142 Sq. M.,"Tuwaiq, West Riyadh, Riyadh"
"740,000",Apartment,4,3,117 Sq. M.,"Al Rawdah, North Jeddah, Jeddah"
"650,000",Apartment,4,3,111 Sq. M.,"Al Salamah, North Jeddah, Jeddah"
"770,000",Apartment,4,5,630 Sq. M.,"Badr, South Riyadh, Riyadh"
"770,000",Apartment,6,5,630 Sq. M.,"Badr, South Riyadh, Riyadh"
"800,000",Apartment,4,4,630 Sq. M.,"Badr, South Riyadh, Riyadh"
"770,000",Apartment,3,3,630 Sq. M.,"Badr, South Riyadh, Riyadh"
"770,000",Apartment,4,4,630 Sq. M.,"Badr, South Riyadh, Riyadh"
"800,000",Apartment,4,4,630 Sq. M.,"Badr, South Riyadh, Riyadh"
"770,000",Apartment,3,3,630 Sq. M.,"Badr, South Riyadh, Riyadh"
"650,000",Apartment,4,3,123 Sq. M.,"Al Salamah, North Jeddah, Jeddah"
"770,000",Apartment,3,3,630 Sq. M.,"Badr, South Riyadh, Riyadh"
"530,000",Apartment,3,3,163 Sq. M.,"Okaz, South Riyadh, Riyadh"
"770,000",Apartment,4,4,630 Sq. M.,"Badr, South Riyadh, Riyadh"
"569,000",Apartment,2,3,145 Sq. M.,"Okaz, South Riyadh, Riyadh"
"539,000",Apartment,2,3,134 Sq. M.,"Okaz, South Riyadh, Riyadh"
"519,000",Apartment,2,3,130 Sq. M.,"Okaz, South Riyadh, Riyadh"
"509,000",Apartment,2,3,131 Sq. M.,"Okaz, South Riyadh, Riyadh"
"499,000",Apartment,2,3,127 Sq. M.,"Okaz, South Riyadh, Riyadh"
"499,000",Apartment,2,3,127 Sq. M.,"Okaz, South Riyadh, Riyadh"
"1,500,000",Apartment,3,3,185 Sq. M.,"Al Munsiyah, East Riyadh, Riyadh"
"1,500,000",Floor,4,3,141 Sq. M.,"Al Munsiyah, East Riyadh, Riyadh"
"730,000",Apartment,4,3,112 Sq. M.,"Al Rawdah, North Jeddah, Jeddah"
"730,000",Apartment,4,3,117 Sq. M.,"Al Rawdah, North Jeddah, Jeddah"
"440,000",Apartment,4,3,182 Sq. M.,"Ar Rehab 3, Jazan"
"2,300,000",Villa,5,6,420 Sq. M.,"Al Bayan Neighborhood, East Riyadh, Riyadh"
"740,000",Apartment,4,3,117 Sq. M.,"Al Rawdah, North Jeddah, Jeddah"
"2,100,000",Villa,3,4,267 Sq. M.,"Al Rimal, East Riyadh, Riyadh"
"790,000",Apartment,1,1,171 Sq. M.,"Shuran, Madina"
"695,000",Apartment,1,1,190 Sq. M.,"Ayn Al Khif, Madina"
"750,000",Apartment,1,1,216 Sq. M.,"Bani Bayadah, Madina"
"790,000",Apartment,1,1,205 Sq. M.,"Bani Bayadah, Madina"
"750,000",Apartment,1,1,246 Sq. M.,"Bani Bayadah, Madina"
"1,650,000",Villa,1,1,397 Sq. M.,"Al Ranuna, Madina"
"1,950,000",Villa,1,1,373 Sq. M.,"Al Rawabi, Madina"
"1,290,000",Villa,1,1,226 Sq. M.,"Nubala, Madina"
"1,450,000",Villa,1,1,366 Sq. M.,"Mudhainib, Madina"
"730,000",Apartment,1,1,177 Sq. M.,"Al Mabuth, Madina"
"1,200,000",Apartment,2,2,167 Sq. M.,"Al Munsiyah, East Riyadh, Riyadh"
"1,200,000",Apartment,2,3,167 Sq. M.,"Al Munsiyah, East Riyadh, Riyadh"
"850,000",Floor,3,3,138 Sq. M.,"Al Rimal, East Riyadh, Riyadh"
"670,000",Apartment,2,3,113 Sq. M.,"Al Rimal, East Riyadh, Riyadh"
"1,244,000",Apartment,3,3,82 Sq. M.,"Al Munsiyah, East Riyadh, Riyadh"
"1,003,000",Apartment,3,2,132 Sq. M.,"Al Munsiyah, East Riyadh, Riyadh"
"700,000",Apartment,5,4,150 Sq. M.,"Batha Quraysh, Makkah"
"1,100,000",Villa,1,1,368 Sq. M.,"Al Difa, Madina"
"1,600,000",Villa,1,1,432 Sq. M.,"Al Jamawat, Madina"
"560,000",Apartment,5,3,865 Sq. M.,"Al Rabwa, North Jeddah, Jeddah"
"449,000",Apartment,3,3,500 Sq. M.,"Al Naim, North Jeddah, Jeddah"
"700,000",Apartment,1,1,214 Sq. M.,"Al Ranuna, Madina"
"529,000",Apartment,3,3,500 Sq. M.,"Al Naim, North Jeddah, Jeddah"
"449,000",Apartment,3,3,500 Sq. M.,"Al Naim, North Jeddah, Jeddah"
"725,000",Apartment,1,1,175 Sq. M.,"Ayn Al Khif, Madina"
"720,000",Apartment,1,1,211 Sq. M.,"Al Jabirah, Madina"
"840,000",Apartment,1,1,188 Sq. M.,"Shuran, Madina"
"840,000",Apartment,1,1,188 Sq. M.,"Shuran, Madina"
"730,000",Apartment,1,1,195 Sq. M.,"King Fahd, Madina"
"700,000",Apartment,1,1,214 Sq. M.,"Al Ranuna, Madina"
"275,000",Apartment,2,3,900 Sq. M.,"Al Safa, North Jeddah, Jeddah"
"275,000",Apartment,3,3,900 Sq. M.,"Al Safa, North Jeddah, Jeddah"
"1,300,000",Floor,1,1,286 Sq. M.,"Al Ranuna, Madina"
"350,000",Apartment,3,3,900 Sq. M.,"Al Safa, North Jeddah, Jeddah"
"635,000",Apartment,2,2,127 Sq. M.,"Al Salamah, North Jeddah, Jeddah"
"350,000",Apartment,3,3,900 Sq. M.,"Al Safa, North Jeddah, Jeddah"
"520,000",Apartment,3,3,102 Sq. M.,"Al Salamah, North Jeddah, Jeddah"
"520,000",Apartment,3,3,102 Sq. M.,"Al Salamah, North Jeddah, Jeddah"
"520,000",Apartment,3,3,103 Sq. M.,"Al Salamah, North Jeddah, Jeddah"
"1,100,000",Floor,3,5,201 Sq. M.,"Al Maizilah, East Riyadh, Riyadh"
"1,100,000",Floor,3,5,201 Sq. M.,"Al Maizilah, East Riyadh, Riyadh"
"1,650,000",Floor,3,2,172 Sq. M.,"Qurtubah, East Riyadh, Riyadh"
"1,200,000",Floor,1,1,165 Sq. M.,"Al Khaleej, East Riyadh, Riyadh"
"1,400,000",Floor,4,6,287 Sq. M.,"Al Maizilah, East Riyadh, Riyadh"
"520,000",Apartment,4,3,174 Sq. M.,"Al Safa, North Jeddah, Jeddah"
"365,000",Apartment,2,2,625 Sq. M.,"Al Faisaliyah, Central Jeddah, Jeddah"
"635,000",Apartment,4,3,127 Sq. M.,"Al Salamah, North Jeddah, Jeddah"
"330,000",Apartment,3,2,"1,920 Sq. M.","Al Jameah District, South Jeddah, Jeddah"
"750,000",Apartment,4,3,137 Sq. M.,"Al Salamah, North Jeddah, Jeddah"
"520,000",Apartment,3,3,102 Sq. M.,"Al Salamah, North Jeddah, Jeddah"
"580,000",Apartment,1,1,100 Sq. M.,"Al Naim, North Jeddah, Jeddah"
"730,000",Apartment,5,3,130 Sq. M.,"Al Naim, North Jeddah, Jeddah"
"750,000",Apartment,4,3,114 Sq. M.,"Al Rawdah, North Jeddah, Jeddah"
"730,000",Apartment,4,3,112 Sq. M.,"Al Rawdah, North Jeddah, Jeddah"
"750,000",Apartment,4,3,114 Sq. M.,"Al Rawdah, North Jeddah, Jeddah"
"730,000",Apartment,4,3,130 Sq. M.,"Al Naim, North Jeddah, Jeddah"
"580,000",Apartment,1,1,100 Sq. M.,"Al Naim, North Jeddah, Jeddah"
"740,000",Apartment,4,3,117 Sq. M.,"Al Rawdah, North Jeddah, Jeddah"
"730,000",Apartment,1,1,112 Sq. M.,"Al Rawdah, North Jeddah, Jeddah"
"740,000",Apartment,1,1,130 Sq. M.,"Al Naim, North Jeddah, Jeddah"
"730,000",Apartment,5,3,112 Sq. M.,"Al Rawdah, North Jeddah, Jeddah"
"730,000",Apartment,1,1,130 Sq. M.,"Al Naim, North Jeddah, Jeddah"
"730,000",Apartment,1,1,130 Sq. M.,"Al Naim, North Jeddah, Jeddah"
"730,000",Apartment,1,1,130 Sq. M.,"Al Naim, North Jeddah, Jeddah"
"750,000",Apartment,1,1,120 Sq. M.,"Al Rawdah, North Jeddah, Jeddah"
"730,000",Apartment,1,1,112 Sq. M.,"Al Rawdah, North Jeddah, Jeddah"
"730,000",Apartment,5,3,130 Sq. M.,"Al Naim, North Jeddah, Jeddah"
"750,000",Apartment,1,1,114 Sq. M.,"Al Rawdah, North Jeddah, Jeddah"
"730,000",Apartment,1,1,112 Sq. M.,"Al Rawdah, North Jeddah, Jeddah"
"740,000",Apartment,1,1,117 Sq. M.,"Al Rawdah, North Jeddah, Jeddah"
"730,000",Apartment,1,1,112 Sq. M.,"Al Rawdah, North Jeddah, Jeddah"
"2,200,000",Villa,6,6,276 Sq. M.,"Al Maizilah, East Riyadh, Riyadh"
"569,000",Apartment,2,3,145 Sq. M.,"Okaz, South Riyadh, Riyadh"
"539,000",Apartment,2,3,134 Sq. M.,"Okaz, South Riyadh, Riyadh"
"519,000",Apartment,2,3,130 Sq. M.,"Okaz, South Riyadh, Riyadh"
"509,000",Apartment,2,3,131 Sq. M.,"Okaz, South Riyadh, Riyadh"
"499,000",Apartment,2,3,127 Sq. M.,"Okaz, South Riyadh, Riyadh"
"499,000",Apartment,2,3,127 Sq. M.,"Okaz, South Riyadh, Riyadh"
"650,000",Apartment,5,3,175 Sq. M.,"Al Salamah, North Jeddah, Jeddah"
"800,000",Apartment,4,3,139 Sq. M.,"Al Rawdah, North Jeddah, Jeddah"
"580,000",Apartment,3,3,100 Sq. M.,"Al Naim, North Jeddah, Jeddah"
"650,000",Apartment,4,3,111 Sq. M.,"Al Salamah, North Jeddah, Jeddah"
"730,000",Apartment,4,3,117 Sq. M.,"Al Rawdah, North Jeddah, Jeddah"
"650,000",Apartment,4,3,111 Sq. M.,"Al Salamah, North Jeddah, Jeddah"
"950,000",Apartment,3,3,150 Sq. M.,"Al Mahdiyah, West Riyadh, Riyadh"
"850,000",Apartment,3,3,125 Sq. M.,"Al Mahdiyah, West Riyadh, Riyadh"
"730,000",Apartment,4,3,112 Sq. M.,"Al Rawdah, North Jeddah, Jeddah"
"730,000",Apartment,5,3,130 Sq. M.,"Al Naim, North Jeddah, Jeddah"
"750,000",Apartment,4,3,120 Sq. M.,"Al Rawdah, North Jeddah, Jeddah"
"750,000",Apartment,4,3,120 Sq. M.,"Al Rawdah, North Jeddah, Jeddah"
"800,000",Apartment,4,3,146 Sq. M.,"Dhahrat Laban, West Riyadh, Riyadh"
"800,000",Apartment,4,3,130 Sq. M.,"Dhahrat Laban, West Riyadh, Riyadh"
"850,000",Apartment,4,3,130 Sq. M.,"Dhahrat Laban, West Riyadh, Riyadh"
"850,000",Apartment,4,3,146 Sq. M.,"Dhahrat Laban, West Riyadh, Riyadh"
"700,000",Floor,3,3,151 Sq. M.,"Al Suwaidi, West Riyadh, Riyadh"
"850,000",Villa,5,5,242 Sq. M.,"Okaz, South Riyadh, Riyadh"
"750,000",Apartment,4,3,114 Sq. M.,"Al Rawdah, North Jeddah, Jeddah"
"730,000",Apartment,4,3,117 Sq. M.,"Al Rawdah, North Jeddah, Jeddah"
"580,000",Apartment,3,3,100 Sq. M.,"Al Naim, North Jeddah, Jeddah"
"7,800,000",Villa,5,3,400 Sq. M.,"Al Narjis, North Riyadh, Riyadh"
"5,500,000",Apartment,2,2,217 Sq. M.,"Al Shati, North Jeddah, Jeddah"
"900,000",Apartment,5,3,188 Sq. M.,"Al Naim, North Jeddah, Jeddah"
"900,000",Floor,5,5,134 Sq. M.,"Al Rimal, East Riyadh, Riyadh"
"900,000",Floor,4,3,171 Sq. M.,"Al Rimal, East Riyadh, Riyadh"
"730,000",Apartment,5,3,100 Sq. M.,"Al Naim, North Jeddah, Jeddah"
"730,000",Apartment,5,3,130 Sq. M.,"Al Naim, North Jeddah, Jeddah"
"1,200,000",Floor,4,4,230 Sq. M.,"Al Khaleej, East Riyadh, Riyadh"
"555,000",Apartment,6,6,149 Sq. M.,"Al Hamra, Al Khobar"
"680,000",Apartment,5,3,136 Sq. M.,"Al Salamah, North Jeddah, Jeddah"
"1,800,000",Villa,6,5,366 Sq. M.,"Al Mahdiyah, West Riyadh, Riyadh"
"2,400,000",Villa,6,5,262 Sq. M.,"Al Mahdiyah, West Riyadh, Riyadh"
"2,800,000",Villa,6,5,360 Sq. M.,"Al Mahdiyah, West Riyadh, Riyadh"
"2,000,000",Villa,5,5,200 Sq. M.,"Al Mahdiyah, West Riyadh, Riyadh"
"800,000",Apartment,3,3,150 Sq. M.,"Al Mahdiyah, West Riyadh, Riyadh"
"1,500,000",Villa,5,7,756 Sq. M.,"Al Zahrah, West Riyadh, Riyadh"
"800,000",Floor,3,3,500 Sq. M.,"Shubra, West Riyadh, Riyadh"
"430,000",Apartment,3,3,131 Sq. M.,"Badr, South Riyadh, Riyadh"
"595,000",Apartment,4,3,112 Sq. M.,"Al Salamah, North Jeddah, Jeddah"
"430,000",Apartment,3,3,100 Sq. M.,"Al Faisaliyah, Central Jeddah, Jeddah"
"580,000",Apartment,3,4,124 Sq. M.,"Al Suwaidi, West Riyadh, Riyadh"
"420,000",Apartment,3,3,170 Sq. M.,"Badr, South Riyadh, Riyadh"
"420,000",Apartment,3,3,170 Sq. M.,"Badr, South Riyadh, Riyadh"
"800,000",Floor,3,3,500 Sq. M.,"Shubra, West Riyadh, Riyadh"
"800,000",Floor,3,3,500 Sq. M.,"Shubra, West Riyadh, Riyadh"
"580,000",Apartment,3,4,124 Sq. M.,"Al Suwaidi, West Riyadh, Riyadh"
"800,000",Floor,3,3,500 Sq. M.,"Shubra, West Riyadh, Riyadh"
"580,000",Apartment,3,3,124 Sq. M.,"Al Suwaidi, West Riyadh, Riyadh"
"430,000",Apartment,3,3,131 Sq. M.,"Badr, South Riyadh, Riyadh"
"430,000",Apartment,3,3,131 Sq. M.,"Badr, South Riyadh, Riyadh"
"430,000",Apartment,3,3,131 Sq. M.,"Badr, South Riyadh, Riyadh"
"620,000",Apartment,3,3,120 Sq. M.,"Al Naim, North Jeddah, Jeddah"
"680,000",Apartment,5,3,136 Sq. M.,"Al Salamah, North Jeddah, Jeddah"
"1,109,000",Apartment,3,3,141 Sq. M.,"Al Rawdah, East Riyadh, Riyadh"
"730,000",Apartment,4,3,112 Sq. M.,"Al Rawdah, North Jeddah, Jeddah"
"730,000",Apartment,4,3,130 Sq. M.,"Al Naim, North Jeddah, Jeddah"
"780,000",Apartment,3,3,150 Sq. M.,"Al Rimal, East Riyadh, Riyadh"
"7,000,000",Rest House,4,4,"2,520 Sq. M.","Al Rimal, East Riyadh, Riyadh"
"730,000",Apartment,4,3,114 Sq. M.,"Al Rawdah, North Jeddah, Jeddah"
"730,000",Apartment,4,3,114 Sq. M.,"Al Rawdah, North Jeddah, Jeddah"
"859,000",Apartment,3,3,145 Sq. M.,"Al Rimal, East Riyadh, Riyadh"
"930,000",Apartment,3,2,130 Sq. M.,"Al Mahdiyah, West Riyadh, Riyadh"
"750,000",Apartment,3,3,478 Sq. M.,"Al Mahdiyah, West Riyadh, Riyadh"
"750,000",Apartment,3,3,478 Sq. M.,"Al Mahdiyah, West Riyadh, Riyadh"
"750,000",Apartment,3,2,478 Sq. M.,"Al Mahdiyah, West Riyadh, Riyadh"
"2,100,000",Villa,7,5,366 Sq. M.,"Al Mahdiyah, West Riyadh, Riyadh"
"3,000,000",Villa,7,5,366 Sq. M.,"Al Mahdiyah, West Riyadh, Riyadh"
"2,050,000",Villa,7,5,200 Sq. M.,"Al Mahdiyah, West Riyadh, Riyadh"
"2,000,000",Villa,6,5,200 Sq. M.,"Al Mahdiyah, West Riyadh, Riyadh"
"2,200,000",Villa,5,4,235 Sq. M.,"Al Mahdiyah, West Riyadh, Riyadh"
"2,100,000",Villa,6,4,200 Sq. M.,"Al Mahdiyah, West Riyadh, Riyadh"
"920,000",Apartment,3,3,160 Sq. M.,"Al Mahdiyah, West Riyadh, Riyadh"
"2,350,000",Villa,7,6,366 Sq. M.,"Al Mahdiyah, West Riyadh, Riyadh"
"1,800,000",Villa,7,6,366 Sq. M.,"Al Mahdiyah, West Riyadh, Riyadh"
"3,000,000",Villa,6,5,300 Sq. M.,"Al Mahdiyah, West Riyadh, Riyadh"
"1,800,000",Villa,7,5,366 Sq. M.,"Al Mahdiyah, West Riyadh, Riyadh"
"3,000,000",Villa,7,5,366 Sq. M.,"Al Mahdiyah, West Riyadh, Riyadh"
"2,800,000",Villa,7,6,366 Sq. M.,"Al Mahdiyah, West Riyadh, Riyadh"
"2,800,000",Villa,5,5,385 Sq. M.,"Al Mahdiyah, West Riyadh, Riyadh"
"2,400,000",Villa,6,4,240 Sq. M.,"Al Mahdiyah, West Riyadh, Riyadh"
"2,900,000",Villa,6,5,312 Sq. M.,"Al Mahdiyah, West Riyadh, Riyadh"
"2,450,000",Villa,5,4,240 Sq. M.,"Al Mahdiyah, West Riyadh, Riyadh"
"2,000,000",Villa,5,4,200 Sq. M.,"Al Mahdiyah, West Riyadh, Riyadh"
"1,950,000",Villa,6,4,225 Sq. M.,"Al Mahdiyah, West Riyadh, Riyadh"
"2,400,000",Villa,6,5,250 Sq. M.,"Al Mahdiyah, West Riyadh, Riyadh"
"2,000,000",Villa,6,5,250 Sq. M.,"Al Mahdiyah, West Riyadh, Riyadh"
"1,800,000",Villa,6,5,366 Sq. M.,"Al Mahdiyah, West Riyadh, Riyadh"
"1,800,000",Villa,6,5,366 Sq. M.,"Al Mahdiyah, West Riyadh, Riyadh"
"3,000,000",Villa,7,5,300 Sq. M.,"Al Mahdiyah, West Riyadh, Riyadh"
"3,200,000",Villa,7,5,366 Sq. M.,"Al Mahdiyah, West Riyadh, Riyadh"
"3,500,000",Villa,8,5,450 Sq. M.,"Al Mahdiyah, West Riyadh, Riyadh"
"2,400,000",Villa,7,5,300 Sq. M.,"Al Mahdiyah, West Riyadh, Riyadh"
"2,000,000",Villa,7,5,200 Sq. M.,"Al Mahdiyah, West Riyadh, Riyadh"
"1,800,000",Villa,7,5,366 Sq. M.,"Al Mahdiyah, West Riyadh, Riyadh"
"1,800,000",Villa,7,5,366 Sq. M.,"Al Mahdiyah, West Riyadh, Riyadh"
"1,800,000",Villa,7,5,366 Sq. M.,"Al Mahdiyah, West Riyadh, Riyadh"
"2,150,000",Villa,7,5,366 Sq. M.,"Al Mahdiyah, West Riyadh, Riyadh"
"975,000",Apartment,3,2,162 Sq. M.,"Al Mahdiyah, West Riyadh, Riyadh"
"1,800,000",Villa,6,5,200 Sq. M.,"Al Mahdiyah, West Riyadh, Riyadh"
"1,800,000",Villa,6,5,200 Sq. M.,"Al Mahdiyah, West Riyadh, Riyadh"
"2,900,000",Villa,6,5,366 Sq. M.,"Al Mahdiyah, West Riyadh, Riyadh"
"2,100,000",Villa,7,5,200 Sq. M.,"Al Mahdiyah, West Riyadh, Riyadh"
"2,200,000",Villa,7,5,250 Sq. M.,"Al Mahdiyah, West Riyadh, Riyadh"
"2,800,000",Villa,7,5,366 Sq. M.,"Al Mahdiyah, West Riyadh, Riyadh"
"2,400,000",Villa,7,5,366 Sq. M.,"Al Mahdiyah, West Riyadh, Riyadh"
"1,850,000",Villa,7,5,366 Sq. M.,"Al Mahdiyah, West Riyadh, Riyadh"
"1,799,999",Villa,6,5,366 Sq. M.,"Al Mahdiyah, West Riyadh, Riyadh"
"1,800,000",Villa,6,5,366 Sq. M.,"Al Mahdiyah, West Riyadh, Riyadh"
"1,800,000",Villa,6,5,366 Sq. M.,"Al Mahdiyah, West Riyadh, Riyadh"
"1,800,000",Villa,6,5,366 Sq. M.,"Al Mahdiyah, West Riyadh, Riyadh"
"1,800,000",Villa,5,5,400 Sq. M.,"Al Mahdiyah, West Riyadh, Riyadh"
"1,800,000",Villa,6,5,366 Sq. M.,"Al Mahdiyah, West Riyadh, Riyadh"
"1,800,000",Villa,6,5,366 Sq. M.,"Al Mahdiyah, West Riyadh, Riyadh"
"1,800,000",Villa,6,5,366 Sq. M.,"Al Mahdiyah, West Riyadh, Riyadh"
"1,800,000",Villa,6,5,366 Sq. M.,"Al Mahdiyah, West Riyadh, Riyadh"
"1,950,000",Villa,4,5,200 Sq. M.,"Al Mahdiyah, West Riyadh, Riyadh"
"1,950,000",Villa,7,5,366 Sq. M.,"Al Mahdiyah, West Riyadh, Riyadh"
"1,850,000",Villa,7,5,366 Sq. M.,"Al Mahdiyah, West Riyadh, Riyadh"
"2,100,000",Villa,7,5,366 Sq. M.,"Al Mahdiyah, West Riyadh, Riyadh"
"3,000,000",Villa,7,5,366 Sq. M.,"Al Mahdiyah, West Riyadh, Riyadh"
"2,900,000",Villa,7,5,366 Sq. M.,"Al Mahdiyah, West Riyadh, Riyadh"
"1,800,000",Villa,7,5,366 Sq. M.,"Al Mahdiyah, West Riyadh, Riyadh"
"2,600,000",Villa,7,5,366 Sq. M.,"Al Mahdiyah, West Riyadh, Riyadh"
"2,000,000",Villa,7,5,366 Sq. M.,"Al Mahdiyah, West Riyadh, Riyadh"
"1,850,000",Villa,7,5,366 Sq. M.,"Al Mahdiyah, West Riyadh, Riyadh"
"1,990,000",Villa,7,5,366 Sq. M.,"Al Mahdiyah, West Riyadh, Riyadh"
"3,000,000",Villa,7,5,366 Sq. M.,"Al Mahdiyah, West Riyadh, Riyadh"
"2,000,000",Villa,7,5,366 Sq. M.,"Al Mahdiyah, West Riyadh, Riyadh"
"3,200,000",Villa,7,5,366 Sq. M.,"Al Mahdiyah, West Riyadh, Riyadh"
"3,150,000",Villa,7,5,366 Sq. M.,"Al Mahdiyah, West Riyadh, Riyadh"
"3,000,000",Villa,7,5,366 Sq. M.,"Al Mahdiyah, West Riyadh, Riyadh"
"2,750,000",Villa,7,5,360 Sq. M.,"Al Mahdiyah, West Riyadh, Riyadh"
"2,300,000",Villa,7,5,366 Sq. M.,"Al Mahdiyah, West Riyadh, Riyadh"
"4,000,000",Villa,5,5,400 Sq. M.,"Al Mahdiyah, West Riyadh, Riyadh"
"1,800,000",Villa,4,4,200 Sq. M.,"Al Mahdiyah, West Riyadh, Riyadh"
"2,450,000",Villa,6,6,300 Sq. M.,"Al Mahdiyah, West Riyadh, Riyadh"
"2,000,000",Villa,6,5,260 Sq. M.,"Al Mahdiyah, West Riyadh, Riyadh"
"2,000,000",Villa,6,3,260 Sq. M.,"Al Mahdiyah, West Riyadh, Riyadh"
"900,000",Apartment,4,3,150 Sq. M.,"Al Mahdiyah, West Riyadh, Riyadh"
"3,950,000",Villa,6,5,450 Sq. M.,"Al Mahdiyah, West Riyadh, Riyadh"
"1,900,000",Villa,5,5,260 Sq. M.,"Al Mahdiyah, West Riyadh, Riyadh"
"900,000",Apartment,3,3,137 Sq. M.,"Al Mahdiyah, West Riyadh, Riyadh"
"1,730,000",Villa,5,5,260 Sq. M.,"Al Mahdiyah, West Riyadh, Riyadh"
"2,000,000",Villa,6,4,200 Sq. M.,"Al Mahdiyah, West Riyadh, Riyadh"
"1,800,000",Villa,3,5,150 Sq. M.,"Al Mahdiyah, West Riyadh, Riyadh"
"1,850,000",Villa,6,5,200 Sq. M.,"Al Mahdiyah, West Riyadh, Riyadh"
"3,200,000",Villa,6,4,300 Sq. M.,"Al Mahdiyah, West Riyadh, Riyadh"
"1,850,000",Villa,7,4,366 Sq. M.,"Al Mahdiyah, West Riyadh, Riyadh"
"4,700,000",Villa,5,5,400 Sq. M.,"Al Mahdiyah, West Riyadh, Riyadh"
"2,400,000",Villa,7,5,366 Sq. M.,"Al Mahdiyah, West Riyadh, Riyadh"
"2,350,000",Villa,7,4,366 Sq. M.,"Al Mahdiyah, West Riyadh, Riyadh"
"8,500,000",Villa,6,5,300 Sq. M.,"Al Mahdiyah, West Riyadh, Riyadh"
"4,000,000",Villa,6,4,375 Sq. M.,"Al Mahdiyah, West Riyadh, Riyadh"
"4,000,000",Villa,3,3,400 Sq. M.,"Al Mahdiyah, West Riyadh, Riyadh"
"1,800,000",Villa,8,6,200 Sq. M.,"Al Mahdiyah, West Riyadh, Riyadh"
"2,400,000",Villa,7,6,366 Sq. M.,"Al Mahdiyah, West Riyadh, Riyadh"
"2,000,000",Villa,7,6,366 Sq. M.,"Al Mahdiyah, West Riyadh, Riyadh"
"4,000,000",Villa,7,5,366 Sq. M.,"Al Mahdiyah, West Riyadh, Riyadh"
"1,800,000",Villa,7,4,366 Sq. M.,"Al Mahdiyah, West Riyadh, Riyadh"
"3,000,000",Villa,7,5,366 Sq. M.,"Al Mahdiyah, West Riyadh, Riyadh"
"1,850,000",Villa,6,5,400 Sq. M.,"Al Mahdiyah, West Riyadh, Riyadh"
"1,980,000",Villa,5,4,400 Sq. M.,"Al Mahdiyah, West Riyadh, Riyadh"
"2,000,000",Villa,5,4,200 Sq. M.,"Al Mahdiyah, West Riyadh, Riyadh"
"1,750,000",Villa,5,4,400 Sq. M.,"Al Mahdiyah, West Riyadh, Riyadh"
"800,000",Apartment,8,5,212 Sq. M.,"Al Marwah, North Jeddah, Jeddah"
"1,440,000",Villa,3,4,300 Sq. M.,"Al Hazm, West Riyadh, Riyadh"
"780,000",Apartment,4,3,136 Sq. M.,"Al Rawdah, North Jeddah, Jeddah"
"670,000",Apartment,5,3,162 Sq. M.,"Al Nuzhah, North Jeddah, Jeddah"
"3,200,000",Villa,5,5,383 Sq. M.,"Qurtubah, East Riyadh, Riyadh"
"859,000",Apartment,3,3,145 Sq. M.,"Al Rimal, East Riyadh, Riyadh"
"819,000",Apartment,3,3,132 Sq. M.,"Al Rimal, East Riyadh, Riyadh"
"770,000",Apartment,4,5,630 Sq. M.,"Badr, South Riyadh, Riyadh"
"770,000",Apartment,4,4,630 Sq. M.,"Badr, South Riyadh, Riyadh"
"800,000",Apartment,4,4,630 Sq. M.,"Badr, South Riyadh, Riyadh"
"770,000",Apartment,4,4,630 Sq. M.,"Badr, South Riyadh, Riyadh"
"770,000",Apartment,4,4,630 Sq. M.,"Badr, South Riyadh, Riyadh"
"770,000",Apartment,4,4,630 Sq. M.,"Badr, South Riyadh, Riyadh"
"859,000",Apartment,3,2,101 Sq. M.,"Al Rawdah, East Riyadh, Riyadh"
"1,099,000",Apartment,3,3,141 Sq. M.,"Al Rawdah, East Riyadh, Riyadh"
"2,350,000",Villa,4,5,250 Sq. M.,"Al Yarmuk, East Riyadh, Riyadh"
"780,000",Apartment,4,3,136 Sq. M.,"Al Rawdah, North Jeddah, Jeddah"
"979,000",Apartment,3,3,120 Sq. M.,"Al Rawdah, East Riyadh, Riyadh"
"770,000",Apartment,3,3,630 Sq. M.,"Badr, South Riyadh, Riyadh"
"770,000",Apartment,4,4,630 Sq. M.,"Badr, South Riyadh, Riyadh"
"630,000",Apartment,4,3,112 Sq. M.,"Al Salamah, North Jeddah, Jeddah"
"400,000",Apartment,3,3,131 Sq. M.,"Al Dar Al Baida, South Riyadh, Riyadh"
"860,000",Floor,4,3,500 Sq. M.,"Al Zahrah, West Riyadh, Riyadh"
"1,100,000",Villa,4,4,188 Sq. M.,"Al Qadisiyah, East Riyadh, Riyadh"
"1,439,000",Apartment,3,3,136 Sq. M.,"Al Narjis, North Riyadh, Riyadh"
"750,000",Apartment,4,3,114 Sq. M.,"Al Rawdah, North Jeddah, Jeddah"
"580,000",Apartment,3,3,100 Sq. M.,"Al Naim, North Jeddah, Jeddah"
"740,000",Apartment,5,3,130 Sq. M.,"Al Naim, North Jeddah, Jeddah"
"830,000",Apartment,3,3,141 Sq. M.,"Al Maizilah, East Riyadh, Riyadh"
"1,200,000",Floor,4,4,222 Sq. M.,"Al Qadisiyah, East Riyadh, Riyadh"
"1,000,000",Floor,2,3,185 Sq. M.,"Al Munsiyah, East Riyadh, Riyadh"
"839,000",Apartment,2,2,97 Sq. M.,"Al Rawdah, East Riyadh, Riyadh"
"989,000",Apartment,3,3,130 Sq. M.,"Al Rawdah, East Riyadh, Riyadh"
"829,000",Apartment,3,3,145 Sq. M.,"Al Rimal, East Riyadh, Riyadh"
"2,350,000",Villa,5,5,250 Sq. M.,"Al Yarmuk, East Riyadh, Riyadh"
"800,000",Apartment,3,3,630 Sq. M.,"Badr, South Riyadh, Riyadh"
"819,000",Apartment,3,3,134 Sq. M.,"Al Rimal, East Riyadh, Riyadh"
"1,300,000",Floor,4,3,167 Sq. M.,"Al Munsiyah, East Riyadh, Riyadh"
"739,000",Apartment,3,3,132 Sq. M.,"Al Rimal, East Riyadh, Riyadh"
"2,000,000",Villa,5,5,275 Sq. M.,"Al Rimal, East Riyadh, Riyadh"
"797,000",Apartment,4,3,88 Sq. M.,"Al Qadisiyah, East Riyadh, Riyadh"
"900,000",Floor,4,4,212 Sq. M.,"Al Qadisiyah, East Riyadh, Riyadh"
"900,000",Floor,4,4,199 Sq. M.,"Al Qadisiyah, East Riyadh, Riyadh"
"530,000",Apartment,3,5,163 Sq. M.,"Okaz, South Riyadh, Riyadh"
"430,000",Apartment,4,3,149 Sq. M.,"Badr, South Riyadh, Riyadh"
"400,000",Apartment,3,3,131 Sq. M.,"Al Dar Al Baida, South Riyadh, Riyadh"
"860,000",Apartment,4,3,250 Sq. M.,"Al Zahrah, West Riyadh, Riyadh"
"860,000",Floor,3,3,500 Sq. M.,"Al Zahrah, West Riyadh, Riyadh"
"430,000",Apartment,3,3,149 Sq. M.,"Badr, South Riyadh, Riyadh"
"420,000",Apartment,4,4,131 Sq. M.,"Al Dar Al Baida, South Riyadh, Riyadh"
"400,000",Apartment,3,3,131 Sq. M.,"Al Dar Al Baida, South Riyadh, Riyadh"
"1,100,000",Villa,4,4,188 Sq. M.,"Al Qadisiyah, East Riyadh, Riyadh"
"690,000",Apartment,4,4,177 Sq. M.,"Badr, South Riyadh, Riyadh"
"760,000",Floor,3,3,214 Sq. M.,"Badr, South Riyadh, Riyadh"
"450,000",Apartment,3,3,178 Sq. M.,"Badr, South Riyadh, Riyadh"
"1,000,000",Rest House,3,2,894 Sq. M.,"Al Fath, Makkah"
"640,000",Apartment,4,4,165 Sq. M.,"King Fahd, Makkah"
"520,000",Apartment,4,3,120 Sq. M.,"Al Waha, North Jeddah, Jeddah"
"3,800,000",Villa,6,5,450 Sq. M.,"Al Yarmuk, East Riyadh, Riyadh"
"670,000",Apartment,5,3,162 Sq. M.,"Al Nuzhah, North Jeddah, Jeddah"
"670,000",Apartment,5,3,162 Sq. M.,"Al Nuzhah, North Jeddah, Jeddah"
"1,250,000",Floor,4,3,260 Sq. M.,"Al Janadriyah, East Riyadh, Riyadh"
"3,400,000",Villa,5,5,360 Sq. M.,"Al Rimal, East Riyadh, Riyadh"
"1,050,000",Floor,3,3,165 Sq. M.,"Al Janadriyah, East Riyadh, Riyadh"
"1,550,000",Floor,4,6,206 Sq. M.,"Al Munsiyah, East Riyadh, Riyadh"
"990,000",Floor,3,3,177 Sq. M.,"Al Rimal, East Riyadh, Riyadh"
"3,000,000",Villa,5,6,338 Sq. M.,"Al Rimal, East Riyadh, Riyadh"
"2,600,000",Villa,4,4,376 Sq. M.,"Al Yarmuk, East Riyadh, Riyadh"
"850,000",Floor,3,3,170 Sq. M.,"Al Bayan Neighborhood, East Riyadh, Riyadh"
"770,000",Apartment,4,4,630 Sq. M.,"Badr, South Riyadh, Riyadh"
"1,120,000",Floor,5,5,168 Sq. M.,"Al Qadisiyah, East Riyadh, Riyadh"
"1,950,000",Floor,4,4,268 Sq. M.,"Al Narjis, North Riyadh, Riyadh"
"1,000,000",Floor,5,4,192 Sq. M.,"Al Qadisiyah, East Riyadh, Riyadh"
"1,200,000",Floor,4,4,156 Sq. M.,"Al Bayan Neighborhood, East Riyadh, Riyadh"
"770,000",Apartment,4,4,630 Sq. M.,"Badr, South Riyadh, Riyadh"
"1,600,000",Floor,4,6,206 Sq. M.,"Al Munsiyah, East Riyadh, Riyadh"
"1,100,000",Villa,4,4,480 Sq. M.,"Al Quhaib, Taif"
"800,000",Apartment,3,3,158 Sq. M.,"Al Rimal, East Riyadh, Riyadh"
"710,000",Apartment,2,3,132 Sq. M.,"Al Rimal, East Riyadh, Riyadh"
"740,000",Apartment,2,3,129 Sq. M.,"Al Rimal, East Riyadh, Riyadh"
"1,200,000",Villa,10,7,300 Sq. M.,"Al Rahmanyah, North Jeddah, Jeddah"
"1,270,000",Villa,6,7,389 Sq. M.,"Al Nwwariyah, Makkah"
"660,000",Apartment,2,2,200 Sq. M.,"Al Nwwariyah, Makkah"
"630,000",Apartment,3,3,195 Sq. M.,"Al Nwwariyah, Makkah"
"700,000",Floor,5,4,132 Sq. M.,"Al Rahmanyah, North Jeddah, Jeddah"
"700,000",Floor,5,4,132 Sq. M.,"Al Rahmanyah, North Jeddah, Jeddah"
"720,000",Floor,4,3,132 Sq. M.,"Al Rahmanyah, North Jeddah, Jeddah"
"550,000",Apartment,3,3,202 Sq. M.,"Ash Shamiya Al Jadid, Makkah"
"520,000",Apartment,3,3,202 Sq. M.,"Ash Shamiya Al Jadid, Makkah"
"750,000",Apartment,3,3,164 Sq. M.,"Ash Shamiya Al Jadid, Makkah"
"470,000",Apartment,3,3,202 Sq. M.,"Ash Shamiya Al Jadid, Makkah"
"550,000",Apartment,3,3,240 Sq. M.,"Ash Shamiya Al Jadid, Makkah"
"480,000",Apartment,4,3,164 Sq. M.,"Ash Shamiya Al Jadid, Makkah"
"600,000",Apartment,6,6,216 Sq. M.,"Al Dhurfah, Khamis Mushait"
"1,150,000",Floor,1,1,392 Sq. M.,"Industrial, Madina"
"550,000",Apartment,3,4,301 Sq. M.,"An Nuzhah 1, Ahad Rafidah"
"730,000",Apartment,1,1,130 Sq. M.,"Al Naim, North Jeddah, Jeddah"
"650,000",Apartment,1,1,123 Sq. M.,"Al Salamah, North Jeddah, Jeddah"
"650,000",Apartment,1,1,111 Sq. M.,"Al Salamah, North Jeddah, Jeddah"
"730,000",Apartment,5,3,130 Sq. M.,"Al Naim, North Jeddah, Jeddah"
"790,000",Apartment,1,1,175 Sq. M.,"Al Salamah, North Jeddah, Jeddah"
"2,400,000",Villa,8,5,796 Sq. M.,"Tuwaiq, West Riyadh, Riyadh"
"850,000",Apartment,4,3,"1,800 Sq. M.","Al Mahdiyah, West Riyadh, Riyadh"
"850,000",Apartment,4,3,"1,800 Sq. M.","Al Mahdiyah, West Riyadh, Riyadh"
"1,500,000",Floor,4,5,230 Sq. M.,"Al Khaleej, East Riyadh, Riyadh"
"1,500,000",Floor,4,5,230 Sq. M.,"Al Khaleej, East Riyadh, Riyadh"
"950,000",Floor,3,3,125 Sq. M.,"Al Rimal, East Riyadh, Riyadh"
"1,500,000",Floor,4,3,160 Sq. M.,"Al Rimal, East Riyadh, Riyadh"
"800,000",Floor,5,3,300 Sq. M.,"Al Janadriyah, East Riyadh, Riyadh"
"1,250,000",Floor,4,4,200 Sq. M.,"Al Qadisiyah, East Riyadh, Riyadh"
"1,100,000",Floor,3,4,164 Sq. M.,"Al Rimal, East Riyadh, Riyadh"
"470,000",Apartment,4,4,114 Sq. M.,"Tuwaiq, West Riyadh, Riyadh"
"750,000",Floor,3,4,174 Sq. M.,"Al Janadriyah, East Riyadh, Riyadh"
"800,000",Apartment,3,3,145 Sq. M.,"Al Qadisiyah, East Riyadh, Riyadh"
"950,000",Apartment,4,3,159 Sq. M.,"Al Qadisiyah, East Riyadh, Riyadh"
"1,100,000",Apartment,5,3,196 Sq. M.,"Al Rawdah, North Jeddah, Jeddah"
"1,100,000",Apartment,5,3,196 Sq. M.,"Al Rawdah, North Jeddah, Jeddah"
"1,100,000",Villa,6,8,318 Sq. M.,"Ash Shamiya Al Jadid, Makkah"
"399,000",Apartment,3,3,96 Sq. M.,"Al Rayaan, North Jeddah, Jeddah"
"1,350,000",Floor,4,5,185 Sq. M.,"Al Munsiyah, East Riyadh, Riyadh"
"670,000",Apartment,5,3,162 Sq. M.,"Al Nuzhah, North Jeddah, Jeddah"
"670,000",Apartment,5,3,162 Sq. M.,"Al Nuzhah, North Jeddah, Jeddah"
"930,000",Apartment,3,2,400 Sq. M.,"Al Mahdiyah, West Riyadh, Riyadh"
"900,000",Apartment,3,3,138 Sq. M.,"Al Mahdiyah, West Riyadh, Riyadh"
"900,000",Apartment,3,3,160 Sq. M.,"Al Mahdiyah, West Riyadh, Riyadh"
"800,000",Apartment,3,3,130 Sq. M.,"Al Mahdiyah, West Riyadh, Riyadh"
"1,350,000",Apartment,3,3,139 Sq. M.,"Al Narjis, North Riyadh, Riyadh"
"2,100,000",Villa,5,6,328 Sq. M.,"Al Rimal, East Riyadh, Riyadh"
"2,600,000",Villa,5,7,250 Sq. M.,"Al Yarmuk, East Riyadh, Riyadh"
"780,000",Apartment,5,3,176 Sq. M.,"Al Salamah, North Jeddah, Jeddah"
"670,000",Apartment,5,3,162 Sq. M.,"Al Nuzhah, North Jeddah, Jeddah"
"2,000,000",Villa,4,5,275 Sq. M.,"Al Rimal, East Riyadh, Riyadh"
"2,900,000",Villa,6,10,395 Sq. M.,"Al Sheraa, Al Khobar"
"3,000,000",Villa,6,7,436 Sq. M.,"Al Sheraa, Al Khobar"
"2,600,000",Villa,6,5,250 Sq. M.,"Al Yarmuk, East Riyadh, Riyadh"
"1,550,000",Floor,5,5,207 Sq. M.,"Al Munsiyah, East Riyadh, Riyadh"
"905,000",Apartment,3,4,159 Sq. M.,"Al Qadisiyah, East Riyadh, Riyadh"
"3,000,000",Villa,4,4,420 Sq. M.,"Al Bayan Neighborhood, East Riyadh, Riyadh"
"500,000",Apartment,3,3,205 Sq. M.,"Badr, South Riyadh, Riyadh"
"880,000",Apartment,3,3,138 Sq. M.,"Al Mahdiyah, West Riyadh, Riyadh"
"2,100,000",Villa,5,5,400 Sq. M.,"Al Mahdiyah, West Riyadh, Riyadh"
"530,000",Apartment,4,3,135 Sq. M.,"Al Mraikh, North Jeddah, Jeddah"
"1,450,000",Apartment,6,4,216 Sq. M.,"Al Zahraa, North Jeddah, Jeddah"
"850,000",Floor,3,4,204 Sq. M.,"Al Janadriyah, East Riyadh, Riyadh"
"620,000",Apartment,3,3,111 Sq. M.,"Al Naim, North Jeddah, Jeddah"
"780,000",Apartment,4,3,132 Sq. M.,"Al Rawdah, North Jeddah, Jeddah"
"620,000",Apartment,1,1,111 Sq. M.,"Al Naim, North Jeddah, Jeddah"
"750,000",Apartment,5,3,136 Sq. M.,"Al Naim, North Jeddah, Jeddah"
"750,000",Apartment,1,1,136 Sq. M.,"Al Naim, North Jeddah, Jeddah"
"1,400,000",Villa,4,4,312 Sq. M.,"Al Bashaer, North Jeddah, Jeddah"
"750,000",Apartment,5,3,136 Sq. M.,"Al Naim, North Jeddah, Jeddah"
"730,000",Apartment,5,3,130 Sq. M.,"Al Naim, North Jeddah, Jeddah"
"840,000",Apartment,4,3,"1,800 Sq. M.","Al Mahdiyah, West Riyadh, Riyadh"
"840,000",Apartment,4,3,"1,800 Sq. M.","Al Mahdiyah, West Riyadh, Riyadh"
"840,000",Apartment,4,3,"1,800 Sq. M.","Al Mahdiyah, West Riyadh, Riyadh"
"950,000",Floor,6,6,257 Sq. M.,"Tuwaiq, West Riyadh, Riyadh"
"2,000,000",Villa,4,6,400 Sq. M.,"Al Mahdiyah, West Riyadh, Riyadh"
"700,000",Apartment,3,3,72 Sq. M.,"Al Janadriyah, East Riyadh, Riyadh"
"3,000,000",Villa,7,5,300 Sq. M.,"Al Mahdiyah, West Riyadh, Riyadh"
"750,000",Apartment,5,3,140 Sq. M.,"Al Naim, North Jeddah, Jeddah"
"620,000",Apartment,3,3,115 Sq. M.,"Al Naim, North Jeddah, Jeddah"
"430,000",Apartment,3,3,131 Sq. M.,"Badr, South Riyadh, Riyadh"
"650,000",Apartment,3,3,184 Sq. M.,"Tuwaiq, West Riyadh, Riyadh"
"3,000,000",Villa,7,5,308 Sq. M.,"Al Mahdiyah, West Riyadh, Riyadh"
"2,400,000",Villa,7,7,592 Sq. M.,"Al Mahdiyah, West Riyadh, Riyadh"
"3,300,000",Villa,4,6,360 Sq. M.,"Al Mahdiyah, West Riyadh, Riyadh"
"3,300,000",Villa,7,5,360 Sq. M.,"Al Mahdiyah, West Riyadh, Riyadh"
"2,400,000",Villa,6,5,200 Sq. M.,"Al Mahdiyah, West Riyadh, Riyadh"
"1,800,000",Villa,5,5,400 Sq. M.,"Al Mahdiyah, West Riyadh, Riyadh"
"1,970,000",Villa,5,5,400 Sq. M.,"Al Mahdiyah, West Riyadh, Riyadh"
"3,000,000",Villa,5,5,400 Sq. M.,"Al Mahdiyah, West Riyadh, Riyadh"
"3,000,000",Villa,5,5,400 Sq. M.,"Al Mahdiyah, West Riyadh, Riyadh"
"3,000,000",Villa,5,5,400 Sq. M.,"Al Mahdiyah, West Riyadh, Riyadh"
"1,800,000",Villa,5,4,400 Sq. M.,"Al Mahdiyah, West Riyadh, Riyadh"
"1,800,000",Villa,5,4,400 Sq. M.,"Al Mahdiyah, West Riyadh, Riyadh"
"1,800,000",Villa,5,4,400 Sq. M.,"Al Mahdiyah, West Riyadh, Riyadh"
"2,250,000",Villa,4,3,400 Sq. M.,"Al Mahdiyah, West Riyadh, Riyadh"
"1,800,000",Villa,5,4,400 Sq. M.,"Al Mahdiyah, West Riyadh, Riyadh"
"1,800,000",Villa,5,4,400 Sq. M.,"Al Mahdiyah, West Riyadh, Riyadh"
"1,800,000",Villa,5,4,400 Sq. M.,"Al Mahdiyah, West Riyadh, Riyadh"
"1,800,000",Villa,5,5,400 Sq. M.,"Al Mahdiyah, West Riyadh, Riyadh"
"1,800,000",Villa,5,4,400 Sq. M.,"Al Mahdiyah, West Riyadh, Riyadh"
"1,800,000",Villa,5,4,400 Sq. M.,"Al Mahdiyah, West Riyadh, Riyadh"
"1,800,000",Villa,5,4,400 Sq. M.,"Al Mahdiyah, West Riyadh, Riyadh"
"1,800,000",Villa,5,4,400 Sq. M.,"Al Mahdiyah, West Riyadh, Riyadh"
"2,300,000",Villa,5,7,400 Sq. M.,"Al Mahdiyah, West Riyadh, Riyadh"
"2,350,000",Villa,5,3,400 Sq. M.,"Al Mahdiyah, West Riyadh, Riyadh"
"3,200,000",Villa,5,4,400 Sq. M.,"Al Mahdiyah, West Riyadh, Riyadh"
"2,350,000",Villa,5,3,400 Sq. M.,"Al Mahdiyah, West Riyadh, Riyadh"
"2,350,000",Villa,6,7,400 Sq. M.,"Al Mahdiyah, West Riyadh, Riyadh"
"1,800,000",Villa,5,5,400 Sq. M.,"Al Mahdiyah, West Riyadh, Riyadh"
"2,150,000",Villa,5,4,400 Sq. M.,"Al Mahdiyah, West Riyadh, Riyadh"
"1,800,000",Villa,5,3,400 Sq. M.,"Al Mahdiyah, West Riyadh, Riyadh"
"2,400,000",Villa,6,5,240 Sq. M.,"Al Mahdiyah, West Riyadh, Riyadh"
"3,500,000",Villa,6,5,475 Sq. M.,"Al Mahdiyah, West Riyadh, Riyadh"
"820,000",Apartment,3,3,130 Sq. M.,"Al Mahdiyah, West Riyadh, Riyadh"
"3,000,000",Villa,7,6,300 Sq. M.,"Al Mahdiyah, West Riyadh, Riyadh"
"1,850,000",Villa,6,5,200 Sq. M.,"Al Mahdiyah, West Riyadh, Riyadh"
"2,600,000",Villa,6,5,341 Sq. M.,"Al Mahdiyah, West Riyadh, Riyadh"
"880,000",Apartment,3,4,130 Sq. M.,"Al Mahdiyah, West Riyadh, Riyadh"
"800,000",Apartment,3,3,138 Sq. M.,"Al Mahdiyah, West Riyadh, Riyadh"
"2,500,000",Villa,6,5,300 Sq. M.,"Al Mahdiyah, West Riyadh, Riyadh"
"2,500,000",Villa,6,5,300 Sq. M.,"Al Mahdiyah, West Riyadh, Riyadh"
"1,800,000",Villa,6,5,200 Sq. M.,"Al Mahdiyah, West Riyadh, Riyadh"
"1,850,000",Villa,6,5,200 Sq. M.,"Al Mahdiyah, West Riyadh, Riyadh"
"750,000",Apartment,3,3,145 Sq. M.,"Al Mahdiyah, West Riyadh, Riyadh"
"750,000",Apartment,3,3,130 Sq. M.,"Al Mahdiyah, West Riyadh, Riyadh"
"2,000,000",Villa,6,5,262 Sq. M.,"Al Mahdiyah, West Riyadh, Riyadh"
"2,500,000",Villa,6,5,300 Sq. M.,"Al Mahdiyah, West Riyadh, Riyadh"
"2,500,000",Villa,6,5,300 Sq. M.,"Al Mahdiyah, West Riyadh, Riyadh"
"2,200,000",Villa,6,5,300 Sq. M.,"Al Mahdiyah, West Riyadh, Riyadh"
"1,950,000",Villa,6,5,200 Sq. M.,"Al Mahdiyah, West Riyadh, Riyadh"
"2,100,000",Villa,5,4,400 Sq. M.,"Al Mahdiyah, West Riyadh, Riyadh"
"4,000,000",Villa,5,4,400 Sq. M.,"Al Mahdiyah, West Riyadh, Riyadh"
"2,500,000",Villa,5,5,400 Sq. M.,"Al Mahdiyah, West Riyadh, Riyadh"
"2,100,000",Villa,5,3,200 Sq. M.,"Al Mahdiyah, West Riyadh, Riyadh"
"750,000",Apartment,3,3,140 Sq. M.,"Al Mahdiyah, West Riyadh, Riyadh"
"1,800,000",Villa,5,3,250 Sq. M.,"Al Mahdiyah, West Riyadh, Riyadh"
"1,800,000",Villa,5,3,200 Sq. M.,"Al Mahdiyah, West Riyadh, Riyadh"
"800,000",Apartment,3,3,130 Sq. M.,"Al Mahdiyah, West Riyadh, Riyadh"
"420,000",Apartment,3,3,131 Sq. M.,"Al Dar Al Baida, South Riyadh, Riyadh"
"420,000",Apartment,3,3,131 Sq. M.,"Al Dar Al Baida, South Riyadh, Riyadh"
"420,000",Apartment,3,3,131 Sq. M.,"Al Dar Al Baida, South Riyadh, Riyadh"
"420,000",Apartment,3,3,131 Sq. M.,"Al Dar Al Baida, South Riyadh, Riyadh"
"420,000",Apartment,3,3,132 Sq. M.,"Al Dar Al Baida, South Riyadh, Riyadh"
"650,000",Apartment,3,3,150 Sq. M.,"Alawali, West Riyadh, Riyadh"
"420,000",Apartment,3,3,131 Sq. M.,"Al Dar Al Baida, South Riyadh, Riyadh"
"420,000",Apartment,3,3,131 Sq. M.,"Al Dar Al Baida, South Riyadh, Riyadh"
"450,000",Apartment,3,3,177 Sq. M.,"Badr, South Riyadh, Riyadh"
"420,000",Apartment,3,3,131 Sq. M.,"Al Dar Al Baida, South Riyadh, Riyadh"
"550,000",Apartment,5,3,156 Sq. M.,"Ash Shamiya Al Jadid, Makkah"
"35,000,000",Residential Building,11,6,"2,844 Sq. M.","Al Safa, North Jeddah, Jeddah"
"1,450,000",Apartment,5,3,"5,408 Sq. M.","Al Munsiyah, East Riyadh, Riyadh"
"450,000",Apartment,3,3,149 Sq. M.,"Badr, South Riyadh, Riyadh"
"450,000",Apartment,4,3,149 Sq. M.,"Badr, South Riyadh, Riyadh"
"450,000",Apartment,3,3,149 Sq. M.,"Badr, South Riyadh, Riyadh"
"685,000",Apartment,3,3,180 Sq. M.,"Alawali, West Riyadh, Riyadh"
"550,000",Apartment,3,2,128 Sq. M.,"Al Zahrah, West Riyadh, Riyadh"
"5,250,000",Villa,6,6,656 Sq. M.,"Al Shati, North Jeddah, Jeddah"
"4,650,000",Villa,5,6,656 Sq. M.,"Al Shati, North Jeddah, Jeddah"
"1,350,000",Villa,5,5,275 Sq. M.,"Al Rahmanyah, North Jeddah, Jeddah"
"400,000",Apartment,4,2,100 Sq. M.,"Al Ajwad, North Jeddah, Jeddah"
"400,000",Apartment,4,2,100 Sq. M.,"Al Ajwad, North Jeddah, Jeddah"
"750,000",Villa,6,4,204 Sq. M.,"Ash Shati 1, Al Qunfidhah"
"750,000",Villa,4,3,300 Sq. M.,"Al Jamiah, Al Kharj Riyadh Region"
"950,000",Villa,5,3,360 Sq. M.,"Musharifah, Al Kharj Riyadh Region"
"1,000,000",Villa,5,3,320 Sq. M.,"Ghiyada, Al Kharj Riyadh Region"
"690,000",Apartment,5,3,187 Sq. M.,"Al Rehab, North Jeddah, Jeddah"
"665,000",Apartment,5,3,164 Sq. M.,"Al Rehab, North Jeddah, Jeddah"
"1,050,000",Apartment,5,4,539 Sq. M.,"Al Rawdah, North Jeddah, Jeddah"
"840,000",Floor,5,4,166 Sq. M.,"Al Sulaymaniyah, North Jeddah, Jeddah"
"450,000",Apartment,3,3,173 Sq. M.,"Badr, South Riyadh, Riyadh"
"440,000",Apartment,4,3,132 Sq. M.,"As Salamah, Makkah"
"680,000",Apartment,5,3,136 Sq. M.,"Al Salamah, North Jeddah, Jeddah"
"680,000",Apartment,5,3,136 Sq. M.,"Al Salamah, North Jeddah, Jeddah"
"590,000",Apartment,3,3,111 Sq. M.,"Al Salamah, North Jeddah, Jeddah"
"680,000",Apartment,5,3,136 Sq. M.,"Al Salamah, North Jeddah, Jeddah"
"550,000",Apartment,3,3,100 Sq. M.,"Al Naim, North Jeddah, Jeddah"
"450,000",Apartment,4,3,129 Sq. M.,"As Salamah, Makkah"
"550,000",Apartment,3,3,100 Sq. M.,"Al Naim, North Jeddah, Jeddah"
"430,000",Apartment,3,1,99 Sq. M.,"Al Faisaliyah, Central Jeddah, Jeddah"
"440,000",Apartment,4,1,103 Sq. M.,"Al Faisaliyah, Central Jeddah, Jeddah"
"620,000",Apartment,4,3,120 Sq. M.,"Al Salamah, North Jeddah, Jeddah"
"440,000",Apartment,4,3,100 Sq. M.,"Al Faisaliyah, Central Jeddah, Jeddah"
"3,500,000",Villa,5,5,400 Sq. M.,"King Faisal, East Riyadh, Riyadh"
"430,000",Apartment,3,3,149 Sq. M.,"Badr, South Riyadh, Riyadh"
"680,000",Apartment,5,3,137 Sq. M.,"Al Salamah, North Jeddah, Jeddah"
"590,000",Apartment,3,3,111 Sq. M.,"Al Salamah, North Jeddah, Jeddah"
"1,350,000",Apartment,3,3,188 Sq. M.,"Al Munsiyah, East Riyadh, Riyadh"
"590,000",Apartment,3,3,111 Sq. M.,"Al Salamah, North Jeddah, Jeddah"
"750,000",Apartment,5,3,150 Sq. M.,"Al Salamah, North Jeddah, Jeddah"
"660,000",Apartment,3,3,185 Sq. M.,"Al Mohamdya, Makkah"
"670,000",Apartment,3,3,150 Sq. M.,"Alawali, West Riyadh, Riyadh"
"550,000",Apartment,3,3,128 Sq. M.,"Al Zahrah, West Riyadh, Riyadh"
"450,000",Apartment,3,3,177 Sq. M.,"Badr, South Riyadh, Riyadh"
"670,000",Apartment,3,3,150 Sq. M.,"Alawali, West Riyadh, Riyadh"
"680,000",Apartment,4,4,150 Sq. M.,"Alawali, West Riyadh, Riyadh"
"550,000",Apartment,3,3,128 Sq. M.,"Al Zahrah, West Riyadh, Riyadh"
"670,000",Apartment,3,3,150 Sq. M.,"Alawali, West Riyadh, Riyadh"
"550,000",Apartment,3,3,128 Sq. M.,"Al Zahrah, West Riyadh, Riyadh"
"580,000",Apartment,3,3,111 Sq. M.,"Al Salamah, North Jeddah, Jeddah"
"580,000",Apartment,3,3,111 Sq. M.,"Al Salamah, North Jeddah, Jeddah"
"630,000",Apartment,5,3,111 Sq. M.,"Al Salamah, North Jeddah, Jeddah"
"440,000",Apartment,4,3,129 Sq. M.,"As Salamah, Makkah"
"8,000,000",Residential Building,5,3,625 Sq. M.,"Al Naseem, North Jeddah, Jeddah"
"900,000",Apartment,5,3,158 Sq. M.,"Al Naim, North Jeddah, Jeddah"
"900,000",Apartment,5,3,158 Sq. M.,"Al Naim, North Jeddah, Jeddah"
"580,000",Apartment,3,3,111 Sq. M.,"Al Salamah, North Jeddah, Jeddah"
"680,000",Apartment,5,3,136 Sq. M.,"Al Salamah, North Jeddah, Jeddah"
"630,000",Apartment,4,3,111 Sq. M.,"Al Salamah, North Jeddah, Jeddah"
"485,000",Apartment,3,3,125 Sq. M.,"Al Manar, North Jeddah, Jeddah"
"680,000",Apartment,5,3,136 Sq. M.,"Al Salamah, North Jeddah, Jeddah"
"880,000",Villa,11,5,432 Sq. M.,"Al Manar, Dammam"
"820,000",Apartment,5,3,165 Sq. M.,"Al Salamah, North Jeddah, Jeddah"
"650,000",Apartment,4,3,124 Sq. M.,"Al Salamah, North Jeddah, Jeddah"
"550,000",Apartment,3,3,128 Sq. M.,"Al Zahrah, West Riyadh, Riyadh"
"680,000",Apartment,5,3,136 Sq. M.,"Al Salamah, North Jeddah, Jeddah"
"580,000",Apartment,4,3,111 Sq. M.,"Al Salamah, North Jeddah, Jeddah"
"4,500,000",Villa,4,5,360 Sq. M.,"King Abdulaziz District, East Riyadh, Riyadh"
"680,000",Apartment,5,3,136 Sq. M.,"Al Salamah, North Jeddah, Jeddah"
"580,000",Apartment,3,3,111 Sq. M.,"Al Salamah, North Jeddah, Jeddah"
"720,000",Apartment,5,3,135 Sq. M.,"Al Naim, North Jeddah, Jeddah"
"630,000",Apartment,4,3,112 Sq. M.,"Al Salamah, North Jeddah, Jeddah"
"680,000",Apartment,5,3,136 Sq. M.,"Al Salamah, North Jeddah, Jeddah"
"900,000",Apartment,6,3,188 Sq. M.,"Al Naim, North Jeddah, Jeddah"
"900,000",Apartment,5,3,158 Sq. M.,"Al Naim, North Jeddah, Jeddah"
"720,000",Apartment,5,3,135 Sq. M.,"Al Naim, North Jeddah, Jeddah"
"661,500",Apartment,3,2,175 Sq. M.,"Tuwaiq, West Riyadh, Riyadh"
"1,400,000",Residential Building,11,7,400 Sq. M.,"As Salam, Makkah"
"1,129,000",Apartment,3,4,184 Sq. M.,"Al Nuzhah, North Jeddah, Jeddah"
"1,079,000",Apartment,3,4,184 Sq. M.,"Al Nuzhah, North Jeddah, Jeddah"
"999,000",Apartment,3,3,170 Sq. M.,"Al Nuzhah, North Jeddah, Jeddah"
"1,059,000",Apartment,3,4,174 Sq. M.,"Al Nuzhah, North Jeddah, Jeddah"
"1,129,000",Apartment,3,4,184 Sq. M.,"Al Nuzhah, North Jeddah, Jeddah"
"899,000",Apartment,3,4,184 Sq. M.,"Al Nuzhah, North Jeddah, Jeddah"
"690,000",Apartment,6,4,219 Sq. M.,"Al Dar Al Baida, South Riyadh, Riyadh"
"670,000",Apartment,3,3,150 Sq. M.,"Alawali, West Riyadh, Riyadh"
"690,000",Apartment,4,4,177 Sq. M.,"Badr, South Riyadh, Riyadh"
"685,000",Apartment,4,3,180 Sq. M.,"Alawali, West Riyadh, Riyadh"
"450,000",Apartment,3,3,176 Sq. M.,"Badr, South Riyadh, Riyadh"
"420,000",Apartment,3,3,168 Sq. M.,"Badr, South Riyadh, Riyadh"
"420,000",Apartment,4,3,168 Sq. M.,"Badr, South Riyadh, Riyadh"
"450,000",Apartment,3,3,150 Sq. M.,"Al Aziziyah, South Riyadh, Riyadh"
"680,000",Apartment,5,3,136 Sq. M.,"Al Salamah, North Jeddah, Jeddah"
"690,000",Apartment,6,4,219 Sq. M.,"Al Dar Al Baida, South Riyadh, Riyadh"
"1,200,000",Floor,3,4,186 Sq. M.,"Al Munsiyah, East Riyadh, Riyadh"
"450,000",Apartment,3,3,177 Sq. M.,"Badr, South Riyadh, Riyadh"
"800,000",Apartment,3,4,124 Sq. M.,"Al Qadisiyah, East Riyadh, Riyadh"
"770,000",Apartment,3,3,140 Sq. M.,"Al Qadisiyah, East Riyadh, Riyadh"
"972,000",Apartment,3,3,197 Sq. M.,"Al Munsiyah, East Riyadh, Riyadh"
"900,000",Apartment,3,3,140 Sq. M.,"Al Qadisiyah, East Riyadh, Riyadh"
"850,000",Apartment,4,3,140 Sq. M.,"Al Yarmuk, East Riyadh, Riyadh"
"550,000",Apartment,3,6,201 Sq. M.,"Ishbiliyah, Al Jubail"
"1,550,000",Villa,4,3,472 Sq. M.,"Al Wahah District, Al Jubail"
"2,300,000",Villa,7,6,490 Sq. M.,"Al Dhabab District, Al Jubail"
"2,300,000",Villa,7,5,300 Sq. M.,"Al Mahdiyah, West Riyadh, Riyadh"
"3,000,000",Villa,4,5,791 Sq. M.,"Al Danah Dist, Al Jubail"
"2,200,000",Villa,5,5,599 Sq. M.,Al Jubayl
"780,000",Villa,6,5,440 Sq. M.,"King Fahd District, Unayzah"
"1,400,000",Villa,7,5,435 Sq. M.,"Al Muruj, Tabuk"
"768,750",Villa,5,3,512 Sq. M.,"Al Hamra, Unayzah"
"690,000",Villa,8,5,251 Sq. M.,"Al Manar, Unayzah"
"300,000",Rest House,2,1,500 Sq. M.,"Al Muruj, Unayzah"
"1,190,000",Villa,5,5,344 Sq. M.,"Al Hada, Al Hofuf Eastern Region"
"1,420,000",Villa,6,5,300 Sq. M.,"Al Rabwa, Al Hofuf Eastern Region"
"930,000",Villa,5,4,260 Sq. M.,"Al Muhandiseen, Al Hofuf Eastern Region"
"1,200,000",Villa,4,5,300 Sq. M.,"Al Rabwa, Al Hofuf Eastern Region"
"1,500,000",Villa,7,5,577 Sq. M.,"Al Suqur, Al Hofuf Eastern Region"
"1,200,000",Villa,5,3,275 Sq. M.,"Aljawharah, Al Hofuf South, Al Hofuf Eastern Region"
"850,000",Villa,5,4,220 Sq. M.,"Alasimah, Al Hofuf South, Al Hofuf Eastern Region"
"600,000",Apartment,3,1,261 Sq. M.,"Aljawharah, Al Hofuf South, Al Hofuf Eastern Region"
"880,000",Apartment,5,5,370 Sq. M.,"Al Muhammadiyah 2, Jazan"
"550,000",Apartment,3,2,175 Sq. M.,"Al Suways 1, Jazan"
"550,000",Apartment,5,3,230 Sq. M.,"Ar Rehab 1, Jazan"
"500,000",Apartment,5,4,202 Sq. M.,"Al Muhammadiyah 2, Jazan"
"580,000",Apartment,5,4,260 Sq. M.,"Al Rawabi, Jazan"
"564,999",Rest House,3,2,759 Sq. M.,"Al Wadi, Murefeq, Hail"
"700,000",Villa,5,4,250 Sq. M.,"Qurtubah, Buraydah Al Qassim Region"
"1,950,000",Villa,7,5,605 Sq. M.,"Khub Al Thanyan, Buraydah Al Qassim Region"
"830,000",Villa,5,3,300 Sq. M.,"Al Zarqaa, Buraydah Al Qassim Region"
"750,000",Villa,5,5,216 Sq. M.,"Al Rafiah, Buraydah Al Qassim Region"
"799,000",Villa,5,5,349 Sq. M.,"Al Rimal, Buraydah Al Qassim Region"
"1,200,000",Villa,7,5,"1,705 Sq. M.","Wahtan, Buraydah Al Qassim Region"
"430,000",Rest House,1,1,424 Sq. M.,"Al Qusayah, Buraydah Al Qassim Region"
"1,000,049",Villa,4,4,283 Sq. M.,"Al Sawari, Al Khobar"
"4,400,000",Villa,6,5,611 Sq. M.,"Al Bahar, Al Khobar"
"880,000",Villa,5,5,276 Sq. M.,"Al Wurud, Al Kharj Riyadh Region"
"1,050,000",Villa,5,5,375 Sq. M.,Al Kharj Riyadh Region
"850,000",Villa,5,5,300 Sq. M.,"Al Wurud, Al Kharj Riyadh Region"
"840,000",Villa,5,5,350 Sq. M.,Al Kharj Riyadh Region
"700,000",Villa,5,5,287 Sq. M.,Al Kharj Riyadh Region
"850,000",Villa,5,5,373 Sq. M.,Al Kharj Riyadh Region
"750,000",Villa,5,5,287 Sq. M.,"Mishrifah, Al Hayathem"
"850,000",Floor,4,4,450 Sq. M.,"Al Jamiah, Al Kharj Riyadh Region"
"3,500,000",Villa,5,5,600 Sq. M.,"Al Arid, North Riyadh, Riyadh"
"1,500,000",Villa,5,5,250 Sq. M.,"Al Suwaidi, West Riyadh, Riyadh"
"3,100,000",Villa,5,5,312 Sq. M.,"Al Narjis, North Riyadh, Riyadh"
"2,600,000",Villa,5,5,300 Sq. M.,"Al Arid, North Riyadh, Riyadh"
"1,850,000",Villa,7,5,360 Sq. M.,"Al Bayan Neighborhood, East Riyadh, Riyadh"
"3,000,000",Villa,5,5,600 Sq. M.,"Al Maizilah, East Riyadh, Riyadh"
"2,000,000",Villa,7,5,288 Sq. M.,"Qurtubah, East Riyadh, Riyadh"
"2,200,000",Villa,5,3,244 Sq. M.,"Al Rawdah, East Riyadh, Riyadh"
"3,400,000",Villa,7,5,662 Sq. M.,"Al Rimal, East Riyadh, Riyadh"
"5,000,000",Villa,10,4,651 Sq. M.,"Al Rimal, East Riyadh, Riyadh"
"1,250,000",Villa,5,5,500 Sq. M.,"Badr, South Riyadh, Riyadh"
"1,550,000",Villa,5,5,200 Sq. M.,"Al Mahdiyah, West Riyadh, Riyadh"
"1,300,000",Villa,4,5,288 Sq. M.,"Al Marwa, South Riyadh, Riyadh"
"1,230,000",Villa,4,5,240 Sq. M.,"Al Marwa, South Riyadh, Riyadh"
"3,750,000",Villa,5,5,374 Sq. M.,"Al Narjis, North Riyadh, Riyadh"
"550,000",Apartment,3,3,205 Sq. M.,"Alawali, West Riyadh, Riyadh"
"1,450,000",Apartment,2,3,117 Sq. M.,"Al Wahah, North Riyadh, Riyadh"
"1,250,000",Villa,7,3,250 Sq. M.,"Al Hazm, West Riyadh, Riyadh"
"880,000",Villa,7,5,244 Sq. M.,"Al Shifa, South Riyadh, Riyadh"
"3,700,000",Villa,7,5,300 Sq. M.,"Al Aqiq, North Riyadh, Riyadh"
"2,200,000",Villa,5,5,"1,000 Sq. M.","Al Suwaidi Al Gharabi, West Riyadh, Riyadh"
"1,000,000",Villa,4,5,312 Sq. M.,"Dhahrat Al Badiah, West Riyadh, Riyadh"
"1,600,000",Villa,5,5,252 Sq. M.,"Alawali, West Riyadh, Riyadh"
"2,000,000",Floor,3,3,174 Sq. M.,"Al Narjis, North Riyadh, Riyadh"
"22,000,000",Residential Building,10,10,"1,500 Sq. M.","Al Malqa, North Riyadh, Riyadh"
"1,000,000",Villa,7,5,240 Sq. M.,"Al Badiah, West Riyadh, Riyadh"
"1,150,000",Villa,7,5,500 Sq. M.,"Al Badiah, West Riyadh, Riyadh"
"1,150,000",Villa,7,5,675 Sq. M.,"Al Badiah, West Riyadh, Riyadh"
"350,000",Villa,7,5,225 Sq. M.,"Al Yamamah, Central Riyadh, Riyadh"
"1,500,000",Floor,3,2,205 Sq. M.,"Al Masif, North Riyadh, Riyadh"
"1,069,000",Floor,4,4,180 Sq. M.,"Al Rimal, East Riyadh, Riyadh"
"800,000",Floor,5,5,300 Sq. M.,"Tuwaiq, West Riyadh, Riyadh"
"900,000",Villa,4,3,200 Sq. M.,"Al Uraija Al Gharbiyah, West Riyadh, Riyadh"
"1,200,000",Villa,5,5,300 Sq. M.,"Tuwaiq, West Riyadh, Riyadh"
"980,000",Villa,5,5,200 Sq. M.,"Al Uraija Al Gharbiyah, West Riyadh, Riyadh"
"790,000",Villa,5,3,225 Sq. M.,"Badr, South Riyadh, Riyadh"
"1,250,000",Villa,6,5,250 Sq. M.,"Tuwaiq, West Riyadh, Riyadh"
"450,000",Apartment,4,3,163 Sq. M.,"Al Dar Al Baida, South Riyadh, Riyadh"
"2,300,000",Villa,6,5,404 Sq. M.,"Al Rimal, East Riyadh, Riyadh"
"2,000,000",Villa,6,4,400 Sq. M.,"Al Rimal, East Riyadh, Riyadh"
"3,000,000",Villa,6,5,375 Sq. M.,"Al Munsiyah, East Riyadh, Riyadh"
"3,000,000",Villa,4,3,312 Sq. M.,"Al Narjis, North Riyadh, Riyadh"
"11,000,000",Villa,5,5,"1,050 Sq. M.","Al Malqa, North Riyadh, Riyadh"
"4,000,000",Villa,5,5,437 Sq. M.,"Al Sahafah, North Riyadh, Riyadh"
"4,000,000",Villa,4,3,425 Sq. M.,"Al Nakhil, North Riyadh, Riyadh"
"2,200,000",Villa,3,1,221 Sq. M.,"Al Arid, North Riyadh, Riyadh"
"950,000",Villa,5,5,200 Sq. M.,"Al Uraija Al Wusta, West Riyadh, Riyadh"
"2,800,000",Villa,15,6,280 Sq. M.,"Al Narjis, North Riyadh, Riyadh"
"920,000",Villa,5,5,200 Sq. M.,"Al Uraija Al Gharbiyah, West Riyadh, Riyadh"
"1,400,000",Villa,7,5,432 Sq. M.,"Ash Shamiya Al Jadid, Makkah"
"6,000,000",Villa,7,5,610 Sq. M.,Aleaziziuh Western Region
"770,000",Apartment,6,4,228 Sq. M.,"Al Ranuna, Madina"
"780,000",Apartment,5,3,172 Sq. M.,"King Fahd, Madina"
"2,100,000",Villa,7,5,325 Sq. M.,"Al Sadafah, Dammam"
"430,000",Apartment,5,4,180 Sq. M.,"Al Shulah, Dammam"
"1,300,000",Villa,5,5,256 Sq. M.,"Taybay, Dammam"
"2,400,000",Villa,5,4,402 Sq. M.,"Al Nahdah, Dammam"
"399,999",Apartment,3,2,116 Sq. M.,"Al Mazruiyah, Dammam"
"440,000",Apartment,5,3,184 Sq. M.,"Al Zuhur, Dammam"
"600,000",Apartment,3,3,127 Sq. M.,"Corniche, Al Khobar"
"1,750,000",Villa,4,5,252 Sq. M.,"Al Hussam, Dammam"
"2,150,000",Villa,6,5,517 Sq. M.,"Al Shati Al Sharqi, Dammam"
"1,850,000",Villa,5,5,351 Sq. M.,"Al Shati Al Sharqi, Dammam"
"1,600,000",Villa,4,2,312 Sq. M.,"Al Shati Al Gharbi, Dammam"
"2,000,000",Villa,4,5,450 Sq. M.,"Al Shati Al Sharqi, Dammam"
"1,700,000",Villa,5,5,306 Sq. M.,"Al Saif, Dammam"
"1,700,000",Villa,6,5,302 Sq. M.,"Al Muntazah, Dammam"
"2,300,000",Villa,5,5,450 Sq. M.,"Al Shati Al Gharbi, Dammam"
"2,000,000",Villa,5,5,400 Sq. M.,"Al Shati Al Gharbi, Dammam"
"1,500,000",Villa,4,3,312 Sq. M.,"Al Yaqout, North Jeddah, Jeddah"
"500,000",Apartment,4,3,145 Sq. M.,"Al Mraikh, North Jeddah, Jeddah"
"640,000",Apartment,5,3,158 Sq. M.,"Al Fayhaa, North Jeddah, Jeddah"
"420,000",Apartment,3,2,99 Sq. M.,"Al Marwah, North Jeddah, Jeddah"
"680,000",Apartment,5,4,189 Sq. M.,"Al Fayhaa, North Jeddah, Jeddah"
"2,100,000",Villa,8,6,349 Sq. M.,"Al Basatin, Makkah"
"1,169,998",Villa,5,5,275 Sq. M.,"Al Rahmanyah, North Jeddah, Jeddah"
"920,000",Villa,6,4,200 Sq. M.,"Al Wafa Scheme, North Jeddah, Jeddah"
"2,500,000",Villa,5,5,300 Sq. M.,"Obhur Al Shamaliyah, North Jeddah, Jeddah"
"4,200,000",Villa,7,4,304 Sq. M.,"Al Khalidiyah, North Jeddah, Jeddah"
"1,350,000",Villa,7,5,360 Sq. M.,"Al Frosyah, South Jeddah, Jeddah"
"2,530,000",Villa,7,5,330 Sq. M.,"Al Sheraa, North Jeddah, Jeddah"
"488,000",Apartment,4,3,118 Sq. M.,"Al Waha, North Jeddah, Jeddah"
"5,000,000",Villa,7,5,746 Sq. M.,"Al Basateen, North Jeddah, Jeddah"
"1,750,000",Villa,5,3,300 Sq. M.,"Obhur Al Shamaliyah, North Jeddah, Jeddah"
"4,000,000",Villa,3,3,625 Sq. M.,"Al Muhammadiyah, North Jeddah, Jeddah"
"2,000,000",Villa,5,4,300 Sq. M.,"Obhur Al Shamaliyah, North Jeddah, Jeddah"
"2,600,000",Apartment,3,4,215 Sq. M.,"Obhur Al Janoubiyah, North Jeddah, Jeddah"
"1,100,000",Villa,5,4,296 Sq. M.,"Al Rahmanyah, North Jeddah, Jeddah"
"870,000",Apartment,3,5,205 Sq. M.,"Mishrifah, North Jeddah, Jeddah"
"775,000",Apartment,2,4,166 Sq. M.,"Mishrifah, North Jeddah, Jeddah"
"850,000",Apartment,6,4,160 Sq. M.,"Al Zahraa, North Jeddah, Jeddah"
"775,000",Apartment,5,4,166 Sq. M.,"Mishrifah, North Jeddah, Jeddah"
"874,999",Apartment,5,5,205 Sq. M.,"Mishrifah, North Jeddah, Jeddah"
"590,000",Apartment,6,3,189 Sq. M.,"Al Mraikh, North Jeddah, Jeddah"
"520,000",Apartment,5,3,152 Sq. M.,"Al Mraikh, North Jeddah, Jeddah"
"660,000",Apartment,4,3,115 Sq. M.,"Al Salamah, North Jeddah, Jeddah"
"775,000",Apartment,5,4,166 Sq. M.,"Mishrifah, North Jeddah, Jeddah"
"874,999",Apartment,5,5,205 Sq. M.,"Mishrifah, North Jeddah, Jeddah"
"775,000",Apartment,3,4,166 Sq. M.,"Mishrifah, North Jeddah, Jeddah"
"740,000",Apartment,5,4,170 Sq. M.,"Al Salamah, North Jeddah, Jeddah"
"520,000",Apartment,5,3,157 Sq. M.,"Al Mraikh, North Jeddah, Jeddah"
"775,000",Apartment,5,4,166 Sq. M.,"Mishrifah, North Jeddah, Jeddah"
"769,998",Apartment,5,4,166 Sq. M.,"Mishrifah, North Jeddah, Jeddah"
"1,100,000",Apartment,4,3,185 Sq. M.,"Al Salamah, North Jeddah, Jeddah"
"1,300,000",Apartment,5,4,185 Sq. M.,"Al Salamah, North Jeddah, Jeddah"
"875,000",Apartment,3,5,205 Sq. M.,"Mishrifah, North Jeddah, Jeddah"
"875,000",Apartment,6,5,205 Sq. M.,"Mishrifah, North Jeddah, Jeddah"
"600,000",Apartment,4,3,115 Sq. M.,"Al Salamah, North Jeddah, Jeddah"
"510,000",Apartment,2,3,149 Sq. M.,"Al Mraikh, North Jeddah, Jeddah"
"505,000",Apartment,4,3,132 Sq. M.,"Al Waha, North Jeddah, Jeddah"
"490,000",Apartment,4,3,131 Sq. M.,"Al Marwah, North Jeddah, Jeddah"
"405,000",Apartment,3,2,102 Sq. M.,"Al Marwah, North Jeddah, Jeddah"
"740,000",Apartment,5,3,166 Sq. M.,"Obhur Al Shamaliyah, North Jeddah, Jeddah"
"860,000",Apartment,5,4,260 Sq. M.,"Al Safa, North Jeddah, Jeddah"
"560,000",Apartment,4,2,126 Sq. M.,"Al Manar, North Jeddah, Jeddah"
"700,000",Apartment,3,3,172 Sq. M.,"Al Manar, North Jeddah, Jeddah"
"630,000",Apartment,5,4,217 Sq. M.,"Al Rayaan, North Jeddah, Jeddah"
"950,000",Apartment,5,4,229 Sq. M.,"Al Manar, North Jeddah, Jeddah"
"820,000",Apartment,6,5,223 Sq. M.,"Taiba District, North Jeddah, Jeddah"
"730,000",Apartment,3,3,166 Sq. M.,"Obhur Al Shamaliyah, North Jeddah, Jeddah"
"540,000",Apartment,2,3,130 Sq. M.,"Al Marwah, North Jeddah, Jeddah"
"550,000",Apartment,5,4,165 Sq. M.,"Governmental1, Jeddah"
"1,550,000",Villa,7,5,326 Sq. M.,"Al Hamdaniyah, North Jeddah, Jeddah"
"660,000",Apartment,5,3,166 Sq. M.,"Al Waha, North Jeddah, Jeddah"
"550,000",Apartment,4,3,124 Sq. M.,"Al Waha, North Jeddah, Jeddah"
"560,000",Apartment,4,4,151 Sq. M.,"Al Mraikh, North Jeddah, Jeddah"
"533,000",Apartment,4,3,128 Sq. M.,"Al Waha, North Jeddah, Jeddah"
"460,000",Apartment,4,3,133 Sq. M.,"Al Rayaan, North Jeddah, Jeddah"
"399,000",Apartment,4,3,120 Sq. M.,"Al Tawfiq, North Jeddah, Jeddah"
"4,000,000",Villa,11,3,775 Sq. M.,"Al Waha, North Jeddah, Jeddah"
"3,000,000",Villa,5,5,504 Sq. M.,"Al Sheraa, North Jeddah, Jeddah"
"3,700,000",Villa,7,5,624 Sq. M.,"Al Naim, North Jeddah, Jeddah"
"2,300,000",Villa,5,5,312 Sq. M.,"Obhur Al Shamaliyah, North Jeddah, Jeddah"
"4,000,000",Villa,9,5,702 Sq. M.,"Al Naim, North Jeddah, Jeddah"
"1,600,000",Villa,4,5,200 Sq. M.,"Al Sheraa, North Jeddah, Jeddah"
"5,000,000",Villa,5,5,748 Sq. M.,"Al Sheraa, North Jeddah, Jeddah"
"1,600,000",Villa,4,1,330 Sq. M.,"Obhur Al Shamaliyah, North Jeddah, Jeddah"
"370,000",Apartment,3,2,90 Sq. M.,"Al Waha, North Jeddah, Jeddah"
"450,000",Apartment,3,3,102 Sq. M.,"Al Waha, North Jeddah, Jeddah"
"2,200,000",Apartment,7,5,480 Sq. M.,"Al Nahdah, North Jeddah, Jeddah"
"449,000",Apartment,4,3,110 Sq. M.,"Al Waha, North Jeddah, Jeddah"
"750,000",Apartment,3,4,194 Sq. M.,"Al Aziziyah, North Jeddah, Jeddah"
"830,000",Apartment,5,4,233 Sq. M.,"Al Manar, North Jeddah, Jeddah"
"660,000",Apartment,5,4,192 Sq. M.,"Al Rayaan, North Jeddah, Jeddah"
"550,000",Apartment,5,3,150 Sq. M.,"Al Rehab, North Jeddah, Jeddah"
"730,000",Apartment,5,3,168 Sq. M.,"Al Waha, North Jeddah, Jeddah"
"3,300,000",Villa,7,5,450 Sq. M.,"Al Mahdiyah, West Riyadh, Riyadh"
"1,500,000",Villa,4,5,200 Sq. M.,"Al Mahdiyah, West Riyadh, Riyadh"
"2,000,000",Villa,6,4,250 Sq. M.,"Al Mahdiyah, West Riyadh, Riyadh"
"1,500,000",Villa,5,5,200 Sq. M.,"Al Mahdiyah, West Riyadh, Riyadh"
"1,350,000",Villa,4,5,200 Sq. M.,"Al Mahdiyah, West Riyadh, Riyadh"
"2,800,000",Villa,7,5,454 Sq. M.,"Al Mahdiyah, West Riyadh, Riyadh"
"1,800,000",Villa,5,5,348 Sq. M.,"Al Mahdiyah, West Riyadh, Riyadh"
"2,100,000",Villa,6,5,250 Sq. M.,"Al Mahdiyah, West Riyadh, Riyadh"
"1,500,000",Villa,3,3,200 Sq. M.,"Al Mahdiyah, West Riyadh, Riyadh"
"1,550,000",Villa,6,5,200 Sq. M.,"Al Mahdiyah, West Riyadh, Riyadh"
"2,000,000",Villa,7,5,250 Sq. M.,"Al Mahdiyah, West Riyadh, Riyadh"
"3,300,000",Villa,7,5,450 Sq. M.,"Al Mahdiyah, West Riyadh, Riyadh"
"1,850,000",Villa,5,5,348 Sq. M.,"Al Mahdiyah, West Riyadh, Riyadh"
"1,800,000",Villa,3,3,347 Sq. M.,"Al Mahdiyah, West Riyadh, Riyadh"
"2,000,000",Villa,6,5,250 Sq. M.,"Al Mahdiyah, West Riyadh, Riyadh"
"1,750,000",Villa,6,5,231 Sq. M.,"Al Mahdiyah, West Riyadh, Riyadh"
"1,650,000",Villa,6,5,200 Sq. M.,"Al Mahdiyah, West Riyadh, Riyadh"
"2,200,000",Villa,6,5,250 Sq. M.,"Al Mahdiyah, West Riyadh, Riyadh"
"4,000,000",Villa,5,5,425 Sq. M.,"Al Mahdiyah, West Riyadh, Riyadh"
"3,700,000",Villa,7,5,425 Sq. M.,"Al Mahdiyah, West Riyadh, Riyadh"
"1,650,000",Villa,6,5,231 Sq. M.,"Al Mahdiyah, West Riyadh, Riyadh"
"1,800,000",Villa,6,5,348 Sq. M.,"Al Mahdiyah, West Riyadh, Riyadh"
"1,800,000",Villa,6,5,200 Sq. M.,"Al Mahdiyah, West Riyadh, Riyadh"
"1,500,000",Villa,4,5,200 Sq. M.,"Al Mahdiyah, West Riyadh, Riyadh"
"1,800,000",Villa,7,5,262 Sq. M.,"Al Mahdiyah, West Riyadh, Riyadh"
"1,650,000",Villa,6,5,231 Sq. M.,"Al Mahdiyah, West Riyadh, Riyadh"
"1,600,000",Villa,6,5,200 Sq. M.,"Al Mahdiyah, West Riyadh, Riyadh"
"2,200,000",Villa,6,5,250 Sq. M.,"Al Mahdiyah, West Riyadh, Riyadh"
"1,500,000",Villa,4,5,200 Sq. M.,"Al Mahdiyah, West Riyadh, Riyadh"
"4,500,000",Villa,7,5,900 Sq. M.,"Al Mahdiyah, West Riyadh, Riyadh"
"1,550,000",Villa,4,4,200 Sq. M.,"Al Mahdiyah, West Riyadh, Riyadh"
"2,000,000",Villa,7,5,300 Sq. M.,"Al Mahdiyah, West Riyadh, Riyadh"
"1,800,000",Villa,6,5,200 Sq. M.,"Al Mahdiyah, West Riyadh, Riyadh"
"2,200,000",Villa,6,5,250 Sq. M.,"Al Mahdiyah, West Riyadh, Riyadh"
"2,800,000",Villa,6,5,431 Sq. M.,"Al Mahdiyah, West Riyadh, Riyadh"
"1,500,000",Villa,4,4,200 Sq. M.,"Al Mahdiyah, West Riyadh, Riyadh"
"1,500,000",Villa,5,5,200 Sq. M.,"Al Mahdiyah, West Riyadh, Riyadh"
"3,300,000",Villa,6,5,450 Sq. M.,"Al Mahdiyah, West Riyadh, Riyadh"
"1,800,000",Villa,5,4,348 Sq. M.,"Al Mahdiyah, West Riyadh, Riyadh"
"2,200,000",Villa,6,5,250 Sq. M.,"Al Mahdiyah, West Riyadh, Riyadh"
"1,800,000",Villa,2,2,262 Sq. M.,"Al Mahdiyah, West Riyadh, Riyadh"
"1,650,000",Villa,6,5,231 Sq. M.,"Al Mahdiyah, West Riyadh, Riyadh"
"1,400,000",Villa,6,5,200 Sq. M.,"Al Mahdiyah, West Riyadh, Riyadh"
"1,850,000",Villa,5,5,200 Sq. M.,"Al Mahdiyah, West Riyadh, Riyadh"
"2,600,000",Villa,3,3,450 Sq. M.,"Dhahrat Laban, West Riyadh, Riyadh"
"1,800,000",Villa,4,5,262 Sq. M.,"Al Mahdiyah, West Riyadh, Riyadh"
"1,550,000",Villa,5,5,200 Sq. M.,"Al Mahdiyah, West Riyadh, Riyadh"
"1,850,000",Villa,5,5,347 Sq. M.,"Al Mahdiyah, West Riyadh, Riyadh"
"1,800,000",Villa,6,5,348 Sq. M.,"Al Mahdiyah, West Riyadh, Riyadh"
"4,500,000",Villa,9,6,900 Sq. M.,"Al Mahdiyah, West Riyadh, Riyadh"
"2,200,000",Villa,3,3,333 Sq. M.,"Al Mahdiyah, West Riyadh, Riyadh"
"2,800,000",Villa,7,5,455 Sq. M.,"Al Mahdiyah, West Riyadh, Riyadh"
"1,800,000",Villa,6,5,348 Sq. M.,"Al Mahdiyah, West Riyadh, Riyadh"
"3,500,000",Villa,7,5,425 Sq. M.,"Al Mahdiyah, West Riyadh, Riyadh"
"1,550,000",Villa,4,5,200 Sq. M.,"Al Mahdiyah, West Riyadh, Riyadh"
"3,500,000",Villa,7,5,479 Sq. M.,"Al Mahdiyah, West Riyadh, Riyadh"
"439,000",Apartment,4,3,130 Sq. M.,"Al Waha, North Jeddah, Jeddah"
"560,000",Apartment,4,3,147 Sq. M.,"Al Salamah, North Jeddah, Jeddah"
"2,300,000",Villa,5,4,450 Sq. M.,"Dhahrat Laban, West Riyadh, Riyadh"
"360,000",Apartment,3,3,110 Sq. M.,"Al Manar, North Jeddah, Jeddah"
"700,000",Apartment,5,3,145 Sq. M.,"Al Salamah, North Jeddah, Jeddah"
"530,000",Apartment,5,3,170 Sq. M.,"Al Mraikh, North Jeddah, Jeddah"
"680,000",Apartment,5,3,130 Sq. M.,"Al Mraikh, North Jeddah, Jeddah"
"800,000",Apartment,4,2,145 Sq. M.,"Al Rawdah, North Jeddah, Jeddah"
"670,000",Apartment,4,3,111 Sq. M.,"Al Rawdah, North Jeddah, Jeddah"
"710,000",Apartment,3,3,145 Sq. M.,"Al Salamah, North Jeddah, Jeddah"
"670,000",Apartment,4,3,111 Sq. M.,"Al Salamah, North Jeddah, Jeddah"
"650,000",Apartment,4,3,115 Sq. M.,"Al Salamah, North Jeddah, Jeddah"
"690,000",Apartment,5,3,150 Sq. M.,"Al Salamah, North Jeddah, Jeddah"
"790,000",Apartment,5,3,170 Sq. M.,"Al Salamah, North Jeddah, Jeddah"
"530,000",Apartment,5,3,152 Sq. M.,"Al Mraikh, North Jeddah, Jeddah"
"830,000",Apartment,5,3,149 Sq. M.,"Al Salamah, North Jeddah, Jeddah"
"660,000",Apartment,4,1,132 Sq. M.,"Al Salamah, North Jeddah, Jeddah"
"660,000",Apartment,4,3,111 Sq. M.,"Al Rawdah, North Jeddah, Jeddah"
"880,000",Apartment,5,3,154 Sq. M.,"Al Rawdah, North Jeddah, Jeddah"
"950,000",Apartment,5,3,181 Sq. M.,"Al Salamah, North Jeddah, Jeddah"
"1,100,000",Villa,7,6,337 Sq. M.,"Okaz, South Riyadh, Riyadh"
"1,120,000",Villa,8,5,300 Sq. M.,"Al Hazm, West Riyadh, Riyadh"
"1,150,000",Villa,5,5,243 Sq. M.,"Al Shifa, South Riyadh, Riyadh"
"3,400,000",Villa,6,3,490 Sq. M.,"Qurtubah, East Riyadh, Riyadh"
"1,400,000",Villa,4,2,600 Sq. M.,"Okaz, South Riyadh, Riyadh"
"800,000",Villa,4,3,200 Sq. M.,"Badr, South Riyadh, Riyadh"
"995,000",Apartment,5,5,235 Sq. M.,Jeddah
"3,800,000",Villa,7,5,360 Sq. M.,"Al Narjis, North Riyadh, Riyadh"
"495,000",Apartment,5,3,170 Sq. M.,Jeddah
"800,000",Floor,3,2,200 Sq. M.,"Al Hazm, West Riyadh, Riyadh"
"680,000",Apartment,4,3,160 Sq. M.,"Al Saadah, East Riyadh, Riyadh"
"650,000",Apartment,4,3,783 Sq. M.,"Al Saadah, East Riyadh, Riyadh"
"650,000",Apartment,7,4,180 Sq. M.,"Al Saadah, East Riyadh, Riyadh"
"750,000",Apartment,4,3,172 Sq. M.,"Al Saadah, East Riyadh, Riyadh"
"530,000",Apartment,3,2,150 Sq. M.,"Al Fayha, East Riyadh, Riyadh"
"635,000",Apartment,5,3,176 Sq. M.,"Al Saadah, East Riyadh, Riyadh"
"650,000",Apartment,5,4,176 Sq. M.,"Al Saadah, East Riyadh, Riyadh"
"530,000",Apartment,4,3,160 Sq. M.,"Okaz, South Riyadh, Riyadh"
"400,000",Rest House,6,4,761 Sq. M.,"Khub Al Jutaily, Buraydah Al Qassim Region"
"550,000",Apartment,3,3,115 Sq. M.,"Al Nakhil, Buraydah Al Qassim Region"
"500,000",Apartment,5,3,213 Sq. M.,"Khub Al Thanyan, Buraydah Al Qassim Region"
"1,550,000",Villa,5,5,500 Sq. M.,Buraydah Al Qassim Region
"1,350,000",Villa,4,3,233 Sq. M.,"Al Mabuth, Madina"
"1,050,000",Villa,6,5,576 Sq. M.,"Al Waslya, Taif"
"1,075,000",Villa,6,6,246 Sq. M.,"Umm Al Rasf, Taif"
"950,000",Villa,8,5,348 Sq. M.,Taif
"1,750,000",Villa,4,5,396 Sq. M.,"Mokatat Al Halga, Taif"
"500,000",Apartment,5,4,227 Sq. M.,"Akhbab, Taif"
"625,000",Apartment,5,3,187 Sq. M.,Taif
"800,000",Apartment,11,5,209 Sq. M.,"Umm Al Rasf, Taif"
"500,000",Apartment,6,4,222 Sq. M.,"Al Muhammadiyah 1, Jazan"
"530,000",Apartment,6,4,206 Sq. M.,"Al Shati, Jazan"
"520,000",Apartment,5,4,200 Sq. M.,"Al Suways 2, Jazan"
"460,000",Apartment,5,3,210 Sq. M.,"Al Suways 2, Jazan"
"500,000",Apartment,6,3,205 Sq. M.,"Al Suways 2, Jazan"
"450,000",Apartment,6,3,205 Sq. M.,"Al Suways 1, Jazan"
"2,000,000",Villa,5,5,483 Sq. M.,"King Fahd Suburb, Dammam"
"1,800,000",Villa,4,5,370 Sq. M.,Dammam
"780,000",Apartment,5,4,232 Sq. M.,"Al Waha, North Jeddah, Jeddah"
"520,000",Apartment,4,3,135 Sq. M.,"Al Waha, North Jeddah, Jeddah"
"555,000",Apartment,4,3,135 Sq. M.,"Al Manar, North Jeddah, Jeddah"
"550,000",Apartment,5,3,170 Sq. M.,"Al Manar, North Jeddah, Jeddah"
"580,000",Apartment,5,4,180 Sq. M.,"Al Rayaan, North Jeddah, Jeddah"
"700,000",Apartment,6,3,180 Sq. M.,"Al Manar, North Jeddah, Jeddah"
"550,000",Apartment,5,4,170 Sq. M.,"Al Rayaan, North Jeddah, Jeddah"
"680,000",Apartment,5,4,170 Sq. M.,"Al Safa, North Jeddah, Jeddah"
"1,500,000",Villa,5,5,290 Sq. M.,Jeddah
"1,300,000",Villa,5,5,250 Sq. M.,Jeddah
"3,500,000",Villa,6,2,745 Sq. M.,"Al Safa, North Jeddah, Jeddah"
"1,950,000",Villa,3,5,312 Sq. M.,"Al Zumorrud, North Jeddah, Jeddah"
"31,000,000",Villa,6,5,839 Sq. M.,"Al Shati, North Jeddah, Jeddah"
"2,500,000",Villa,5,5,450 Sq. M.,"Alawali, West Riyadh, Riyadh"
"3,000,000",Villa,9,6,409 Sq. M.,"Al Rimal, East Riyadh, Riyadh"
"2,200,000",Villa,10,7,300 Sq. M.,"Dhahrat Laban, West Riyadh, Riyadh"
"520,000",Apartment,3,3,118 Sq. M.,"Al Salamah, North Jeddah, Jeddah"
"1,250,000",Floor,4,5,260 Sq. M.,"Al Janadriyah, East Riyadh, Riyadh"
"1,449,000",Floor,3,3,170 Sq. M.,"Al Rawdah, East Riyadh, Riyadh"
"1,830,000",Apartment,3,4,750 Sq. M.,"Al Mughrizat, North Riyadh, Riyadh"
"680,000",Apartment,5,3,161 Sq. M.,"Al Marwah, North Jeddah, Jeddah"
"1,000,000",Residential Building,8,7,300 Sq. M.,"Al-Basatin, Al Kharj Riyadh Region"
"770,000",Apartment,4,4,630 Sq. M.,"Badr, South Riyadh, Riyadh"
"770,000",Apartment,4,4,630 Sq. M.,"Badr, South Riyadh, Riyadh"
"800,000",Apartment,3,3,630 Sq. M.,"Badr, South Riyadh, Riyadh"
"3,000,000",Villa,5,3,300 Sq. M.,"Al Mahdiyah, West Riyadh, Riyadh"
"800,000",Apartment,4,4,181 Sq. M.,"Dhahrat Laban, West Riyadh, Riyadh"
"650,000",Apartment,3,3,750 Sq. M.,"Al Zahraa, North Jeddah, Jeddah"
"570,000",Apartment,3,3,865 Sq. M.,"Al Rabwa, North Jeddah, Jeddah"
"570,000",Apartment,3,3,865 Sq. M.,"Al Rabwa, North Jeddah, Jeddah"
"530,000",Apartment,3,3,460 Sq. M.,"Al Rawdah, North Jeddah, Jeddah"
"530,000",Apartment,3,3,460 Sq. M.,"Al Rawdah, North Jeddah, Jeddah"
"529,000",Apartment,4,3,500 Sq. M.,"Al Naim, North Jeddah, Jeddah"
"399,000",Apartment,3,3,660 Sq. M.,"Al Salamah, North Jeddah, Jeddah"
"529,000",Apartment,4,3,500 Sq. M.,"Al Naim, North Jeddah, Jeddah"
"529,000",Apartment,4,3,500 Sq. M.,"Al Naim, North Jeddah, Jeddah"
"529,000",Apartment,4,3,500 Sq. M.,"Al Naim, North Jeddah, Jeddah"
"519,000",Apartment,3,3,582 Sq. M.,"Al Hamraa, Central Jeddah, Jeddah"
"519,000",Apartment,3,3,582 Sq. M.,"Al Hamraa, Central Jeddah, Jeddah"
"415,000",Apartment,3,1,630 Sq. M.,"Al Salamah, North Jeddah, Jeddah"
"415,000",Apartment,3,3,630 Sq. M.,"Al Salamah, North Jeddah, Jeddah"
"669,000",Apartment,3,3,630 Sq. M.,"Al Nahdah, North Jeddah, Jeddah"
"700,000",Apartment,3,3,750 Sq. M.,"Al Zahraa, North Jeddah, Jeddah"
"850,000",Apartment,3,3,750 Sq. M.,"Al Zahraa, North Jeddah, Jeddah"
"850,000",Apartment,3,3,750 Sq. M.,"Al Zahraa, North Jeddah, Jeddah"
"529,000",Apartment,4,3,500 Sq. M.,"Al Naim, North Jeddah, Jeddah"
"529,000",Apartment,4,3,500 Sq. M.,"Al Naim, North Jeddah, Jeddah"
"519,000",Apartment,3,3,582 Sq. M.,"Al Hamraa, Central Jeddah, Jeddah"
"519,000",Apartment,3,3,582 Sq. M.,"Al Hamraa, Central Jeddah, Jeddah"
"519,000",Apartment,3,3,582 Sq. M.,"Al Hamraa, Central Jeddah, Jeddah"
"570,000",Apartment,5,4,866 Sq. M.,"Al Rabwa, North Jeddah, Jeddah"
"570,000",Apartment,5,3,866 Sq. M.,"Al Rabwa, North Jeddah, Jeddah"
"440,000",Apartment,4,3,726 Sq. M.,"Al Safa, North Jeddah, Jeddah"
"669,000",Apartment,3,3,630 Sq. M.,"Al Nahdah, North Jeddah, Jeddah"
"519,000",Apartment,3,2,582 Sq. M.,"Al Hamraa, Central Jeddah, Jeddah"
"669,000",Apartment,3,3,630 Sq. M.,"Al Nahdah, North Jeddah, Jeddah"
"369,000",Apartment,3,3,800 Sq. M.,"Al Safa, North Jeddah, Jeddah"
"3,000,000",Villa,5,5,353 Sq. M.,"Al Mahdiyah, West Riyadh, Riyadh"
"625,000",Apartment,3,4,640 Sq. M.,"Al Zahraa, North Jeddah, Jeddah"
"1,230,000",Floor,3,4,300 Sq. M.,"Al Noor District, Obhur Al Janoubiyah, North Jeddah, Jeddah"
"540,000",Apartment,4,3,131 Sq. M.,"Al Marwah, North Jeddah, Jeddah"
"450,000",Apartment,3,3,102 Sq. M.,"Al Marwah, North Jeddah, Jeddah"
"750,000",Apartment,4,3,114 Sq. M.,"Al Rawdah, North Jeddah, Jeddah"
"690,000",Apartment,3,3,219 Sq. M.,"Al Aziziyah, South Riyadh, Riyadh"
"450,000",Apartment,3,3,177 Sq. M.,"Badr, South Riyadh, Riyadh"
"860,000",Floor,3,3,500 Sq. M.,"Al Zahrah, West Riyadh, Riyadh"
"740,000",Apartment,4,3,117 Sq. M.,"Al Rawdah, North Jeddah, Jeddah"
"740,000",Apartment,5,3,131 Sq. M.,"Al Naim, North Jeddah, Jeddah"
"1,150,000",Villa,7,8,315 Sq. M.,"Al Janadriyah, East Riyadh, Riyadh"
"1,090,000",Floor,4,6,200 Sq. M.,"Al Janadriyah, East Riyadh, Riyadh"
"920,000",Floor,5,5,181 Sq. M.,"Al Janadriyah, East Riyadh, Riyadh"
"450,000",Apartment,3,3,84 Sq. M.,"Al Janadriyah, East Riyadh, Riyadh"
"460,000",Apartment,4,3,126 Sq. M.,"Al Waha, North Jeddah, Jeddah"
"4,000,000",Villa,10,6,900 Sq. M.,"Al Awali, Makkah"
"2,000,000",Villa,7,5,312 Sq. M.,"Al Munsiyah, East Riyadh, Riyadh"
"860,000",Floor,3,3,500 Sq. M.,"Al Zahrah, West Riyadh, Riyadh"
"720,000",Floor,4,3,208 Sq. M.,"Al Janadriyah, East Riyadh, Riyadh"
"580,000",Apartment,3,3,111 Sq. M.,"Al Salamah, North Jeddah, Jeddah"
"3,000,000",Villa,9,6,410 Sq. M.,"Al Rimal, East Riyadh, Riyadh"
"850,000",Villa,7,6,259 Sq. M.,"Okaz, South Riyadh, Riyadh"
"1,300,000",Floor,3,2,222 Sq. M.,"Al Janadriyah, East Riyadh, Riyadh"
"820,000",Floor,5,4,179 Sq. M.,"Al Janadriyah, East Riyadh, Riyadh"
"1,200,000",Villa,8,5,"1,380 Sq. M.","Alhoseniah, Makkah"
"820,000",Apartment,5,3,118 Sq. M.,"Al Safa, North Jeddah, Jeddah"
"820,000",Apartment,5,3,118 Sq. M.,"Al Safa, North Jeddah, Jeddah"
"65,000",Apartment,2,3,126 Sq. M.,"Al Uroba, Safwa Eastern Region"
"980,000",Apartment,3,3,143 Sq. M.,"Al Suwaidi, West Riyadh, Riyadh"
"5,850,000",Rest House,6,6,650 Sq. M.,"Ghirnatah, East Riyadh, Riyadh"
"650,000",Apartment,3,3,134 Sq. M.,"Alawali, West Riyadh, Riyadh"
"800,000",Apartment,3,3,630 Sq. M.,"Badr, South Riyadh, Riyadh"
"800,000",Floor,3,3,500 Sq. M.,"Shubra, West Riyadh, Riyadh"
"800,000",Apartment,3,4,630 Sq. M.,"Badr, South Riyadh, Riyadh"
"800,000",Apartment,3,3,630 Sq. M.,"Badr, South Riyadh, Riyadh"
"650,000",Apartment,3,3,134 Sq. M.,"Alawali, West Riyadh, Riyadh"
"560,000",Apartment,3,3,865 Sq. M.,"Al Rabwa, North Jeddah, Jeddah"
"560,000",Apartment,3,3,865 Sq. M.,"Al Rabwa, North Jeddah, Jeddah"
"360,000",Apartment,3,3,750 Sq. M.,"Al Nuzhah, North Jeddah, Jeddah"
"275,000",Apartment,2,2,750 Sq. M.,"Al Nuzhah, North Jeddah, Jeddah"
"370,000",Apartment,3,3,726 Sq. M.,"Al Safa, North Jeddah, Jeddah"
"370,000",Apartment,3,3,726 Sq. M.,"Al Safa, North Jeddah, Jeddah"
"345,000",Apartment,3,3,726 Sq. M.,"Al Safa, North Jeddah, Jeddah"
"375,000",Apartment,3,3,726 Sq. M.,"Al Safa, North Jeddah, Jeddah"
"370,000",Apartment,3,3,726 Sq. M.,"Al Safa, North Jeddah, Jeddah"
"345,000",Apartment,3,3,726 Sq. M.,"Al Safa, North Jeddah, Jeddah"
"380,000",Apartment,3,3,726 Sq. M.,"Al Safa, North Jeddah, Jeddah"
"375,000",Apartment,4,3,726 Sq. M.,"Al Safa, North Jeddah, Jeddah"
"519,000",Apartment,3,3,582 Sq. M.,"Al Hamraa, Central Jeddah, Jeddah"
"360,000",Apartment,2,2,875 Sq. M.,"Al Salamah, North Jeddah, Jeddah"
"519,000",Apartment,3,3,582 Sq. M.,"Al Hamraa, Central Jeddah, Jeddah"
"519,000",Apartment,3,3,582 Sq. M.,"Al Hamraa, Central Jeddah, Jeddah"
"275,000",Apartment,2,2,900 Sq. M.,"Al Safa, North Jeddah, Jeddah"
"519,000",Apartment,3,3,582 Sq. M.,"Al Hamraa, Central Jeddah, Jeddah"
"360,000",Apartment,3,3,875 Sq. M.,"Al Salamah, North Jeddah, Jeddah"
"360,000",Apartment,2,2,875 Sq. M.,"Al Salamah, North Jeddah, Jeddah"
"299,000",Apartment,2,2,875 Sq. M.,"Al Salamah, North Jeddah, Jeddah"
"429,000",Apartment,2,2,501 Sq. M.,"Al Rawdah, North Jeddah, Jeddah"
"519,000",Apartment,3,3,582 Sq. M.,"Al Hamraa, Central Jeddah, Jeddah"
"279,000",Apartment,3,3,"1,784 Sq. M.","Al Bawadi, North Jeddah, Jeddah"
"275,000",Apartment,2,2,900 Sq. M.,"Al Safa, North Jeddah, Jeddah"
"799,000",Apartment,4,3,630 Sq. M.,"Al Nahdah, North Jeddah, Jeddah"
"669,000",Apartment,3,3,630 Sq. M.,"Al Nahdah, North Jeddah, Jeddah"
"669,000",Apartment,3,2,630 Sq. M.,"Al Nahdah, North Jeddah, Jeddah"
"449,000",Apartment,3,3,500 Sq. M.,"Al Naim, North Jeddah, Jeddah"
"449,000",Apartment,3,2,500 Sq. M.,"Al Naim, North Jeddah, Jeddah"
"425,000",Apartment,3,3,450 Sq. M.,"Al Rawdah, North Jeddah, Jeddah"
"425,000",Apartment,3,3,450 Sq. M.,"Al Rawdah, North Jeddah, Jeddah"
"425,000",Apartment,3,3,450 Sq. M.,"Al Rawdah, North Jeddah, Jeddah"
"425,000",Apartment,3,3,450 Sq. M.,"Al Rawdah, North Jeddah, Jeddah"
"525,000",Apartment,3,3,450 Sq. M.,"Al Rawdah, North Jeddah, Jeddah"
"525,000",Apartment,3,3,450 Sq. M.,"Al Rawdah, North Jeddah, Jeddah"
"525,000",Apartment,3,3,450 Sq. M.,"Al Rawdah, North Jeddah, Jeddah"
"370,000",Apartment,3,3,726 Sq. M.,"Al Safa, North Jeddah, Jeddah"
"285,000",Apartment,2,2,726 Sq. M.,"Al Safa, North Jeddah, Jeddah"
"449,000",Apartment,3,3,500 Sq. M.,"Al Naim, North Jeddah, Jeddah"
"529,000",Apartment,4,4,500 Sq. M.,"Al Naim, North Jeddah, Jeddah"
"519,000",Apartment,3,3,582 Sq. M.,"Al Hamraa, Central Jeddah, Jeddah"
"519,000",Apartment,3,3,582 Sq. M.,"Al Hamraa, Central Jeddah, Jeddah"
"519,000",Apartment,3,3,582 Sq. M.,"Al Hamraa, Central Jeddah, Jeddah"
"519,000",Apartment,3,3,582 Sq. M.,"Al Hamraa, Central Jeddah, Jeddah"
"330,000",Apartment,3,2,"1,920 Sq. M.","Al Jameah District, South Jeddah, Jeddah"
"519,000",Apartment,3,3,582 Sq. M.,"Al Hamraa, Central Jeddah, Jeddah"
"399,000",Apartment,4,3,"1,920 Sq. M.","Al Jameah District, South Jeddah, Jeddah"
"519,000",Apartment,3,3,582 Sq. M.,"Al Hamraa, Central Jeddah, Jeddah"
"360,000",Apartment,3,2,726 Sq. M.,"Al Safa, North Jeddah, Jeddah"
"560,000",Apartment,5,4,866 Sq. M.,"Al Rabwa, North Jeddah, Jeddah"
"560,000",Apartment,5,4,866 Sq. M.,"Al Rabwa, North Jeddah, Jeddah"
"519,000",Apartment,3,3,582 Sq. M.,"Al Hamraa, Central Jeddah, Jeddah"
"519,000",Apartment,3,3,582 Sq. M.,"Al Hamraa, Central Jeddah, Jeddah"
"529,000",Apartment,4,3,500 Sq. M.,"Al Naim, North Jeddah, Jeddah"
"669,000",Apartment,3,3,630 Sq. M.,"Al Nahdah, North Jeddah, Jeddah"
"669,000",Apartment,3,3,630 Sq. M.,"Al Nahdah, North Jeddah, Jeddah"
"669,000",Apartment,3,3,630 Sq. M.,"Al Nahdah, North Jeddah, Jeddah"
"360,000",Apartment,3,2,750 Sq. M.,"Al Nuzhah, North Jeddah, Jeddah"
"669,000",Apartment,3,3,630 Sq. M.,"Al Nahdah, North Jeddah, Jeddah"
"275,000",Apartment,2,2,750 Sq. M.,"Al Nuzhah, North Jeddah, Jeddah"
"519,000",Apartment,3,2,582 Sq. M.,"Al Hamraa, Central Jeddah, Jeddah"
"519,000",Apartment,3,3,582 Sq. M.,"Al Hamraa, Central Jeddah, Jeddah"
"669,000",Apartment,3,3,630 Sq. M.,"Al Nahdah, North Jeddah, Jeddah"
"669,000",Apartment,3,3,630 Sq. M.,"Al Nahdah, North Jeddah, Jeddah"
"730,000",Apartment,1,1,112 Sq. M.,"Al Rawdah, North Jeddah, Jeddah"
"800,000",Apartment,1,1,139 Sq. M.,"Al Rawdah, North Jeddah, Jeddah"
"800,000",Apartment,4,3,139 Sq. M.,"Al Rawdah, North Jeddah, Jeddah"
"750,000",Apartment,4,3,121 Sq. M.,"Al Rawdah, North Jeddah, Jeddah"
"750,000",Apartment,4,3,120 Sq. M.,"Al Rawdah, North Jeddah, Jeddah"
"299,000",Apartment,2,2,750 Sq. M.,"Al Safa, North Jeddah, Jeddah"
"850,000",Floor,5,4,151 Sq. M.,"Al Suwaidi, West Riyadh, Riyadh"
"3,450,000",Villa,4,5,250 Sq. M.,"Al Narjis, North Riyadh, Riyadh"
"4,600,000",Villa,4,5,300 Sq. M.,"Al Narjis, North Riyadh, Riyadh"
"3,000,000",Villa,3,3,450 Sq. M.,"Alawali, West Riyadh, Riyadh"
"800,000",Floor,3,3,500 Sq. M.,"Shubra, West Riyadh, Riyadh"
"800,000",Floor,3,3,500 Sq. M.,"Shubra, West Riyadh, Riyadh"
"800,000",Floor,3,3,500 Sq. M.,"Shubra, West Riyadh, Riyadh"
"2,500,000",Villa,6,5,245 Sq. M.,"Al Mahdiyah, West Riyadh, Riyadh"
"1,800,000",Villa,6,5,366 Sq. M.,"Al Mahdiyah, West Riyadh, Riyadh"
"1,800,000",Villa,6,5,366 Sq. M.,"Al Mahdiyah, West Riyadh, Riyadh"
"1,800,000",Villa,6,5,366 Sq. M.,"Al Mahdiyah, West Riyadh, Riyadh"
"1,950,000",Villa,5,4,400 Sq. M.,"Al Mahdiyah, West Riyadh, Riyadh"
"400,000",Apartment,2,2,141 Sq. M.,"Okaz, South Riyadh, Riyadh"
"800,000",Floor,3,4,500 Sq. M.,"Shubra, West Riyadh, Riyadh"
"650,000",Apartment,2,4,116 Sq. M.,"Al Janadriyah, East Riyadh, Riyadh"
"770,000",Floor,3,3,630 Sq. M.,"Badr, South Riyadh, Riyadh"
"770,000",Floor,3,3,630 Sq. M.,"Badr, South Riyadh, Riyadh"
"800,000",Apartment,3,3,630 Sq. M.,"Badr, South Riyadh, Riyadh"
"800,000",Floor,3,3,420 Sq. M.,"Tuwaiq, West Riyadh, Riyadh"
"1,100,000",Villa,6,5,268 Sq. M.,"Al Janadriyah, East Riyadh, Riyadh"
"950,000",Villa,4,6,167 Sq. M.,"Al Janadriyah, East Riyadh, Riyadh"
"770,000",Floor,4,4,179 Sq. M.,"Al Janadriyah, East Riyadh, Riyadh"
"1,400,000",Floor,4,4,560 Sq. M.,"Al Munsiyah, East Riyadh, Riyadh"
"400,000",Apartment,2,2,98 Sq. M.,"Taybah, South Riyadh, Riyadh"
"3,000,000",Villa,6,5,300 Sq. M.,"Al Mahdiyah, West Riyadh, Riyadh"
"1,700,000",Apartment,3,3,135 Sq. M.,"Al Mahdiyah, West Riyadh, Riyadh"
"5,500,000",Residential Building,11,6,550 Sq. M.,"Al Faisaliyah, Central Jeddah, Jeddah"
"6,000,000",Residential Building,3,3,209 Sq. M.,"Wadi Jalil, Makkah"
"750,000",Apartment,5,3,136 Sq. M.,"Al Naim, North Jeddah, Jeddah"
"4,000,000",Villa,7,4,200 Sq. M.,"King Khalid International Airport, North Riyadh, Riyadh"
"690,000",Apartment,3,3,219 Sq. M.,"Al Aziziyah, South Riyadh, Riyadh"
"690,000",Apartment,3,3,220 Sq. M.,"Al Aziziyah, South Riyadh, Riyadh"
"690,000",Apartment,3,3,220 Sq. M.,"Al Aziziyah, South Riyadh, Riyadh"
"1,200,000",Villa,7,5,900 Sq. M.,"Al Ruqaiqah, Al Hofuf Eastern Region"
"1,400,000",Villa,5,4,525 Sq. M.,"Al Muhandiseen, Al Hofuf Eastern Region"
"520,000",Villa,6,4,316 Sq. M.,"Khadira Al Janubiyah, Buraydah Al Qassim Region"
"880,000",Villa,7,5,300 Sq. M.,"Al Zarqaa, Buraydah Al Qassim Region"
"300,000",Floor,5,3,250 Sq. M.,"Al Naziyah, Buraydah Al Qassim Region"
"3,100,000",Villa,7,5,500 Sq. M.,"Al Arid, North Riyadh, Riyadh"
"1,350,000",Villa,3,3,525 Sq. M.,"Shubra, West Riyadh, Riyadh"
"4,500,000",Villa,5,3,500 Sq. M.,"Al Arid, North Riyadh, Riyadh"
"2,300,000",Villa,5,5,300 Sq. M.,"Ishbiliyah, East Riyadh, Riyadh"
"3,350,000",Villa,5,5,448 Sq. M.,"Al Arid, North Riyadh, Riyadh"
"2,600,000",Villa,7,5,288 Sq. M.,"Qurtubah, East Riyadh, Riyadh"
"430,000",Residential Building,10,6,104 Sq. M.,"Manfouhah Al Jadidah, Central Riyadh, Riyadh"
"2,300,000",Villa,5,4,328 Sq. M.,"Al Munsiyah, East Riyadh, Riyadh"
"1,800,000",Villa,11,6,354 Sq. M.,"Al Rimal, East Riyadh, Riyadh"
"2,000,000",Villa,10,5,487 Sq. M.,"Al Rimal, East Riyadh, Riyadh"
"1,200,000",Villa,4,2,311 Sq. M.,"Taybay, Dammam"
"630,000",Apartment,6,3,220 Sq. M.,Dammam
"450,000",Apartment,4,4,144 Sq. M.,"Al Mazruiyah, Dammam"
"2,730,000",Villa,5,3,380 Sq. M.,"Al Muntazah, Dammam"
"1,227,000",Villa,8,5,366 Sq. M.,"King Fahd Suburb, Dammam"
"1,330,000",Villa,5,4,313 Sq. M.,"King Fahd Suburb, Dammam"
"1,850,000",Villa,5,5,400 Sq. M.,"Al Shati Al Sharqi, Dammam"
"1,450,000",Villa,7,4,275 Sq. M.,"Al Frosyah, South Jeddah, Jeddah"
"4,000,000",Villa,6,4,625 Sq. M.,"Obhur Al Shamaliyah, North Jeddah, Jeddah"
"410,000",Apartment,4,4,117 Sq. M.,"Al Manar, North Jeddah, Jeddah"
"730,000",Apartment,5,4,177 Sq. M.,"Al Manar, North Jeddah, Jeddah"
"650,000",Apartment,5,3,136 Sq. M.,"Al Mraikh, North Jeddah, Jeddah"
"2,800,000",Villa,5,5,400 Sq. M.,"Al Sheraa, North Jeddah, Jeddah"
"410,000",Apartment,4,3,137 Sq. M.,"Al Jameah District, South Jeddah, Jeddah"
"430,000",Apartment,4,3,147 Sq. M.,"Al Jameah District, South Jeddah, Jeddah"
"655,000",Apartment,4,3,141 Sq. M.,"Al Manar, North Jeddah, Jeddah"
"350,000",Apartment,2,2,92 Sq. M.,"Al Waha, North Jeddah, Jeddah"
"480,000",Apartment,4,2,600 Sq. M.,"Al Sawari, North Jeddah, Jeddah"
"330,000",Apartment,4,3,106 Sq. M.,"Al Waha, North Jeddah, Jeddah"
"2,200,000",Apartment,5,5,480 Sq. M.,"Al Nahdah, North Jeddah, Jeddah"
"540,000",Apartment,4,3,125 Sq. M.,"Al Waha, North Jeddah, Jeddah"
"770,000",Apartment,4,3,146 Sq. M.,"Al Nahdah, North Jeddah, Jeddah"
"340,000",Apartment,3,2,110 Sq. M.,"Al Rehab, North Jeddah, Jeddah"
"820,000",Apartment,5,4,215 Sq. M.,"Al Manar, North Jeddah, Jeddah"
"2,000,000",Villa,7,5,250 Sq. M.,"Al Mahdiyah, West Riyadh, Riyadh"
"2,200,000",Villa,6,5,250 Sq. M.,"Al Mahdiyah, West Riyadh, Riyadh"
"1,650,000",Villa,7,5,231 Sq. M.,"Al Mahdiyah, West Riyadh, Riyadh"
"1,750,000",Villa,6,5,417 Sq. M.,"Al Mahdiyah, West Riyadh, Riyadh"
"680,000",Apartment,4,3,146 Sq. M.,Makkah
"680,000",Apartment,5,4,135 Sq. M.,"Al Salamah, North Jeddah, Jeddah"
"420,000",Apartment,4,3,125 Sq. M.,"Al Manar, North Jeddah, Jeddah"
"495,000",Apartment,4,3,220 Sq. M.,"Al Manar, North Jeddah, Jeddah"
"595,000",Apartment,3,4,120 Sq. M.,"Al Nahdah, North Jeddah, Jeddah"
"495,000",Apartment,4,3,150 Sq. M.,"Al Marwah, North Jeddah, Jeddah"
"5,500,000",Villa,4,5,450 Sq. M.,"Al Malqa, North Riyadh, Riyadh"
"315,000",Apartment,3,2,103 Sq. M.,"Al Manar, North Jeddah, Jeddah"
"595,000",Apartment,3,2,97 Sq. M.,"Al Nahdah, North Jeddah, Jeddah"
"670,000",Apartment,4,3,111 Sq. M.,"Al Rawdah, North Jeddah, Jeddah"
"1,350,000",Villa,5,5,276 Sq. M.,"Al Janadriyah, East Riyadh, Riyadh"
"2,800,000",Villa,4,3,312 Sq. M.,"Al Narjis, North Riyadh, Riyadh"
"1,550,000",Villa,4,5,200 Sq. M.,"Al Mahdiyah, West Riyadh, Riyadh"
"420,000",Apartment,3,3,130 Sq. M.,Jeddah
"2,357,500",Villa,5,5,420 Sq. M.,"Al Saif, Dammam"
"2,149,999",Villa,4,4,368 Sq. M.,"Al Bahar, Al Khobar"
"381,000",Apartment,3,2,100 Sq. M.,"Al Rabwa, North Jeddah, Jeddah"
"4,000,000",Villa,4,5,660 Sq. M.,"Al Salehiyah, North Jeddah, Jeddah"
"2,250,000",Villa,11,7,500 Sq. M.,"Uhud, South Riyadh, Riyadh"
"970,000",Floor,5,3,173 Sq. M.,"Al Rimal, East Riyadh, Riyadh"
"7,800,000",Villa,11,7,718 Sq. M.,"Al Mahdiyah, West Riyadh, Riyadh"
"1,900,000",Apartment,3,2,181 Sq. M.,"Qurtubah, East Riyadh, Riyadh"
"1,700,000",Villa,5,5,290 Sq. M.,"Dhahrat Laban, West Riyadh, Riyadh"
"500,000",Apartment,4,4,155 Sq. M.,"Tuwaiq, West Riyadh, Riyadh"
"695,000",Villa,5,4,143 Sq. M.,"Al Hazm, West Riyadh, Riyadh"
"620,000",Villa,2,3,163 Sq. M.,"Okaz, South Riyadh, Riyadh"
"1,180,000",Villa,5,5,360 Sq. M.,"Okaz, South Riyadh, Riyadh"
"950,000",Floor,3,3,189 Sq. M.,"Tuwaiq, West Riyadh, Riyadh"
"1,250,000",Villa,4,4,341 Sq. M.,"Badr, South Riyadh, Riyadh"
"1,100,000",Villa,5,4,200 Sq. M.,"Tuwaiq, West Riyadh, Riyadh"
"1,180,000",Villa,4,3,360 Sq. M.,"Okaz, South Riyadh, Riyadh"
"1,100,000",Villa,5,4,272 Sq. M.,"Tuwaiq, West Riyadh, Riyadh"
"1,070,000",Floor,5,4,263 Sq. M.,"Tuwaiq, West Riyadh, Riyadh"
"1,100,000",Villa,3,3,200 Sq. M.,"Tuwaiq, West Riyadh, Riyadh"
"620,000",Villa,3,3,160 Sq. M.,"Okaz, South Riyadh, Riyadh"
"620,000",Villa,4,4,160 Sq. M.,"Okaz, South Riyadh, Riyadh"
"950,000",Floor,3,3,183 Sq. M.,"Tuwaiq, West Riyadh, Riyadh"
"720,000",Floor,5,4,176 Sq. M.,"Okaz, South Riyadh, Riyadh"
"1,070,000",Villa,5,4,272 Sq. M.,"Tuwaiq, West Riyadh, Riyadh"
"690,000",Floor,4,4,181 Sq. M.,"Okaz, South Riyadh, Riyadh"
"1,400,000",Villa,6,1,345 Sq. M.,"Tuwaiq, West Riyadh, Riyadh"
"1,300,000",Villa,3,3,300 Sq. M.,"Tuwaiq, West Riyadh, Riyadh"
"1,050,000",Floor,5,4,268 Sq. M.,"Tuwaiq, West Riyadh, Riyadh"
"620,000",Villa,4,4,160 Sq. M.,"Okaz, South Riyadh, Riyadh"
"950,000",Floor,4,4,245 Sq. M.,"Tuwaiq, West Riyadh, Riyadh"
"1,250,000",Villa,7,6,341 Sq. M.,"Badr, South Riyadh, Riyadh"
"1,180,000",Villa,5,5,360 Sq. M.,"Okaz, South Riyadh, Riyadh"
"1,100,000",Villa,5,4,272 Sq. M.,"Tuwaiq, West Riyadh, Riyadh"
"720,000",Floor,3,3,176 Sq. M.,"Okaz, South Riyadh, Riyadh"
"620,000",Villa,4,5,160 Sq. M.,"Okaz, South Riyadh, Riyadh"
"620,000",Villa,4,1,161 Sq. M.,"Okaz, South Riyadh, Riyadh"
"1,550,000",Villa,5,1,243 Sq. M.,"Tuwaiq, West Riyadh, Riyadh"
"1,100,000",Villa,5,3,200 Sq. M.,"Tuwaiq, West Riyadh, Riyadh"
"1,180,000",Villa,3,5,360 Sq. M.,"Okaz, South Riyadh, Riyadh"
"1,100,000",Villa,5,5,272 Sq. M.,"Tuwaiq, West Riyadh, Riyadh"
"1,400,000",Villa,5,5,345 Sq. M.,"Tuwaiq, West Riyadh, Riyadh"
"1,400,000",Villa,6,5,345 Sq. M.,"Tuwaiq, West Riyadh, Riyadh"
"1,550,000",Villa,5,5,242 Sq. M.,"Tuwaiq, West Riyadh, Riyadh"
"1,150,000",Floor,5,4,157 Sq. M.,"Tuwaiq, West Riyadh, Riyadh"
"1,100,000",Villa,5,4,200 Sq. M.,"Tuwaiq, West Riyadh, Riyadh"
"950,000",Floor,3,3,189 Sq. M.,"Tuwaiq, West Riyadh, Riyadh"
"1,180,000",Villa,5,5,360 Sq. M.,"Okaz, South Riyadh, Riyadh"
"1,250,000",Villa,5,5,341 Sq. M.,"Badr, South Riyadh, Riyadh"
"1,600,000",Villa,5,1,149 Sq. M.,"Tuwaiq, West Riyadh, Riyadh"
"780,000",Villa,5,4,201 Sq. M.,"Badr, South Riyadh, Riyadh"
"690,000",Floor,5,4,176 Sq. M.,"Okaz, South Riyadh, Riyadh"
"690,000",Floor,3,3,176 Sq. M.,"Okaz, South Riyadh, Riyadh"
"850,000",Floor,4,3,156 Sq. M.,"Okaz, South Riyadh, Riyadh"
"1,400,000",Villa,5,5,345 Sq. M.,"Tuwaiq, West Riyadh, Riyadh"
"1,050,000",Villa,5,5,414 Sq. M.,"Tuwaiq, West Riyadh, Riyadh"
"550,000",Villa,4,4,500 Sq. M.,"Badr, South Riyadh, Riyadh"
"530,000",Apartment,3,3,193 Sq. M.,"Al Hazm, West Riyadh, Riyadh"
"600,000",Apartment,5,5,161 Sq. M.,"Al Hazm, West Riyadh, Riyadh"
"700,000",Villa,3,3,195 Sq. M.,"Okaz, South Riyadh, Riyadh"
"900,000",Floor,3,3,228 Sq. M.,"Al Hazm, West Riyadh, Riyadh"
"600,000",Apartment,3,3,161 Sq. M.,"Al Hazm, West Riyadh, Riyadh"
"700,000",Villa,4,4,195 Sq. M.,"Okaz, South Riyadh, Riyadh"
"820,000",Floor,3,3,157 Sq. M.,"Tuwaiq, West Riyadh, Riyadh"
"1,350,000",Villa,5,4,200 Sq. M.,"Tuwaiq, West Riyadh, Riyadh"
"900,000",Floor,4,4,166 Sq. M.,"Tuwaiq, West Riyadh, Riyadh"
"530,000",Apartment,3,3,193 Sq. M.,"Al Hazm, West Riyadh, Riyadh"
"900,000",Floor,4,4,228 Sq. M.,"Al Hazm, West Riyadh, Riyadh"
"800,000",Floor,3,3,675 Sq. M.,"Al Shifa, South Riyadh, Riyadh"
"850,000",Floor,3,3,110 Sq. M.,"Tuwaiq, West Riyadh, Riyadh"
"820,000",Floor,3,3,157 Sq. M.,"Tuwaiq, West Riyadh, Riyadh"
"1,400,000",Villa,5,5,242 Sq. M.,"Tuwaiq, West Riyadh, Riyadh"
"900,000",Floor,3,3,166 Sq. M.,"Tuwaiq, West Riyadh, Riyadh"
"680,000",Floor,3,3,113 Sq. M.,"Badr, South Riyadh, Riyadh"
"1,350,000",Villa,4,4,200 Sq. M.,"Tuwaiq, West Riyadh, Riyadh"
"1,070,000",Villa,5,5,265 Sq. M.,"Tuwaiq, West Riyadh, Riyadh"
"1,350,000",Villa,6,5,200 Sq. M.,"Tuwaiq, West Riyadh, Riyadh"
"800,000",Floor,4,3,500 Sq. M.,"Al Zahrah, West Riyadh, Riyadh"
"700,000",Villa,4,1,196 Sq. M.,"Okaz, South Riyadh, Riyadh"
"450,000",Apartment,3,2,200 Sq. M.,"Badr, South Riyadh, Riyadh"
"450,000",Apartment,3,2,200 Sq. M.,"Badr, South Riyadh, Riyadh"
"900,000",Floor,3,3,166 Sq. M.,"Tuwaiq, West Riyadh, Riyadh"
"900,000",Floor,3,3,228 Sq. M.,"Al Hazm, West Riyadh, Riyadh"
"850,000",Villa,5,5,217 Sq. M.,"Okaz, South Riyadh, Riyadh"
"1,000,000",Floor,3,3,189 Sq. M.,"Tuwaiq, West Riyadh, Riyadh"
"1,000,000",Floor,3,3,189 Sq. M.,"Tuwaiq, West Riyadh, Riyadh"
"850,000",Floor,3,3,110 Sq. M.,"Tuwaiq, West Riyadh, Riyadh"
"600,000",Apartment,4,4,161 Sq. M.,"Al Hazm, West Riyadh, Riyadh"
"900,000",Floor,3,3,166 Sq. M.,"Tuwaiq, West Riyadh, Riyadh"
"700,000",Villa,3,3,195 Sq. M.,"Okaz, South Riyadh, Riyadh"
"700,000",Villa,4,1,196 Sq. M.,"Okaz, South Riyadh, Riyadh"
"800,000",Floor,3,3,675 Sq. M.,"Al Shifa, South Riyadh, Riyadh"
"800,000",Floor,5,4,500 Sq. M.,"Al Zahrah, West Riyadh, Riyadh"
"900,000",Floor,3,3,228 Sq. M.,"Al Hazm, West Riyadh, Riyadh"
"720,000",Floor,5,4,181 Sq. M.,"Okaz, South Riyadh, Riyadh"
"600,000",Apartment,4,3,161 Sq. M.,"Al Hazm, West Riyadh, Riyadh"
"530,000",Apartment,3,3,193 Sq. M.,"Al Hazm, West Riyadh, Riyadh"
"800,000",Floor,4,3,500 Sq. M.,"Al Zahrah, West Riyadh, Riyadh"
"700,000",Villa,4,3,196 Sq. M.,"Okaz, South Riyadh, Riyadh"
"900,000",Floor,3,2,165 Sq. M.,"Tuwaiq, West Riyadh, Riyadh"
"690,000",Floor,4,3,182 Sq. M.,"Okaz, South Riyadh, Riyadh"
"720,000",Floor,3,3,181 Sq. M.,"Okaz, South Riyadh, Riyadh"
"680,000",Floor,3,3,113 Sq. M.,"Badr, South Riyadh, Riyadh"
"1,400,000",Villa,5,5,242 Sq. M.,"Tuwaiq, West Riyadh, Riyadh"
"1,070,000",Villa,5,1,266 Sq. M.,"Tuwaiq, West Riyadh, Riyadh"
"750,000",Floor,4,1,128 Sq. M.,"Al Hazm, West Riyadh, Riyadh"
"800,000",Floor,5,3,675 Sq. M.,"Al Shifa, South Riyadh, Riyadh"
"800,000",Floor,5,3,675 Sq. M.,"Al Shifa, South Riyadh, Riyadh"
"600,000",Apartment,4,3,161 Sq. M.,"Al Hazm, West Riyadh, Riyadh"
"450,000",Apartment,3,1,200 Sq. M.,"Badr, South Riyadh, Riyadh"
"700,000",Villa,4,5,195 Sq. M.,"Okaz, South Riyadh, Riyadh"
"900,000",Floor,4,3,228 Sq. M.,"Al Hazm, West Riyadh, Riyadh"
"530,000",Apartment,5,3,193 Sq. M.,"Al Hazm, West Riyadh, Riyadh"
"1,400,000",Villa,3,1,201 Sq. M.,"Dahiat Namar, West Riyadh, Riyadh"
"750,000",Floor,4,4,128 Sq. M.,"Al Hazm, West Riyadh, Riyadh"
"1,350,000",Villa,5,4,200 Sq. M.,"Tuwaiq, West Riyadh, Riyadh"
"1,400,000",Villa,5,1,243 Sq. M.,"Tuwaiq, West Riyadh, Riyadh"
"820,000",Floor,4,4,157 Sq. M.,"Tuwaiq, West Riyadh, Riyadh"
"800,000",Villa,5,4,218 Sq. M.,"Okaz, South Riyadh, Riyadh"
"950,000",Apartment,4,3,"1,400 Sq. M.","Dhahrat Laban, West Riyadh, Riyadh"
"750,000",Floor,4,4,185 Sq. M.,"Al Zahrah, West Riyadh, Riyadh"
"780,000",Villa,3,3,168 Sq. M.,"Badr, South Riyadh, Riyadh"
"1,050,000",Villa,6,5,269 Sq. M.,"Tuwaiq, West Riyadh, Riyadh"
"1,100,000",Floor,4,4,183 Sq. M.,"Alawali, West Riyadh, Riyadh"
"1,300,000",Villa,4,5,207 Sq. M.,"Al Uraija Al Wusta, West Riyadh, Riyadh"
"1,050,000",Floor,3,3,177 Sq. M.,"Al Suwaidi Al Gharabi, West Riyadh, Riyadh"
"900,000",Villa,3,5,149 Sq. M.,"Uraidh, South Riyadh, Riyadh"
"650,000",Villa,5,5,149 Sq. M.,"Badr, South Riyadh, Riyadh"
"750,000",Floor,4,4,187 Sq. M.,"Dahiat Namar, West Riyadh, Riyadh"
"650,000",Villa,5,4,149 Sq. M.,"Badr, South Riyadh, Riyadh"
"1,150,000",Floor,4,4,168 Sq. M.,"Al Suwaidi Al Gharabi, West Riyadh, Riyadh"
"780,000",Villa,3,3,168 Sq. M.,"Badr, South Riyadh, Riyadh"
"1,400,000",Villa,7,1,343 Sq. M.,"Badr, South Riyadh, Riyadh"
"1,050,000",Villa,5,1,144 Sq. M.,"Al Suwaidi, West Riyadh, Riyadh"
"1,100,000",Villa,6,5,269 Sq. M.,"Tuwaiq, West Riyadh, Riyadh"
"780,000",Villa,3,3,168 Sq. M.,"Badr, South Riyadh, Riyadh"
"600,000",Apartment,4,3,106 Sq. M.,"Tuwaiq, West Riyadh, Riyadh"
"1,700,000",Villa,6,5,329 Sq. M.,"Dhahrat Laban, West Riyadh, Riyadh"
"750,000",Floor,4,4,187 Sq. M.,"Dahiat Namar, West Riyadh, Riyadh"
"750,000",Apartment,2,2,74 Sq. M.,"Al Suwaidi Al Gharabi, West Riyadh, Riyadh"
"1,100,000",Floor,3,3,183 Sq. M.,"Alawali, West Riyadh, Riyadh"
"900,000",Floor,5,5,212 Sq. M.,"Dahiat Namar, West Riyadh, Riyadh"
"670,000",Apartment,3,3,94 Sq. M.,"Tuwaiq, West Riyadh, Riyadh"
"700,000",Apartment,3,3,105 Sq. M.,"Alawali, West Riyadh, Riyadh"
"780,000",Villa,3,5,168 Sq. M.,"Badr, South Riyadh, Riyadh"
"900,000",Villa,4,5,149 Sq. M.,"Uraidh, South Riyadh, Riyadh"
"750,000",Floor,3,3,187 Sq. M.,"Dahiat Namar, West Riyadh, Riyadh"
"850,000",Floor,4,3,175 Sq. M.,"Dahiat Namar, West Riyadh, Riyadh"
"750,000",Floor,3,3,131 Sq. M.,"Al Zahrah, West Riyadh, Riyadh"
"780,000",Villa,5,5,173 Sq. M.,"Badr, South Riyadh, Riyadh"
"1,400,000",Villa,5,5,300 Sq. M.,"Okaz, South Riyadh, Riyadh"
"1,200,000",Floor,5,5,259 Sq. M.,"Al Uraija Al Gharbiyah, West Riyadh, Riyadh"
"1,350,000",Villa,7,5,312 Sq. M.,"Tuwaiq, West Riyadh, Riyadh"
"1,050,000",Villa,5,1,144 Sq. M.,"Al Suwaidi, West Riyadh, Riyadh"
"1,200,000",Villa,5,4,300 Sq. M.,"Dahiat Namar, West Riyadh, Riyadh"
"1,400,000",Villa,7,5,200 Sq. M.,"Tuwaiq, West Riyadh, Riyadh"
"1,050,000",Villa,6,5,269 Sq. M.,"Tuwaiq, West Riyadh, Riyadh"
"1,100,000",Villa,6,5,269 Sq. M.,"Tuwaiq, West Riyadh, Riyadh"
"1,350,000",Villa,7,5,311 Sq. M.,"Tuwaiq, West Riyadh, Riyadh"
"780,000",Villa,5,5,168 Sq. M.,"Badr, South Riyadh, Riyadh"
"600,000",Apartment,4,3,105 Sq. M.,"Tuwaiq, West Riyadh, Riyadh"
"780,000",Apartment,4,3,116 Sq. M.,"Tuwaiq, West Riyadh, Riyadh"
"850,000",Floor,4,3,176 Sq. M.,"Dahiat Namar, West Riyadh, Riyadh"
"950,000",Floor,4,3,221 Sq. M.,"Tuwaiq, West Riyadh, Riyadh"
"1,050,000",Villa,5,5,269 Sq. M.,"Tuwaiq, West Riyadh, Riyadh"
"1,200,000",Villa,5,5,300 Sq. M.,"Dahiat Namar, West Riyadh, Riyadh"
"839,000",Villa,7,7,186 Sq. M.,"Okaz, South Riyadh, Riyadh"
"1,300,000",Villa,5,5,269 Sq. M.,"Tuwaiq, West Riyadh, Riyadh"
"800,000",Floor,3,3,137 Sq. M.,"Tuwaiq, West Riyadh, Riyadh"
"1,150,000",Floor,3,3,180 Sq. M.,"Tuwaiq, West Riyadh, Riyadh"
"1,050,000",Villa,5,1,144 Sq. M.,"Al Suwaidi, West Riyadh, Riyadh"
"650,000",Villa,3,3,149 Sq. M.,"Badr, South Riyadh, Riyadh"
"1,350,000",Villa,7,4,312 Sq. M.,"Tuwaiq, West Riyadh, Riyadh"
"1,100,000",Villa,6,5,269 Sq. M.,"Tuwaiq, West Riyadh, Riyadh"
"950,000",Floor,4,3,283 Sq. M.,"Tuwaiq, West Riyadh, Riyadh"
"1,150,000",Floor,3,3,168 Sq. M.,"Al Suwaidi Al Gharabi, West Riyadh, Riyadh"
"7,500,000",Villa,11,7,750 Sq. M.,"Al Mahdiyah, West Riyadh, Riyadh"
"900,000",Floor,4,4,212 Sq. M.,"Dahiat Namar, West Riyadh, Riyadh"
"1,200,000",Villa,5,6,171 Sq. M.,"Dahiat Namar, West Riyadh, Riyadh"
"1,200,000",Villa,6,7,301 Sq. M.,"Dahiat Namar, West Riyadh, Riyadh"
"880,000",Villa,5,7,186 Sq. M.,"Okaz, South Riyadh, Riyadh"
"950,000",Villa,5,5,203 Sq. M.,"Sultanah, West Riyadh, Riyadh"
"1,450,000",Villa,7,5,171 Sq. M.,"Tuwaiq, West Riyadh, Riyadh"
"600,000",Apartment,2,2,105 Sq. M.,"Tuwaiq, West Riyadh, Riyadh"
"700,000",Apartment,2,2,105 Sq. M.,"Alawali, West Riyadh, Riyadh"
"950,000",Floor,3,3,212 Sq. M.,"Tuwaiq, West Riyadh, Riyadh"
"1,200,000",Floor,3,3,295 Sq. M.,"Tuwaiq, West Riyadh, Riyadh"
"780,000",Apartment,3,3,116 Sq. M.,"Tuwaiq, West Riyadh, Riyadh"
"750,000",Floor,3,3,131 Sq. M.,"Al Zahrah, West Riyadh, Riyadh"
"1,050,000",Villa,2,2,143 Sq. M.,"Al Suwaidi, West Riyadh, Riyadh"
"1,150,000",Floor,3,3,168 Sq. M.,"Al Suwaidi Al Gharabi, West Riyadh, Riyadh"
"750,000",Apartment,2,2,74 Sq. M.,"Al Suwaidi Al Gharabi, West Riyadh, Riyadh"
"850,000",Floor,4,3,219 Sq. M.,"Dahiat Namar, West Riyadh, Riyadh"
"1,300,000",Villa,6,5,207 Sq. M.,"Al Uraija Al Wusta, West Riyadh, Riyadh"
"950,000",Floor,4,4,188 Sq. M.,"Al Uraija Al Gharbiyah, West Riyadh, Riyadh"
"1,750,000",Villa,7,5,229 Sq. M.,"Tuwaiq, West Riyadh, Riyadh"
"1,100,000",Villa,5,5,269 Sq. M.,"Tuwaiq, West Riyadh, Riyadh"
"630,000",Villa,7,5,325 Sq. M.,"Badr, South Riyadh, Riyadh"
"610,000",Villa,3,3,325 Sq. M.,"Badr, South Riyadh, Riyadh"
"630,000",Villa,3,3,325 Sq. M.,"Badr, South Riyadh, Riyadh"
"630,000",Villa,4,3,325 Sq. M.,"Badr, South Riyadh, Riyadh"
"1,200,000",Villa,5,5,180 Sq. M.,"Okaz, South Riyadh, Riyadh"
"550,000",Villa,2,2,500 Sq. M.,"Badr, South Riyadh, Riyadh"
"650,000",Villa,3,3,241 Sq. M.,"Badr, South Riyadh, Riyadh"
"650,000",Villa,3,3,241 Sq. M.,"Badr, South Riyadh, Riyadh"
"650,000",Villa,3,3,241 Sq. M.,"Badr, South Riyadh, Riyadh"
"1,250,000",Villa,5,4,242 Sq. M.,"Al Hazm, West Riyadh, Riyadh"
"1,250,000",Villa,5,4,242 Sq. M.,"Al Hazm, West Riyadh, Riyadh"
"1,350,000",Villa,4,4,200 Sq. M.,"Tuwaiq, West Riyadh, Riyadh"
"650,000",Villa,5,3,242 Sq. M.,"Badr, South Riyadh, Riyadh"
"650,000",Villa,5,4,241 Sq. M.,"Badr, South Riyadh, Riyadh"
"1,250,000",Villa,5,7,243 Sq. M.,"Al Hazm, West Riyadh, Riyadh"
"1,400,000",Villa,6,5,345 Sq. M.,"Tuwaiq, West Riyadh, Riyadh"
"530,000",Apartment,3,3,193 Sq. M.,"Al Hazm, West Riyadh, Riyadh"
"1,300,000",Villa,5,4,240 Sq. M.,"Tuwaiq, West Riyadh, Riyadh"
"1,350,000",Villa,5,4,311 Sq. M.,"Tuwaiq, West Riyadh, Riyadh"
"1,350,000",Villa,10,10,375 Sq. M.,"Al Dar Al Baida, South Riyadh, Riyadh"
"970,000",Apartment,3,3,146 Sq. M.,"Al Rawabi, East Riyadh, Riyadh"
"750,000",Apartment,3,2,74 Sq. M.,"Al Suwaidi Al Gharabi, West Riyadh, Riyadh"
"1,100,000",Floor,3,3,209 Sq. M.,"Al Uraija Al Gharbiyah, West Riyadh, Riyadh"
"750,000",Apartment,3,1,74 Sq. M.,"Al Suwaidi Al Gharabi, West Riyadh, Riyadh"
"600,000",Apartment,2,2,105 Sq. M.,"Tuwaiq, West Riyadh, Riyadh"
"780,000",Villa,5,5,242 Sq. M.,"Badr, South Riyadh, Riyadh"
"1,200,000",Floor,6,4,296 Sq. M.,"Tuwaiq, West Riyadh, Riyadh"
"1,200,000",Villa,4,4,171 Sq. M.,"Dahiat Namar, West Riyadh, Riyadh"
"780,000",Apartment,3,3,116 Sq. M.,"Tuwaiq, West Riyadh, Riyadh"
"1,300,000",Villa,7,5,240 Sq. M.,"Tuwaiq, West Riyadh, Riyadh"
"1,350,000",Villa,7,5,200 Sq. M.,"Tuwaiq, West Riyadh, Riyadh"
"690,000",Floor,4,3,181 Sq. M.,"Okaz, South Riyadh, Riyadh"
"1,100,000",Villa,5,4,272 Sq. M.,"Tuwaiq, West Riyadh, Riyadh"
"720,000",Floor,3,3,184 Sq. M.,"Al Hazm, West Riyadh, Riyadh"
"800,000",Floor,3,3,500 Sq. M.,"Al Zahrah, West Riyadh, Riyadh"
"1,400,000",Villa,5,4,201 Sq. M.,"Dahiat Namar, West Riyadh, Riyadh"
"1,350,000",Villa,5,4,200 Sq. M.,"Tuwaiq, West Riyadh, Riyadh"
"720,000",Floor,5,5,176 Sq. M.,"Okaz, South Riyadh, Riyadh"
