Price,Property Type,Number Of Bedrooms,Number Of Bathrooms,Area,Location
"5,000,000 SAR",Rest House,4,4,"1,420 sqm","شاطئ نصف القمر, Ad Dammam, Eastern"
"6,000,000 SAR",Villa,7+,7+,500 sqm,"Al Wadi, Riyadh, Ar Riyadh"
"1,650,000 SAR",Apartment,3,4,144 sqm,"An Narjis, Riyadh, Ar Riyadh"
"2,400,000 SAR",Whole Building,7+,7+,423 sqm,"Al Faisaliyah, Jeddah, Makkah Al Mukarramah"
"2,500,000 SAR",Villa,7+,2,395 sqm,"Al Muhammadiyah, Jeddah, Makkah Al Mukarramah"
"435,000 SAR",Apartment,3,3,575 sqm,"An Naim, Jeddah, Makkah Al Mukarramah"
"320,000 SAR",Apartment,3,3,659 sqm,"Mraykh, Jeddah, Makkah Al Mukarramah"
"450,000 SAR",Apartment,3,2,102 sqm,"Al Marwah, Jeddah, Makkah Al Mukarramah"
"540,000 SAR",Apartment,4,3,131 sqm,"Al Marwah, Jeddah, Makkah Al Mukarramah"
"720,000 SAR",Apartment,4,3,117 sqm,"Ar Rawdah, Jeddah, Makkah Al Mukarramah"
"650,000 SAR",Apartment,4,3,111 sqm,"As Salamah, Jeddah, Makkah Al Mukarramah"
"800,000 SAR",Apartment,4,3,139 sqm,"Ar Rawdah, Jeddah, Makkah Al Mukarramah"
"650,000 SAR",Apartment,4,3,111 sqm,"As Salamah, Jeddah, Makkah Al Mukarramah"
"780,000 SAR",Apartment,4,3,124 sqm,"Ar Rawdah, Jeddah, Makkah Al Mukarramah"
"762,603 SAR",Apartment,4,3,159 sqm,"East Naseem, Riyadh, Ar Riyadh"
"617,500 SAR",Apartment,4,3,118 sqm,"East Naseem, Riyadh, Ar Riyadh"
"644,385 SAR",Apartment,4,3,133 sqm,"East Naseem, Riyadh, Ar Riyadh"
"990,000 SAR",Apartment,4,3,163 sqm,"Ar Rawdah, Jeddah, Makkah Al Mukarramah"
"700,000 SAR",Apartment,4,3,112 sqm,"Ar Rawdah, Jeddah, Makkah Al Mukarramah"
"27,000,000 SAR",Villa,7+,7+,"2,640 sqm","Abhur Al Janubiyah, Jeddah, Makkah Al Mukarramah"
"680,000 SAR",Apartment,5,3,161 sqm,"Al Marwah, Jeddah, Makkah Al Mukarramah"
"1,425,000 SAR",Apartment,3,3,78 sqm,"Al Malqa, Riyadh, Ar Riyadh"
"1,599,000 SAR",Apartment,4,2,132 sqm,"Al Malqa, Riyadh, Ar Riyadh"
"2,299,000 SAR",Villa,4,4,197 sqm,"Al Malqa, Riyadh, Ar Riyadh"
"560,000 SAR",Apartment,4,4,137 sqm,"As Salamah, Jeddah, Makkah Al Mukarramah"
"5,000,000 SAR",Rest House,4,4,"1,420 sqm","شاطئ نصف القمر, Ad Dammam, Eastern"
"439,000 SAR",Apartment,2,2,524 sqm,"Ar Rawdah, Jeddah, Makkah Al Mukarramah"
"1,150,000 SAR",Full Floor,5,5,230 sqm,"Al Khalij, Riyadh, Ar Riyadh"
"1,200,000 SAR",Apartment,4,3,153 sqm,"Al Munisiyah, Riyadh, Ar Riyadh"
"1,600,000 SAR",Full Floor,3,5,223 sqm,"Al Munisiyah, Riyadh, Ar Riyadh"
"1,250,000 SAR",Villa,5,7,289 sqm,"Ar Rimal, Riyadh, Ar Riyadh"
"1,350,000 SAR",Villa,5,7,303 sqm,"Ar Rimal, Riyadh, Ar Riyadh"
"820,000 SAR",Full Floor,5,5,160 sqm,"Al Janadriyah, Riyadh, Ar Riyadh"
"1,350,000 SAR",Full Floor,5,5,251 sqm,"Al Khalij, Riyadh, Ar Riyadh"
"1,180,000 SAR",Apartment,4,3,148 sqm,"Al Munisiyah, Riyadh, Ar Riyadh"
"720,000 SAR",Apartment,4,3,101 sqm,"Al Maizialah, Riyadh, Ar Riyadh"
"3,000,000 SAR",Villa,5,6,338 sqm,"Ar Rimal, Riyadh, Ar Riyadh"
"3,100,000 SAR",Villa,5,6,312 sqm,"Ar Rimal, Riyadh, Ar Riyadh"
"1,130,000 SAR",Apartment,5,3,142 sqm,"Al Munisiyah, Riyadh, Ar Riyadh"
"519,000 SAR",Apartment,4,3,130 sqm,"An Nuzhah, Jeddah, Makkah Al Mukarramah"
"560,000 SAR",Apartment,5,4,162 sqm,"As Safa, Jeddah, Makkah Al Mukarramah"
"780,000 SAR",Apartment,4,3,124 sqm,"Ar Rawdah, Jeddah, Makkah Al Mukarramah"
"720,000 SAR",Apartment,4,3,117 sqm,"Ar Rawdah, Jeddah, Makkah Al Mukarramah"
"950,000 SAR",Apartment,4,3,160 sqm,"Ar Rawdah, Jeddah, Makkah Al Mukarramah"
"520,000 SAR",Apartment,5,4,180 sqm,"Governmental1, Jeddah, Makkah Al Mukarramah"
"650,000 SAR",Apartment,4,3,111 sqm,"As Salamah, Jeddah, Makkah Al Mukarramah"
"3,900,000 SAR",Villa,5,7+,264 sqm,"Ash Shati, Jeddah, Makkah Al Mukarramah"
"700,000 SAR",Apartment,4,3,112 sqm,"Ar Rawdah, Jeddah, Makkah Al Mukarramah"
"385,000 SAR",Apartment,3,3,108 sqm,"Ar Rayaan, Jeddah, Makkah Al Mukarramah"
"520,000 SAR",Apartment,5,4,180 sqm,"Governmental1, Jeddah, Makkah Al Mukarramah"
"2,400,000 SAR",Villa,4,5,240 sqm,"سدرة, Riyadh, Ar Riyadh"
"549,000 SAR",Apartment,3,2,524 sqm,"Ar Rawdah, Jeddah, Makkah Al Mukarramah"
"650,000 SAR",Apartment,4,3,111 sqm,"As Salamah, Jeddah, Makkah Al Mukarramah"
"710,000 SAR",Apartment,4,3,114 sqm,"Ar Rawdah, Jeddah, Makkah Al Mukarramah"
"770,000 SAR",Apartment,4,3,127 sqm,"Ar Rawdah, Jeddah, Makkah Al Mukarramah"
"3,000,000 SAR",Whole Building,5,7+,625 sqm,"An Nuzhah, Jeddah, Makkah Al Mukarramah"
"900,000 SAR",Apartment,6,3,188 sqm,"An Naim, Jeddah, Makkah Al Mukarramah"
"780,000 SAR",Apartment,4,3,124 sqm,"Ar Rawdah, Jeddah, Makkah Al Mukarramah"
"800,000 SAR",Apartment,4,3,137 sqm,"Ar Rawdah, Jeddah, Makkah Al Mukarramah"
"830,000 SAR",Apartment,4,3,140 sqm,"As Salamah, Jeddah, Makkah Al Mukarramah"
"2,600,000 SAR",Villa,6,7+,312 sqm,"Al Amwaj, Jeddah, Makkah Al Mukarramah"
"630,000 SAR",Apartment,5,3,152 sqm,"Mraykh, Jeddah, Makkah Al Mukarramah"
"530,000 SAR",Apartment,4,3,135 sqm,"Mraykh, Jeddah, Makkah Al Mukarramah"
"650,000 SAR",Apartment,4,3,111 sqm,"As Salamah, Jeddah, Makkah Al Mukarramah"
"1,850,000 SAR",Villa,5,5,292 sqm,"Ar Rimal, Riyadh, Ar Riyadh"
"450,000 SAR",Apartment,5,3,550 sqm,"An Nuzhah, Jeddah, Makkah Al Mukarramah"
"299,000 SAR",Apartment,2,2,616 sqm,"An Nuzhah, Jeddah, Makkah Al Mukarramah"
"4,200,000 SAR",Villa,6,6,371 sqm,"Al Munisiyah, Riyadh, Ar Riyadh"
"1,101,000 SAR",Apartment,4,4,146 sqm,"Al Munisiyah, Riyadh, Ar Riyadh"
"3,650,000 SAR",Villa,6,6,324 sqm,"Al Munisiyah, Riyadh, Ar Riyadh"
"1,550,000 SAR",Full Floor,4,6,206 sqm,"Al Munisiyah, Riyadh, Ar Riyadh"
"1,257,000 SAR",Apartment,3,3,128 sqm,"Al Munisiyah, Riyadh, Ar Riyadh"
"1,950,000 SAR",Full Floor,5,4,204 sqm,"Qurtubah, Riyadh, Ar Riyadh"
"978,000 SAR",Apartment,3,3,118 sqm,"Al Munisiyah, Riyadh, Ar Riyadh"
"2,000,000 SAR",Full Floor,5,5,264 sqm,"Al Munisiyah, Riyadh, Ar Riyadh"
"1,380,000 SAR",Apartment,3,3,128 sqm,"Qurtubah, Riyadh, Ar Riyadh"
"320,000 SAR",Apartment,3,2,659 sqm,"Mraykh, Jeddah, Makkah Al Mukarramah"
"1,600,000 SAR",Full Floor,3,3,223 sqm,"Al Munisiyah, Riyadh, Ar Riyadh"
"1,500,000 SAR",Full Floor,4,3,225 sqm,"Al Yarmuk, Riyadh, Ar Riyadh"
"2,100,000 SAR",Full Floor,3,3,343 sqm,"Al Yarmuk, Riyadh, Ar Riyadh"
"1,950,000 SAR",Full Floor,5,3,187 sqm,"Qurtubah, Riyadh, Ar Riyadh"
"1,750,000 SAR",Full Floor,5,4,192 sqm,"Al Munisiyah, Riyadh, Ar Riyadh"
"1,900,000 SAR",Villa,5,6,315 sqm,"Al Maizialah, Riyadh, Ar Riyadh"
"1,050,000 SAR",Apartment,3,3,172 sqm,"Al Qadisiyah, Riyadh, Ar Riyadh"
"1,400,000 SAR",Full Floor,4,4,251 sqm,"Al Khalij, Riyadh, Ar Riyadh"
"978,000 SAR",Apartment,3,3,118 sqm,"Al Munisiyah, Riyadh, Ar Riyadh"
"250,000 SAR",Apartment,2,2,706 sqm,"Mraykh, Jeddah, Makkah Al Mukarramah"
"380,000 SAR",Apartment,4,3,642 sqm,"As Safa, Jeddah, Makkah Al Mukarramah"
"1,380,000 SAR",Apartment,3,3,128 sqm,"Qurtubah, Riyadh, Ar Riyadh"
"680,000 SAR",Apartment,4,3,122 sqm,"Ar Rimal, Riyadh, Ar Riyadh"
"1,950,000 SAR",Full Floor,5,5,204 sqm,"Qurtubah, Riyadh, Ar Riyadh"
"2,000,000 SAR",Full Floor,5,5,264 sqm,"Al Munisiyah, Riyadh, Ar Riyadh"
"1,650,000 SAR",Full Floor,5,4,192 sqm,"Al Munisiyah, Riyadh, Ar Riyadh"
"1,950,000 SAR",Full Floor,5,4,204 sqm,"Qurtubah, Riyadh, Ar Riyadh"
"1,550,000 SAR",Full Floor,4,4,213 sqm,"Ishbiliyah, Riyadh, Ar Riyadh"
"1,600,000 SAR",Full Floor,3,3,223 sqm,"Al Munisiyah, Riyadh, Ar Riyadh"
"1,150,000 SAR",Full Floor,3,3,144 sqm,"Al Munisiyah, Riyadh, Ar Riyadh"
"1,380,000 SAR",Apartment,3,4,128 sqm,"Qurtubah, Riyadh, Ar Riyadh"
"945,000 SAR",Apartment,3,4,120 sqm,"Al Munisiyah, Riyadh, Ar Riyadh"
"2,000,000 SAR",Full Floor,5,5,264 sqm,"Al Munisiyah, Riyadh, Ar Riyadh"
"320,000 SAR",Apartment,3,3,659 sqm,"Mraykh, Jeddah, Makkah Al Mukarramah"
"250,000 SAR",Apartment,2,2,706 sqm,"Mraykh, Jeddah, Makkah Al Mukarramah"
"250,000 SAR",Apartment,2,3,706 sqm,"Mraykh, Jeddah, Makkah Al Mukarramah"
"250,000 SAR",Apartment,2,2,706 sqm,"Mraykh, Jeddah, Makkah Al Mukarramah"
"650,000 SAR",Apartment,4,3,123 sqm,"As Salamah, Jeddah, Makkah Al Mukarramah"
"2,000,000 SAR",Full Floor,5,5,264 sqm,"Al Munisiyah, Riyadh, Ar Riyadh"
"978,000 SAR",Apartment,3,3,118 sqm,"Al Munisiyah, Riyadh, Ar Riyadh"
"250,000 SAR",Apartment,2,2,706 sqm,"Mraykh, Jeddah, Makkah Al Mukarramah"
"250,000 SAR",Apartment,2,2,706 sqm,"Mraykh, Jeddah, Makkah Al Mukarramah"
"250,000 SAR",Apartment,2,2,706 sqm,"Mraykh, Jeddah, Makkah Al Mukarramah"
"250,000 SAR",Apartment,2,2,706 sqm,"Mraykh, Jeddah, Makkah Al Mukarramah"
"250,000 SAR",Apartment,2,2,706 sqm,"Mraykh, Jeddah, Makkah Al Mukarramah"
"250,000 SAR",Apartment,2,2,706 sqm,"Mraykh, Jeddah, Makkah Al Mukarramah"
"250,000 SAR",Apartment,2,2,706 sqm,"Mraykh, Jeddah, Makkah Al Mukarramah"
"250,000 SAR",Apartment,2,2,706 sqm,"Mraykh, Jeddah, Makkah Al Mukarramah"
"250,000 SAR",Apartment,2,2,706 sqm,"Mraykh, Jeddah, Makkah Al Mukarramah"
"250,000 SAR",Apartment,2,3,706 sqm,"Mraykh, Jeddah, Makkah Al Mukarramah"
"250,000 SAR",Apartment,2,3,706 sqm,"Mraykh, Jeddah, Makkah Al Mukarramah"
"14,985,000 SAR",Whole Building,7+,3,"1,358 sqm","Al Andalus, Riyadh, Ar Riyadh"
"1,100,000 SAR",Villa,7,5,391 sqm,"Al Wafa, Jeddah, Makkah Al Mukarramah"
"650,000 SAR",Apartment,4,3,123 sqm,"As Salamah, Jeddah, Makkah Al Mukarramah"
"1,200,000 SAR",Villa,7+,4,312 sqm,"Al Falah, Jeddah, Makkah Al Mukarramah"
"850,000 SAR",Full Floor,7+,4,145 sqm,"Al Dar Al Baida, Riyadh, Ar Riyadh"
"320,000 SAR",Apartment,3,2,659 sqm,"Mraykh, Jeddah, Makkah Al Mukarramah"
"320,000 SAR",Apartment,3,2,659 sqm,"Mraykh, Jeddah, Makkah Al Mukarramah"
"475,000 SAR",Apartment,4,3,649 sqm,"As Sulimaniyah, Jeddah, Makkah Al Mukarramah"
"475,000 SAR",Apartment,4,3,649 sqm,"As Sulimaniyah, Jeddah, Makkah Al Mukarramah"
"730,000 SAR",Apartment,4,3,112 sqm,"Ar Rawdah, Jeddah, Makkah Al Mukarramah"
"395,000 SAR",Apartment,3,3,750 sqm,"As Safa, Jeddah, Makkah Al Mukarramah"
"650,000 SAR",Apartment,4,3,111 sqm,"As Salamah, Jeddah, Makkah Al Mukarramah"
"580,000 SAR",Apartment,5,3,163 sqm,"As Salamah, Makah Almukaramuh, Makkah Al Mukarramah"
"790,000 SAR",Apartment,5,3,175 sqm,"As Salamah, Jeddah, Makkah Al Mukarramah"
"730,000 SAR",Apartment,4,3,112 sqm,"Ar Rawdah, Jeddah, Makkah Al Mukarramah"
"950,000 SAR",Apartment,4,3,157 sqm,"Ar Rawdah, Jeddah, Makkah Al Mukarramah"
"320,000 SAR",Apartment,3,3,659 sqm,"Mraykh, Jeddah, Makkah Al Mukarramah"
"450,000 SAR",Apartment,3,2,102 sqm,"Al Marwah, Jeddah, Makkah Al Mukarramah"
"5,300,000 SAR",Villa,7+,7,675 sqm,"Ash Shati, Jeddah, Makkah Al Mukarramah"
"375,000 SAR",Apartment,3,3,115 sqm,"As Safa, Jeddah, Makkah Al Mukarramah"
"375,000 SAR",Apartment,3,3,115 sqm,"As Safa, Jeddah, Makkah Al Mukarramah"
"14,000,000 SAR",Compound,7+,7+,"4,451 sqm","Al Khadraa, Makah Almukaramuh, Makkah Al Mukarramah"
"1,200,000 SAR",Full Floor,5,4,157 sqm,"Al Bayan, Riyadh, Ar Riyadh"
"1,000,000 SAR",Full Floor,5,4,166 sqm,"Al Bayan, Riyadh, Ar Riyadh"
"850,000 SAR",Apartment,3,2,60 sqm,"Al Munisiyah, Riyadh, Ar Riyadh"
"1,250,000 SAR",Full Floor,3,3,202 sqm,"Al Munisiyah, Riyadh, Ar Riyadh"
"1,050,000 SAR",Apartment,3,3,93 sqm,"Al Munisiyah, Riyadh, Ar Riyadh"
"1,200,000 SAR",Full Floor,4,5,230 sqm,"Al Khalij, Riyadh, Ar Riyadh"
"1,500,000 SAR",Full Floor,4,5,251 sqm,"Al Khalij, Riyadh, Ar Riyadh"
"320,000 SAR",Apartment,3,3,659 sqm,"Mraykh, Jeddah, Makkah Al Mukarramah"
"320,000 SAR",Apartment,3,3,659 sqm,"Mraykh, Jeddah, Makkah Al Mukarramah"
"320,000 SAR",Apartment,3,3,659 sqm,"Mraykh, Jeddah, Makkah Al Mukarramah"
"320,000 SAR",Apartment,3,3,659 sqm,"Mraykh, Jeddah, Makkah Al Mukarramah"
"320,000 SAR",Apartment,3,3,659 sqm,"Mraykh, Jeddah, Makkah Al Mukarramah"
"320,000 SAR",Apartment,3,2,659 sqm,"Mraykh, Jeddah, Makkah Al Mukarramah"
"320,000 SAR",Apartment,3,3,659 sqm,"Mraykh, Jeddah, Makkah Al Mukarramah"
"320,000 SAR",Apartment,3,2,659 sqm,"Mraykh, Jeddah, Makkah Al Mukarramah"
"320,000 SAR",Apartment,3,3,659 sqm,"Mraykh, Jeddah, Makkah Al Mukarramah"
"320,000 SAR",Apartment,3,3,659 sqm,"Mraykh, Jeddah, Makkah Al Mukarramah"
"320,000 SAR",Apartment,3,3,659 sqm,"Mraykh, Jeddah, Makkah Al Mukarramah"
"320,000 SAR",Apartment,3,3,659 sqm,"Mraykh, Jeddah, Makkah Al Mukarramah"
"320,000 SAR",Apartment,3,3,659 sqm,"Mraykh, Jeddah, Makkah Al Mukarramah"
"320,000 SAR",Apartment,3,2,659 sqm,"Mraykh, Jeddah, Makkah Al Mukarramah"
"320,000 SAR",Apartment,3,3,659 sqm,"Mraykh, Jeddah, Makkah Al Mukarramah"
"320,000 SAR",Apartment,3,3,659 sqm,"Mraykh, Jeddah, Makkah Al Mukarramah"
"320,000 SAR",Apartment,3,3,659 sqm,"Mraykh, Jeddah, Makkah Al Mukarramah"
"320,000 SAR",Apartment,3,3,659 sqm,"Mraykh, Jeddah, Makkah Al Mukarramah"
"320,000 SAR",Apartment,3,2,659 sqm,"Mraykh, Jeddah, Makkah Al Mukarramah"
"320,000 SAR",Apartment,3,3,659 sqm,"Mraykh, Jeddah, Makkah Al Mukarramah"
"1,500,000 SAR",Full Floor,4,3,141 sqm,"Al Munisiyah, Riyadh, Ar Riyadh"
"1,650,000 SAR",Full Floor,5,5,183 sqm,"Al Munisiyah, Riyadh, Ar Riyadh"
"980,000 SAR",Apartment,5,4,204 sqm,"Al Faiha, Jeddah, Makkah Al Mukarramah"
"540,000 SAR",Apartment,4,3,131 sqm,"Al Marwah, Jeddah, Makkah Al Mukarramah"
"650,000 SAR",Apartment,5,3,164 sqm,"Ar Rihab, Jeddah, Makkah Al Mukarramah"
"670,000 SAR",Apartment,5,3,162 sqm,"An Nuzhah, Jeddah, Makkah Al Mukarramah"
"750,000 SAR",Apartment,4,4,167 sqm,"Al Marwah, Jeddah, Makkah Al Mukarramah"
"540,000 SAR",Apartment,4,3,131 sqm,"Al Marwah, Jeddah, Makkah Al Mukarramah"
"450,000 SAR",Apartment,3,2,102 sqm,"Al Marwah, Jeddah, Makkah Al Mukarramah"
"9,350,000 SAR",Whole Building,3,7+,550 sqm,"An Naim, Jeddah, Makkah Al Mukarramah"
"870,000 SAR",Apartment,5,3,170 sqm,"An Naim, Jeddah, Makkah Al Mukarramah"
"750,000 SAR",Apartment,4,3,120 sqm,"Ar Rawdah, Jeddah, Makkah Al Mukarramah"
"560,000 SAR",Apartment,5,4,147 sqm,"Ar Rabwah, Jeddah, Makkah Al Mukarramah"
"620,000 SAR",Apartment,5,3,145 sqm,"Al Wahah, Jeddah, Makkah Al Mukarramah"
"900,000 SAR",Apartment,4,3,158 sqm,"An Naim, Jeddah, Makkah Al Mukarramah"
"450,000 SAR",Apartment,3,2,102 sqm,"Al Marwah, Jeddah, Makkah Al Mukarramah"
"540,000 SAR",Apartment,4,3,131 sqm,"Al Marwah, Jeddah, Makkah Al Mukarramah"
"750,000 SAR",Apartment,4,4,167 sqm,"Al Marwah, Jeddah, Makkah Al Mukarramah"
"670,000 SAR",Apartment,5,3,162 sqm,"An Nuzhah, Jeddah, Makkah Al Mukarramah"
"520,000 SAR",Apartment,4,3,152 sqm,"Al Awaly, Makah Almukaramuh, Makkah Al Mukarramah"
"680,000 SAR",Apartment,5,3,161 sqm,"Al Marwah, Jeddah, Makkah Al Mukarramah"
"680,000 SAR",Apartment,5,3,161 sqm,"Al Marwah, Jeddah, Makkah Al Mukarramah"
"1,600,000 SAR",Whole Building,7+,7+,310 sqm,"Taibah, Jeddah, Makkah Al Mukarramah"
"1,250,000 SAR",Apartment,5,4,206 sqm,"As Salamah, Jeddah, Makkah Al Mukarramah"
"1,600,000 SAR",Apartment,5,4,230 sqm,"Az Zahra, Jeddah, Makkah Al Mukarramah"
"670,000 SAR",Apartment,5,3,162 sqm,"An Nuzhah, Jeddah, Makkah Al Mukarramah"
"670,000 SAR",Apartment,5,3,162 sqm,"An Nuzhah, Jeddah, Makkah Al Mukarramah"
"540,000 SAR",Apartment,4,3,131 sqm,"Al Marwah, Jeddah, Makkah Al Mukarramah"
"540,000 SAR",Apartment,4,3,131 sqm,"Al Marwah, Jeddah, Makkah Al Mukarramah"
"540,000 SAR",Apartment,4,3,131 sqm,"Al Marwah, Jeddah, Makkah Al Mukarramah"
"540,000 SAR",Apartment,4,3,131 sqm,"Al Marwah, Jeddah, Makkah Al Mukarramah"
"670,000 SAR",Apartment,5,3,162 sqm,"An Nuzhah, Jeddah, Makkah Al Mukarramah"
"540,000 SAR",Apartment,4,3,131 sqm,"Al Marwah, Jeddah, Makkah Al Mukarramah"
"730,000 SAR",Apartment,4,3,112 sqm,"Ar Rawdah, Jeddah, Makkah Al Mukarramah"
"750,000 SAR",Apartment,4,3,167 sqm,"Al Marwah, Jeddah, Makkah Al Mukarramah"
"450,000 SAR",Apartment,3,2,102 sqm,"Al Marwah, Jeddah, Makkah Al Mukarramah"
"450,000 SAR",Apartment,3,2,102 sqm,"Al Marwah, Jeddah, Makkah Al Mukarramah"
"450,000 SAR",Apartment,3,2,102 sqm,"Al Marwah, Jeddah, Makkah Al Mukarramah"
"450,000 SAR",Apartment,3,2,102 sqm,"Al Marwah, Jeddah, Makkah Al Mukarramah"
"1,250,000 SAR",Villa,5,4,188 sqm,"Al Qadisiyah, Riyadh, Ar Riyadh"
"1,200,000 SAR",Apartment,5,4,185 sqm,"Az Zahra, Jeddah, Makkah Al Mukarramah"
"990,000 SAR",Apartment,5,3,175 sqm,"As Salamah, Jeddah, Makkah Al Mukarramah"
"1,150,000 SAR",Apartment,5,4,211 sqm,"As Salamah, Jeddah, Makkah Al Mukarramah"
"1,700,000 SAR",Villa,4,5,225 sqm,"Ar Rimal, Riyadh, Ar Riyadh"
"950,000 SAR",Apartment,5,3,163 sqm,"As Salamah, Jeddah, Makkah Al Mukarramah"
"1,050,000 SAR",Apartment,5,3,179 sqm,"As Salamah, Jeddah, Makkah Al Mukarramah"
"450,000 SAR",Apartment,3,2,102 sqm,"Al Marwah, Jeddah, Makkah Al Mukarramah"
"1,200,000 SAR",Apartment,5,4,224 sqm,"An Nuzhah, Jeddah, Makkah Al Mukarramah"
"790,000 SAR",Apartment,5,4,170 sqm,"An Nuzhah, Jeddah, Makkah Al Mukarramah"
"7,500,000 SAR",Villa,7+,7+,"1,100 sqm","Al Muhammadiyah, Jeddah, Makkah Al Mukarramah"
"1,250,000 SAR",Full Floor,3,3,230 sqm,"Al Khalij, Riyadh, Ar Riyadh"
"1,650,000 SAR",Full Floor,5,4,195 sqm,"Qurtubah, Riyadh, Ar Riyadh"
"6,000,000 SAR",Apartment,4,4,441 sqm,"Ash Shati, Jeddah, Makkah Al Mukarramah"
"670,000 SAR",Apartment,5,3,162 sqm,"An Nuzhah, Jeddah, Makkah Al Mukarramah"
"25,000,000 SAR",Villa,5,7+,"3,000 sqm","Ar Rimal, Riyadh, Ar Riyadh"
"3,267,000 SAR",Villa,5,7+,400 sqm,"Al Sawari, Jeddah, Makkah Al Mukarramah"
"730,000 SAR",Apartment,5,4,185 sqm,"As Safa, Jeddah, Makkah Al Mukarramah"
"669,000 SAR",Apartment,3,3,525 sqm,"An Naim, Jeddah, Makkah Al Mukarramah"
"1,350,000 SAR",Villa,"Ar Rahmanyah, Jeddah, Makkah Al Mukarramah",7+,250 sqm,FEATURED
"1,500,000 SAR",Villa,"Al Hada, Jeddah, Makkah Al Mukarramah",7+,312 sqm,FEATURED
"1,400,000 SAR",Villa,"Al Qryniah, Jeddah, Makkah Al Mukarramah",7+,450 sqm,FEATURED
"5,500,000 SAR",Apartment,3,5,441 sqm,"Abhur Al Janubiyah, Jeddah, Makkah Al Mukarramah"
"1,550,000 SAR",Villa,"Al Qryniah, Jeddah, Makkah Al Mukarramah",7,450 sqm,FEATURED
"6,500,000 SAR",Apartment,4,5,430 sqm,"Ash Shati, Jeddah, Makkah Al Mukarramah"
"1,250,000 SAR",Apartment,3,4,149 sqm,"Ar Rawdah, Jeddah, Makkah Al Mukarramah"
"660,000 SAR",Apartment,5,4,158 sqm,"As Safa, Jeddah, Makkah Al Mukarramah"
"2,000,000 SAR",Villa,4,7+,312 sqm,"Al Yaqoot, Jeddah, Makkah Al Mukarramah"
"2,500,000 SAR",Villa,5,5,330 sqm,"Al Loaloa, Jeddah, Makkah Al Mukarramah"
"1,050,000 SAR",Apartment,6,5,238 sqm,"As Safa, Jeddah, Makkah Al Mukarramah"
"7,000,000 SAR",Villa,7+,6,561 sqm,"Jeddah, Makkah Al Mukarramah"
"1,000,000 SAR",Apartment,4,3,174 sqm,"Al Faisaliyah, Jeddah, Makkah Al Mukarramah"
"1,350,000 SAR",Villa,5,6,303 sqm,"Ar Rimal, Riyadh, Ar Riyadh"
"780,000 SAR",Apartment,4,3,124 sqm,"Ar Rawdah, Jeddah, Makkah Al Mukarramah"
"2,500,000 SAR",Villa,5,5,250 sqm,"King Faisal, Riyadh, Ar Riyadh"
"1,244,000 SAR",Apartment,3,3,82 sqm,"Al Munisiyah, Riyadh, Ar Riyadh"
"470,000 SAR",Apartment,4,3,128 sqm,"An Nakhil, Jeddah, Makkah Al Mukarramah"
"1,950,000 SAR",Full Floor,5,5,204 sqm,"Qurtubah, Riyadh, Ar Riyadh"
"1,950,000 SAR",Full Floor,5,5,187 sqm,"Qurtubah, Riyadh, Ar Riyadh"
"930,000 SAR",Apartment,5,4,680 sqm,"Az Zahra, Jeddah, Makkah Al Mukarramah"
"640,000 SAR",Apartment,4,3,600 sqm,"As Salamah, Jeddah, Makkah Al Mukarramah"
"640,000 SAR",Apartment,4,4,600 sqm,"Ar Rawdah, Jeddah, Makkah Al Mukarramah"
"650,000 SAR",Apartment,5,3,164 sqm,"Ar Rihab, Jeddah, Makkah Al Mukarramah"
"450,000 SAR",Apartment,3,2,102 sqm,"Al Marwah, Jeddah, Makkah Al Mukarramah"
"3,500,000 SAR",Whole Building,7+,7+,340 sqm,"Ash Sharafiyah, Jeddah, Makkah Al Mukarramah"
"1,200,000 SAR",Apartment,3,3,154 sqm,"Al Faiha, Jeddah, Makkah Al Mukarramah"
"680,000 SAR",Apartment,5,3,161 sqm,"Al Marwah, Jeddah, Makkah Al Mukarramah"
"2,000,000 SAR",Villa,7+,5,312 sqm,"Al Yaqoot, Jeddah, Makkah Al Mukarramah"
"1,200,000 SAR",Villa,"Ar Rahmanyah, Jeddah, Makkah Al Mukarramah",6,300 sqm,FEATURED
"1,800,000 SAR",Villa,"Az Zomorod, Jeddah, Makkah Al Mukarramah",7+,375 sqm,FEATURED
"1,100,000 SAR",Apartment,4,4,196 sqm,"Ar Rawdah, Jeddah, Makkah Al Mukarramah"
"1,850,000 SAR",Villa,"Ar Rahmanyah, Jeddah, Makkah Al Mukarramah",7+,474 sqm,FEATURED
"1,350,000 SAR",Villa,"Ar Rahmanyah, Jeddah, Makkah Al Mukarramah",7+,250 sqm,FEATURED
"2,200,000 SAR",Villa,"Abhur Ash Shamaliyah, Jeddah, Makkah Al Mukarramah",7+,312 sqm,FEATURED
"1,500,000 SAR",Villa,"Al Sawari, Jeddah, Makkah Al Mukarramah",7,381 sqm,FEATURED
"1,580,000 SAR",Villa,"As Salhiyah, Jeddah, Makkah Al Mukarramah",7,304 sqm,FEATURED
"1,200,000 SAR",Villa,"Ar Riyadh, Jeddah, Makkah Al Mukarramah",7+,312 sqm,FEATURED
"1,800,000 SAR",Apartment,3,3,152 sqm,"Al Malqa, Riyadh, Ar Riyadh"
"1,950,000 SAR",Villa,7+,7+,312 sqm,"Al Basatin, Jeddah, Makkah Al Mukarramah"
"250,000 SAR",Apartment,2,3,706 sqm,"Mraykh, Jeddah, Makkah Al Mukarramah"
"980,000 SAR",Apartment,4,4,201 sqm,"As Salamah, Jeddah, Makkah Al Mukarramah"
"580,000 SAR",Apartment,2,2,79 sqm,"Al Aziziyah, Makah Almukaramuh, Makkah Al Mukarramah"
"1,700,000 SAR",Apartment,3,3,147 sqm,"Al Yasmin, Riyadh, Ar Riyadh"
"750,000 SAR",Apartment,4,4,167 sqm,"Al Marwah, Jeddah, Makkah Al Mukarramah"
"650,000 SAR",Apartment,5,3,164 sqm,"Ar Rihab, Jeddah, Makkah Al Mukarramah"
"540,000 SAR",Apartment,4,3,131 sqm,"Al Marwah, Jeddah, Makkah Al Mukarramah"
"4,800,000 SAR",Villa,7+,6,746 sqm,"Abhur Al Janubiyah, Jeddah, Makkah Al Mukarramah"
"450,000 SAR",Apartment,3,2,102 sqm,"Al Marwah, Jeddah, Makkah Al Mukarramah"
"2,750,000 SAR",Villa,7+,5,300 sqm,"Ash Shati, Jeddah, Makkah Al Mukarramah"
"890,000 SAR",Apartment,5,4,197 sqm,"Al Faisaliyah, Jeddah, Makkah Al Mukarramah"
"1,978,000 SAR",Apartment,1,2,92 sqm,"Al Olaya, Riyadh, Ar Riyadh"
"4,800,000 SAR",Villa,4,6,300 sqm,"سدرة, Riyadh, Ar Riyadh"
"1,950,000 SAR",Apartment,3,4,140 sqm,"North Mathar, Riyadh, Ar Riyadh"
"1,900,000 SAR",Villa,3,4,200 sqm,"سدرة, Riyadh, Ar Riyadh"
"3,000,000 SAR",Villa,5,6,300 sqm,"King Khalid International Airport, Riyadh, Ar Riyadh"
"4,700,000 SAR",Villa,7+,7+,720 sqm,"Al Basatin, Jeddah, Makkah Al Mukarramah"
"620,000 SAR",Apartment,3,3,118 sqm,"Dhahrat Laban, Riyadh, Ar Riyadh"
"750,000 SAR",Apartment,7,4,166 sqm,"Al Kakiyah, Makah Almukaramuh, Makkah Al Mukarramah"
"480,000 SAR",Apartment,5,3,158 sqm,"Governmental1, Jeddah, Makkah Al Mukarramah"
"750,000 SAR",Apartment,5,3,179 sqm,"Al Manar, Jeddah, Makkah Al Mukarramah"
"1,350,000 SAR",Full Floor,4,4,196 sqm,"Al Khalij, Riyadh, Ar Riyadh"
"2,100,000 SAR",Villa,7+,7+,332 sqm,"Ar Rimal, Riyadh, Ar Riyadh"
"1,450,000 SAR",Whole Building,7+,7+,538 sqm,"Al Muruj, Al Qurayyat, Al Jawf"
"580,000 SAR",Full Floor,7,4,214 sqm,"Al Dhurfah, Khamis Mushayt, Asir"
"1,800,000 SAR",Villa,7+,7,226 sqm,"Al Saadah, Riyadh, Ar Riyadh"
"650,000 SAR",Full Floor,5,3,123 sqm,"Ar Rimal, Riyadh, Ar Riyadh"
"480,000 SAR",Apartment,5,3,167 sqm,"Governmental1, Jeddah, Makkah Al Mukarramah"
"560,000 SAR",Apartment,5,4,162 sqm,"As Safa, Jeddah, Makkah Al Mukarramah"
"740,000 SAR",Apartment,5,4,194 sqm,"As Safa, Jeddah, Makkah Al Mukarramah"
"375,000 SAR",Apartment,3,4,108 sqm,"Ar Rayaan, Jeddah, Makkah Al Mukarramah"
"375,000 SAR",Apartment,3,3,108 sqm,"Ar Rayaan, Jeddah, Makkah Al Mukarramah"
"520,000 SAR",Apartment,5,4,180 sqm,"Governmental1, Jeddah, Makkah Al Mukarramah"
"1,600,000 SAR",Full Floor,4,5,206 sqm,"Al Munisiyah, Riyadh, Ar Riyadh"
"800,000 SAR",Full Floor,5,3,155 sqm,"Al Janadriyah, Riyadh, Ar Riyadh"
"950,000 SAR",Full Floor,3,4,177 sqm,"Ar Rimal, Riyadh, Ar Riyadh"
"1,500,000 SAR",Villa,6,6,200 sqm,"Al Mahdiyah, Riyadh, Ar Riyadh"
"1,300,000 SAR",Villa,4,7+,312 sqm,"Al Dar Al Baida, Riyadh, Ar Riyadh"
"1,400,000 SAR",Apartment,3,3,126 sqm,"Al Qirawan, Riyadh, Ar Riyadh"
"1,200,000 SAR",Villa,4,7+,233 sqm,"Shubra, Riyadh, Ar Riyadh"
"1,250,000 SAR",Apartment,3,3,131 sqm,"Al Yasmin, Riyadh, Ar Riyadh"
"2,390,000 SAR",Villa,4,7+,"1,305 sqm","الرحاب, امارة منطقة مكة المكرمة - الطائف, Makkah Al Mukarramah"
"1,000,000 SAR",Villa,3,7,780 sqm,"الرميدة, امارة منطقة مكة المكرمة - الطائف, Makkah Al Mukarramah"
"3,800,000 SAR",Villa,7+,7+,450 sqm,"Al Mahdiyah, Riyadh, Ar Riyadh"
"650,000 SAR",Apartment,3,3,840 sqm,"Tuwaiq, Riyadh, Ar Riyadh"
"3,600,000 SAR",Villa,7+,7+,660 sqm,"An Naim, Jeddah, Makkah Al Mukarramah"
"2,700,000 SAR",Apartment,2,3,118 sqm,"Al Olaya, Riyadh, Ar Riyadh"
"3,000,000 SAR",Rest House,7,7+,863 sqm,"Taibah, Jeddah, Makkah Al Mukarramah"
"780,000 SAR",Apartment,4,3,123 sqm,"Al Maizialah, Riyadh, Ar Riyadh"
"2,200,000 SAR",Villa,7+,7+,276 sqm,"Al Maizialah, Riyadh, Ar Riyadh"
"1,400,000 SAR",Villa,7+,5,200 sqm,"West Al Uraija, Riyadh, Ar Riyadh"
"4,500,000 SAR",Villa,7+,6,900 sqm,"Al Buhirat, Jeddah, Makkah Al Mukarramah"
"750,000 SAR",Apartment,5,4,219 sqm,"Al Manar, Jeddah, Makkah Al Mukarramah"
"790,000 SAR",Apartment,4,3,411 sqm,"Ar Rawdah, Jeddah, Makkah Al Mukarramah"
"799,000 SAR",Apartment,4,3,411 sqm,"Ar Rawdah, Jeddah, Makkah Al Mukarramah"
"1,000,050 SAR",Villa,6,5,265 sqm,"Al Nadwah, Riyadh, Ar Riyadh"
"950,000 SAR",Apartment,5,4,178 sqm,"Al Janadriyah, Riyadh, Ar Riyadh"
"730,000 SAR",Full Floor,6,4,195 sqm,"Al Janadriyah, Riyadh, Ar Riyadh"
"1,900,000 SAR",Full Floor,5,4,188 sqm,"Al Malqa, Riyadh, Ar Riyadh"
"520,000 SAR",Apartment,5,4,167 sqm,"Governmental1, Jeddah, Makkah Al Mukarramah"
"520,000 SAR",Apartment,5,4,167 sqm,"Governmental1, Jeddah, Makkah Al Mukarramah"
"880,000 SAR",Apartment,6,5,217 sqm,"Al Bawadi, Jeddah, Makkah Al Mukarramah"
"695,000 SAR",Villa,6,4,181 sqm,"Uqaz, Riyadh, Ar Riyadh"
"700,000 SAR",Villa,6,4,181 sqm,"Uqaz, Riyadh, Ar Riyadh"
"590,000 SAR",Full Floor,5,2,150 sqm,"Uqaz, Riyadh, Ar Riyadh"
"1,550,000 SAR",Villa,7+,7+,274 sqm,"Ar Rimal, Riyadh, Ar Riyadh"
"1,550,000 SAR",Apartment,3,4,137 sqm,"Al Malqa, Riyadh, Ar Riyadh"
"850,000 SAR",Full Floor,5,3,181 sqm,"Nawara, Almuzahimih, Ar Riyadh"
"920,000 SAR",Apartment,5,5,256 sqm,"Nawara, Almuzahimih, Ar Riyadh"
"1,150,000 SAR",Full Floor,6,3,172 sqm,"Tuwaiq, Riyadh, Ar Riyadh"
"530,000 SAR",Apartment,3,2,72 sqm,"Al Nadwah, Riyadh, Ar Riyadh"
"1,300,000 SAR",Apartment,5,5,237 sqm,"As Safa, Jeddah, Makkah Al Mukarramah"
"1,500,000 SAR",Full Floor,5,3,189 sqm,"King Faisal, Riyadh, Ar Riyadh"
"950,000 SAR",Full Floor,6,3,183 sqm,"Tuwaiq, Riyadh, Ar Riyadh"
"680,000 SAR",Full Floor,4,3,143 sqm,"Al Nadwah, Riyadh, Ar Riyadh"
"590,000 SAR",Full Floor,6,4,224 sqm,"Al Sharaf, Khamis Mushayt, Asir"
"2,200,000 SAR",Villa,7+,7+,450 sqm,"Sultanah, Abha, Asir"
"750,000 SAR",Apartment,4,5,185 sqm,"Ar Rawabi, Al Khubar, Eastern"
"2,900,000 SAR",Whole Building,7+,7+,400 sqm,"As Safa, Jeddah, Makkah Al Mukarramah"
"560,000 SAR",Apartment,6,4,226 sqm,"Al Dhurfah, Khamis Mushayt, Asir"
"650,000 SAR",Apartment,6,4,275 sqm,"Ar Rawabi, Abha, Asir"
"600,000 SAR",Full Floor,7,4,202 sqm,"Al Maealaa, Ahad Rifaydah, Asir"
"580,000 SAR",Full Floor,7,4,229 sqm,"Al Dhurfah, Khamis Mushayt, Asir"
"520,000 SAR",Apartment,7,5,227 sqm,"Al Maealaa, Ahad Rifaydah, Asir"
"1,260,000 SAR",Villa,7,7+,375 sqm,"Al Dhurfah, Khamis Mushayt, Asir"
"500,000 SAR",Apartment,5,3,141 sqm,"Al Wahah, Jeddah, Makkah Al Mukarramah"
"4,000,000 SAR",Villa,7+,4,345 sqm,"Al Wadi, Riyadh, Ar Riyadh"
"1,060,000 SAR",Apartment,4,3,213 sqm,"Al Janadriyah, Riyadh, Ar Riyadh"
"550,000 SAR",Apartment,5,4,198 sqm,"Al Maealaa, Ahad Rifaydah, Asir"
"800,000 SAR",Villa,7,5,301 sqm,"السليمانية, امارة منطقة مكة المكرمة - الطائف, Makkah Al Mukarramah"
"1,250,000 SAR",Apartment,6,3,188 sqm,"Ar Rakah Al Janubiyah, Al Khubar, Eastern"
"750,000 SAR",Apartment,6,7,328 sqm,"Al Maealaa, Ahad Rifaydah, Asir"
"900,000 SAR",Full Floor,5,3,177 sqm,"Ar Rimal, Riyadh, Ar Riyadh"
"600,000 SAR",Full Floor,7,4,219 sqm,"Al Dhurfah, Khamis Mushayt, Asir"
"600,000 SAR",Full Floor,3,3,909 sqm,"Badr, Riyadh, Ar Riyadh"
"695,000 SAR",Apartment,5,3,159 sqm,"Ar Rayaan, Jeddah, Makkah Al Mukarramah"
"560,000 SAR",Apartment,5,3,162 sqm,"As Safa, Jeddah, Makkah Al Mukarramah"
"590,000 SAR",Full Floor,6,4,224 sqm,"Al Dhurfah, Khamis Mushayt, Asir"
"600,000 SAR",Full Floor,7,4,206 sqm,"Al Dhurfah, Khamis Mushayt, Asir"
"950,000 SAR",Apartment,5,5,237 sqm,"As Safa, Jeddah, Makkah Al Mukarramah"
"580,000 SAR",Full Floor,7,4,229 sqm,"Al Dhurfah, Khamis Mushayt, Asir"
"720,000 SAR",Villa,7,5,350 sqm,"السليمانية, امارة منطقة مكة المكرمة - الطائف, Makkah Al Mukarramah"
"580,000 SAR",Full Floor,7,4,229 sqm,"Al Dhurfah, Khamis Mushayt, Asir"
"560,000 SAR",Apartment,5,4,194 sqm,"As Safa, Jeddah, Makkah Al Mukarramah"
"900,000 SAR",Full Floor,3,3,155 sqm,"Ar Rimal, Riyadh, Ar Riyadh"
"550,000 SAR",Villa,5,5,229 sqm,"Al Ihtifalat, Ar Rass, Al Qassim"
"630,000 SAR",Full Floor,5,3,167 sqm,"Badr, Riyadh, Ar Riyadh"
"500,000 SAR",Apartment,4,3,158 sqm,"Al Buhayrat, Makah Almukaramuh, Makkah Al Mukarramah"
"5,300,000 SAR",Villa,7,7+,375 sqm,"Al Malqa, Riyadh, Ar Riyadh"
"760,000 SAR",Apartment,5,3,194 sqm,"Al Janadriyah, Riyadh, Ar Riyadh"
"1,000,000 SAR",Apartment,5,3,108 sqm,"King Faisal, Riyadh, Ar Riyadh"
"1,300,000 SAR",Full Floor,5,3,176 sqm,"King Faisal, Riyadh, Ar Riyadh"
"500,000 SAR",Apartment,5,3,199 sqm,"Al Badi, Abha, Asir"
"350,000 SAR",Full Floor,5,3,190 sqm,"An Nahdah, Ad Dilam, Ar Riyadh"
"900,000 SAR",Apartment,6,5,208 sqm,"Al Janadriyah, Riyadh, Ar Riyadh"
"900,000 SAR",Villa,7+,6,293 sqm,"الأصالة, الجموم - بحره, Makkah Al Mukarramah"
"790,000 SAR",Villa,6,4,260 sqm,"الأصالة, الجموم - بحره, Makkah Al Mukarramah"
"890,000 SAR",Full Floor,6,5,549 sqm,"Al Qafilah, Khamis Mushayt, Asir"
"700,000 SAR",Full Floor,4,2,176 sqm,"Al Misk, Abha, Asir"
"740,000 SAR",Full Floor,5,4,200 sqm,"Al Janadriyah, Riyadh, Ar Riyadh"
"439,000 SAR",Apartment,2,2,524 sqm,"Ar Rawdah, Jeddah, Makkah Al Mukarramah"
"499,000 SAR",Apartment,5,3,166 sqm,"Governmental1, Jeddah, Makkah Al Mukarramah"
"499,000 SAR",Apartment,5,3,157 sqm,"Governmental1, Jeddah, Makkah Al Mukarramah"
"3,200,000 SAR",Villa,7,7,390 sqm,"Abhur Ash Shamaliyah, Jeddah, Makkah Al Mukarramah"
"1,300,000 SAR",Villa,7+,5,307 sqm,"Al Falaq Al Jadid, Makah Almukaramuh, Makkah Al Mukarramah"
"920,000 SAR",Apartment,6,5,208 sqm,"Al Janadriyah, Riyadh, Ar Riyadh"
"1,090,000 SAR",Villa,5,4,235 sqm,"Al Janadriyah, Riyadh, Ar Riyadh"
"590,000 SAR",Apartment,4,3,118 sqm,"Al Manar, Jeddah, Makkah Al Mukarramah"
"1,400,000 SAR",Villa,5,4,200 sqm,"Al Loaloa, Jeddah, Makkah Al Mukarramah"
"1,230,000 SAR",Villa,7,6,385 sqm,"Dahiyat Al Malik Fahd, Ad Dammam, Eastern"
"785,000 SAR",Apartment,7+,4,242 sqm,"Badr, Riyadh, Ar Riyadh"
"775,000 SAR",Apartment,5,5,149 sqm,"Badr, Riyadh, Ar Riyadh"
"620,000 SAR",Apartment,7,4,218 sqm,"Ar Rawabi, Abha, Asir"
"600,000 SAR",Apartment,6,4,198 sqm,"Ash Shifa, Khamis Mushayt, Asir"
"700,000 SAR",Full Floor,6,4,450 sqm,"ضاحية الإسكان, امارة منطقة مكة المكرمة - الطائف, Makkah Al Mukarramah"
"520,000 SAR",Apartment,4,3,130 sqm,"Al Marwah, Jeddah, Makkah Al Mukarramah"
"1,300,000 SAR",Villa,7,7,371 sqm,"الحلقة الغربية, امارة منطقة مكة المكرمة - الطائف, Makkah Al Mukarramah"
"850,000 SAR",Villa,7+,5,301 sqm,"Ar Rehab 3, Jazan, Jazan"
"590,000 SAR",Apartment,4,3,146 sqm,"Al Marwah, Jeddah, Makkah Al Mukarramah"
"890,000 SAR",Full Floor,6,3,156 sqm,"Al Nadwah, Riyadh, Ar Riyadh"
"670,000 SAR",Full Floor,6,4,510 sqm,"الغريف, امارة منطقة جازان - الغريف, Jazan"
"685,000 SAR",Apartment,5,5,192 sqm,"Al Muhammadiyah, Makah Almukaramuh, Makkah Al Mukarramah"
"500,000 SAR",Apartment,6,4,198 sqm,"Al Suways 1, Jazan, Jazan"
"1,800,000 SAR",Villa,7+,7,270 sqm,"Al Nadwah, Riyadh, Ar Riyadh"
"1,545,000 SAR",Apartment,3,3,116 sqm,"Al Malqa, Riyadh, Ar Riyadh"
"790,000 SAR",Apartment,6,4,780 sqm,"An Nuzhah, Jeddah, Makkah Al Mukarramah"
"490,000 SAR",Apartment,4,4,625 sqm,"An Nuzhah, Jeddah, Makkah Al Mukarramah"
"490,000 SAR",Apartment,4,3,625 sqm,"An Nuzhah, Jeddah, Makkah Al Mukarramah"
"570,000 SAR",Apartment,4,3,158 sqm,"Mraykh, Jeddah, Makkah Al Mukarramah"
"1,300,000 SAR",Full Floor,4,4,189 sqm,"Ar Rimal, Riyadh, Ar Riyadh"
"580,000 SAR",Apartment,4,3,128 sqm,"As Safa, Jeddah, Makkah Al Mukarramah"
"350,000 SAR",Full Floor,5,3,190 sqm,"An Nahdah, Ad Dilam, Ar Riyadh"
"550,000 SAR",Apartment,3,2,68 sqm,"Tuwaiq, Riyadh, Ar Riyadh"
"650,000 SAR",Full Floor,6,3,124 sqm,"Al Nadwah, Riyadh, Ar Riyadh"
"780,000 SAR",Apartment,5,5,149 sqm,"Badr, Riyadh, Ar Riyadh"
"750,000 SAR",Full Floor,6,4,206 sqm,"Al Janadriyah, Riyadh, Ar Riyadh"
"770,000 SAR",Apartment,5,4,215 sqm,"Ayn Al Khif, Madinah, Al Madinah Al Munawwarah"
"500,000 SAR",Apartment,4,3,128 sqm,"Ash Shawqiyah, Makah Almukaramuh, Makkah Al Mukarramah"
"850,000 SAR",Apartment,6,3,202 sqm,"Al Mughamas, Makah Almukaramuh, Makkah Al Mukarramah"
"840,000 SAR",Full Floor,7,3,167 sqm,"Al Nadwah, Riyadh, Ar Riyadh"
"785,000 SAR",Apartment,7+,4,242 sqm,"Badr, Riyadh, Ar Riyadh"
"1,600,000 SAR",Villa,7+,6,494 sqm,"Al Hazm, Al Qatif, Eastern"
"850,000 SAR",Full Floor,6,3,190 sqm,"Al Janadriyah, Riyadh, Ar Riyadh"
"890,000 SAR",Apartment,7,4,252 sqm,"Ar Rabwah, Jeddah, Makkah Al Mukarramah"
"1,000,000 SAR",Full Floor,6,3,235 sqm,"Al Janadriyah, Riyadh, Ar Riyadh"
"600,000 SAR",Apartment,4,3,161 sqm,"King Fahd, Makah Almukaramuh, Makkah Al Mukarramah"
"650,000 SAR",Apartment,7+,6,293 sqm,"Al Maealaa, Ahad Rifaydah, Asir"
"500,000 SAR",Apartment,6,4,198 sqm,"Ar Rehab 1, Jazan, Jazan"
"790,000 SAR",Apartment,7+,4,242 sqm,"Badr, Riyadh, Ar Riyadh"
"470,000 SAR",Apartment,6,4,187 sqm,"Al Maealaa, Ahad Rifaydah, Asir"
"1,300,000 SAR",Villa,7+,5,593 sqm,"القراحين, امارة منطقة مكة المكرمة - الطائف, Makkah Al Mukarramah"
"1,400,000 SAR",Villa,7+,7+,290 sqm,"Taybah, Ad Dammam, Eastern"
"500,000 SAR",Apartment,4,2,112 sqm,"Mraykh, Jeddah, Makkah Al Mukarramah"
"500,000 SAR",Apartment,6,4,196 sqm,"Al Suways 1, Jazan, Jazan"
"500,000 SAR",Apartment,6,4,198 sqm,"Ar Rehab 1, Jazan, Jazan"
"1,200,000 SAR",Villa,7+,7,300 sqm,"Sultanah, Abha, Asir"
"690,000 SAR",Full Floor,5,3,176 sqm,"Uqaz, Riyadh, Ar Riyadh"
"850,000 SAR",Apartment,4,3,172 sqm,"Ar Rawdah, Jeddah, Makkah Al Mukarramah"
"780,000 SAR",Apartment,4,3,136 sqm,"Ar Rawdah, Jeddah, Makkah Al Mukarramah"
"580,000 SAR",Apartment,3,2,86 sqm,"Ar Rawdah, Jeddah, Makkah Al Mukarramah"
"3,500,000 SAR",Whole Building,7+,7+,780 sqm,"Abhur Al Janubiyah, Jeddah, Makkah Al Mukarramah"
"590,000 SAR",Apartment,4,3,138 sqm,"As Safa, Jeddah, Makkah Al Mukarramah"
"650,000 SAR",Apartment,4,2,94 sqm,"As Salamah, Jeddah, Makkah Al Mukarramah"
"2,500,000 SAR",Villa,7+,6,575 sqm,"As Samir, Jeddah, Makkah Al Mukarramah"
"1,900,000 SAR",Apartment,1,2,101 sqm,"Ash Shati, Jeddah, Makkah Al Mukarramah"
"900,000 SAR",Villa,7+,5,360 sqm,"King Salman bin Abdulaziz, Riyad Al Khabra, Al Qassim"
"660,000 SAR",Apartment,6,3,228 sqm,"الواسط, امارة منطقة مكة المكرمة - الطائف, Makkah Al Mukarramah"
"980,000 SAR",Apartment,6,5,220 sqm,"Al Bayan, Riyadh, Ar Riyadh"
"820,000 SAR",Apartment,6,3,178 sqm,"Al Bayan, Riyadh, Ar Riyadh"
"5,900,000 SAR",Villa,7,7+,720 sqm,"Al Muhammadiyah, Jeddah, Makkah Al Mukarramah"
"990,000 SAR",Full Floor,4,3,177 sqm,"Ar Rimal, Riyadh, Ar Riyadh"
"1,350,000 SAR",Full Floor,3,4,196 sqm,"Al Munisiyah, Riyadh, Ar Riyadh"
"1,150,000 SAR",Apartment,3,3,134 sqm,"Al Munisiyah, Riyadh, Ar Riyadh"
"2,900,000 SAR",Villa,6,6,338 sqm,"Ar Rimal, Riyadh, Ar Riyadh"
"550,000 SAR",Apartment,6,4,240 sqm,"Ar Rawabi, Abha, Asir"
"1,330,000 SAR",Apartment,3,2,116 sqm,"Al Yarmuk, Riyadh, Ar Riyadh"
"1,110,000 SAR",Apartment,3,2,107 sqm,"Al Yarmuk, Riyadh, Ar Riyadh"
"550,000 SAR",Full Floor,7+,4,221 sqm,"Al Sharaf, Khamis Mushayt, Asir"
"580,000 SAR",Apartment,6,4,203 sqm,"As Safa, Abha, Asir"
"950,000 SAR",Apartment,4,3,160 sqm,"Ar Rawdah, Jeddah, Makkah Al Mukarramah"
"550,000 SAR",Apartment,7,3,156 sqm,"Ash Shawqiyah, Makah Almukaramuh, Makkah Al Mukarramah"
"550,000 SAR",Apartment,6,4,247 sqm,"Ar Rawabi, Abha, Asir"
"1,200,000 SAR",Full Floor,5,5,232 sqm,"Al Janadriyah, Riyadh, Ar Riyadh"
"830,000 SAR",Apartment,4,4,230 sqm,"الكدى, امارة منطقة مكة المكرمة - الطائف, Makkah Al Mukarramah"
"950,000 SAR",Full Floor,6,4,195 sqm,"Al Janadriyah, Riyadh, Ar Riyadh"
"1,150,000 SAR",Apartment,7,5,192 sqm,"Al Janadriyah, Riyadh, Ar Riyadh"
"620,000 SAR",Apartment,6,4,277 sqm,"الكدى, امارة منطقة مكة المكرمة - الطائف, Makkah Al Mukarramah"
"550,000 SAR",Apartment,6,4,175 sqm,"Al Barid, Ahad Rifaydah, Asir"
"650,000 SAR",Apartment,4,3,117 sqm,"Al Janadriyah, Riyadh, Ar Riyadh"
"800,000 SAR",Full Floor,5,4,180 sqm,"Al Janadriyah, Riyadh, Ar Riyadh"
"550,000 SAR",Apartment,3,3,102 sqm,"Al Janadriyah, Riyadh, Ar Riyadh"
"720,000 SAR",Full Floor,4,3,180 sqm,"Dirab, Riyadh, Ar Riyadh"
"620,000 SAR",Apartment,6,4,277 sqm,"الكدى, امارة منطقة مكة المكرمة - الطائف, Makkah Al Mukarramah"
"950,000 SAR",Full Floor,7,3,170 sqm,"Al Janadriyah, Riyadh, Ar Riyadh"
"1,150,000 SAR",Full Floor,3,5,144 sqm,"Al Munisiyah, Riyadh, Ar Riyadh"
"1,150,000 SAR",Full Floor,3,4,144 sqm,"Al Munisiyah, Riyadh, Ar Riyadh"
"850,000 SAR",Apartment,3,3,60 sqm,"Al Munisiyah, Riyadh, Ar Riyadh"
"4,200,000 SAR",Villa,6,7,371 sqm,"Al Munisiyah, Riyadh, Ar Riyadh"
"1,450,000 SAR",Full Floor,4,3,141 sqm,"Al Munisiyah, Riyadh, Ar Riyadh"
"1,400,000 SAR",Full Floor,4,5,251 sqm,"Al Khalij, Riyadh, Ar Riyadh"
"1,600,000 SAR",Full Floor,4,4,206 sqm,"Al Munisiyah, Riyadh, Ar Riyadh"
"1,450,000 SAR",Full Floor,4,4,141 sqm,"Al Munisiyah, Riyadh, Ar Riyadh"
"470,000 SAR",Apartment,3,2,111 sqm,"الواسط, امارة منطقة مكة المكرمة - الطائف, Makkah Al Mukarramah"
"670,000 SAR",Apartment,7,4,263 sqm,"الواسط, امارة منطقة مكة المكرمة - الطائف, Makkah Al Mukarramah"
"950,000 SAR",Full Floor,6,3,181 sqm,"Al Janadriyah, Riyadh, Ar Riyadh"
"470,000 SAR",Apartment,3,2,115 sqm,"الواسط, امارة منطقة مكة المكرمة - الطائف, Makkah Al Mukarramah"
"700,000 SAR",Apartment,6,4,190 sqm,"Dahiyat Al Malik Fahd, Ad Dammam, Eastern"
"780,000 SAR",Apartment,4,3,124 sqm,"Ar Rawdah, Jeddah, Makkah Al Mukarramah"
"950,000 SAR",Full Floor,6,3,157 sqm,"Al Murjan, Riyadh, Ar Riyadh"
"650,000 SAR",Apartment,7,5,245 sqm,"Al Barid, Ahad Rifaydah, Asir"
"1,170,000 SAR",Villa,7,6,381 sqm,"Dahiyat Al Malik Fahd, Ad Dammam, Eastern"
"800,000 SAR",Villa,7+,6,353 sqm,"الرحبة, امارة منطقة مكة المكرمة - الطائف, Makkah Al Mukarramah"
"900,000 SAR",Full Floor,6,5,147 sqm,"Al Bayan, Riyadh, Ar Riyadh"
"750,000 SAR",Villa,7,5,359 sqm,"السليمانية, امارة منطقة مكة المكرمة - الطائف, Makkah Al Mukarramah"
"1,050,000 SAR",Villa,7+,7,394 sqm,"ريحه, امارة منطقة مكة المكرمة - الطائف, Makkah Al Mukarramah"
"1,400,000 SAR",Villa,7+,7,320 sqm,"Al Zarqa, Bariduh, Al Qassim"
"2,750,000 SAR",Villa,6,6,376 sqm,"Al Yarmuk, Riyadh, Ar Riyadh"
"1,700,000 SAR",Villa,5,6,225 sqm,"Ar Rimal, Riyadh, Ar Riyadh"
"800,000 SAR",Apartment,3,3,151 sqm,"An Nahdah, Riyadh, Ar Riyadh"
"800,000 SAR",Apartment,3,3,158 sqm,"Ar Rimal, Riyadh, Ar Riyadh"
"1,200,000 SAR",Full Floor,3,3,165 sqm,"Al Khalij, Riyadh, Ar Riyadh"
"1,250,000 SAR",Full Floor,4,4,274 sqm,"Al Janadriyah, Riyadh, Ar Riyadh"
"1,400,000 SAR",Apartment,3,3,209 sqm,"Al Munisiyah, Riyadh, Ar Riyadh"
"1,700,000 SAR",Full Floor,4,4,242 sqm,"Al Munisiyah, Riyadh, Ar Riyadh"
"600,000 SAR",Apartment,3,3,144 sqm,"Al Wahah, Ad Dammam, Eastern"
"800,000 SAR",Villa,7+,6,354 sqm,"الرحبة, امارة منطقة مكة المكرمة - الطائف, Makkah Al Mukarramah"
"1,050,000 SAR",Apartment,7+,4,267 sqm,"Al Janadriyah, Riyadh, Ar Riyadh"
"1,600,000 SAR",Villa,6,7+,200 sqm,"Al Loaloa, Jeddah, Makkah Al Mukarramah"
"1,000,000 SAR",Full Floor,4,4,171 sqm,"Al Janadriyah, Riyadh, Ar Riyadh"
"630,000 SAR",Apartment,4,1,116 sqm,"Al Janadriyah, Riyadh, Ar Riyadh"
"420,000 SAR",Apartment,5,3,172 sqm,"Al Buhayrah, Abha, Asir"
"1,000,000 SAR",Villa,7,5,346 sqm,"السناح, امارة منطقة مكة المكرمة - الطائف, Makkah Al Mukarramah"
"580,000 SAR",Full Floor,7+,4,221 sqm,"Al Sharaf, Khamis Mushayt, Asir"
"550,000 SAR",Full Floor,7+,4,221 sqm,"Al Sharaf, Khamis Mushayt, Asir"
"580,000 SAR",Full Floor,7,4,211 sqm,"Al Sharaf, Khamis Mushayt, Asir"
"1,000,000 SAR",Full Floor,6,3,235 sqm,"Al Janadriyah, Riyadh, Ar Riyadh"
"700,000 SAR",Full Floor,4,3,128 sqm,"Al Awaly, Riyadh, Ar Riyadh"
"480,000 SAR",Apartment,4,4,118 sqm,"Ar Rayaan, Jeddah, Makkah Al Mukarramah"
"1,200,000 SAR",Apartment,2,2,120 sqm,"Jareer, Riyadh, Ar Riyadh"
"1,150,000 SAR",Full Floor,4,4,315 sqm,"Al Janadriyah, Riyadh, Ar Riyadh"
"1,650,000 SAR",Full Floor,5,4,183 sqm,"Al Munisiyah, Riyadh, Ar Riyadh"
"3,300,000 SAR",Villa,6,6,383 sqm,"Qurtubah, Riyadh, Ar Riyadh"
"1,850,000 SAR",Full Floor,3,4,186 sqm,"Qurtubah, Riyadh, Ar Riyadh"
"1,450,000 SAR",Full Floor,3,3,156 sqm,"Qurtubah, Riyadh, Ar Riyadh"
"1,650,000 SAR",Full Floor,3,3,172 sqm,"Qurtubah, Riyadh, Ar Riyadh"
"670,000 SAR",Full Floor,3,3,152 sqm,"Al Murjan, Riyadh, Ar Riyadh"
"1,400,000 SAR",Full Floor,4,4,251 sqm,"Al Khalij, Riyadh, Ar Riyadh"
"1,150,000 SAR",Full Floor,4,4,230 sqm,"Al Khalij, Riyadh, Ar Riyadh"
"1,350,000 SAR",Full Floor,3,3,196 sqm,"Al Munisiyah, Riyadh, Ar Riyadh"
"1,150,000 SAR",Full Floor,3,3,144 sqm,"Al Munisiyah, Riyadh, Ar Riyadh"
"830,000 SAR",Full Floor,3,2,147 sqm,"Al Murjan, Riyadh, Ar Riyadh"
"1,350,000 SAR",Full Floor,4,3,165 sqm,"Al Munisiyah, Riyadh, Ar Riyadh"
"1,700,000 SAR",Full Floor,3,3,292 sqm,"Ar Rimal, Riyadh, Ar Riyadh"
"1,300,000 SAR",Full Floor,3,3,167 sqm,"Ar Rimal, Riyadh, Ar Riyadh"
"989,000 SAR",Apartment,3,3,131 sqm,"Al Munisiyah, Riyadh, Ar Riyadh"
"850,000 SAR",Apartment,3,3,60 sqm,"Al Munisiyah, Riyadh, Ar Riyadh"
"1,250,000 SAR",Full Floor,3,3,202 sqm,"Al Munisiyah, Riyadh, Ar Riyadh"
"2,900,000 SAR",Villa,5,6,409 sqm,"Al Yarmuk, Riyadh, Ar Riyadh"
"1,650,000 SAR",Villa,5,5,356 sqm,"Al Bayan, Riyadh, Ar Riyadh"
"971,000 SAR",Apartment,3,3,134 sqm,"Al Munisiyah, Riyadh, Ar Riyadh"
"1,200,000 SAR",Villa,5,6,270 sqm,"Al Nadwah, Riyadh, Ar Riyadh"
"1,650,000 SAR",Villa,5,5,356 sqm,"Al Bayan, Riyadh, Ar Riyadh"
"1,800,000 SAR",Villa,5,6,307 sqm,"Ar Rimal, Riyadh, Ar Riyadh"
"950,000 SAR",Apartment,3,3,132 sqm,"Al Munisiyah, Riyadh, Ar Riyadh"
"650,000 SAR",Apartment,4,3,136 sqm,"Ar Rihab, Jeddah, Makkah Al Mukarramah"
"750,000 SAR",Villa,7+,7,366 sqm,"Al Dhurfah, Khamis Mushayt, Asir"
"400,000 SAR",Apartment,4,3,139 sqm,"An Nur, Ad Dammam, Eastern"
"650,000 SAR",Full Floor,5,4,220 sqm,"Al Suways 1, Jazan, Jazan"
"1,600,000 SAR",Villa,7+,7+,304 sqm,"Ash Shulah, Ad Dammam, Eastern"
"1,600,000 SAR",Villa,7+,7+,304 sqm,"Ash Shulah, Ad Dammam, Eastern"
"735,000 SAR",Apartment,6,4,168 sqm,"An Nuzhah, Jeddah, Makkah Al Mukarramah"
"1,050,000 SAR",Full Floor,5,3,312 sqm,"Al Bashaer, Jeddah, Makkah Al Mukarramah"
"580,000 SAR",Full Floor,7,4,211 sqm,"Al Sharaf, Khamis Mushayt, Asir"
"930,000 SAR",Full Floor,5,4,287 sqm,"Al Khomrah, Jeddah, Makkah Al Mukarramah"
"650,000 SAR",Apartment,6,4,167 sqm,"As Safa, Jeddah, Makkah Al Mukarramah"
"900,000 SAR",Full Floor,6,4,220 sqm,"Tuwaiq, Riyadh, Ar Riyadh"
"750,000 SAR",Apartment,7,5,207 sqm,"Umm Hablain Al Gharbia, Jeddah, Makkah Al Mukarramah"
"500,000 SAR",Apartment,4,3,117 sqm,"Umm Al Jud, Makah Almukaramuh, Makkah Al Mukarramah"
"1,250,000 SAR",Villa,4,1,330 sqm,"Al Muhammadiyah 1, Jazan, Jazan"
"1,100,000 SAR",Villa,7+,7+,345 sqm,"العزيزية, Al Jubail, Eastern"
"409,999 SAR",Apartment,3,2,108 sqm,"شهار, امارة منطقة مكة المكرمة - الطائف, Makkah Al Mukarramah"
"950,000 SAR",Apartment,6,4,276 sqm,"الجفيجف, امارة منطقة مكة المكرمة - الطائف, Makkah Al Mukarramah"
"500,000 SAR",Apartment,4,2,128 sqm,"شهار, امارة منطقة مكة المكرمة - الطائف, Makkah Al Mukarramah"
"500,000 SAR",Apartment,4,2,128 sqm,"شهار, امارة منطقة مكة المكرمة - الطائف, Makkah Al Mukarramah"
"750,000 SAR",Apartment,4,3,122 sqm,"Az Zahra, Jeddah, Makkah Al Mukarramah"
"650,000 SAR",Apartment,5,4,148 sqm,"An Nuzhah, Jeddah, Makkah Al Mukarramah"
"500,000 SAR",Apartment,4,2,128 sqm,"شهار, امارة منطقة مكة المكرمة - الطائف, Makkah Al Mukarramah"
"2,150,000 SAR",Villa,6,5,375 sqm,"An Nahdah, Ad Dammam, Eastern"
"630,000 SAR",Apartment,6,3,200 sqm,"Al Wahah, Ad Dammam, Eastern"
"560,000 SAR",Apartment,7,5,178 sqm,"Al Badi, Abha, Asir"
"850,000 SAR",Full Floor,5,4,220 sqm,"Tuwaiq, Riyadh, Ar Riyadh"
"950,000 SAR",Full Floor,5,3,186 sqm,"Tuwaiq, Riyadh, Ar Riyadh"
"850,000 SAR",Full Floor,6,3,212 sqm,"Tuwaiq, Riyadh, Ar Riyadh"
"720,000 SAR",Apartment,5,3,144 sqm,"Ar Rihab, Jeddah, Makkah Al Mukarramah"
"850,000 SAR",Full Floor,6,4,189 sqm,"Tuwaiq, Riyadh, Ar Riyadh"
"570,000 SAR",Apartment,7,5,171 sqm,"Al Badi, Abha, Asir"
"780,000 SAR",Apartment,2,3,99 sqm,"Tuwaiq, Riyadh, Ar Riyadh"
"580,000 SAR",Apartment,6,4,217 sqm,"An Noor, Khamis Mushayt, Asir"
"950,000 SAR",Full Floor,6,4,220 sqm,"Tuwaiq, Riyadh, Ar Riyadh"
"510,000 SAR",Full Floor,3,5,181 sqm,"Ad Dahi Al Gharbi, Bariduh, Al Qassim"
"900,000 SAR",Full Floor,5,4,206 sqm,"Tuwaiq, Riyadh, Ar Riyadh"
"1,200,000 SAR",Villa,7+,7+,448 sqm,"Al Badi, Abha, Asir"
"510,000 SAR",Full Floor,4,5,181 sqm,"Ad Dahi Al Gharbi, Bariduh, Al Qassim"
"2,350,000 SAR",Villa,7+,7+,380 sqm,"Al Janadriyah, Riyadh, Ar Riyadh"
"575,000 SAR",Villa,4,5,163 sqm,"Ad Dahi Al Gharbi, Bariduh, Al Qassim"
"750,000 SAR",Full Floor,4,5,196 sqm,"Al Janadriyah, Riyadh, Ar Riyadh"
"950,000 SAR",Full Floor,6,3,212 sqm,"Tuwaiq, Riyadh, Ar Riyadh"
"575,000 SAR",Villa,4,5,162 sqm,"Ad Dahi Al Gharbi, Bariduh, Al Qassim"
"575,000 SAR",Villa,4,5,163 sqm,"Ad Dahi Al Gharbi, Bariduh, Al Qassim"
"510,000 SAR",Full Floor,4,5,181 sqm,"Ad Dahi Al Gharbi, Bariduh, Al Qassim"
"950,000 SAR",Full Floor,6,3,212 sqm,"Tuwaiq, Riyadh, Ar Riyadh"
"950,000 SAR",Full Floor,5,3,186 sqm,"Tuwaiq, Riyadh, Ar Riyadh"
"850,000 SAR",Full Floor,6,3,212 sqm,"Tuwaiq, Riyadh, Ar Riyadh"
"575,000 SAR",Villa,4,5,166 sqm,"Ad Dahi Al Gharbi, Bariduh, Al Qassim"
"2,300,000 SAR",Villa,5,7,276 sqm,"Al Maizialah, Riyadh, Ar Riyadh"
"1,800,000 SAR",Villa,4,4,875 sqm,"Al Yarmuk, Riyadh, Ar Riyadh"
"1,650,000 SAR",Full Floor,4,4,190 sqm,"Qurtubah, Riyadh, Ar Riyadh"
"1,300,000 SAR",Full Floor,4,3,138 sqm,"Al Munisiyah, Riyadh, Ar Riyadh"
"1,100,000 SAR",Full Floor,4,5,186 sqm,"Ar Rimal, Riyadh, Ar Riyadh"
"1,000,000 SAR",Full Floor,3,4,165 sqm,"Al Janadriyah, Riyadh, Ar Riyadh"
"1,250,000 SAR",Full Floor,4,5,260 sqm,"Al Janadriyah, Riyadh, Ar Riyadh"
"900,000 SAR",Full Floor,3,3,197 sqm,"Ar Rimal, Riyadh, Ar Riyadh"
"900,000 SAR",Apartment,5,5,257 sqm,"Ash Shawqiyah, Makah Almukaramuh, Makkah Al Mukarramah"
"3,500,000 SAR",Villa,5,7,383 sqm,"Qurtubah, Riyadh, Ar Riyadh"
"690,000 SAR",Full Floor,3,3,176 sqm,"Uqaz, Riyadh, Ar Riyadh"
"840,000 SAR",Apartment,2,3,146 sqm,"Al Janadriyah, Riyadh, Ar Riyadh"
"570,000 SAR",Villa,4,5,167 sqm,"Ad Dahi Al Gharbi, Bariduh, Al Qassim"
"510,000 SAR",Full Floor,4,5,175 sqm,"Khadira Al Janubiyah, Bariduh, Al Qassim"
"550,000 SAR",Apartment,5,3,198 sqm,"Ar Rehab 3, Jazan, Jazan"
"1,400,000 SAR",Full Floor,7,5,800 sqm,"وادي جليل, امارة منطقة مكة المكرمة - الطائف, Makkah Al Mukarramah"
"1,465,000 SAR",Villa,7,5,317 sqm,"الحلقة الشرقية, امارة منطقة مكة المكرمة - الطائف, Makkah Al Mukarramah"
"930,000 SAR",Full Floor,7,4,332 sqm,"Al Maealaa, Ahad Rifaydah, Asir"
"575,000 SAR",Villa,3,5,165 sqm,"Ad Dahi Al Gharbi, Bariduh, Al Qassim"
"850,000 SAR",Full Floor,5,5,215 sqm,"Al Janadriyah, Riyadh, Ar Riyadh"
"1,080,000 SAR",Apartment,7,4,288 sqm,"Al Janadriyah, Riyadh, Ar Riyadh"
"950,000 SAR",Full Floor,6,3,212 sqm,"Tuwaiq, Riyadh, Ar Riyadh"
"1,650,000 SAR",Villa,5,7,520 sqm,"Al Lulu, Al Khubar, Eastern"
"1,200,000 SAR",Villa,6,6,284 sqm,"Al Janadriyah, Riyadh, Ar Riyadh"
"1,050,000 SAR",Apartment,4,4,253 sqm,"Al Janadriyah, Riyadh, Ar Riyadh"
"1,350,000 SAR",Full Floor,6,5,197 sqm,"Al Qadisiyah, Riyadh, Ar Riyadh"
"900,000 SAR",Full Floor,5,3,255 sqm,"Al Qadisiyah, Riyadh, Ar Riyadh"
"660,000 SAR",Apartment,5,3,168 sqm,"As Safa, Jeddah, Makkah Al Mukarramah"
"840,000 SAR",Apartment,6,4,188 sqm,"Al Janadriyah, Riyadh, Ar Riyadh"
"810,000 SAR",Villa,7+,6,319 sqm,"Ar Rimal, Bariduh, Al Qassim"
"1,200,000 SAR",Villa,6,6,269 sqm,"Al Janadriyah, Riyadh, Ar Riyadh"
"950,000 SAR",Full Floor,6,3,212 sqm,"Tuwaiq, Riyadh, Ar Riyadh"
"840,000 SAR",Apartment,6,4,188 sqm,"Al Janadriyah, Riyadh, Ar Riyadh"
"770,000 SAR",Apartment,7+,5,370 sqm,"Al Maealaa, Ahad Rifaydah, Asir"
"1,270,000 SAR",Villa,7+,7+,385 sqm,"Al Maealaa, Ahad Rifaydah, Asir"
"900,000 SAR",Apartment,3,2,116 sqm,"Tuwaiq, Riyadh, Ar Riyadh"
"1,130,000 SAR",Villa,6,6,265 sqm,"Al Nadwah, Riyadh, Ar Riyadh"
"900,000 SAR",Full Floor,6,4,220 sqm,"Tuwaiq, Riyadh, Ar Riyadh"
"1,270,000 SAR",Villa,6,5,387 sqm,"Al Falah, Jeddah, Makkah Al Mukarramah"
"950,000 SAR",Full Floor,6,3,212 sqm,"Tuwaiq, Riyadh, Ar Riyadh"
"900,000 SAR",Full Floor,6,4,220 sqm,"Tuwaiq, Riyadh, Ar Riyadh"
"1,100,000 SAR",Full Floor,3,6,201 sqm,"Al Maizialah, Riyadh, Ar Riyadh"
"1,100,000 SAR",Full Floor,3,6,201 sqm,"Al Maizialah, Riyadh, Ar Riyadh"
"1,400,000 SAR",Full Floor,4,6,287 sqm,"Al Maizialah, Riyadh, Ar Riyadh"
"1,400,000 SAR",Full Floor,3,6,287 sqm,"Al Maizialah, Riyadh, Ar Riyadh"
"1,200,000 SAR",Full Floor,2,4,492 sqm,"Ar Rimal, Riyadh, Ar Riyadh"
"1,850,000 SAR",Full Floor,3,3,186 sqm,"Qurtubah, Riyadh, Ar Riyadh"
"1,450,000 SAR",Full Floor,3,2,156 sqm,"Qurtubah, Riyadh, Ar Riyadh"
"750,000 SAR",Apartment,6,4,211 sqm,"Badr, Riyadh, Ar Riyadh"
"1,050,000 SAR",Villa,7+,7+,300 sqm,"North Al Tadamun, Khamis Mushayt, Asir"
"420,000 SAR",Apartment,4,3,123 sqm,"Al Bawadi, Tabuk, Tabuk"
"930,000 SAR",Full Floor,6,5,233 sqm,"Al Janadriyah, Riyadh, Ar Riyadh"
"740,000 SAR",Apartment,7,4,211 sqm,"Badr, Riyadh, Ar Riyadh"
"2,500,000 SAR",Villa,4,6,221 sqm,"Al Munisiyah, Riyadh, Ar Riyadh"
"1,650,000 SAR",Full Floor,4,5,203 sqm,"Al Munisiyah, Riyadh, Ar Riyadh"
"960,000 SAR",Villa,6,5,262 sqm,"Uqaz, Riyadh, Ar Riyadh"
"770,000 SAR",Apartment,6,5,221 sqm,"Badr, Ad Dammam, Eastern"
"880,000 SAR",Full Floor,6,4,153 sqm,"Al Nadwah, Riyadh, Ar Riyadh"
"950,000 SAR",Full Floor,7,5,257 sqm,"Al Janadriyah, Riyadh, Ar Riyadh"
"1,000,000 SAR",Full Floor,5,4,182 sqm,"Tuwaiq, Riyadh, Ar Riyadh"
"900,000 SAR",Full Floor,5,4,166 sqm,"Tuwaiq, Riyadh, Ar Riyadh"
"650,000 SAR",Apartment,5,3,214 sqm,"Taybah, Ad Dammam, Eastern"
"840,000 SAR",Apartment,6,4,188 sqm,"Al Janadriyah, Riyadh, Ar Riyadh"
"800,000 SAR",Apartment,6,4,251 sqm,"King Fahd, Makah Almukaramuh, Makkah Al Mukarramah"
"1,100,000 SAR",Full Floor,6,3,225 sqm,"Tuwaiq, Riyadh, Ar Riyadh"
"3,300,000 SAR",Villa,7+,7+,383 sqm,"Qurtubah, Riyadh, Ar Riyadh"
"1,650,000 SAR",Full Floor,3,4,172 sqm,"Qurtubah, Riyadh, Ar Riyadh"
"900,000 SAR",Villa,7+,7,200 sqm,"Al Qryniah, Jeddah, Makkah Al Mukarramah"
"1,800,000 SAR",Whole Building,7+,7+,500 sqm,"An Nawwariyah, Makah Almukaramuh, Makkah Al Mukarramah"
"3,000,000 SAR",Villa,7+,7,750 sqm,"Al Manar, Jeddah, Makkah Al Mukarramah"
"4,000,000 SAR",Villa,7+,7+,625 sqm,"Al Yarmuk, Riyadh, Ar Riyadh"
"800,000 SAR",Full Floor,5,3,166 sqm,"Tuwaiq, Riyadh, Ar Riyadh"
"770,000 SAR",Apartment,6,5,249 sqm,"Ohod, Ad Dammam, Eastern"
"680,000 SAR",Apartment,4,2,107 sqm,"Ar Rawdah, Jeddah, Makkah Al Mukarramah"
"580,000 SAR",Apartment,5,3,126 sqm,"Al Nadwah, Riyadh, Ar Riyadh"
"800,000 SAR",Villa,7+,6,370 sqm,"الواسط, امارة منطقة مكة المكرمة - الطائف, Makkah Al Mukarramah"
"650,000 SAR",Full Floor,5,3,173 sqm,"Dahiyat Namar, Riyadh, Ar Riyadh"
"1,100,000 SAR",Apartment,4,5,206 sqm,"Az Zahra, Jeddah, Makkah Al Mukarramah"
"1,200,000 SAR",Apartment,4,3,180 sqm,"Al Munisiyah, Riyadh, Ar Riyadh"
"2,200,000 SAR",Villa,5,5,276 sqm,"Al Maizialah, Riyadh, Ar Riyadh"
"1,000,000 SAR",Full Floor,4,5,271 sqm,"Al Janadriyah, Riyadh, Ar Riyadh"
"900,000 SAR",Apartment,4,3,137 sqm,"Ar Rimal, Riyadh, Ar Riyadh"
"1,300,000 SAR",Full Floor,4,5,307 sqm,"Al Janadriyah, Riyadh, Ar Riyadh"
"1,550,000 SAR",Full Floor,4,4,206 sqm,"Al Munisiyah, Riyadh, Ar Riyadh"
"1,650,000 SAR",Villa,5,6,200 sqm,"Al Loaloa, Jeddah, Makkah Al Mukarramah"
"1,550,000 SAR",Apartment,4,2,230 sqm,"Ar Rawdah, Jeddah, Makkah Al Mukarramah"
"475,000 SAR",Apartment,4,3,649 sqm,"As Sulimaniyah, Jeddah, Makkah Al Mukarramah"
"599,000 SAR",Apartment,4,3,875 sqm,"As Salamah, Jeddah, Makkah Al Mukarramah"
"450,000 SAR",Apartment,4,3,750 sqm,"As Safa, Jeddah, Makkah Al Mukarramah"
"1,750,000 SAR",Villa,7,7+,312 sqm,"Al Yaqoot, Jeddah, Makkah Al Mukarramah"
"740,000 SAR",Apartment,4,3,133 sqm,"Ar Rawdah, Jeddah, Makkah Al Mukarramah"
"650,000 SAR",Full Floor,6,3,146 sqm,"Al Nadwah, Riyadh, Ar Riyadh"
"540,000 SAR",Apartment,5,3,159 sqm,"An Nadheem, Riyadh, Ar Riyadh"
"1,170,000 SAR",Apartment,6,5,315 sqm,"Al Janadriyah, Riyadh, Ar Riyadh"
"850,000 SAR",Full Floor,6,3,180 sqm,"Al Janadriyah, Riyadh, Ar Riyadh"
"560,000 SAR",Full Floor,6,4,212 sqm,"Al Ghadir, Abha, Asir"
"560,000 SAR",Full Floor,6,4,213 sqm,"Al Ghadir, Abha, Asir"
"950,000 SAR",Apartment,5,5,192 sqm,"Al Janadriyah, Riyadh, Ar Riyadh"
"750,000 SAR",Full Floor,5,3,179 sqm,"Shuran, Madinah, Al Madinah Al Munawwarah"
"1,600,000 SAR",Villa,7+,7,480 sqm,"Al Amwaj, Al Khubar, Eastern"
"560,000 SAR",Full Floor,6,4,212 sqm,"Al Ghadir, Abha, Asir"
"950,000 SAR",Apartment,5,5,192 sqm,"Al Janadriyah, Riyadh, Ar Riyadh"
"1,450,000 SAR",Full Floor,5,4,220 sqm,"Az Zahra, Jeddah, Makkah Al Mukarramah"
"1,000,000 SAR",Apartment,5,4,186 sqm,"Az Zahra, Jeddah, Makkah Al Mukarramah"
"1,070,000 SAR",Apartment,6,4,253 sqm,"Al Janadriyah, Riyadh, Ar Riyadh"
"1,300,000 SAR",Villa,7+,7,300 sqm,"Al Urubah, Ad Dammam, Eastern"
"1,110,000 SAR",Apartment,6,4,253 sqm,"Al Janadriyah, Riyadh, Ar Riyadh"
"1,300,000 SAR",Villa,7+,7,300 sqm,"Al Urubah, Ad Dammam, Eastern"
"595,000 SAR",Apartment,3,3,115 sqm,"Al Marwah, Jeddah, Makkah Al Mukarramah"
"580,000 SAR",Full Floor,6,4,203 sqm,"Al Ghadir, Abha, Asir"
"850,000 SAR",Villa,6,4,367 sqm,"السناح, امارة منطقة مكة المكرمة - الطائف, Makkah Al Mukarramah"
"760,000 SAR",Apartment,5,3,186 sqm,"Al Janadriyah, Riyadh, Ar Riyadh"
"1,200,000 SAR",Full Floor,5,4,156 sqm,"Al Bayan, Riyadh, Ar Riyadh"
"1,000,000 SAR",Full Floor,5,4,163 sqm,"Al Bayan, Riyadh, Ar Riyadh"
"560,000 SAR",Full Floor,6,4,210 sqm,"Al Ghadir, Abha, Asir"
"870,000 SAR",Full Floor,5,3,145 sqm,"Al Saadah, Riyadh, Ar Riyadh"
"730,000 SAR",Apartment,5,3,130 sqm,"An Naim, Jeddah, Makkah Al Mukarramah"
"1,550,000 SAR",Full Floor,3,3,175 sqm,"Al Munisiyah, Riyadh, Ar Riyadh"
"850,000 SAR",Apartment,4,4,77 sqm,"Al Bayan, Riyadh, Ar Riyadh"
"850,000 SAR",Apartment,4,4,76 sqm,"Al Bayan, Riyadh, Ar Riyadh"
"650,000 SAR",Apartment,4,3,123 sqm,"As Salamah, Jeddah, Makkah Al Mukarramah"
"1,200,000 SAR",Villa,7,4,332 sqm,"Ar Rahmanyah, Jeddah, Makkah Al Mukarramah"
"1,050,000 SAR",Villa,7+,6,389 sqm,"الرحاب, امارة منطقة مكة المكرمة - الطائف, Makkah Al Mukarramah"
"665,000 SAR",Apartment,7+,5,228 sqm,"Al Muruj, Abha, Asir"
"1,400,000 SAR",Villa,7+,7,367 sqm,"Al Ghadir, Abha, Asir"
"650,000 SAR",Apartment,3,3,481 sqm,"Al Murjan, Riyadh, Ar Riyadh"
"1,350,000 SAR",Full Floor,4,3,196 sqm,"Al Munisiyah, Riyadh, Ar Riyadh"
"1,600,000 SAR",Full Floor,4,4,206 sqm,"Al Munisiyah, Riyadh, Ar Riyadh"
"1,250,000 SAR",Full Floor,3,3,202 sqm,"Al Munisiyah, Riyadh, Ar Riyadh"
"1,050,000 SAR",Apartment,3,2,93 sqm,"Al Munisiyah, Riyadh, Ar Riyadh"
"1,350,000 SAR",Villa,4,4,200 sqm,"Al Janadriyah, Riyadh, Ar Riyadh"
"680,000 SAR",Apartment,6,4,234 sqm,"Al Muruj, Abha, Asir"
"850,000 SAR",Villa,7+,6,273 sqm,"Ash Sheraa, Al Khubar, Eastern"
"4,980,000 SAR",Villa,7+,7+,750 sqm,"Az Zomorod, Jeddah, Makkah Al Mukarramah"
"750,000 SAR",Apartment,4,3,120 sqm,"Ar Rawdah, Jeddah, Makkah Al Mukarramah"
"950,000 SAR",Full Floor,5,4,226 sqm,"Al Janadriyah, Riyadh, Ar Riyadh"
"850,000 SAR",Full Floor,5,4,210 sqm,"Al Janadriyah, Riyadh, Ar Riyadh"
"560,000 SAR",Apartment,4,3,164 sqm,"الروضة, ابو عريش - ابو عريش, Jazan"
"2,700,000 SAR",Villa,7,7,291 sqm,"Al Murjan, Jeddah, Makkah Al Mukarramah"
"950,000 SAR",Apartment,4,3,157 sqm,"Ar Rawdah, Jeddah, Makkah Al Mukarramah"
"459,000 SAR",Apartment,4,3,126 sqm,"Ar Rayaan, Jeddah, Makkah Al Mukarramah"
"450,000 SAR",Apartment,3,2,78 sqm,"Al Marwah, Jeddah, Makkah Al Mukarramah"
"580,000 SAR",Full Floor,6,4,201 sqm,"Al Ghadir, Abha, Asir"
"730,000 SAR",Apartment,5,3,130 sqm,"An Naim, Jeddah, Makkah Al Mukarramah"
"1,400,000 SAR",Full Floor,3,7,292 sqm,"Al Janadriyah, Riyadh, Ar Riyadh"
"1,200,000 SAR",Full Floor,3,5,213 sqm,"Al Janadriyah, Riyadh, Ar Riyadh"
"2,750,000 SAR",Villa,6,6,376 sqm,"Al Yarmuk, Riyadh, Ar Riyadh"
"800,000 SAR",Full Floor,4,3,208 sqm,"Al Janadriyah, Riyadh, Ar Riyadh"
"2,600,000 SAR",Villa,5,7,411 sqm,"Al Yarmuk, Riyadh, Ar Riyadh"
"2,600,000 SAR",Villa,5,7,428 sqm,"Al Yarmuk, Riyadh, Ar Riyadh"
"730,000 SAR",Apartment,4,3,112 sqm,"Ar Rawdah, Jeddah, Makkah Al Mukarramah"
"4,000,000 SAR",Villa,7+,5,500 sqm,"Ishbiliyah, Riyadh, Ar Riyadh"
"4,000,000 SAR",Villa,3,3,375 sqm,"An Narjis, Riyadh, Ar Riyadh"
"560,000 SAR",Full Floor,6,4,203 sqm,"Al Ghadir, Abha, Asir"
"560,000 SAR",Full Floor,5,4,210 sqm,"Al Ghadir, Abha, Asir"
"980,000 SAR",Villa,7,5,341 sqm,"Al Muruj, Samith, Jazan"
"340,000 SAR",Apartment,3,2,98 sqm,"An Nur, Ad Dammam, Eastern"
"560,000 SAR",Full Floor,6,4,213 sqm,"Al Ghadir, Abha, Asir"
"700,000 SAR",Villa,7+,7+,387 sqm,"Al Masif, Khamis Mushayt, Asir"
"1,000,000 SAR",Villa,4,5,208 sqm,"Al Qryniah, Jeddah, Makkah Al Mukarramah"
"585,000 SAR",Apartment,5,4,160 sqm,"As Safa, Jeddah, Makkah Al Mukarramah"
"519,000 SAR",Apartment,4,3,130 sqm,"An Nuzhah, Jeddah, Makkah Al Mukarramah"
"530,000 SAR",Apartment,4,3,127 sqm,"Governmental1, Jeddah, Makkah Al Mukarramah"
"850,000 SAR",Apartment,5,5,179 sqm,"Ar Rimal, Riyadh, Ar Riyadh"
"6,000,000 SAR",Villa,5,7,450 sqm,"An Narjis, Riyadh, Ar Riyadh"
"1,080,000 SAR",Villa,7+,6,441 sqm,"Al Muhammadiyah 1, Jazan, Jazan"
"1,350,000 SAR",Villa,7+,7+,485 sqm,"Ash Shamiya Al Jadid, Makah Almukaramuh, Makkah Al Mukarramah"
"650,000 SAR",Apartment,5,5,149 sqm,"Badr, Riyadh, Ar Riyadh"
"900,000 SAR",Full Floor,6,4,251 sqm,"الأصالة, الجموم - بحره, Makkah Al Mukarramah"
"1,300,000 SAR",Villa,7,6,318 sqm,"As Sawari, Al Khubar, Eastern"
"1,080,000 SAR",Villa,7+,6,441 sqm,"Al Muhammadiyah 1, Jazan, Jazan"
"1,200,000 SAR",Villa,6,5,247 sqm,"Al Nadwah, Riyadh, Ar Riyadh"
"2,200,000 SAR",Villa,7+,7+,646 sqm,"Al Barid, Ahad Rifaydah, Asir"
"450,000 SAR",Apartment,4,3,165 sqm,"Aleasiluh, Jazan"
"650,000 SAR",Full Floor,4,3,141 sqm,"Al Nadwah, Riyadh, Ar Riyadh"
"550,000 SAR",Apartment,6,4,194 sqm,"Al Maealaa, Ahad Rifaydah, Asir"
"1,200,000 SAR",Villa,7,7,250 sqm,"Al Janadriyah, Riyadh, Ar Riyadh"
"850,000 SAR",Full Floor,5,3,169 sqm,"Al Nadwah, Riyadh, Ar Riyadh"
"1,350,000 SAR",Villa,7+,7,234 sqm,"Al Janadriyah, Riyadh, Ar Riyadh"
"850,000 SAR",Full Floor,5,3,169 sqm,"Al Nadwah, Riyadh, Ar Riyadh"
"650,000 SAR",Full Floor,5,3,142 sqm,"Al Nadwah, Riyadh, Ar Riyadh"
"870,000 SAR",Full Floor,6,4,183 sqm,"Al Janadriyah, Riyadh, Ar Riyadh"
"650,000 SAR",Full Floor,5,3,142 sqm,"Al Nadwah, Riyadh, Ar Riyadh"
"530,000 SAR",Apartment,3,3,65 sqm,"Al Nadwah, Riyadh, Ar Riyadh"
"1,150,000 SAR",Apartment,7+,6,257 sqm,"Al Janadriyah, Riyadh, Ar Riyadh"
"8,900,000 SAR",Whole Building,7+,7+,"1,100 sqm","As Salamah, Jeddah, Makkah Al Mukarramah"
"750,000 SAR",Villa,7+,6,322 sqm,"Al Wafa, Khamis Mushayt, Asir"
"650,000 SAR",Apartment,6,3,211 sqm,"Ash Shamiya Al Jadid, Makah Almukaramuh, Makkah Al Mukarramah"
"850,000 SAR",Full Floor,5,3,169 sqm,"Al Nadwah, Riyadh, Ar Riyadh"
"1,000,000 SAR",Villa,7,4,308 sqm,"النزهة, ابو عريش - ابو عريش, Jazan"
"650,000 SAR",Apartment,4,3,123 sqm,"As Salamah, Jeddah, Makkah Al Mukarramah"
"750,000 SAR",Apartment,4,3,114 sqm,"Ar Rawdah, Jeddah, Makkah Al Mukarramah"
"900,000 SAR",Villa,7+,5,307 sqm,"Aleasiluh, Jazan"
"780,000 SAR",Apartment,4,3,132 sqm,"Ar Rawdah, Jeddah, Makkah Al Mukarramah"
"760,000 SAR",Apartment,5,5,217 sqm,"Shuran, Madinah, Al Madinah Al Munawwarah"
"610,000 SAR",Apartment,6,4,184 sqm,"Al Jamiyin, Ad Dammam, Eastern"
"610,000 SAR",Apartment,6,4,178 sqm,"Al Wahah, Ad Dammam, Eastern"
"450,000 SAR",Apartment,3,2,102 sqm,"Al Marwah, Jeddah, Makkah Al Mukarramah"
"680,000 SAR",Apartment,5,3,161 sqm,"Al Marwah, Jeddah, Makkah Al Mukarramah"
"540,000 SAR",Apartment,4,3,131 sqm,"Al Marwah, Jeddah, Makkah Al Mukarramah"
"680,000 SAR",Apartment,5,3,161 sqm,"Al Marwah, Jeddah, Makkah Al Mukarramah"
"650,000 SAR",Apartment,5,3,164 sqm,"Ar Rihab, Jeddah, Makkah Al Mukarramah"
"730,000 SAR",Apartment,4,3,112 sqm,"Ar Rawdah, Jeddah, Makkah Al Mukarramah"
"1,300,000 SAR",Villa,5,4,286 sqm,"Ar Rimal, Riyadh, Ar Riyadh"
"730,000 SAR",Apartment,4,3,112 sqm,"Ar Rawdah, Jeddah, Makkah Al Mukarramah"
"650,000 SAR",Apartment,studio,2,48 sqm,"Wadi Jalil, Makah Almukaramuh, Makkah Al Mukarramah"
"730,000 SAR",Apartment,5,3,130 sqm,"An Naim, Jeddah, Makkah Al Mukarramah"
"1,450,000 SAR",Villa,7+,7+,300 sqm,"Ar Rahmanyah, Jeddah, Makkah Al Mukarramah"
"1,200,000 SAR",Full Floor,3,4,196 sqm,"Al Yarmuk, Riyadh, Ar Riyadh"
"1,500,000 SAR",Full Floor,4,4,213 sqm,"Al Yarmuk, Riyadh, Ar Riyadh"
"1,180,000 SAR",Full Floor,3,3,173 sqm,"An Nahdah, Riyadh, Ar Riyadh"
"900,000 SAR",Apartment,3,3,120 sqm,"An Nahdah, Riyadh, Ar Riyadh"
"740,000 SAR",Apartment,4,3,112 sqm,"Ar Rawdah, Jeddah, Makkah Al Mukarramah"
"1,070,000 SAR",Apartment,3,3,991 sqm,"Al Munisiyah, Riyadh, Ar Riyadh"
"1,500,000 SAR",Full Floor,4,4,213 sqm,"Al Yarmuk, Riyadh, Ar Riyadh"
"1,200,000 SAR",Full Floor,3,3,196 sqm,"Al Yarmuk, Riyadh, Ar Riyadh"
"630,000 SAR",Apartment,5,3,191 sqm,"Governmental1, Jeddah, Makkah Al Mukarramah"
"1,100,000 SAR",Villa,6,4,200 sqm,"Tuwaiq, Riyadh, Ar Riyadh"
"649,000 SAR",Full Floor,6,3,176 sqm,"Badr, Riyadh, Ar Riyadh"
"850,000 SAR",Full Floor,5,4,166 sqm,"Al Janadriyah, Riyadh, Ar Riyadh"
"435,000 SAR",Apartment,3,3,100 sqm,"Al Manar, Jeddah, Makkah Al Mukarramah"
"3,700,000 SAR",Villa,5,6,350 sqm,"Al Munisiyah, Riyadh, Ar Riyadh"
"800,000 SAR",Apartment,4,3,139 sqm,"Ar Rawdah, Jeddah, Makkah Al Mukarramah"
"1,000,000 SAR",Full Floor,6,4,241 sqm,"Al Janadriyah, Riyadh, Ar Riyadh"
"1,700,000 SAR",Villa,6,7,200 sqm,"Al Jamawat, Madinah, Al Madinah Al Munawwarah"
"1,700,000 SAR",Villa,6,7,200 sqm,"Al Jamawat, Madinah, Al Madinah Al Munawwarah"
"480,000 SAR",Villa,5,4,216 sqm,"Ar Rafiah, Bariduh, Al Qassim"
"1,200,000 SAR",Apartment,5,5,188 sqm,"Ar Rimal, Riyadh, Ar Riyadh"
"550,000 SAR",Apartment,6,4,203 sqm,"Al Muruj, Abha, Asir"
"850,000 SAR",Apartment,4,3,176 sqm,"Al Saadah, Riyadh, Ar Riyadh"
"1,300,000 SAR",Full Floor,2,3,492 sqm,"Ar Rimal, Riyadh, Ar Riyadh"
"780,000 SAR",Apartment,4,3,132 sqm,"Ar Rawdah, Jeddah, Makkah Al Mukarramah"
"670,000 SAR",Apartment,4,3,133 sqm,"Al Janadriyah, Riyadh, Ar Riyadh"
"600,000 SAR",Apartment,6,4,249 sqm,"العزيزية, Al Jubail, Eastern"
"1,550,000 SAR",Apartment,5,4,213 sqm,"As Salamah, Jeddah, Makkah Al Mukarramah"
"550,000 SAR",Full Floor,5,3,166 sqm,"As Safa, Abha, Asir"
"450,000 SAR",Apartment,4,3,149 sqm,"Al Suways 1, Jazan, Jazan"
"565,000 SAR",Apartment,4,3,119 sqm,"Al Manar, Jeddah, Makkah Al Mukarramah"
"1,400,000 SAR",Apartment,7,4,251 sqm,"Al Kurnaish, Al Khubar, Eastern"
"900,000 SAR",Apartment,2,3,109 sqm,"Al Khuzama, Al Khubar, Eastern"
"1,700,000 SAR",Villa,7,7,390 sqm,"Al Amwaj, Al Khubar, Eastern"
"1,150,000 SAR",Villa,7+,5,401 sqm,"Al Majd, Sibya', Jazan"
"450,000 SAR",Apartment,4,3,146 sqm,"Umm Asalam, Jeddah, Makkah Al Mukarramah"
"450,000 SAR",Apartment,3,2,102 sqm,"Al Marwah, Jeddah, Makkah Al Mukarramah"
"760,000 SAR",Apartment,5,3,166 sqm,"An Nuzhah, Jeddah, Makkah Al Mukarramah"
"2,800,000 SAR",Villa,4,2,325 sqm,"Al Munisiyah, Riyadh, Ar Riyadh"
"1,800,000 SAR",Villa,6,6,300 sqm,"Ishbiliyah, Riyadh, Ar Riyadh"
"950,000 SAR",Apartment,6,3,197 sqm,"Al Faiha, Jeddah, Makkah Al Mukarramah"
"770,000 SAR",Apartment,3,3,150 sqm,"Ar Rimal, Riyadh, Ar Riyadh"
"1,200,000 SAR",Villa,5,4,276 sqm,"Ar Rimal, Riyadh, Ar Riyadh"
"1,100,000 SAR",Full Floor,4,4,201 sqm,"Al Maizialah, Riyadh, Ar Riyadh"
"2,200,000 SAR",Villa,5,5,275 sqm,"Al Maizialah, Riyadh, Ar Riyadh"
"1,400,000 SAR",Villa,4,4,287 sqm,"Al Maizialah, Riyadh, Ar Riyadh"
"1,750,000 SAR",Full Floor,5,4,222 sqm,"Al Munisiyah, Riyadh, Ar Riyadh"
"1,400,000 SAR",Villa,4,5,287 sqm,"Al Maizialah, Riyadh, Ar Riyadh"
"1,600,000 SAR",Full Floor,4,4,223 sqm,"Al Munisiyah, Riyadh, Ar Riyadh"
"2,200,000 SAR",Villa,5,7,275 sqm,"Al Maizialah, Riyadh, Ar Riyadh"
"670,000 SAR",Apartment,5,3,162 sqm,"An Nuzhah, Jeddah, Makkah Al Mukarramah"
"535,000 SAR",Apartment,4,3,144 sqm,"Al Marwah, Jeddah, Makkah Al Mukarramah"
"700,000 SAR",Apartment,4,3,136 sqm,"Ar Rihab, Jeddah, Makkah Al Mukarramah"
"640,000 SAR",Apartment,6,4,208 sqm,"Ar Rayaan, Jeddah, Makkah Al Mukarramah"
"460,000 SAR",Apartment,4,3,122 sqm,"Ar Rayaan, Jeddah, Makkah Al Mukarramah"
"640,000 SAR",Apartment,5,4,154 sqm,"Al Wahah, Jeddah, Makkah Al Mukarramah"
"980,000 SAR",Full Floor,3,2,175 sqm,"حوايا الجنوبية, امارة منطقة مكة المكرمة - الطائف, Makkah Al Mukarramah"
"620,000 SAR",Apartment,6,3,181 sqm,"Ar Rehab 3, Jazan, Jazan"
"595,000 SAR",Apartment,5,3,163 sqm,"Ar Rabwah, Jeddah, Makkah Al Mukarramah"
"875,000 SAR",Full Floor,5,3,199 sqm,"Al Marwah, Jeddah, Makkah Al Mukarramah"
"1,200,000 SAR",Villa,6,4,360 sqm,"Ar Riyadh, Jeddah, Makkah Al Mukarramah"
"1,600,000 SAR",Villa,6,7,412 sqm,"Al Yaqoot, Jeddah, Makkah Al Mukarramah"
"2,500,000 SAR",Villa,6,6,458 sqm,"Al Fanar, Jeddah, Makkah Al Mukarramah"
"1,450,000 SAR",Villa,7+,6,300 sqm,"Ar Rahmanyah, Jeddah, Makkah Al Mukarramah"
"1,550,000 SAR",Villa,7,6,300 sqm,"Al Manarat, Jeddah, Makkah Al Mukarramah"
"1,550,000 SAR",Villa,7+,5,312 sqm,"Al Noor, Jeddah, Makkah Al Mukarramah"
"960,000 SAR",Villa,5,4,312 sqm,"Ar Riyadh, Jeddah, Makkah Al Mukarramah"
"780,000 SAR",Apartment,4,3,136 sqm,"Ar Rawdah, Jeddah, Makkah Al Mukarramah"
"5,350,000 SAR",Villa,7,6,402 sqm,"Al Muhammadiyah, Jeddah, Makkah Al Mukarramah"
"12,000,000 SAR",Villa,7+,7+,875 sqm,"An Nahdah, Jeddah, Makkah Al Mukarramah"
"800,000 SAR",Apartment,5,4,203 sqm,"As Safa, Jeddah, Makkah Al Mukarramah"
"5,500,000 SAR",Apartment,2,3,217 sqm,"Ash Shati, Jeddah, Makkah Al Mukarramah"
"1,350,000 SAR",Villa,7,4,272 sqm,"Al Marwah, Jeddah, Makkah Al Mukarramah"
"1,650,000 SAR",Villa,6,7,450 sqm,"Al Falah, Jeddah, Makkah Al Mukarramah"
"1,450,000 SAR",Villa,7+,6,217 sqm,"Al Janadriyah, Riyadh, Ar Riyadh"
"1,370,000 SAR",Villa,7+,6,245 sqm,"Ar Rashidyah 3rd, Al Ahsa, Eastern"
"1,350,000 SAR",Villa,7+,6,250 sqm,"Ar Rashidyah 3rd, Al Ahsa, Eastern"
"550,000 SAR",Apartment,4,3,165 sqm,"Al Muhammadiyah, Makah Almukaramuh, Makkah Al Mukarramah"
"1,200,000 SAR",Full Floor,5,4,200 sqm,"Al Janadriyah, Riyadh, Ar Riyadh"
"530,000 SAR",Apartment,3,3,107 sqm,"Al Faisaliyah, Jeddah, Makkah Al Mukarramah"
"620,000 SAR",Apartment,6,4,207 sqm,"Mansubi Al Taleem 1st, Al Ahsa, Eastern"
"530,000 SAR",Apartment,4,3,128 sqm,"As Safa, Jeddah, Makkah Al Mukarramah"
"780,000 SAR",Apartment,7+,4,242 sqm,"Badr, Riyadh, Ar Riyadh"
"500,000 SAR",Apartment,4,3,156 sqm,"Az Zuhur, Jazan, Jazan"
"1,000,000 SAR",Full Floor,4,4,271 sqm,"Al Janadriyah, Riyadh, Ar Riyadh"
"1,250,000 SAR",Full Floor,4,4,205 sqm,"Al Qadisiyah, Riyadh, Ar Riyadh"
"2,100,000 SAR",Villa,5,5,328 sqm,"Ar Rimal, Riyadh, Ar Riyadh"
"2,300,000 SAR",Villa,5,6,318 sqm,"Al Saadah, Riyadh, Ar Riyadh"
"1,350,000 SAR",Full Floor,3,3,165 sqm,"Al Munisiyah, Riyadh, Ar Riyadh"
"1,000,000 SAR",Full Floor,3,3,155 sqm,"Ar Rimal, Riyadh, Ar Riyadh"
"1,400,000 SAR",Villa,4,6,287 sqm,"Al Maizialah, Riyadh, Ar Riyadh"
"1,100,000 SAR",Full Floor,4,4,184 sqm,"An Nahdah, Riyadh, Ar Riyadh"
"1,000,000 SAR",Full Floor,4,4,192 sqm,"Al Qadisiyah, Riyadh, Ar Riyadh"
"399,000 SAR",Apartment,3,2,421 sqm,"Al Faisaliyah, Jeddah, Makkah Al Mukarramah"
"620,000 SAR",Apartment,5,3,159 sqm,"Al Wahah, Jeddah, Makkah Al Mukarramah"
"650,000 SAR",Whole Building,5,3,"2,460 sqm","Ar Rihab, Jeddah, Makkah Al Mukarramah"
"750,000 SAR",Apartment,4,3,120 sqm,"Ar Rawdah, Jeddah, Makkah Al Mukarramah"
"730,000 SAR",Apartment,5,3,130 sqm,"An Naim, Jeddah, Makkah Al Mukarramah"
"900,000 SAR",Villa,6,5,235 sqm,"Al Ukayshiyah, Makah Almukaramuh, Makkah Al Mukarramah"
"620,000 SAR",Apartment,6,3,211 sqm,"As Safa, Abha, Asir"
"650,000 SAR",Apartment,4,3,184 sqm,"Al Muhammadiyah, Makah Almukaramuh, Makkah Al Mukarramah"
"950,000 SAR",Full Floor,7,4,600 sqm,"An Nuzhah 2, Ahad Rifaydah, Asir"
"660,000 SAR",Apartment,4,3,164 sqm,"Al Marwah, Riyadh, Ar Riyadh"
"700,000 SAR",Apartment,4,4,171 sqm,"As Safa, Jeddah, Makkah Al Mukarramah"
"850,000 SAR",Apartment,6,5,226 sqm,"Ash Shawqiyah, Makah Almukaramuh, Makkah Al Mukarramah"
"540,000 SAR",Apartment,5,4,171 sqm,"Ar Riyadh, Jeddah, Makkah Al Mukarramah"
"750,000 SAR",Apartment,4,3,120 sqm,"Ar Rawdah, Jeddah, Makkah Al Mukarramah"
"580,000 SAR",Apartment,3,3,100 sqm,"An Naim, Jeddah, Makkah Al Mukarramah"
"1,850,000 SAR",Full Floor,4,4,"4,980 sqm","Qurtubah, Riyadh, Ar Riyadh"
"3,200,000 SAR",Villa,6,6,"4,980 sqm","Qurtubah, Riyadh, Ar Riyadh"
"780,000 SAR",Apartment,4,3,136 sqm,"Ar Rawdah, Jeddah, Makkah Al Mukarramah"
"900,000 SAR",Apartment,4,3,158 sqm,"An Naim, Jeddah, Makkah Al Mukarramah"
"575,000 SAR",Apartment,5,3,170 sqm,"Ar Rumanah, Madinah, Al Madinah Al Munawwarah"
"480,000 SAR",Apartment,3,3,145 sqm,"Batha Quraysh, Makah Almukaramuh, Makkah Al Mukarramah"
"1,200,000 SAR",Villa,7,5,396 sqm,"Ash Shamiya Al Jadid, Makah Almukaramuh, Makkah Al Mukarramah"
"900,000 SAR",Full Floor,6,4,182 sqm,"Al Bayan, Riyadh, Ar Riyadh"
"410,000 SAR",Apartment,3,2,108 sqm,"النزهة, امارة منطقة مكة المكرمة - الطائف, Makkah Al Mukarramah"
"620,000 SAR",Apartment,6,5,225 sqm,"Ash Shati, Jazan, Jazan"
"950,000 SAR",Apartment,7,4,421 sqm,"Al Arin, Abha, Asir"
"650,000 SAR",Apartment,5,3,200 sqm,"Al Arin, Abha, Asir"
"630,000 SAR",Apartment,6,4,214 sqm,"Al Badi, Abha, Asir"
"540,000 SAR",Apartment,4,3,130 sqm,"As Safa, Jeddah, Makkah Al Mukarramah"
"550,000 SAR",Apartment,6,3,203 sqm,"Al Muhammadiyah 2, Jazan, Jazan"
"750,000 SAR",Apartment,4,3,114 sqm,"Ar Rawdah, Jeddah, Makkah Al Mukarramah"
"1,150,000 SAR",Villa,6,6,200 sqm,"Al Fadeylah, Jeddah, Makkah Al Mukarramah"
"1,100,000 SAR",Villa,6,5,200 sqm,"Al Frosyah, Jeddah, Makkah Al Mukarramah"
"550,000 SAR",Apartment,6,3,203 sqm,"Al Muhammadiyah 1, Jazan, Jazan"
"490,000 SAR",Apartment,4,3,132 sqm,"Ar Rayaan, Jeddah, Makkah Al Mukarramah"
"1,030,000 SAR",Villa,6,5,165 sqm,"Al Nadwah, Riyadh, Ar Riyadh"
"550,000 SAR",Full Floor,7,4,202 sqm,"An Nuzhah 1, Ahad Rifaydah, Asir"
"1,600,000 SAR",Full Floor,4,4,690 sqm,"Al Yarmuk, Riyadh, Ar Riyadh"
"900,000 SAR",Apartment,3,3,121 sqm,"Al Khalij, Riyadh, Ar Riyadh"
"1,250,000 SAR",Full Floor,4,4,190 sqm,"Al Khalij, Riyadh, Ar Riyadh"
"1,350,000 SAR",Full Floor,3,4,165 sqm,"Al Munisiyah, Riyadh, Ar Riyadh"
"1,200,000 SAR",Apartment,3,3,167 sqm,"Al Munisiyah, Riyadh, Ar Riyadh"
"1,600,000 SAR",Full Floor,4,4,690 sqm,"Al Yarmuk, Riyadh, Ar Riyadh"
"1,650,000 SAR",Full Floor,4,3,"4,980 sqm","Qurtubah, Riyadh, Ar Riyadh"
"1,350,000 SAR",Full Floor,3,4,165 sqm,"Al Munisiyah, Riyadh, Ar Riyadh"
"2,300,000 SAR",Villa,5,6,318 sqm,"Al Saadah, Riyadh, Ar Riyadh"
"1,600,000 SAR",Villa,5,4,283 sqm,"Ar Rimal, Riyadh, Ar Riyadh"
"710,000 SAR",Apartment,3,3,132 sqm,"Ar Rimal, Riyadh, Ar Riyadh"
"850,000 SAR",Apartment,4,3,179 sqm,"Al Janadriyah, Riyadh, Ar Riyadh"
"1,850,000 SAR",Full Floor,4,3,"4,980 sqm","Qurtubah, Riyadh, Ar Riyadh"
"850,000 SAR",Full Floor,3,4,493 sqm,"Al Murjan, Riyadh, Ar Riyadh"
"1,500,000 SAR",Villa,4,4,206 sqm,"Ar Rimal, Riyadh, Ar Riyadh"
"1,550,000 SAR",Full Floor,3,4,93 sqm,"Al Munisiyah, Riyadh, Ar Riyadh"
"1,000,000 SAR",Full Floor,3,3,155 sqm,"Ar Rimal, Riyadh, Ar Riyadh"
"2,300,000 SAR",Villa,5,7,318 sqm,"Al Saadah, Riyadh, Ar Riyadh"
"650,000 SAR",Apartment,5,3,164 sqm,"Ar Rihab, Jeddah, Makkah Al Mukarramah"
"540,000 SAR",Apartment,4,3,131 sqm,"Al Marwah, Jeddah, Makkah Al Mukarramah"
"700,000 SAR",Apartment,4,3,118 sqm,"Ar Rimal, Riyadh, Ar Riyadh"
"650,000 SAR",Full Floor,5,3,182 sqm,"Al Suways 1, Jazan, Jazan"
"600,000 SAR",Apartment,6,3,210 sqm,"Al Badi, Abha, Asir"
"800,000 SAR",Full Floor,5,3,155 sqm,"Ar Rimal, Riyadh, Ar Riyadh"
"980,000 SAR",Full Floor,5,3,168 sqm,"Ar Rimal, Riyadh, Ar Riyadh"
"980,000 SAR",Full Floor,6,3,168 sqm,"Ar Rimal, Riyadh, Ar Riyadh"
"750,000 SAR",Full Floor,6,3,240 sqm,"Al Suways 1, Jazan, Jazan"
"530,000 SAR",Apartment,4,2,147 sqm,"Ar Ranuna, Madinah, Al Madinah Al Munawwarah"
"700,000 SAR",Full Floor,6,3,240 sqm,"Al Suways 1, Jazan, Jazan"
"590,000 SAR",Apartment,4,3,126 sqm,"As Salamah, Jeddah, Makkah Al Mukarramah"
"1,350,000 SAR",Villa,7+,6,250 sqm,"Ar Rashidyah 3rd, Al Ahsa, Eastern"
"490,000 SAR",Apartment,5,3,124 sqm,"Al Wahah, Jeddah, Makkah Al Mukarramah"
"660,000 SAR",Apartment,4,2,120 sqm,"النزهة, امارة منطقة مكة المكرمة - الطائف, Makkah Al Mukarramah"
"1,100,000 SAR",Full Floor,6,3,203 sqm,"An Nahdah, Riyadh, Ar Riyadh"
"1,350,000 SAR",Villa,7+,6,250 sqm,"Ar Rashidyah 3rd, Al Ahsa, Eastern"
"560,000 SAR",Apartment,5,3,161 sqm,"Al Hazm, Riyadh, Ar Riyadh"
"550,000 SAR",Apartment,5,3,198 sqm,"Al Suways 1, Jazan, Jazan"
"560,000 SAR",Apartment,4,3,164 sqm,"Al Hazm, Riyadh, Ar Riyadh"
"700,000 SAR",Full Floor,6,4,238 sqm,"Al Suways 1, Jazan, Jazan"
"800,000 SAR",Full Floor,4,4,147 sqm,"Ar Rimal, Riyadh, Ar Riyadh"
"620,000 SAR",Apartment,5,4,158 sqm,"As Samir, Jeddah, Makkah Al Mukarramah"
"450,000 SAR",Apartment,3,2,102 sqm,"Al Marwah, Jeddah, Makkah Al Mukarramah"
"800,000 SAR",Villa,7,6,600 sqm,"Prince Sultan, Bisha, Asir"
"750,000 SAR",Apartment,5,3,136 sqm,"An Naim, Jeddah, Makkah Al Mukarramah"
"490,000 SAR",Apartment,4,3,187 sqm,"Ash Shati, Jazan, Jazan"
"820,000 SAR",Apartment,6,5,226 sqm,"Ash Shawqiyah, Makah Almukaramuh, Makkah Al Mukarramah"
"670,000 SAR",Apartment,4,3,131 sqm,"As Salamah, Jeddah, Makkah Al Mukarramah"
"500,000 SAR",Apartment,6,4,210 sqm,"Ar Rehab 1, Jazan, Jazan"
"590,000 SAR",Apartment,3,3,126 sqm,"As Salamah, Jeddah, Makkah Al Mukarramah"
"700,000 SAR",Full Floor,6,4,217 sqm,"الروضة, ابو عريش - ابو عريش, Jazan"
"970,000 SAR",Full Floor,5,3,210 sqm,"Al Janadriyah, Riyadh, Ar Riyadh"
"620,000 SAR",Apartment,6,3,158 sqm,"Al Wahah, Jeddah, Makkah Al Mukarramah"
"500,000 SAR",Apartment,6,4,210 sqm,"Ar Rehab 1, Jazan, Jazan"
"500,000 SAR",Apartment,7,4,234 sqm,"Al Ghadir, Abha, Asir"
"1,000,000 SAR",Villa,7+,6,250 sqm,"Ash Sheraa, Al Khubar, Eastern"
"1,450,000 SAR",Villa,7+,6,384 sqm,"Al Lulu, Al Khubar, Eastern"
"670,000 SAR",Apartment,4,3,131 sqm,"As Salamah, Jeddah, Makkah Al Mukarramah"
"880,000 SAR",Apartment,4,4,140 sqm,"Al Mahdiyah, Riyadh, Ar Riyadh"
"590,000 SAR",Full Floor,7,4,202 sqm,"An Nuzhah 1, Ahad Rifaydah, Asir"
"900,000 SAR",Full Floor,6,4,183 sqm,"Al Janadriyah, Riyadh, Ar Riyadh"
"530,000 SAR",Apartment,5,4,203 sqm,"العزيزية, Al Jubail, Eastern"
"2,800,000 SAR",Villa,6,6,650 sqm,"Taibah, Jeddah, Makkah Al Mukarramah"
"640,000 SAR",Apartment,5,4,201 sqm,"Batha Quraysh, Makah Almukaramuh, Makkah Al Mukarramah"
"650,000 SAR",Apartment,4,4,77 sqm,"Al Janadriyah, Riyadh, Ar Riyadh"
"500,000 SAR",Apartment,7,4,234 sqm,"Al Ghadir, Abha, Asir"
"650,000 SAR",Apartment,6,5,277 sqm,"العنود, احد رفيدة - الواديين, Asir"
"900,000 SAR",Villa,7,5,369 sqm,"السناح, امارة منطقة مكة المكرمة - الطائف, Makkah Al Mukarramah"
"620,000 SAR",Apartment,4,4,142 sqm,"Ash Sheraa, Al Khubar, Eastern"
"550,000 SAR",Apartment,5,3,198 sqm,"Al Suways 1, Jazan, Jazan"
"700,000 SAR",Full Floor,7,4,284 sqm,"الروضة, ابو عريش - ابو عريش, Jazan"
"460,000 SAR",Full Floor,4,3,320 sqm,"Al Naqeeb Al Janubi, Bariduh, Al Qassim"
"750,000 SAR",Apartment,1,1,44 sqm,"Wadi Jalil, Makah Almukaramuh, Makkah Al Mukarramah"
"1,100,000 SAR",Apartment,5,4,213 sqm,"Ar Rimal, Riyadh, Ar Riyadh"
"1,080,000 SAR",Apartment,6,4,240 sqm,"Al Janadriyah, Riyadh, Ar Riyadh"
"850,000 SAR",Apartment,6,5,205 sqm,"Al Janadriyah, Riyadh, Ar Riyadh"
"580,000 SAR",Apartment,6,4,236 sqm,"Al Dhurfah, Khamis Mushayt, Asir"
"1,250,000 SAR",Full Floor,4,4,205 sqm,"Al Qadisiyah, Riyadh, Ar Riyadh"
"970,000 SAR",Full Floor,5,3,210 sqm,"Al Janadriyah, Riyadh, Ar Riyadh"
"670,000 SAR",Apartment,4,3,131 sqm,"As Salamah, Jeddah, Makkah Al Mukarramah"
"489,000 SAR",Apartment,4,3,135 sqm,"As Safa, Jeddah, Makkah Al Mukarramah"
"410,000 SAR",Apartment,4,2,128 sqm,"النزهة, امارة منطقة مكة المكرمة - الطائف, Makkah Al Mukarramah"
"1,050,000 SAR",Villa,6,4,323 sqm,"Ash Shamiya Al Jadid, Makah Almukaramuh, Makkah Al Mukarramah"
"900,000 SAR",Full Floor,5,4,168 sqm,"Tuwaiq, Riyadh, Ar Riyadh"
"550,000 SAR",Apartment,5,4,224 sqm,"العنود, احد رفيدة - الواديين, Asir"
"1,050,000 SAR",Villa,7,5,405 sqm,"الرحاب, امارة منطقة مكة المكرمة - الطائف, Makkah Al Mukarramah"
"630,000 SAR",Apartment,5,4,175 sqm,"Al Marwah, Jeddah, Makkah Al Mukarramah"
"625,000 SAR",Apartment,4,3,120 sqm,"Al Aziziyah, Jeddah, Makkah Al Mukarramah"
"460,000 SAR",Apartment,3,4,113 sqm,"Ar Rabwah, Jeddah, Makkah Al Mukarramah"
"930,000 SAR",Full Floor,5,4,179 sqm,"Al Janadriyah, Riyadh, Ar Riyadh"
"600,000 SAR",Apartment,5,3,202 sqm,"Muead, Makah Almukaramuh, Makkah Al Mukarramah"
"680,000 SAR",Villa,7,5,343 sqm,"السليمانية, امارة منطقة مكة المكرمة - الطائف, Makkah Al Mukarramah"
"1,050,000 SAR",Full Floor,4,4,139 sqm,"Al Nadwah, Riyadh, Ar Riyadh"
"770,000 SAR",Full Floor,4,3,170 sqm,"Al Janadriyah, Riyadh, Ar Riyadh"
"420,000 SAR",Apartment,4,3,127 sqm,"Al Muhammadiyah 2, Jazan, Jazan"
"1,300,000 SAR",Full Floor,5,3,303 sqm,"Al Janadriyah, Riyadh, Ar Riyadh"
"950,000 SAR",Villa,6,4,280 sqm,"Nubala, Madinah, Al Madinah Al Munawwarah"
"630,000 SAR",Apartment,5,4,172 sqm,"As Safa, Jeddah, Makkah Al Mukarramah"
"770,000 SAR",Full Floor,4,3,170 sqm,"Al Janadriyah, Riyadh, Ar Riyadh"
"750,000 SAR",Apartment,7+,6,335 sqm,"An Nuzhah 1, Ahad Rifaydah, Asir"
"870,000 SAR",Villa,7+,6,326 sqm,"الرحبة, امارة منطقة مكة المكرمة - الطائف, Makkah Al Mukarramah"
"950,000 SAR",Apartment,4,3,160 sqm,"As Salamah, Jeddah, Makkah Al Mukarramah"
"1,490,000 SAR",Villa,7+,7,393 sqm,"Al Hazm, Bariduh, Al Qassim"
"580,000 SAR",Apartment,4,3,132 sqm,"Ash Sheraa, Al Khubar, Eastern"
"590,000 SAR",Apartment,3,3,124 sqm,"As Salamah, Jeddah, Makkah Al Mukarramah"
"800,000 SAR",Full Floor,6,4,199 sqm,"Al Janadriyah, Riyadh, Ar Riyadh"
"770,000 SAR",Villa,7,4,252 sqm,"ريحه, امارة منطقة مكة المكرمة - الطائف, Makkah Al Mukarramah"
"900,000 SAR",Full Floor,5,4,185 sqm,"Al Janadriyah, Riyadh, Ar Riyadh"
"800,000 SAR",Full Floor,5,4,174 sqm,"Al Janadriyah, Riyadh, Ar Riyadh"
"620,000 SAR",Apartment,4,2,140 sqm,"Al Falaq Al Jadid, Makah Almukaramuh, Makkah Al Mukarramah"
"560,000 SAR",Apartment,4,3,126 sqm,"As Salamah, Jeddah, Makkah Al Mukarramah"
"820,000 SAR",Villa,7,6,320 sqm,"North Al Tadamun, Khamis Mushayt, Asir"
"880,000 SAR",Full Floor,6,5,312 sqm,"Ar Riyadh, Jeddah, Makkah Al Mukarramah"
"625,000 SAR",Apartment,5,4,172 sqm,"As Safa, Jeddah, Makkah Al Mukarramah"
"650,000 SAR",Apartment,6,6,349 sqm,"An Noor, Khamis Mushayt, Asir"
"600,000 SAR",Apartment,4,4,134 sqm,"Al Wahah, Jeddah, Makkah Al Mukarramah"
"950,000 SAR",Full Floor,5,5,215 sqm,"Al Janadriyah, Riyadh, Ar Riyadh"
"630,000 SAR",Apartment,5,4,172 sqm,"As Safa, Jeddah, Makkah Al Mukarramah"
"560,000 SAR",Apartment,4,4,135 sqm,"Al Wahah, Jeddah, Makkah Al Mukarramah"
"700,000 SAR",Apartment,4,3,104 sqm,"Al Janadriyah, Riyadh, Ar Riyadh"
"1,400,000 SAR",Apartment,7+,7,186 sqm,"Al Munisiyah, Riyadh, Ar Riyadh"
"950,000 SAR",Apartment,4,3,160 sqm,"As Salamah, Jeddah, Makkah Al Mukarramah"
"700,000 SAR",Villa,7,5,500 sqm,"Al Qadisiyah, Al Badai, Al Qassim"
"690,000 SAR",Apartment,4,3,159 sqm,"Batha Quraysh, Makah Almukaramuh, Makkah Al Mukarramah"
"610,000 SAR",Apartment,4,4,133 sqm,"Al Wahah, Jeddah, Makkah Al Mukarramah"
"500,000 SAR",Apartment,6,4,210 sqm,"Ar Rehab 1, Jazan, Jazan"
"950,000 SAR",Villa,7,5,323 sqm,"Ash Shamiya Al Jadid, Makah Almukaramuh, Makkah Al Mukarramah"
"500,000 SAR",Apartment,6,4,210 sqm,"Al Suways 1, Jazan, Jazan"
"600,000 SAR",Apartment,5,3,195 sqm,"Al Zuhur, Abha, Asir"
"1,150,000 SAR",Villa,6,5,288 sqm,"Al Janadriyah, Riyadh, Ar Riyadh"
"800,000 SAR",Full Floor,5,4,166 sqm,"Al Janadriyah, Riyadh, Ar Riyadh"
"1,150,000 SAR",Villa,6,6,288 sqm,"Al Janadriyah, Riyadh, Ar Riyadh"
"630,000 SAR",Apartment,4,3,179 sqm,"Batha Quraysh, Makah Almukaramuh, Makkah Al Mukarramah"
"1,450,000 SAR",Villa,7+,7,300 sqm,"Ar Rahmanyah, Jeddah, Makkah Al Mukarramah"
"900,000 SAR",Villa,6,5,235 sqm,"Al Qashashia Al Jadid, Makah Almukaramuh, Makkah Al Mukarramah"
"1,100,000 SAR",Full Floor,5,4,168 sqm,"Tuwaiq, Riyadh, Ar Riyadh"
"450,000 SAR",Apartment,3,2,102 sqm,"Al Marwah, Jeddah, Makkah Al Mukarramah"
"450,000 SAR",Apartment,3,2,102 sqm,"Al Marwah, Jeddah, Makkah Al Mukarramah"
"670,000 SAR",Apartment,5,3,162 sqm,"An Nuzhah, Jeddah, Makkah Al Mukarramah"
"750,000 SAR",Apartment,4,3,120 sqm,"Ar Rawdah, Jeddah, Makkah Al Mukarramah"
"450,000 SAR",Apartment,3,2,102 sqm,"Al Marwah, Jeddah, Makkah Al Mukarramah"
"750,000 SAR",Apartment,4,3,167 sqm,"Al Marwah, Jeddah, Makkah Al Mukarramah"
"680,000 SAR",Apartment,5,3,161 sqm,"Al Marwah, Jeddah, Makkah Al Mukarramah"
"650,000 SAR",Apartment,5,3,164 sqm,"Ar Rihab, Jeddah, Makkah Al Mukarramah"
"680,000 SAR",Apartment,5,3,161 sqm,"Al Marwah, Jeddah, Makkah Al Mukarramah"
"680,000 SAR",Apartment,5,3,161 sqm,"Al Marwah, Jeddah, Makkah Al Mukarramah"
"450,000 SAR",Apartment,3,2,102 sqm,"Al Marwah, Jeddah, Makkah Al Mukarramah"
"750,000 SAR",Apartment,5,3,136 sqm,"An Naim, Jeddah, Makkah Al Mukarramah"
"750,000 SAR",Apartment,4,3,167 sqm,"Al Marwah, Jeddah, Makkah Al Mukarramah"
"730,000 SAR",Apartment,5,3,130 sqm,"An Naim, Jeddah, Makkah Al Mukarramah"
"680,000 SAR",Apartment,5,3,161 sqm,"Al Marwah, Jeddah, Makkah Al Mukarramah"
"750,000 SAR",Apartment,4,4,167 sqm,"Al Marwah, Jeddah, Makkah Al Mukarramah"
"450,000 SAR",Apartment,3,2,102 sqm,"Al Marwah, Jeddah, Makkah Al Mukarramah"
"650,000 SAR",Apartment,5,3,164 sqm,"Ar Rihab, Jeddah, Makkah Al Mukarramah"
"540,000 SAR",Apartment,4,3,131 sqm,"Al Marwah, Jeddah, Makkah Al Mukarramah"
"680,000 SAR",Apartment,5,3,161 sqm,"Al Marwah, Jeddah, Makkah Al Mukarramah"
"750,000 SAR",Apartment,4,3,167 sqm,"Al Marwah, Jeddah, Makkah Al Mukarramah"
"750,000 SAR",Apartment,4,4,167 sqm,"Al Marwah, Jeddah, Makkah Al Mukarramah"
"680,000 SAR",Apartment,5,3,161 sqm,"Al Marwah, Jeddah, Makkah Al Mukarramah"
"540,000 SAR",Apartment,4,3,131 sqm,"Al Marwah, Jeddah, Makkah Al Mukarramah"
"540,000 SAR",Apartment,4,3,131 sqm,"Al Marwah, Jeddah, Makkah Al Mukarramah"
"680,000 SAR",Apartment,5,3,161 sqm,"Al Marwah, Jeddah, Makkah Al Mukarramah"
"450,000 SAR",Apartment,3,2,102 sqm,"Al Marwah, Jeddah, Makkah Al Mukarramah"
"750,000 SAR",Apartment,4,3,167 sqm,"Al Marwah, Jeddah, Makkah Al Mukarramah"
"540,000 SAR",Apartment,4,3,131 sqm,"Al Marwah, Jeddah, Makkah Al Mukarramah"
"450,000 SAR",Apartment,3,2,102 sqm,"Al Marwah, Jeddah, Makkah Al Mukarramah"
"650,000 SAR",Apartment,5,3,164 sqm,"Ar Rihab, Jeddah, Makkah Al Mukarramah"
"750,000 SAR",Apartment,4,3,167 sqm,"Al Marwah, Jeddah, Makkah Al Mukarramah"
"450,000 SAR",Apartment,3,2,102 sqm,"Al Marwah, Jeddah, Makkah Al Mukarramah"
"750,000 SAR",Apartment,4,3,167 sqm,"Al Marwah, Jeddah, Makkah Al Mukarramah"
"680,000 SAR",Apartment,5,3,161 sqm,"Al Marwah, Jeddah, Makkah Al Mukarramah"
"650,000 SAR",Apartment,5,3,164 sqm,"Ar Rihab, Jeddah, Makkah Al Mukarramah"
"650,000 SAR",Apartment,5,3,164 sqm,"Ar Rihab, Jeddah, Makkah Al Mukarramah"
"670,000 SAR",Apartment,5,3,162 sqm,"An Nuzhah, Jeddah, Makkah Al Mukarramah"
"540,000 SAR",Apartment,4,3,131 sqm,"Al Marwah, Jeddah, Makkah Al Mukarramah"
"670,000 SAR",Apartment,5,3,162 sqm,"An Nuzhah, Jeddah, Makkah Al Mukarramah"
"670,000 SAR",Apartment,5,3,162 sqm,"An Nuzhah, Jeddah, Makkah Al Mukarramah"
"540,000 SAR",Apartment,4,3,131 sqm,"Al Marwah, Jeddah, Makkah Al Mukarramah"
"560,000 SAR",Apartment,5,3,164 sqm,"Ar Rihab, Jeddah, Makkah Al Mukarramah"
"680,000 SAR",Apartment,5,3,161 sqm,"Al Marwah, Jeddah, Makkah Al Mukarramah"
"750,000 SAR",Apartment,4,4,167 sqm,"Al Marwah, Jeddah, Makkah Al Mukarramah"
"750,000 SAR",Apartment,4,4,167 sqm,"Al Marwah, Jeddah, Makkah Al Mukarramah"
"750,000 SAR",Apartment,4,4,167 sqm,"Al Marwah, Jeddah, Makkah Al Mukarramah"
"680,000 SAR",Apartment,5,3,161 sqm,"Al Marwah, Jeddah, Makkah Al Mukarramah"
"540,000 SAR",Apartment,4,3,131 sqm,"Al Marwah, Jeddah, Makkah Al Mukarramah"
"750,000 SAR",Apartment,4,4,167 sqm,"Al Marwah, Jeddah, Makkah Al Mukarramah"
"650,000 SAR",Apartment,5,3,164 sqm,"Ar Rihab, Jeddah, Makkah Al Mukarramah"
"540,000 SAR",Apartment,4,3,131 sqm,"Al Marwah, Jeddah, Makkah Al Mukarramah"
"720,000 SAR",Apartment,5,3,130 sqm,"An Naim, Jeddah, Makkah Al Mukarramah"
"540,000 SAR",Apartment,4,3,131 sqm,"Al Marwah, Jeddah, Makkah Al Mukarramah"
"730,000 SAR",Apartment,5,3,130 sqm,"Ar Rawdah, Jeddah, Makkah Al Mukarramah"
"650,000 SAR",Apartment,5,4,164 sqm,"Ar Rihab, Jeddah, Makkah Al Mukarramah"
"740,000 SAR",Apartment,4,3,117 sqm,"Ar Rawdah, Jeddah, Makkah Al Mukarramah"
"1,200,000 SAR",Apartment,3,2,98 sqm,"Al Arid, Riyadh, Ar Riyadh"
"650,000 SAR",Apartment,5,3,164 sqm,"Ar Rihab, Jeddah, Makkah Al Mukarramah"
"900,000 SAR",Apartment,4,3,158 sqm,"An Naim, Jeddah, Makkah Al Mukarramah"
"770,000 SAR",Apartment,6,6,241 sqm,"Ar Rawabi, Jeddah, Makkah Al Mukarramah"
"750,000 SAR",Apartment,5,3,136 sqm,"An Naim, Jeddah, Makkah Al Mukarramah"
"1,100,000 SAR",Apartment,3,3,152 sqm,"Al Faiha, Jeddah, Makkah Al Mukarramah"
"580,000 SAR",Apartment,4,4,174 sqm,"Mraykh, Jeddah, Makkah Al Mukarramah"
"750,000 SAR",Apartment,5,3,136 sqm,"An Naim, Jeddah, Makkah Al Mukarramah"
"450,000 SAR",Apartment,4,3,126 sqm,"Ar Rughamah, Jeddah, Makkah Al Mukarramah"
"680,000 SAR",Apartment,5,3,136 sqm,"As Salamah, Jeddah, Makkah Al Mukarramah"
"900,000 SAR",Apartment,5,3,158 sqm,"An Naim, Jeddah, Makkah Al Mukarramah"
"730,000 SAR",Apartment,4,3,112 sqm,"Ar Rawdah, Jeddah, Makkah Al Mukarramah"
"580,000 SAR",Apartment,3,3,100 sqm,"An Naim, Jeddah, Makkah Al Mukarramah"
"450,000 SAR",Apartment,3,2,102 sqm,"Al Marwah, Jeddah, Makkah Al Mukarramah"
"900,000 SAR",Apartment,5,3,176 sqm,"An Naim, Jeddah, Makkah Al Mukarramah"
"650,000 SAR",Apartment,3,2,124 sqm,"As Salamah, Jeddah, Makkah Al Mukarramah"
"1,450,000 SAR",Full Floor,4,4,252 sqm,"Al Qadisiyah, Riyadh, Ar Riyadh"
"1,250,000 SAR",Full Floor,3,4,189 sqm,"Al Qadisiyah, Riyadh, Ar Riyadh"
"1,200,000 SAR",Full Floor,3,3,209 sqm,"Al Qadisiyah, Riyadh, Ar Riyadh"
"1,600,000 SAR",Full Floor,4,4,690 sqm,"Al Yarmuk, Riyadh, Ar Riyadh"
"2,400,000 SAR",Villa,6,7+,300 sqm,"Ash Sheraa, Jeddah, Makkah Al Mukarramah"
"1,040,000 SAR",Apartment,5,4,176 sqm,"Ar Rawdah, Jeddah, Makkah Al Mukarramah"
"680,000 SAR",Apartment,5,4,188 sqm,"Al Aziziyah, Jeddah, Makkah Al Mukarramah"
"1,200,000 SAR",Apartment,5,4,177 sqm,"Az Zahra, Jeddah, Makkah Al Mukarramah"
"6,500,000 SAR",Whole Building,7+,7+,500 sqm,"Al Faisaliyah, Jeddah, Makkah Al Mukarramah"
"1,050,000 SAR",Full Floor,3,4,168 sqm,"Al Qadisiyah, Riyadh, Ar Riyadh"
"1,250,000 SAR",Full Floor,4,4,159 sqm,"Al Munisiyah, Riyadh, Ar Riyadh"
"750,000 SAR",Apartment,4,4,148 sqm,"As Salamah, Jeddah, Makkah Al Mukarramah"
"1,100,000 SAR",Full Floor,5,3,166 sqm,"Al Saadah, Riyadh, Ar Riyadh"
"1,100,000 SAR",Villa,6,7+,200 sqm,"Al Khomrah, Jeddah, Makkah Al Mukarramah"
"800,000 SAR",Full Floor,3,3,212 sqm,"Al Dar Al Baida, Riyadh, Ar Riyadh"
"660,000 SAR",Full Floor,3,3,190 sqm,"Al Dar Al Baida, Riyadh, Ar Riyadh"
"3,200,000 SAR",Villa,4,7+,383 sqm,"Qurtubah, Riyadh, Ar Riyadh"
"1,050,000 SAR",Apartment,3,4,172 sqm,"Al Qadisiyah, Riyadh, Ar Riyadh"
"1,100,000 SAR",Full Floor,4,4,165 sqm,"Al Nadwah, Riyadh, Ar Riyadh"
"1,050,000 SAR",Full Floor,3,4,139 sqm,"Al Nadwah, Riyadh, Ar Riyadh"
"2,300,000 SAR",Villa,5,5,420 sqm,"Al Bayan, Riyadh, Ar Riyadh"
"2,100,000 SAR",Villa,5,5,328 sqm,"Ar Rimal, Riyadh, Ar Riyadh"
"1,400,000 SAR",Full Floor,6,4,453 sqm,"Ar Riyadh, Jeddah, Makkah Al Mukarramah"
"590,000 SAR",Apartment,4,4,163 sqm,"Al Aziziyah, Jeddah, Makkah Al Mukarramah"
"500,000 SAR",Apartment,3,3,124 sqm,"As Salhiyah, Jeddah, Makkah Al Mukarramah"
"480,000 SAR",Apartment,3,3,103 sqm,"Ar Rihab, Jeddah, Makkah Al Mukarramah"
"880,000 SAR",Apartment,3,5,175 sqm,"As Safa, Jeddah, Makkah Al Mukarramah"
"590,000 SAR",Apartment,4,3,132 sqm,"Ar Rihab, Jeddah, Makkah Al Mukarramah"
"650,000 SAR",Apartment,5,3,164 sqm,"Ar Rihab, Jeddah, Makkah Al Mukarramah"
"650,000 SAR",Apartment,5,3,164 sqm,"Ar Rihab, Jeddah, Makkah Al Mukarramah"
"650,000 SAR",Apartment,5,3,164 sqm,"Ar Rihab, Jeddah, Makkah Al Mukarramah"
"1,400,000 SAR",Full Floor,5,5,305 sqm,"Al Qadisiyah, Riyadh, Ar Riyadh"
"1,500,000 SAR",Full Floor,4,5,234 sqm,"Al Khalij, Riyadh, Ar Riyadh"
"2,750,000 SAR",Villa,5,6,317 sqm,"Al Khalij, Riyadh, Ar Riyadh"
"900,000 SAR",Apartment,3,4,121 sqm,"Al Khalij, Riyadh, Ar Riyadh"
"1,700,000 SAR",Villa,7,6,225 sqm,"Ar Rimal, Riyadh, Ar Riyadh"
"900,000 SAR",Apartment,3,3,121 sqm,"Al Khalij, Riyadh, Ar Riyadh"
"1,175,000 SAR",Villa,7+,6,451 sqm,"الرحاب, امارة منطقة مكة المكرمة - الطائف, Makkah Al Mukarramah"
"1,900,000 SAR",Villa,7+,7+,276 sqm,"Al Maizialah, Riyadh, Ar Riyadh"
"485,000 SAR",Apartment,4,3,132 sqm,"As Safa, Jeddah, Makkah Al Mukarramah"
"1,000,000 SAR",Full Floor,3,4,155 sqm,"Ar Rimal, Riyadh, Ar Riyadh"
"1,350,000 SAR",Apartment,4,4,437 sqm,"Al Munisiyah, Riyadh, Ar Riyadh"
"1,450,000 SAR",Full Floor,4,4,360 sqm,"Qurtubah, Riyadh, Ar Riyadh"
"1,100,000 SAR",Full Floor,3,3,131 sqm,"Al Munisiyah, Riyadh, Ar Riyadh"
"860,000 SAR",Apartment,4,4,184 sqm,"Ar Rimal, Riyadh, Ar Riyadh"
"1,250,000 SAR",Full Floor,4,4,190 sqm,"Al Khalij, Riyadh, Ar Riyadh"
"1,100,000 SAR",Full Floor,4,4,570 sqm,"Al Qadisiyah, Riyadh, Ar Riyadh"
"1,200,000 SAR",Apartment,3,3,167 sqm,"Al Munisiyah, Riyadh, Ar Riyadh"
"1,350,000 SAR",Apartment,4,4,437 sqm,"Al Munisiyah, Riyadh, Ar Riyadh"
"1,250,000 SAR",Full Floor,4,3,190 sqm,"Al Khalij, Riyadh, Ar Riyadh"
"1,350,000 SAR",Apartment,4,4,437 sqm,"Al Munisiyah, Riyadh, Ar Riyadh"
"500,000 SAR",Apartment,4,3,117 sqm,"Umm Al Jud, Makah Almukaramuh, Makkah Al Mukarramah"
"700,000 SAR",Full Floor,5,4,480 sqm,"Itwad, Jazan"
"3,500,000 SAR",Villa,7+,7+,728 sqm,"Wadi Muzaynib, Madinah, Al Madinah Al Munawwarah"
"1,200,000 SAR",Apartment,6,5,247 sqm,"As Safa, Jeddah, Makkah Al Mukarramah"
"1,500,000 SAR",Villa,7+,5,465 sqm,"Sharqia, Abha, Asir"
"1,650,000 SAR",Full Floor,4,3,"4,980 sqm","Qurtubah, Riyadh, Ar Riyadh"
"1,200,000 SAR",Apartment,3,3,167 sqm,"Al Munisiyah, Riyadh, Ar Riyadh"
"540,000 SAR",Apartment,4,3,131 sqm,"Al Marwah, Jeddah, Makkah Al Mukarramah"
"600,000 SAR",Apartment,3,3,159 sqm,"Taibah, Riyadh, Ar Riyadh"
"425,000 SAR",Apartment,2,2,152 sqm,"Al Dar Al Baida, Riyadh, Ar Riyadh"
"360,000 SAR",Apartment,2,2,138 sqm,"Badr, Riyadh, Ar Riyadh"
"550,000 SAR",Apartment,3,3,183 sqm,"Al Marwah, Riyadh, Ar Riyadh"
"620,000 SAR",Apartment,3,2,111 sqm,"As Salamah, Jeddah, Makkah Al Mukarramah"
"950,000 SAR",Villa,7,6,200 sqm,"Al Hazm, Al Qatif, Eastern"
"1,500,000 SAR",Villa,7+,5,465 sqm,"Sharqia, Abha, Asir"
"750,000 SAR",Apartment,3,3,157 sqm,"Ar Rimal, Riyadh, Ar Riyadh"
"1,300,000 SAR",Full Floor,4,4,189 sqm,"Al Khalij, Riyadh, Ar Riyadh"
"620,000 SAR",Apartment,4,3,136 sqm,"Shuran, Madinah, Al Madinah Al Munawwarah"
"610,000 SAR",Apartment,4,3,137 sqm,"Shuran, Madinah, Al Madinah Al Munawwarah"
"650,000 SAR",Full Floor,6,4,217 sqm,"Al Jabal, Khamis Mushayt, Asir"
"610,000 SAR",Apartment,4,3,142 sqm,"Shuran, Madinah, Al Madinah Al Munawwarah"
"670,000 SAR",Full Floor,7,5,213 sqm,"Shamsan, Abha, Asir"
"610,000 SAR",Apartment,4,3,137 sqm,"Shuran, Madinah, Al Madinah Al Munawwarah"
"1,150,000 SAR",Villa,7+,6,400 sqm,"الواسط, امارة منطقة مكة المكرمة - الطائف, Makkah Al Mukarramah"
"1,460,000 SAR",Apartment,6,3,198 sqm,"An Nahdah, Jeddah, Makkah Al Mukarramah"
"1,350,000 SAR",Apartment,4,3,437 sqm,"Al Munisiyah, Riyadh, Ar Riyadh"
"1,500,000 SAR",Full Floor,4,4,234 sqm,"Al Khalij, Riyadh, Ar Riyadh"
"2,750,000 SAR",Villa,5,7,317 sqm,"Al Khalij, Riyadh, Ar Riyadh"
"750,000 SAR",Apartment,6,3,205 sqm,"أم العراد, امارة منطقة مكة المكرمة - الطائف, Makkah Al Mukarramah"
"550,000 SAR",Apartment,5,4,211 sqm,"العزيزية, Al Jubail, Eastern"
"1,250,000 SAR",Villa,7+,6,448 sqm,"Ash Shamiya Al Jadid, Makah Almukaramuh, Makkah Al Mukarramah"
"1,700,000 SAR",Villa,7+,6,625 sqm,"Al Qashashia Al Jadid, Makah Almukaramuh, Makkah Al Mukarramah"
"750,000 SAR",Full Floor,6,3,255 sqm,"Al Tarwia, Makah Almukaramuh, Makkah Al Mukarramah"
"670,000 SAR",Full Floor,7,5,213 sqm,"Shamsan, Abha, Asir"
"620,000 SAR",Apartment,4,3,136 sqm,"Shuran, Madinah, Al Madinah Al Munawwarah"
"610,000 SAR",Apartment,4,3,142 sqm,"Shuran, Madinah, Al Madinah Al Munawwarah"
"550,000 SAR",Apartment,5,4,211 sqm,"العزيزية, Al Jubail, Eastern"
"750,000 SAR",Full Floor,6,3,255 sqm,"Al Tarwia, Makah Almukaramuh, Makkah Al Mukarramah"
"1,250,000 SAR",Villa,7+,6,448 sqm,"Ash Shamiya Al Jadid, Makah Almukaramuh, Makkah Al Mukarramah"
"1,250,000 SAR",Full Floor,3,4,189 sqm,"Al Qadisiyah, Riyadh, Ar Riyadh"
"2,400,000 SAR",Villa,7+,6,420 sqm,"Al Bayan, Riyadh, Ar Riyadh"
"1,100,000 SAR",Full Floor,4,3,570 sqm,"Al Qadisiyah, Riyadh, Ar Riyadh"
"1,400,000 SAR",Villa,4,4,560 sqm,"Al Munisiyah, Riyadh, Ar Riyadh"
"2,900,000 SAR",Villa,5,6,370 sqm,"Al Munisiyah, Riyadh, Ar Riyadh"
"3,200,000 SAR",Villa,6,6,"4,980 sqm","Qurtubah, Riyadh, Ar Riyadh"
"2,500,000 SAR",Villa,5,6,355 sqm,"Ishbiliyah, Riyadh, Ar Riyadh"
"1,350,000 SAR",Full Floor,3,3,141 sqm,"Al Munisiyah, Riyadh, Ar Riyadh"
"1,000,000 SAR",Apartment,3,3,124 sqm,"Al Khalij, Riyadh, Ar Riyadh"
"1,850,000 SAR",Villa,5,5,405 sqm,"Al Yarmuk, Riyadh, Ar Riyadh"
"900,000 SAR",Apartment,4,3,137 sqm,"Ar Rimal, Riyadh, Ar Riyadh"
"1,400,000 SAR",Villa,4,4,560 sqm,"Al Munisiyah, Riyadh, Ar Riyadh"
"1,200,000 SAR",Full Floor,4,4,241 sqm,"Ar Rimal, Riyadh, Ar Riyadh"
"1,400,000 SAR",Villa,4,4,560 sqm,"Al Munisiyah, Riyadh, Ar Riyadh"
"1,250,000 SAR",Full Floor,4,3,190 sqm,"Al Khalij, Riyadh, Ar Riyadh"
"1,100,000 SAR",Full Floor,4,4,570 sqm,"Al Qadisiyah, Riyadh, Ar Riyadh"
"1,500,000 SAR",Full Floor,4,3,234 sqm,"Al Khalij, Riyadh, Ar Riyadh"
"1,450,000 SAR",Full Floor,4,4,252 sqm,"Al Qadisiyah, Riyadh, Ar Riyadh"
"710,000 SAR",Apartment,3,3,132 sqm,"Ar Rimal, Riyadh, Ar Riyadh"
"1,750,000 SAR",Villa,5,4,405 sqm,"Al Yarmuk, Riyadh, Ar Riyadh"
"2,400,000 SAR",Villa,6,5,343 sqm,"Ar Rimal, Riyadh, Ar Riyadh"
"860,000 SAR",Apartment,4,4,184 sqm,"Ar Rimal, Riyadh, Ar Riyadh"
"900,000 SAR",Apartment,3,3,137 sqm,"Ar Rimal, Riyadh, Ar Riyadh"
"2,400,000 SAR",Villa,7+,6,420 sqm,"Al Bayan, Riyadh, Ar Riyadh"
"930,000 SAR",Apartment,4,3,143 sqm,"An Naim, Jeddah, Makkah Al Mukarramah"
"1,150,000 SAR",Villa,7+,6,400 sqm,"الواسط, امارة منطقة مكة المكرمة - الطائف, Makkah Al Mukarramah"
"1,400,000 SAR",Full Floor,4,3,117 sqm,"Al Munisiyah, Riyadh, Ar Riyadh"
"750,000 SAR",Apartment,4,3,167 sqm,"Al Marwah, Jeddah, Makkah Al Mukarramah"
"750,000 SAR",Apartment,4,4,167 sqm,"Al Marwah, Jeddah, Makkah Al Mukarramah"
"1,550,000 SAR",Full Floor,4,4,206 sqm,"Al Munisiyah, Riyadh, Ar Riyadh"
"630,000 SAR",Apartment,4,3,111 sqm,"As Salamah, Jeddah, Makkah Al Mukarramah"
"720,000 SAR",Full Floor,5,3,222 sqm,"Al Tarwia, Makah Almukaramuh, Makkah Al Mukarramah"
"600,000 SAR",Apartment,3,3,104 sqm,"An Naim, Jeddah, Makkah Al Mukarramah"
"600,000 SAR",Apartment,3,3,104 sqm,"An Naim, Jeddah, Makkah Al Mukarramah"
"580,000 SAR",Apartment,3,3,135 sqm,"Al Tarwia, Makah Almukaramuh, Makkah Al Mukarramah"
"600,000 SAR",Full Floor,5,3,195 sqm,"Shuran, Madinah, Al Madinah Al Munawwarah"
"1,350,000 SAR",Villa,7+,7,299 sqm,"Ash Shamiya Al Jadid, Makah Almukaramuh, Makkah Al Mukarramah"
"1,100,000 SAR",Villa,7+,4,275 sqm,"Ar Rahmanyah, Jeddah, Makkah Al Mukarramah"
"1,400,000 SAR",Full Floor,4,3,141 sqm,"Al Munisiyah, Riyadh, Ar Riyadh"
"1,100,000 SAR",Villa,7+,4,275 sqm,"Ar Rahmanyah, Jeddah, Makkah Al Mukarramah"
"930,000 SAR",Apartment,4,3,143 sqm,"An Naim, Jeddah, Makkah Al Mukarramah"
"740,000 SAR",Apartment,5,3,130 sqm,"An Naim, Jeddah, Makkah Al Mukarramah"
"1,350,000 SAR",Villa,7+,7,300 sqm,"Ash Shamiya Al Jadid, Makah Almukaramuh, Makkah Al Mukarramah"
"650,000 SAR",Apartment,5,4,280 sqm,"Dhahban Western, Khamis Mushayt, Asir"
"1,400,000 SAR",Full Floor,4,3,141 sqm,"Al Munisiyah, Riyadh, Ar Riyadh"
"680,000 SAR",Apartment,5,3,161 sqm,"Al Marwah, Jeddah, Makkah Al Mukarramah"
"750,000 SAR",Apartment,4,4,167 sqm,"Al Marwah, Jeddah, Makkah Al Mukarramah"
"750,000 SAR",Apartment,4,4,167 sqm,"Al Marwah, Jeddah, Makkah Al Mukarramah"
"740,000 SAR",Apartment,2,1,50 sqm,"Al Qadisiyah, Riyadh, Ar Riyadh"
"690,000 SAR",Villa,6,6,233 sqm,"Al Wasam, Khamis Mushayt, Asir"
"1,350,000 SAR",Villa,7+,7,299 sqm,"Ash Shamiya Al Jadid, Makah Almukaramuh, Makkah Al Mukarramah"
"1,400,000 SAR",Full Floor,4,3,117 sqm,"Al Munisiyah, Riyadh, Ar Riyadh"
"580,000 SAR",Full Floor,6,4,226 sqm,"Al Dhurfah, Khamis Mushayt, Asir"
"580,000 SAR",Apartment,3,3,135 sqm,"Al Tarwia, Makah Almukaramuh, Makkah Al Mukarramah"
"720,000 SAR",Full Floor,5,3,222 sqm,"Al Tarwia, Makah Almukaramuh, Makkah Al Mukarramah"
"690,000 SAR",Villa,6,6,233 sqm,"Al Wasam, Khamis Mushayt, Asir"
"1,450,000 SAR",Full Floor,4,3,131 sqm,"Al Munisiyah, Riyadh, Ar Riyadh"
"740,000 SAR",Apartment,4,3,117 sqm,"Ar Rawdah, Jeddah, Makkah Al Mukarramah"
"580,000 SAR",Apartment,3,3,100 sqm,"Al Muhammadiyah, Jeddah, Makkah Al Mukarramah"
"900,000 SAR",Apartment,6,3,188 sqm,"An Naim, Jeddah, Makkah Al Mukarramah"
"750,000 SAR",Apartment,4,3,167 sqm,"Al Marwah, Jeddah, Makkah Al Mukarramah"
"680,000 SAR",Apartment,5,3,161 sqm,"Al Marwah, Jeddah, Makkah Al Mukarramah"
"630,000 SAR",Apartment,4,3,111 sqm,"As Salamah, Jeddah, Makkah Al Mukarramah"
"4,500,000 SAR",Villa,4,5,307 sqm,"An Narjis, Riyadh, Ar Riyadh"
"1,400,000 SAR",Apartment,3,3,178 sqm,"An Narjis, Riyadh, Ar Riyadh"
"470,000 SAR",Apartment,4,2,112 sqm,"Al Marwah, Jeddah, Makkah Al Mukarramah"
"1,100,000 SAR",Full Floor,6,5,349 sqm,"Kittanah, Madinah, Al Madinah Al Munawwarah"
"700,000 SAR",Apartment,4,4,129 sqm,"An Naim, Jeddah, Makkah Al Mukarramah"
"1,460,000 SAR",Apartment,5,3,199 sqm,"An Nahdah, Jeddah, Makkah Al Mukarramah"
"1,100,000 SAR",Full Floor,6,5,349 sqm,"Kittanah, Madinah, Al Madinah Al Munawwarah"
"580,000 SAR",Apartment,5,5,211 sqm,"Shuran, Madinah, Al Madinah Al Munawwarah"
"730,000 SAR",Apartment,4,3,112 sqm,"Ar Rawdah, Jeddah, Makkah Al Mukarramah"
"580,000 SAR",Apartment,3,3,100 sqm,"An Naim, Jeddah, Makkah Al Mukarramah"
"680,000 SAR",Apartment,5,3,161 sqm,"Al Marwah, Jeddah, Makkah Al Mukarramah"
"680,000 SAR",Apartment,5,3,161 sqm,"Al Marwah, Jeddah, Makkah Al Mukarramah"
"990,000 SAR",Villa,7+,5,341 sqm,"Al Muruj, Samith, Jazan"
"700,000 SAR",Apartment,5,4,160 sqm,"Al Marwah, Jeddah, Makkah Al Mukarramah"
"600,000 SAR",Apartment,6,5,228 sqm,"Shuran, Madinah, Al Madinah Al Munawwarah"
"1,350,000 SAR",Villa,7+,7+,300 sqm,"Ar Rahmanyah, Jeddah, Makkah Al Mukarramah"
"7,000,000 SAR",Villa,7+,7+,"1,026 sqm","Batha Quraysh, Makah Almukaramuh, Makkah Al Mukarramah"
"930,000 SAR",Apartment,5,3,248 sqm,"Shuran, Madinah, Al Madinah Al Munawwarah"
"790,000 SAR",Apartment,5,4,235 sqm,"King Fahd, Makah Almukaramuh, Makkah Al Mukarramah"
"900,000 SAR",Full Floor,3,2,154 sqm,"Ar Rimal, Riyadh, Ar Riyadh"
"920,000 SAR",Full Floor,4,3,177 sqm,"Al Yarmuk, Riyadh, Ar Riyadh"
"1,460,000 SAR",Apartment,5,3,199 sqm,"An Nahdah, Jeddah, Makkah Al Mukarramah"
"470,000 SAR",Apartment,4,2,112 sqm,"Al Marwah, Jeddah, Makkah Al Mukarramah"
"560,000 SAR",Apartment,3,4,141 sqm,"Al Manar, Jeddah, Makkah Al Mukarramah"
"600,000 SAR",Apartment,6,5,228 sqm,"Shuran, Madinah, Al Madinah Al Munawwarah"
"560,000 SAR",Apartment,3,4,141 sqm,"Al Manar, Jeddah, Makkah Al Mukarramah"
"700,000 SAR",Apartment,5,4,160 sqm,"Al Marwah, Jeddah, Makkah Al Mukarramah"
"990,000 SAR",Villa,7+,5,341 sqm,"Al Muruj, Samith, Jazan"
"1,850,000 SAR",Full Floor,4,3,"4,980 sqm","Qurtubah, Riyadh, Ar Riyadh"
"1,750,000 SAR",Villa,5,5,405 sqm,"Al Yarmuk, Riyadh, Ar Riyadh"
"2,400,000 SAR",Villa,6,6,343 sqm,"Ar Rimal, Riyadh, Ar Riyadh"
"1,400,000 SAR",Villa,4,4,560 sqm,"Al Munisiyah, Riyadh, Ar Riyadh"
"730,000 SAR",Apartment,4,3,114 sqm,"Ar Rawdah, Jeddah, Makkah Al Mukarramah"
"790,000 SAR",Apartment,5,4,235 sqm,"King Fahd, Makah Almukaramuh, Makkah Al Mukarramah"
"920,000 SAR",Full Floor,4,3,177 sqm,"Al Yarmuk, Riyadh, Ar Riyadh"
"7,000,000 SAR",Villa,7+,7+,"1,026 sqm","Batha Quraysh, Makah Almukaramuh, Makkah Al Mukarramah"
"830,000 SAR",Full Floor,4,4,134 sqm,"Ar Rimal, Riyadh, Ar Riyadh"
"1,200,000 SAR",Villa,7+,7,300 sqm,"Al Manarah, Khamis Mushayt, Asir"
"540,000 SAR",Apartment,4,4,126 sqm,"Al Marwah, Jeddah, Makkah Al Mukarramah"
"900,000 SAR",Apartment,5,5,203 sqm,"Al Marwah, Jeddah, Makkah Al Mukarramah"
"540,000 SAR",Apartment,4,4,126 sqm,"Al Marwah, Jeddah, Makkah Al Mukarramah"
"900,000 SAR",Apartment,5,5,203 sqm,"Al Marwah, Jeddah, Makkah Al Mukarramah"
"430,000 SAR",Apartment,5,3,168 sqm,"Sultanah, Abha, Asir"
"780,000 SAR",Villa,6,4,262 sqm,"Al Qashashia Al Jadid, Makah Almukaramuh, Makkah Al Mukarramah"
"920,000 SAR",Full Floor,4,3,177 sqm,"Al Yarmuk, Riyadh, Ar Riyadh"
"550,000 SAR",Apartment,3,4,141 sqm,"Al Manar, Jeddah, Makkah Al Mukarramah"
"830,000 SAR",Full Floor,4,3,134 sqm,"Ar Rimal, Riyadh, Ar Riyadh"
"1,200,000 SAR",Villa,7+,7,300 sqm,"Al Manarah, Khamis Mushayt, Asir"
"740,000 SAR",Apartment,5,3,166 sqm,"An Nuzhah, Jeddah, Makkah Al Mukarramah"
"970,000 SAR",Villa,7,6,200 sqm,"Ohod, Ad Dammam, Eastern"
"1,460,000 SAR",Villa,7+,6,300 sqm,"Al Janadriyah, Riyadh, Ar Riyadh"
"750,000 SAR",Apartment,7+,6,321 sqm,"Ar Rehab 3, Jazan, Jazan"
"900,000 SAR",Full Floor,3,4,154 sqm,"Ar Rimal, Riyadh, Ar Riyadh"
"560,000 SAR",Apartment,4,3,137 sqm,"As Salam, Ad Dammam, Eastern"
"830,000 SAR",Full Floor,4,4,134 sqm,"Ar Rimal, Riyadh, Ar Riyadh"
"1,150,000 SAR",Full Floor,7,4,198 sqm,"Tuwaiq, Riyadh, Ar Riyadh"
"1,300,000 SAR",Full Floor,6,4,209 sqm,"Ar Rimal, Riyadh, Ar Riyadh"
"655,000 SAR",Full Floor,6,4,217 sqm,"Al Jabal, Khamis Mushayt, Asir"
"680,000 SAR",Apartment,2,2,89 sqm,"Ar Rimal, Riyadh, Ar Riyadh"
"1,400,000 SAR",Villa,4,5,560 sqm,"Al Munisiyah, Riyadh, Ar Riyadh"
"750,000 SAR",Apartment,5,4,177 sqm,"Batha Quraysh, Makah Almukaramuh, Makkah Al Mukarramah"
"750,000 SAR",Apartment,5,4,177 sqm,"Batha Quraysh, Makah Almukaramuh, Makkah Al Mukarramah"
"550,000 SAR",Apartment,6,4,208 sqm,"Al Muhammadiyah 2, Jazan, Jazan"
"550,000 SAR",Apartment,5,3,186 sqm,"Bani Bayadah, Madinah, Al Madinah Al Munawwarah"
"630,000 SAR",Apartment,4,3,168 sqm,"Bani Bayadah, Madinah, Al Madinah Al Munawwarah"
"550,000 SAR",Apartment,5,3,186 sqm,"Bani Bayadah, Madinah, Al Madinah Al Munawwarah"
"550,000 SAR",Apartment,5,3,178 sqm,"Bani Bayadah, Madinah, Al Madinah Al Munawwarah"
"420,000 SAR",Apartment,3,2,103 sqm,"Umm Al Jud, Makah Almukaramuh, Makkah Al Mukarramah"
"670,000 SAR",Apartment,5,3,162 sqm,"An Nuzhah, Jeddah, Makkah Al Mukarramah"
"670,000 SAR",Apartment,5,3,162 sqm,"An Nuzhah, Jeddah, Makkah Al Mukarramah"
"670,000 SAR",Apartment,5,3,162 sqm,"An Nuzhah, Jeddah, Makkah Al Mukarramah"
"670,000 SAR",Apartment,5,3,162 sqm,"An Nuzhah, Jeddah, Makkah Al Mukarramah"
"670,000 SAR",Apartment,5,3,162 sqm,"An Nuzhah, Jeddah, Makkah Al Mukarramah"
"530,000 SAR",Apartment,5,4,203 sqm,"Al Muhammadiyah 2, Jazan, Jazan"
"500,000 SAR",Apartment,4,2,123 sqm,"Mansubi Al Taleem 1st, Al Ahsa, Eastern"
"660,000 SAR",Full Floor,6,4,216 sqm,"Al Raaqi, Khamis Mushayt, Asir"
"660,000 SAR",Full Floor,6,4,216 sqm,"Al Raaqi, Khamis Mushayt, Asir"
"1,050,000 SAR",Villa,7+,7,250 sqm,"Al Hadari, Khamis Mushayt, Asir"
"630,000 SAR",Apartment,6,4,186 sqm,"An Nawwariyah, Makah Almukaramuh, Makkah Al Mukarramah"
"650,000 SAR",Full Floor,6,3,217 sqm,"Al Jabal, Khamis Mushayt, Asir"
"1,050,000 SAR",Villa,7+,7,250 sqm,"Al Hadari, Khamis Mushayt, Asir"
"650,000 SAR",Full Floor,6,3,217 sqm,"Al Jabal, Khamis Mushayt, Asir"
"900,000 SAR",Villa,7+,6,342 sqm,"الصفاء, ابو عريش - ابو عريش, Jazan"
"630,000 SAR",Apartment,7+,6,344 sqm,"At Taawun, Khamis Mushayt, Asir"
"480,000 SAR",Apartment,4,3,121 sqm,"Al Manar, Jeddah, Makkah Al Mukarramah"
"630,000 SAR",Apartment,6,4,186 sqm,"An Nawwariyah, Makah Almukaramuh, Makkah Al Mukarramah"
"530,000 SAR",Apartment,5,4,203 sqm,"Al Muhammadiyah 2, Jazan, Jazan"
"720,000 SAR",Apartment,5,3,130 sqm,"An Naim, Jeddah, Makkah Al Mukarramah"
"850,000 SAR",Villa,7+,7+,578 sqm,"Al Hazm, Bariduh, Al Qassim"
"1,450,000 SAR",Villa,7+,7+,332 sqm,"Al Hadari, Khamis Mushayt, Asir"
"900,000 SAR",Full Floor,7,5,344 sqm,"North Al Tadamun, Khamis Mushayt, Asir"
"950,000 SAR",Full Floor,5,3,425 sqm,"Warqan, Madinah, Al Madinah Al Munawwarah"
"1,350,000 SAR",Full Floor,5,4,420 sqm,"Al Qadisiyah, Riyadh, Ar Riyadh"
"1,450,000 SAR",Villa,7+,7+,332 sqm,"Al Hadari, Khamis Mushayt, Asir"
"1,350,000 SAR",Full Floor,5,4,420 sqm,"Al Qadisiyah, Riyadh, Ar Riyadh"
"950,000 SAR",Full Floor,5,3,425 sqm,"Warqan, Madinah, Al Madinah Al Munawwarah"
"1,400,000 SAR",Villa,7+,7+,312 sqm,"Taibah, Jeddah, Makkah Al Mukarramah"
"1,250,000 SAR",Villa,7,4,536 sqm,"Az Zuhur, Jazan, Jazan"
"1,200,000 SAR",Full Floor,6,3,420 sqm,"Al Qadisiyah, Riyadh, Ar Riyadh"
"850,000 SAR",Villa,7+,7+,578 sqm,"Al Hazm, Bariduh, Al Qassim"
"1,250,000 SAR",Villa,7,4,536 sqm,"Az Zuhur, Jazan, Jazan"
"370,000 SAR",Apartment,3,3,119 sqm,"Airport, Jazan, Jazan"
"370,000 SAR",Apartment,3,3,119 sqm,"Airport, Jazan, Jazan"
"780,000 SAR",Apartment,4,3,136 sqm,"Ar Rawdah, Jeddah, Makkah Al Mukarramah"
"730,000 SAR",Apartment,5,3,130 sqm,"An Naim, Jeddah, Makkah Al Mukarramah"
"670,000 SAR",Apartment,5,3,162 sqm,"An Nuzhah, Jeddah, Makkah Al Mukarramah"
"900,000 SAR",Full Floor,7,5,344 sqm,"North Al Tadamun, Khamis Mushayt, Asir"
"670,000 SAR",Apartment,5,3,162 sqm,"An Nuzhah, Jeddah, Makkah Al Mukarramah"
"670,000 SAR",Apartment,5,3,162 sqm,"An Nuzhah, Jeddah, Makkah Al Mukarramah"
"670,000 SAR",Apartment,5,3,162 sqm,"An Nuzhah, Jeddah, Makkah Al Mukarramah"
"400,000 SAR",Apartment,4,3,164 sqm,"Al Muhammadiyah 1, Jazan, Jazan"
"400,000 SAR",Apartment,4,3,152 sqm,"Ash Shamiya Al Jadid, Makah Almukaramuh, Makkah Al Mukarramah"
"1,200,000 SAR",Full Floor,6,3,420 sqm,"Al Qadisiyah, Riyadh, Ar Riyadh"
"400,000 SAR",Apartment,4,3,152 sqm,"Ash Shamiya Al Jadid, Makah Almukaramuh, Makkah Al Mukarramah"
"540,000 SAR",Apartment,4,4,193 sqm,"Ash Shifa, Hail, Hail"
"900,000 SAR",Full Floor,4,3,300 sqm,"Industrial City, Madinah, Al Madinah Al Munawwarah"
"1,160,000 SAR",Villa,7+,6,400 sqm,"Al Suways 2, Jazan, Jazan"
"719,000 SAR",Apartment,6,4,166 sqm,"Al Sawari, Jeddah, Makkah Al Mukarramah"
"1,160,000 SAR",Villa,7+,6,400 sqm,"Al Suways 2, Jazan, Jazan"
"719,000 SAR",Apartment,6,4,166 sqm,"Al Sawari, Jeddah, Makkah Al Mukarramah"
"900,000 SAR",Full Floor,4,3,300 sqm,"Industrial City, Madinah, Al Madinah Al Munawwarah"
"820,000 SAR",Apartment,5,4,238 sqm,"Ad Duwaikhilah, Madinah, Al Madinah Al Munawwarah"
"560,000 SAR",Apartment,5,3,175 sqm,"An Nawwariyah, Makah Almukaramuh, Makkah Al Mukarramah"
"2,500,000 SAR",Villa,7,7+,300 sqm,"Ash Sheraa, Jeddah, Makkah Al Mukarramah"
"670,000 SAR",Apartment,5,3,162 sqm,"An Nuzhah, Jeddah, Makkah Al Mukarramah"
"670,000 SAR",Apartment,5,3,162 sqm,"An Nuzhah, Jeddah, Makkah Al Mukarramah"
"670,000 SAR",Apartment,5,3,162 sqm,"An Nuzhah, Jeddah, Makkah Al Mukarramah"
"670,000 SAR",Apartment,5,3,162 sqm,"An Nuzhah, Jeddah, Makkah Al Mukarramah"
"1,350,000 SAR",Villa,6,5,528 sqm,"Al Yarmuk, Riyadh, Ar Riyadh"
"1,200,000 SAR",Villa,7,6,286 sqm,"Nubala, Madinah, Al Madinah Al Munawwarah"
"790,000 SAR",Apartment,5,4,238 sqm,"Ad Duwaikhilah, Madinah, Al Madinah Al Munawwarah"
"820,000 SAR",Apartment,5,4,218 sqm,"Ad Duwaikhilah, Madinah, Al Madinah Al Munawwarah"
"740,000 SAR",Apartment,4,3,143 sqm,"As Salamah, Jeddah, Makkah Al Mukarramah"
"740,000 SAR",Apartment,4,3,130 sqm,"As Salamah, Jeddah, Makkah Al Mukarramah"
"820,000 SAR",Apartment,5,4,218 sqm,"Ad Duwaikhilah, Madinah, Al Madinah Al Munawwarah"
"1,200,000 SAR",Villa,7+,7,286 sqm,"Nubala, Madinah, Al Madinah Al Munawwarah"
"790,000 SAR",Apartment,5,4,218 sqm,"Al Mabuth, Madinah, Al Madinah Al Munawwarah"
"740,000 SAR",Apartment,4,3,143 sqm,"As Salamah, Jeddah, Makkah Al Mukarramah"
"1,350,000 SAR",Villa,6,5,528 sqm,"Al Yarmuk, Riyadh, Ar Riyadh"
"630,000 SAR",Apartment,7,5,225 sqm,"Ash Shati, Jazan, Jazan"
"790,000 SAR",Apartment,5,4,238 sqm,"Ad Duwaikhilah, Madinah, Al Madinah Al Munawwarah"
"2,500,000 SAR",Villa,7,7+,300 sqm,"Ash Sheraa, Jeddah, Makkah Al Mukarramah"
"750,000 SAR",Apartment,4,4,141 sqm,"As Salamah, Jeddah, Makkah Al Mukarramah"
"670,000 SAR",Apartment,5,3,162 sqm,"An Nuzhah, Jeddah, Makkah Al Mukarramah"
"670,000 SAR",Apartment,5,3,162 sqm,"An Nuzhah, Jeddah, Makkah Al Mukarramah"
"1,200,000 SAR",Villa,7,6,286 sqm,"Nubala, Madinah, Al Madinah Al Munawwarah"
"1,200,000 SAR",Villa,7,6,286 sqm,"Nubala, Madinah, Al Madinah Al Munawwarah"
"740,000 SAR",Apartment,4,3,130 sqm,"As Salamah, Jeddah, Makkah Al Mukarramah"
"1,200,000 SAR",Villa,5,6,414 sqm,"Taibah, Madinah, Al Madinah Al Munawwarah"
"1,050,000 SAR",Villa,7+,7,250 sqm,"Industrial City, Madinah, Al Madinah Al Munawwarah"
"1,050,000 SAR",Villa,7+,7,250 sqm,"Industrial City, Madinah, Al Madinah Al Munawwarah"
"1,200,000 SAR",Villa,7,6,286 sqm,"Nubala, Madinah, Al Madinah Al Munawwarah"
"780,000 SAR",Apartment,4,3,132 sqm,"Ar Rawdah, Jeddah, Makkah Al Mukarramah"
"580,000 SAR",Apartment,4,3,134 sqm,"Al Manar, Jeddah, Makkah Al Mukarramah"
"720,000 SAR",Apartment,5,3,130 sqm,"An Naim, Jeddah, Makkah Al Mukarramah"
"710,000 SAR",Apartment,6,3,167 sqm,"Ayn Al Khif, Madinah, Al Madinah Al Munawwarah"
"2,400,000 SAR",Villa,7+,7+,362 sqm,"As Saif, Ad Dammam, Eastern"
"470,000 SAR",Apartment,5,4,198 sqm,"Ar Rehab 3, Jazan, Jazan"
"2,400,000 SAR",Villa,7+,7+,362 sqm,"As Saif, Ad Dammam, Eastern"
"1,200,000 SAR",Villa,5,6,414 sqm,"Taibah, Madinah, Al Madinah Al Munawwarah"
"1,400,000 SAR",Villa,7+,7+,300 sqm,"Ar Rahmanyah, Jeddah, Makkah Al Mukarramah"
"710,000 SAR",Apartment,6,3,167 sqm,"Ayn Al Khif, Madinah, Al Madinah Al Munawwarah"
"840,000 SAR",Villa,7,5,369 sqm,"الرحاب, امارة منطقة مكة المكرمة - الطائف, Makkah Al Mukarramah"
"1,400,000 SAR",Villa,7+,7+,300 sqm,"Ar Rahmanyah, Jeddah, Makkah Al Mukarramah"
"690,000 SAR",Apartment,4,3,152 sqm,"Wadi Muzaynib, Madinah, Al Madinah Al Munawwarah"
"1,000,000 SAR",Apartment,4,2,148 sqm,"Al Arid, Riyadh, Ar Riyadh"
"1,650,000 SAR",Villa,6,5,200 sqm,"Ash Sheraa, Jeddah, Makkah Al Mukarramah"
"550,000 SAR",Apartment,3,2,123 sqm,"الحلقة الغربية, امارة منطقة مكة المكرمة - الطائف, Makkah Al Mukarramah"
"550,000 SAR",Apartment,3,2,123 sqm,"الحلقة الغربية, امارة منطقة مكة المكرمة - الطائف, Makkah Al Mukarramah"
"780,000 SAR",Apartment,4,3,136 sqm,"Ar Rawdah, Jeddah, Makkah Al Mukarramah"
"2,900,000 SAR",Villa,7+,7,345 sqm,"Al Basatin, Jeddah, Makkah Al Mukarramah"
"920,000 SAR",Apartment,5,4,177 sqm,"Az Zahra, Jeddah, Makkah Al Mukarramah"
"1,500,000 SAR",Villa,7+,6,295 sqm,"Al Hamadaniyah, Jeddah, Makkah Al Mukarramah"
"680,000 SAR",Apartment,5,5,188 sqm,"As Safa, Jeddah, Makkah Al Mukarramah"
"2,400,000 SAR",Villa,7+,5,420 sqm,"Al Bayan, Riyadh, Ar Riyadh"
"2,500,000 SAR",Villa,7,7+,300 sqm,"Ash Sheraa, Jeddah, Makkah Al Mukarramah"
"2,400,000 SAR",Villa,7+,5,420 sqm,"Al Bayan, Riyadh, Ar Riyadh"
"1,400,000 SAR",Full Floor,4,3,393 sqm,"An Nahdah, Riyadh, Ar Riyadh"
"700,000 SAR",Apartment,7,5,281 sqm,"Al Yarmuk, Khamis Mushayt, Asir"
"400,000 SAR",Apartment,4,3,138 sqm,"Al Muhammadiyah 2, Jazan, Jazan"
"1,400,000 SAR",Full Floor,4,4,185 sqm,"Al Munisiyah, Riyadh, Ar Riyadh"
"1,750,000 SAR",Villa,5,5,405 sqm,"Al Yarmuk, Riyadh, Ar Riyadh"
"1,350,000 SAR",Full Floor,3,3,141 sqm,"Al Munisiyah, Riyadh, Ar Riyadh"
"1,750,000 SAR",Villa,5,6,225 sqm,"Ar Rimal, Riyadh, Ar Riyadh"
"1,400,000 SAR",Full Floor,4,4,393 sqm,"An Nahdah, Riyadh, Ar Riyadh"
"1,450,000 SAR",Villa,5,4,660 sqm,"Ar Rimal, Riyadh, Ar Riyadh"
"1,750,000 SAR",Villa,5,6,225 sqm,"Ar Rimal, Riyadh, Ar Riyadh"
"1,050,000 SAR",Apartment,4,3,165 sqm,"An Nahdah, Jeddah, Makkah Al Mukarramah"
"3,200,000 SAR",Villa,6,7+,"4,980 sqm","Qurtubah, Riyadh, Ar Riyadh"
"1,450,000 SAR",Villa,5,4,660 sqm,"Ar Rimal, Riyadh, Ar Riyadh"
"1,750,000 SAR",Villa,5,6,225 sqm,"Ar Rimal, Riyadh, Ar Riyadh"
"700,000 SAR",Apartment,7,5,281 sqm,"Al Yarmuk, Khamis Mushayt, Asir"
"800,000 SAR",Apartment,3,3,393 sqm,"An Nahdah, Riyadh, Ar Riyadh"
"1,750,000 SAR",Villa,5,3,225 sqm,"Ar Rimal, Riyadh, Ar Riyadh"
"855,000 SAR",Apartment,4,3,"1,578 sqm","Al Qadisiyah, Riyadh, Ar Riyadh"
"780,000 SAR",Apartment,4,3,136 sqm,"Ar Rawdah, Jeddah, Makkah Al Mukarramah"
"2,500,000 SAR",Villa,7+,7+,300 sqm,"Ash Sheraa, Jeddah, Makkah Al Mukarramah"
"750,000 SAR",Villa,7+,7,366 sqm,"Al Ghadir, Abha, Asir"
"1,850,000 SAR",Villa,7+,6,322 sqm,"Al Sawari, Jeddah, Makkah Al Mukarramah"
"3,300,000 SAR",Rest House,2,2,810 sqm,"Ar Rimal, Riyadh, Ar Riyadh"
"1,400,000 SAR",Full Floor,4,3,185 sqm,"Al Munisiyah, Riyadh, Ar Riyadh"
"2,600,000 SAR",Villa,5,5,250 sqm,"Al Yarmuk, Riyadh, Ar Riyadh"
"1,450,000 SAR",Villa,5,5,660 sqm,"Ar Rimal, Riyadh, Ar Riyadh"
"2,000,000 SAR",Villa,6,7+,276 sqm,"Al Maizialah, Riyadh, Ar Riyadh"
"1,100,000 SAR",Full Floor,3,3,131 sqm,"Al Munisiyah, Riyadh, Ar Riyadh"
"410,000 SAR",Apartment,4,3,149 sqm,"Al Suways 1, Jazan, Jazan"
"1,000,000 SAR",Apartment,4,4,162 sqm,"As Salamah, Jeddah, Makkah Al Mukarramah"
"1,450,000 SAR",Villa,5,5,660 sqm,"Ar Rimal, Riyadh, Ar Riyadh"
"400,000 SAR",Apartment,4,3,148 sqm,"Al Muhammadiyah 2, Jazan, Jazan"
"700,000 SAR",Apartment,5,4,182 sqm,"Mishrifah, Jeddah, Makkah Al Mukarramah"
"1,150,000 SAR",Full Floor,5,4,315 sqm,"Al Wafa, Jeddah, Makkah Al Mukarramah"
"850,000 SAR",Apartment,5,4,186 sqm,"Al Wahah, Jeddah, Makkah Al Mukarramah"
"750,000 SAR",Apartment,5,4,165 sqm,"An Nuzhah, Jeddah, Makkah Al Mukarramah"
"1,850,000 SAR",Villa,7+,6,322 sqm,"Al Sawari, Jeddah, Makkah Al Mukarramah"
"1,450,000 SAR",Villa,5,5,660 sqm,"Ar Rimal, Riyadh, Ar Riyadh"
"7,000,000 SAR",Whole Building,7+,7+,550 sqm,"An Nasim, Jeddah, Makkah Al Mukarramah"
"720,000 SAR",Apartment,5,3,130 sqm,"An Naim, Jeddah, Makkah Al Mukarramah"
"800,000 SAR",Full Floor,4,3,500 sqm,"Al Suwaidi Al Gharbi, Riyadh, Ar Riyadh"
"770,000 SAR",Apartment,4,4,140 sqm,"As Salamah, Jeddah, Makkah Al Mukarramah"
"1,350,000 SAR",Villa,7,7,275 sqm,"Ar Rahmanyah, Jeddah, Makkah Al Mukarramah"
"1,400,000 SAR",Full Floor,4,3,185 sqm,"Al Munisiyah, Riyadh, Ar Riyadh"
"1,450,000 SAR",Villa,5,3,660 sqm,"Ar Rimal, Riyadh, Ar Riyadh"
"1,350,000 SAR",Full Floor,3,3,141 sqm,"Al Munisiyah, Riyadh, Ar Riyadh"
"1,350,000 SAR",Villa,7,7,275 sqm,"Ar Rahmanyah, Jeddah, Makkah Al Mukarramah"
"670,000 SAR",Villa,7+,5,240 sqm,"Ar Rawabi, Bariduh, Al Qassim"
"850,000 SAR",Full Floor,5,4,300 sqm,"Industrial City, Madinah, Al Madinah Al Munawwarah"
"820,000 SAR",Villa,7+,6,343 sqm,"Ar Rimal, Bariduh, Al Qassim"
"480,000 SAR",Apartment,4,4,171 sqm,"Al Suways 1, Jazan, Jazan"
"1,800,000 SAR",Villa,7,6,300 sqm,"Al Anahi, Madinah, Al Madinah Al Munawwarah"
"370,000 SAR",Apartment,3,3,122 sqm,"Airport, Jazan, Jazan"
"1,800,000 SAR",Villa,7,6,300 sqm,"Al Anahi, Madinah, Al Madinah Al Munawwarah"
"800,000 SAR",Full Floor,4,3,500 sqm,"Al Suwaidi Al Gharbi, Riyadh, Ar Riyadh"
"850,000 SAR",Full Floor,5,4,300 sqm,"Industrial City, Madinah, Al Madinah Al Munawwarah"
"820,000 SAR",Villa,7+,6,343 sqm,"Ar Rimal, Bariduh, Al Qassim"
"1,100,000 SAR",Full Floor,5,4,148 sqm,"Ar Rimal, Riyadh, Ar Riyadh"
"670,000 SAR",Villa,7+,5,240 sqm,"Ar Rawabi, Bariduh, Al Qassim"
"2,200,000 SAR",Villa,7,7,368 sqm,"Al Muntazah, Ad Dammam, Eastern"
"480,000 SAR",Apartment,4,4,171 sqm,"Al Suways 1, Jazan, Jazan"
"370,000 SAR",Apartment,3,3,122 sqm,"Airport, Jazan, Jazan"
"380,000 SAR",Apartment,3,3,122 sqm,"Airport, Jazan, Jazan"
"2,200,000 SAR",Villa,7,7,368 sqm,"Al Muntazah, Ad Dammam, Eastern"
"7,000,000 SAR",Villa,6,5,714 sqm,"An Nada, Riyadh, Ar Riyadh"
"6,000,000 SAR",Villa,4,7,375 sqm,"Al Sahafah, Riyadh, Ar Riyadh"
"1,200,000 SAR",Villa,6,6,435 sqm,"Ash Shamiya Al Jadid, Makah Almukaramuh, Makkah Al Mukarramah"
"2,300,000 SAR",Villa,7,7,367 sqm,"Al Muntazah, Ad Dammam, Eastern"
"2,300,000 SAR",Villa,7,7,367 sqm,"Al Muntazah, Ad Dammam, Eastern"
"1,200,000 SAR",Villa,7,7,345 sqm,"Al Jamiyin, Al Ahsa, Eastern"
"1,200,000 SAR",Villa,6,6,435 sqm,"Ash Shamiya Al Jadid, Makah Almukaramuh, Makkah Al Mukarramah"
"480,000 SAR",Apartment,4,4,169 sqm,"Ar Rehab 1, Jazan, Jazan"
"380,000 SAR",Apartment,3,3,122 sqm,"Airport, Jazan, Jazan"
"2,300,000 SAR",Villa,7,7,368 sqm,"Al Muntazah, Ad Dammam, Eastern"
"2,200,000 SAR",Villa,7,7,367 sqm,"Al Muntazah, Ad Dammam, Eastern"
"730,000 SAR",Apartment,5,3,130 sqm,"An Naim, Jeddah, Makkah Al Mukarramah"
"850,000 SAR",Full Floor,4,2,300 sqm,"Ar Rimal, Riyadh, Ar Riyadh"
"1,795,000 SAR",Apartment,3,3,"1,508 sqm","Al Qirawan, Riyadh, Ar Riyadh"
"1,950,000 SAR",Apartment,3,3,164 sqm,"Hittin, Riyadh, Ar Riyadh"
"800,000 SAR",Apartment,5,3,229 sqm,"Ash Shamiya Al Jadid, Makah Almukaramuh, Makkah Al Mukarramah"
"1,700,000 SAR",Villa,7+,7+,735 sqm,"Al Qadisiyah, Al Midhnab, Al Qassim"
"2,650,000 SAR",Villa,7,7,466 sqm,"Al Bahar, Al Khubar, Eastern"
"700,000 SAR",Apartment,3,2,300 sqm,"Ar Rimal, Riyadh, Ar Riyadh"
"1,000,000 SAR",Full Floor,5,3,344 sqm,"Al Khadraa, Madinah, Al Madinah Al Munawwarah"
"810,000 SAR",Villa,7+,5,250 sqm,"Al Manar, Bariduh, Al Qassim"
"650,000 SAR",Apartment,5,3,205 sqm,"Ash Shamiya Al Jadid, Makah Almukaramuh, Makkah Al Mukarramah"
"620,000 SAR",Apartment,6,4,"2,400 sqm","Ash Shulah, Ad Dammam, Eastern"
"1,450,000 SAR",Villa,7+,7+,375 sqm,"North Al Tadamun, Khamis Mushayt, Asir"
"1,795,000 SAR",Apartment,3,3,"1,508 sqm","Al Qirawan, Riyadh, Ar Riyadh"
"2,300,000 SAR",Villa,6,7+,462 sqm,"Al Murjan, Jeddah, Makkah Al Mukarramah"
"1,630,000 SAR",Apartment,3,3,972 sqm,"Al Qirawan, Riyadh, Ar Riyadh"
"650,000 SAR",Apartment,5,3,205 sqm,"Ash Shamiya Al Jadid, Makah Almukaramuh, Makkah Al Mukarramah"
"1,070,000 SAR",Apartment,5,4,203 sqm,"An Nuzhah, Jeddah, Makkah Al Mukarramah"
"600,000 SAR",Full Floor,6,4,523 sqm,"Al Qadisiyah, Al Badai, Al Qassim"
"1,300,000 SAR",Apartment,4,3,112 sqm,"An Narjis, Riyadh, Ar Riyadh"
"730,000 SAR",Apartment,4,3,112 sqm,"Ar Rawdah, Jeddah, Makkah Al Mukarramah"
"520,000 SAR",Apartment,5,4,192 sqm,"Ash Shifa, Khamis Mushayt, Asir"
"1,050,000 SAR",Villa,7+,7+,449 sqm,"العنود, احد رفيدة - الواديين, Asir"
"2,650,000 SAR",Villa,7,7,472 sqm,"Al Bahar, Al Khubar, Eastern"
"1,300,000 SAR",Apartment,4,3,112 sqm,"An Narjis, Riyadh, Ar Riyadh"
"2,650,000 SAR",Villa,7,7,472 sqm,"Al Bahar, Al Khubar, Eastern"
"750,000 SAR",Apartment,4,3,114 sqm,"Ar Rawdah, Jeddah, Makkah Al Mukarramah"
"1,450,000 SAR",Villa,7+,7+,375 sqm,"North Al Tadamun, Khamis Mushayt, Asir"
"1,300,000 SAR",Apartment,4,3,113 sqm,"An Narjis, Riyadh, Ar Riyadh"
"670,000 SAR",Apartment,5,3,162 sqm,"An Nuzhah, Jeddah, Makkah Al Mukarramah"
"1,300,000 SAR",Apartment,4,3,113 sqm,"An Narjis, Riyadh, Ar Riyadh"
"2,200,000 SAR",Apartment,7+,7+,751 sqm,"Ar Rawabi, Madinah, Al Madinah Al Munawwarah"
"1,630,000 SAR",Apartment,3,3,"1,508 sqm","Al Qirawan, Riyadh, Ar Riyadh"
"1,050,000 SAR",Villa,7+,7+,449 sqm,"العنود, احد رفيدة - الواديين, Asir"
"2,500,000 SAR",Villa,7+,7+,300 sqm,"Ash Sheraa, Jeddah, Makkah Al Mukarramah"
"2,200,000 SAR",Apartment,7+,7+,751 sqm,"Ar Rawabi, Madinah, Al Madinah Al Munawwarah"
"1,630,000 SAR",Apartment,3,3,972 sqm,"Al Qirawan, Riyadh, Ar Riyadh"
"900,000 SAR",Apartment,6,4,188 sqm,"An Naim, Jeddah, Makkah Al Mukarramah"
"700,000 SAR",Apartment,3,3,117 sqm,"Ar Rawabi, Madinah, Al Madinah Al Munawwarah"
"750,000 SAR",Villa,7,6,341 sqm,"الرحبة, امارة منطقة مكة المكرمة - الطائف, Makkah Al Mukarramah"
"550,000 SAR",Apartment,6,4,187 sqm,"Al Maealaa, Ahad Rifaydah, Asir"
"600,000 SAR",Full Floor,6,4,523 sqm,"Al Qadisiyah, Al Badai, Al Qassim"
"550,000 SAR",Apartment,5,4,150 sqm,"As Safa, Jeddah, Makkah Al Mukarramah"
"550,000 SAR",Apartment,6,4,187 sqm,"Al Maealaa, Ahad Rifaydah, Asir"
"720,000 SAR",Villa,7,5,500 sqm,"Al Qadisiyah, Al Badai, Al Qassim"
"1,100,000 SAR",Villa,5,5,387 sqm,"Ash Shamiya Al Jadid, Makah Almukaramuh, Makkah Al Mukarramah"
"750,000 SAR",Apartment,4,3,114 sqm,"Ar Rawdah, Jeddah, Makkah Al Mukarramah"
"730,000 SAR",Apartment,4,3,112 sqm,"Ar Rawdah, Jeddah, Makkah Al Mukarramah"
"740,000 SAR",Apartment,5,3,130 sqm,"An Naim, Jeddah, Makkah Al Mukarramah"
"900,000 SAR",Villa,6,6,293 sqm,"الحمراء, Al Jubail, Eastern"
"985,000 SAR",Villa,7+,6,389 sqm,"العزيزية, Al Jubail, Eastern"
"1,300,000 SAR",Villa,6,7+,347 sqm,"Al Buhayrat, Makah Almukaramuh, Makkah Al Mukarramah"
"540,000 SAR",Apartment,6,4,214 sqm,"Al Dhurfah, Khamis Mushayt, Asir"
"430,000 SAR",Apartment,4,3,101 sqm,"Al Wahah, Jeddah, Makkah Al Mukarramah"
"2,500,000 SAR",Villa,7+,7+,300 sqm,"Ash Sheraa, Jeddah, Makkah Al Mukarramah"
"1,000,000 SAR",Full Floor,5,3,344 sqm,"Al Khadraa, Madinah, Al Madinah Al Munawwarah"
"750,000 SAR",Villa,7,6,341 sqm,"الرحبة, امارة منطقة مكة المكرمة - الطائف, Makkah Al Mukarramah"
"550,000 SAR",Apartment,5,3,162 sqm,"الحمراء, Al Jubail, Eastern"
"2,500,000 SAR",Villa,7+,7+,300 sqm,"Ash Sheraa, Jeddah, Makkah Al Mukarramah"
"500,000 SAR",Apartment,5,3,176 sqm,"Al Iskan, Samith, Jazan"
"850,000 SAR",Villa,6,6,302 sqm,"الحمراء, Al Jubail, Eastern"
"750,000 SAR",Apartment,3,2,"1,490 sqm","Al Maizialah, Riyadh, Ar Riyadh"
"1,000,000 SAR",Full Floor,5,2,312 sqm,"Ar Rimal, Riyadh, Ar Riyadh"
"550,000 SAR",Apartment,5,3,162 sqm,"الحمراء, Al Jubail, Eastern"
"1,300,000 SAR",Villa,6,7+,347 sqm,"Al Buhayrat, Makah Almukaramuh, Makkah Al Mukarramah"
"2,500,000 SAR",Villa,7+,7+,300 sqm,"Ash Sheraa, Jeddah, Makkah Al Mukarramah"
"750,000 SAR",Apartment,3,2,"1,490 sqm","Al Maizialah, Riyadh, Ar Riyadh"
"550,000 SAR",Apartment,5,4,150 sqm,"As Safa, Jeddah, Makkah Al Mukarramah"
"650,000 SAR",Apartment,6,3,213 sqm,"Al Manar, Ad Dammam, Eastern"
"650,000 SAR",Apartment,6,3,213 sqm,"Al Manar, Ad Dammam, Eastern"
"900,000 SAR",Villa,6,6,293 sqm,"الحمراء, Al Jubail, Eastern"
"620,000 SAR",Apartment,5,3,193 sqm,"Al Wahah, Ad Dammam, Eastern"
"680,000 SAR",Apartment,6,4,205 sqm,"الحمراء, Al Jubail, Eastern"
"800,000 SAR",Full Floor,5,4,640 sqm,"Al Fakhriyah, Tarib, Asir"
"640,000 SAR",Apartment,6,3,201 sqm,"Harat Al Bab Al Jadid, Makah Almukaramuh, Makkah Al Mukarramah"
"420,000 SAR",Apartment,5,3,171 sqm,"الحمراء, Al Jubail, Eastern"
"1,000,000 SAR",Villa,7,6,336 sqm,"Al Amwaj, Al Khubar, Eastern"
"620,000 SAR",Apartment,6,3,211 sqm,"Al Muhammadiyah, Makah Almukaramuh, Makkah Al Mukarramah"
"760,000 SAR",Full Floor,3,3,181 sqm,"Badr, Riyadh, Ar Riyadh"
"640,000 SAR",Apartment,6,3,201 sqm,"Harat Al Bab Al Jadid, Makah Almukaramuh, Makkah Al Mukarramah"
"713,720 SAR",Apartment,4,4,164 sqm,"Al Sawari, Jeddah, Makkah Al Mukarramah"
"420,000 SAR",Apartment,5,3,171 sqm,"الحمراء, Al Jubail, Eastern"
"680,000 SAR",Apartment,6,4,205 sqm,"الحمراء, Al Jubail, Eastern"
"520,000 SAR",Apartment,4,3,119 sqm,"Al Firdaws, Ad Dammam, Eastern"
"700,000 SAR",Apartment,6,4,198 sqm,"الحمراء, Al Jubail, Eastern"
"640,000 SAR",Apartment,6,3,201 sqm,"Harat Al Bab Al Jadid, Makah Almukaramuh, Makkah Al Mukarramah"
"650,000 SAR",Apartment,6,3,201 sqm,"Harat Al Bab Al Jadid, Makah Almukaramuh, Makkah Al Mukarramah"
"1,000,000 SAR",Villa,7,6,336 sqm,"Al Amwaj, Al Khubar, Eastern"
"713,720 SAR",Apartment,4,4,164 sqm,"Al Sawari, Jeddah, Makkah Al Mukarramah"
"810,000 SAR",Villa,7+,5,250 sqm,"Al Manar, Bariduh, Al Qassim"
"620,000 SAR",Apartment,6,3,211 sqm,"Al Muhammadiyah, Makah Almukaramuh, Makkah Al Mukarramah"
"900,000 SAR",Full Floor,4,3,312 sqm,"Ar Rimal, Riyadh, Ar Riyadh"
"640,000 SAR",Apartment,6,3,201 sqm,"Harat Al Bab Al Jadid, Makah Almukaramuh, Makkah Al Mukarramah"
"620,000 SAR",Apartment,6,3,211 sqm,"Ash Shamiya Al Jadid, Makah Almukaramuh, Makkah Al Mukarramah"
"1,210,000 SAR",Villa,7,7+,468 sqm,"Ar Rehab, Bariduh, Al Qassim"
"650,000 SAR",Apartment,6,3,201 sqm,"Harat Al Bab Al Jadid, Makah Almukaramuh, Makkah Al Mukarramah"
"2,000,000 SAR",Villa,7+,7,275 sqm,"Ar Rimal, Riyadh, Ar Riyadh"
"690,000 SAR",Apartment,5,3,165 sqm,"Al Faiha, Jeddah, Makkah Al Mukarramah"
"700,000 SAR",Apartment,6,4,225 sqm,"الحمراء, Al Jubail, Eastern"
"1,000,000 SAR",Full Floor,4,5,346 sqm,"Al Khadraa, Madinah, Al Madinah Al Munawwarah"
"900,000 SAR",Villa,6,6,302 sqm,"الحمراء, Al Jubail, Eastern"
"900,000 SAR",Villa,6,6,302 sqm,"الحمراء, Al Jubail, Eastern"
"700,000 SAR",Apartment,6,4,225 sqm,"الحمراء, Al Jubail, Eastern"
"550,000 SAR",Apartment,6,4,226 sqm,"Al Dhurfah, Khamis Mushayt, Asir"
"500,000 SAR",Apartment,4,3,123 sqm,"Umm Al Jud, Makah Almukaramuh, Makkah Al Mukarramah"
"520,000 SAR",Villa,7,5,229 sqm,"Al Quwaie, Bariduh, Al Qassim"
"1,150,000 SAR",Villa,5,5,400 sqm,"An Nawwariyah, Makah Almukaramuh, Makkah Al Mukarramah"
"680,000 SAR",Villa,7+,6,274 sqm,"القهيب, امارة منطقة مكة المكرمة - الطائف, Makkah Al Mukarramah"
"980,000 SAR",Full Floor,5,3,312 sqm,"Ar Riyadh, Jeddah, Makkah Al Mukarramah"
"630,000 SAR",Apartment,6,4,273 sqm,"العزيزية, Al Jubail, Eastern"
"500,000 SAR",Apartment,5,3,170 sqm,"Al Iskan, Samith, Jazan"
"7,500,000 SAR",Villa,7+,7+,750 sqm,"Al Mahdiyah, Riyadh, Ar Riyadh"
"500,000 SAR",Apartment,4,3,186 sqm,"Ar Rehab 1, Jazan, Jazan"
"550,000 SAR",Apartment,6,4,226 sqm,"Al Dhurfah, Khamis Mushayt, Asir"
"620,000 SAR",Apartment,5,3,155 sqm,"Al Manar, Jeddah, Makkah Al Mukarramah"
"550,000 SAR",Full Floor,6,4,219 sqm,"Al Dhurfah, Khamis Mushayt, Asir"
"690,000 SAR",Apartment,5,3,165 sqm,"Al Faiha, Jeddah, Makkah Al Mukarramah"
"650,000 SAR",Apartment,4,3,148 sqm,"Ash Shamiya Al Jadid, Makah Almukaramuh, Makkah Al Mukarramah"
"550,000 SAR",Apartment,4,3,159 sqm,"King Fahd, Makah Almukaramuh, Makkah Al Mukarramah"
"2,100,000 SAR",Villa,7+,7+,300 sqm,"Ash Sheraa, Jeddah, Makkah Al Mukarramah"
"550,000 SAR",Apartment,4,3,210 sqm,"Ar Rehab 1, Jazan, Jazan"
"650,000 SAR",Apartment,4,3,157 sqm,"Ash Shamiya Al Jadid, Makah Almukaramuh, Makkah Al Mukarramah"
"1,070,000 SAR",Villa,7+,7,276 sqm,"Al Qryniah, Jeddah, Makkah Al Mukarramah"
"650,000 SAR",Apartment,6,4,214 sqm,"Badr, Riyadh, Ar Riyadh"
"500,000 SAR",Apartment,5,3,176 sqm,"Al Iskan, Samith, Jazan"
"650,000 SAR",Apartment,4,3,148 sqm,"Ash Shamiya Al Jadid, Makah Almukaramuh, Makkah Al Mukarramah"
"550,000 SAR",Apartment,4,3,159 sqm,"King Fahd, Makah Almukaramuh, Makkah Al Mukarramah"
"900,000 SAR",Apartment,4,3,235 sqm,"An Nawwariyah, Makah Almukaramuh, Makkah Al Mukarramah"
"550,000 SAR",Full Floor,6,4,219 sqm,"Al Dhurfah, Khamis Mushayt, Asir"
"680,000 SAR",Villa,7+,6,274 sqm,"القهيب, امارة منطقة مكة المكرمة - الطائف, Makkah Al Mukarramah"
"600,000 SAR",Apartment,6,3,211 sqm,"Harat Al Bab Al Jadid, Makah Almukaramuh, Makkah Al Mukarramah"
"1,200,000 SAR",Villa,7,4,475 sqm,"الملك فهد, ابو عريش - ابو عريش, Jazan"
"520,000 SAR",Villa,7,5,229 sqm,"Al Quwaie, Bariduh, Al Qassim"
"650,000 SAR",Apartment,4,3,157 sqm,"Ash Shamiya Al Jadid, Makah Almukaramuh, Makkah Al Mukarramah"
"630,000 SAR",Apartment,5,3,185 sqm,"King Fahd, Makah Almukaramuh, Makkah Al Mukarramah"
"630,000 SAR",Apartment,6,4,273 sqm,"العزيزية, Al Jubail, Eastern"
"450,000 SAR",Apartment,4,3,179 sqm,"Ar Rehab 1, Jazan, Jazan"
"980,000 SAR",Full Floor,5,3,312 sqm,"Ar Riyadh, Jeddah, Makkah Al Mukarramah"
"600,000 SAR",Apartment,6,2,173 sqm,"Al Tarwia, Makah Almukaramuh, Makkah Al Mukarramah"
"550,000 SAR",Apartment,4,3,210 sqm,"Ar Rehab 1, Jazan, Jazan"
"980,000 SAR",Full Floor,5,4,312 sqm,"Ar Riyadh, Jeddah, Makkah Al Mukarramah"
"600,000 SAR",Apartment,6,2,173 sqm,"Al Tarwia, Makah Almukaramuh, Makkah Al Mukarramah"
"710,000 SAR",Apartment,5,3,210 sqm,"As Salamah, Makah Almukaramuh, Makkah Al Mukarramah"
"980,000 SAR",Full Floor,5,4,312 sqm,"Ar Riyadh, Jeddah, Makkah Al Mukarramah"
"650,000 SAR",Apartment,6,3,201 sqm,"Harat Al Bab Al Jadid, Makah Almukaramuh, Makkah Al Mukarramah"
"710,000 SAR",Apartment,5,3,210 sqm,"As Salamah, Makah Almukaramuh, Makkah Al Mukarramah"
"1,200,000 SAR",Villa,7,4,475 sqm,"الملك فهد, ابو عريش - ابو عريش, Jazan"
"650,000 SAR",Apartment,6,3,201 sqm,"Harat Al Bab Al Jadid, Makah Almukaramuh, Makkah Al Mukarramah"
"450,000 SAR",Apartment,4,3,179 sqm,"Ar Rehab 1, Jazan, Jazan"
"600,000 SAR",Apartment,4,4,161 sqm,"Ar Rayaan, Jeddah, Makkah Al Mukarramah"
"480,000 SAR",Apartment,5,4,187 sqm,"إشبيلية, Al Jubail, Eastern"
"870,000 SAR",Apartment,4,3,136 sqm,"An Naim, Jeddah, Makkah Al Mukarramah"
"1,050,000 SAR",Villa,5,6,210 sqm,"Nubala, Madinah, Al Madinah Al Munawwarah"
"360,000 SAR",Apartment,4,3,122 sqm,"Mraykh, Jeddah, Makkah Al Mukarramah"
"995,000 SAR",Apartment,4,5,330 sqm,"Al Buhayrat, Makah Almukaramuh, Makkah Al Mukarramah"
"6,000,000 SAR",Villa,7+,7+,700 sqm,"Al Bahar, Al Khubar, Eastern"
"650,000 SAR",Apartment,4,3,163 sqm,"King Fahd, Makah Almukaramuh, Makkah Al Mukarramah"
"590,000 SAR",Apartment,7,4,256 sqm,"Ash Shati, Jazan, Jazan"
"1,200,000 SAR",Full Floor,3,4,193 sqm,"Al Saadah, Riyadh, Ar Riyadh"
"1,750,000 SAR",Villa,7,6,225 sqm,"Ar Rimal, Riyadh, Ar Riyadh"
"1,250,000 SAR",Apartment,5,5,220 sqm,"Ar Rimal, Riyadh, Ar Riyadh"
"995,000 SAR",Apartment,4,5,330 sqm,"Al Buhayrat, Makah Almukaramuh, Makkah Al Mukarramah"
"600,000 SAR",Apartment,4,4,158 sqm,"As Safa, Jeddah, Makkah Al Mukarramah"
"620,000 SAR",Apartment,3,3,111 sqm,"An Naim, Jeddah, Makkah Al Mukarramah"
"540,000 SAR",Apartment,5,4,171 sqm,"Governmental1, Jeddah, Makkah Al Mukarramah"
"650,000 SAR",Full Floor,6,5,525 sqm,"Itwad, Jazan"
"900,000 SAR",Full Floor,4,3,312 sqm,"Ar Rimal, Riyadh, Ar Riyadh"
"2,200,000 SAR",Villa,7,7,312 sqm,"As Saif, Ad Dammam, Eastern"
"1,000,000 SAR",Villa,7+,6,248 sqm,"Dahiyat Al Malik Fahd, Ad Dammam, Eastern"
"550,000 SAR",Apartment,5,3,208 sqm,"Aleasiluh, Jazan"
"450,000 SAR",Apartment,4,3,149 sqm,"Dahiyat Al Malik Fahd, Ad Dammam, Eastern"
"500,000 SAR",Apartment,5,3,200 sqm,"Aleasiluh, Jazan"
"560,000 SAR",Apartment,5,4,171 sqm,"Governmental1, Jeddah, Makkah Al Mukarramah"
"400,000 SAR",Apartment,4,3,133 sqm,"Aleasiluh, Jazan"
"680,000 SAR",Apartment,6,5,208 sqm,"Badr, Ad Dammam, Eastern"
"1,950,000 SAR",Villa,7+,7+,241 sqm,"Al Bawadi, Jeddah, Makkah Al Mukarramah"
"2,500,000 SAR",Villa,7+,7+,543 sqm,"Ar Riyadh, Jeddah, Makkah Al Mukarramah"
"2,250,000 SAR",Villa,7+,6,400 sqm,"Al Mahdiyah, Riyadh, Ar Riyadh"
"500,000 SAR",Apartment,2,2,312 sqm,"Ar Rimal, Riyadh, Ar Riyadh"
"1,200,000 SAR",Villa,7+,7,509 sqm,"Ar Rawabi, Madinah, Al Madinah Al Munawwarah"
"730,000 SAR",Villa,5,4,263 sqm,"Al Khadraa, Madinah, Al Madinah Al Munawwarah"
"600,000 SAR",Apartment,4,4,158 sqm,"As Safa, Jeddah, Makkah Al Mukarramah"
"450,000 SAR",Apartment,4,3,149 sqm,"Dahiyat Al Malik Fahd, Ad Dammam, Eastern"
"400,000 SAR",Apartment,4,3,133 sqm,"Aleasiluh, Jazan"
"14,000,000 SAR",Villa,7+,7,"2,535 sqm","Ad Dawhah Al Janubiyah, Ad Dammam, Eastern"
"980,000 SAR",Villa,7+,7,275 sqm,"Al Amwaj, Al Khubar, Eastern"
"1,300,000 SAR",Villa,7+,7,515 sqm,"Ar Rawabi, Madinah, Al Madinah Al Munawwarah"
"1,300,000 SAR",Full Floor,5,4,177 sqm,"Al Yarmuk, Riyadh, Ar Riyadh"
"1,200,000 SAR",Villa,7,6,436 sqm,"الواسط, امارة منطقة مكة المكرمة - الطائف, Makkah Al Mukarramah"
"1,750,000 SAR",Villa,7,6,225 sqm,"Ar Rimal, Riyadh, Ar Riyadh"
"360,000 SAR",Apartment,4,3,122 sqm,"Mraykh, Jeddah, Makkah Al Mukarramah"
"870,000 SAR",Apartment,4,3,136 sqm,"An Naim, Jeddah, Makkah Al Mukarramah"
"500,000 SAR",Apartment,2,2,312 sqm,"Ar Rimal, Riyadh, Ar Riyadh"
"600,000 SAR",Apartment,7,4,266 sqm,"Ash Shati, Jazan, Jazan"
"750,000 SAR",Apartment,5,4,196 sqm,"Ash Shawqiyah, Makah Almukaramuh, Makkah Al Mukarramah"
"700,000 SAR",Apartment,5,3,235 sqm,"Ar Rawabi, Madinah, Al Madinah Al Munawwarah"
"600,000 SAR",Apartment,5,3,237 sqm,"Ar Rawabi, Madinah, Al Madinah Al Munawwarah"
"1,300,000 SAR",Villa,7+,7,515 sqm,"Ar Rawabi, Madinah, Al Madinah Al Munawwarah"
"890,000 SAR",Full Floor,4,3,312 sqm,"Ar Rimal, Riyadh, Ar Riyadh"
"730,000 SAR",Apartment,4,3,112 sqm,"Ar Rawdah, Jeddah, Makkah Al Mukarramah"
"830,000 SAR",Apartment,7,4,348 sqm,"Al Qayshah, Ahad Rifaydah, Asir"
"560,000 SAR",Apartment,5,4,171 sqm,"Governmental1, Jeddah, Makkah Al Mukarramah"
"1,210,000 SAR",Villa,7,7,468 sqm,"Ar Rehab, Bariduh, Al Qassim"
"650,000 SAR",Full Floor,6,5,525 sqm,"Itwad, Jazan"
"570,000 SAR",Apartment,5,4,171 sqm,"Governmental1, Jeddah, Makkah Al Mukarramah"
"400,000 SAR",Apartment,4,3,133 sqm,"Aleasiluh, Jazan"
"700,000 SAR",Apartment,5,3,235 sqm,"Ar Rawabi, Madinah, Al Madinah Al Munawwarah"
"1,000,000 SAR",Villa,7+,6,248 sqm,"Dahiyat Al Malik Fahd, Ad Dammam, Eastern"
"6,000,000 SAR",Villa,7+,7+,700 sqm,"Al Bahar, Al Khubar, Eastern"
"1,150,000 SAR",Villa,6,5,311 sqm,"Ash Shamiya Al Jadid, Makah Almukaramuh, Makkah Al Mukarramah"
"420,000 SAR",Apartment,4,3,133 sqm,"Aleasiluh, Jazan"
"420,000 SAR",Apartment,4,3,133 sqm,"Aleasiluh, Jazan"
"1,700,000 SAR",Apartment,2,3,142 sqm,"Hittin, Riyadh, Ar Riyadh"
"2,500,000 SAR",Villa,7+,7+,543 sqm,"Ar Riyadh, Jeddah, Makkah Al Mukarramah"
"900,000 SAR",Full Floor,4,3,312 sqm,"Ar Rimal, Riyadh, Ar Riyadh"
"1,089,000 SAR",Villa,7+,7,313 sqm,"Ar Rimal, Bariduh, Al Qassim"
"980,000 SAR",Villa,7+,7,275 sqm,"Al Amwaj, Al Khubar, Eastern"
"570,000 SAR",Apartment,5,4,171 sqm,"Governmental1, Jeddah, Makkah Al Mukarramah"
"700,000 SAR",Apartment,5,3,235 sqm,"Ar Rawabi, Madinah, Al Madinah Al Munawwarah"
"450,000 SAR",Apartment,4,3,149 sqm,"Dahiyat Al Malik Fahd, Ad Dammam, Eastern"
"1,300,000 SAR",Full Floor,5,4,177 sqm,"Al Yarmuk, Riyadh, Ar Riyadh"
"1,150,000 SAR",Villa,6,5,311 sqm,"Ash Shamiya Al Jadid, Makah Almukaramuh, Makkah Al Mukarramah"
"1,250,000 SAR",Apartment,5,5,220 sqm,"Ar Rimal, Riyadh, Ar Riyadh"
"1,200,000 SAR",Villa,7+,7,509 sqm,"Ar Rawabi, Madinah, Al Madinah Al Munawwarah"
"870,000 SAR",Villa,5,5,262 sqm,"مثملة, امارة منطقة مكة المكرمة - الطائف, Makkah Al Mukarramah"
"550,000 SAR",Apartment,5,3,208 sqm,"Aleasiluh, Jazan"
"400,000 SAR",Apartment,4,3,133 sqm,"Aleasiluh, Jazan"
"480,000 SAR",Apartment,4,3,165 sqm,"Ash Shamiya Al Jadid, Makah Almukaramuh, Makkah Al Mukarramah"
"1,500,000 SAR",Villa,4,7,381 sqm,"Al Sawari, Jeddah, Makkah Al Mukarramah"
"1,450,000 SAR",Villa,7+,7,300 sqm,"Ar Rahmanyah, Jeddah, Makkah Al Mukarramah"
"880,000 SAR",Villa,7+,6,321 sqm,"As Sawari, Al Khubar, Eastern"
"1,300,000 SAR",Villa,7+,6,300 sqm,"As Sawari, Al Khubar, Eastern"
"509,000 SAR",Apartment,3,3,529 sqm,"Ar Rawdah, Jeddah, Makkah Al Mukarramah"
"400,000 SAR",Apartment,5,2,157 sqm,"Aleasiluh, Jazan"
"1,150,000 SAR",Villa,7+,6,380 sqm,"Az Zuhur, Jazan, Jazan"
"470,000 SAR",Apartment,4,3,128 sqm,"Ar Rayaan, Jeddah, Makkah Al Mukarramah"
"700,000 SAR",Apartment,5,5,279 sqm,"Badr, Ad Dammam, Eastern"
"680,000 SAR",Apartment,4,4,195 sqm,"Ar Rawabi, Jeddah, Makkah Al Mukarramah"
"650,000 SAR",Apartment,6,3,209 sqm,"Ash Shawqiyah, Makah Almukaramuh, Makkah Al Mukarramah"
"980,000 SAR",Apartment,5,5,229 sqm,"King Abdul Aziz University, Jeddah, Makkah Al Mukarramah"
"420,000 SAR",Apartment,4,3,137 sqm,"An Nur, Ad Dammam, Eastern"
"600,000 SAR",Apartment,6,4,237 sqm,"إشبيلية, Al Jubail, Eastern"
"2,100,000 SAR",Villa,7+,7+,262 sqm,"Al Yaqoot, Jeddah, Makkah Al Mukarramah"
"625,000 SAR",Apartment,4,4,138 sqm,"As Safa, Jeddah, Makkah Al Mukarramah"
"420,000 SAR",Apartment,4,3,194 sqm,"Al Tadamun, Khamis Mushayt, Asir"
"1,029,000 SAR",Apartment,3,3,160 sqm,"Al Arid, Riyadh, Ar Riyadh"
"650,000 SAR",Apartment,6,4,260 sqm,"إشبيلية, Al Jubail, Eastern"
"1,030,000 SAR",Apartment,2,3,130 sqm,"Qurtubah, Riyadh, Ar Riyadh"
"840,000 SAR",Villa,7+,6,276 sqm,"Al Basatin Al Sharqi, Bariduh, Al Qassim"
"780,000 SAR",Apartment,6,4,215 sqm,"Ar Rawabi, Madinah, Al Madinah Al Munawwarah"
"700,000 SAR",Apartment,5,3,249 sqm,"القيم الأعلى, امارة منطقة مكة المكرمة - الطائف, Makkah Al Mukarramah"
"950,000 SAR",Full Floor,6,3,562 sqm,"الرحبة, امارة منطقة مكة المكرمة - الطائف, Makkah Al Mukarramah"
"770,000 SAR",Villa,7+,5,366 sqm,"Al Basatin Al Sharqi, Bariduh, Al Qassim"
"1,400,000 SAR",Villa,7+,6,275 sqm,"Ar Rahmanyah, Jeddah, Makkah Al Mukarramah"
"500,000 SAR",Apartment,5,3,182 sqm,"السناح, امارة منطقة مكة المكرمة - الطائف, Makkah Al Mukarramah"
"600,000 SAR",Apartment,4,3,148 sqm,"Al Ariyd, Madinah, Al Madinah Al Munawwarah"
"670,000 SAR",Apartment,5,4,195 sqm,"Ar Rawabi, Jeddah, Makkah Al Mukarramah"
"1,900,000 SAR",Villa,7+,7+,300 sqm,"Al Yaqoot, Jeddah, Makkah Al Mukarramah"
"1,200,000 SAR",Villa,5,5,367 sqm,"Nubala, Madinah, Al Madinah Al Munawwarah"
"670,000 SAR",Apartment,5,4,195 sqm,"Ar Rawabi, Jeddah, Makkah Al Mukarramah"
"450,000 SAR",Apartment,3,3,133 sqm,"Al Tarwia, Makah Almukaramuh, Makkah Al Mukarramah"
"1,000,000 SAR",Villa,7+,6,480 sqm,"Al Ufuq, Bariduh, Al Qassim"
"2,250,000 SAR",Villa,7+,6,400 sqm,"Al Mahdiyah, Riyadh, Ar Riyadh"
"1,500,000 SAR",Villa,4,7,381 sqm,"Al Sawari, Jeddah, Makkah Al Mukarramah"
"1,050,000 SAR",Villa,7+,7,402 sqm,"الواسط, امارة منطقة مكة المكرمة - الطائف, Makkah Al Mukarramah"
"720,000 SAR",Villa,7,5,227 sqm,"Khub Ath Thanyan, Bariduh, Al Qassim"
"650,000 SAR",Apartment,6,4,260 sqm,"إشبيلية, Al Jubail, Eastern"
"640,000 SAR",Villa,5,5,269 sqm,"Al Hazm, Bariduh, Al Qassim"
"1,015,000 SAR",Villa,7,7,346 sqm,"Al Masif, Eanizah, Al Qassim"
"650,000 SAR",Full Floor,6,6,217 sqm,"Al Jabal, Khamis Mushayt, Asir"
"650,000 SAR",Apartment,6,3,209 sqm,"Ash Shawqiyah, Makah Almukaramuh, Makkah Al Mukarramah"
"1,035,000 SAR",Villa,7+,7+,346 sqm,"Al Masif, Eanizah, Al Qassim"
"1,035,000 SAR",Villa,7+,7+,346 sqm,"Al Masif, Eanizah, Al Qassim"
"1,250,000 SAR",Villa,7,7,465 sqm,"Ash Shamiya Al Jadid, Makah Almukaramuh, Makkah Al Mukarramah"
"3,500,000 SAR",Villa,3,5,200 sqm,"An Narjis, Riyadh, Ar Riyadh"
"1,450,000 SAR",Villa,7+,6,275 sqm,"Ar Rahmanyah, Jeddah, Makkah Al Mukarramah"
"880,000 SAR",Full Floor,6,4,503 sqm,"الرحبة, امارة منطقة مكة المكرمة - الطائف, Makkah Al Mukarramah"
"570,000 SAR",Apartment,5,4,192 sqm,"Ar Rayaan, Jeddah, Makkah Al Mukarramah"
"400,000 SAR",Apartment,5,3,157 sqm,"Aleasiluh, Jazan"
"500,000 SAR",Apartment,5,3,182 sqm,"السناح, امارة منطقة مكة المكرمة - الطائف, Makkah Al Mukarramah"
"1,350,000 SAR",Villa,5,5,395 sqm,"Ash Shamiya Al Jadid, Makah Almukaramuh, Makkah Al Mukarramah"
"560,000 SAR",Full Floor,3,3,187 sqm,"Shuran, Madinah, Al Madinah Al Munawwarah"
"1,700,000 SAR",Villa,6,6,312 sqm,"Az Zomorod, Jeddah, Makkah Al Mukarramah"
"700,000 SAR",Full Floor,7,4,216 sqm,"السلامة, امارة منطقة مكة المكرمة - الطائف, Makkah Al Mukarramah"
"640,000 SAR",Villa,5,5,269 sqm,"Al Hazm, Bariduh, Al Qassim"
"640,000 SAR",Villa,5,5,269 sqm,"Al Hazm, Bariduh, Al Qassim"
"510,000 SAR",Apartment,4,3,187 sqm,"Ash Shati, Jazan, Jazan"
"1,160,000 SAR",Full Floor,5,3,375 sqm,"Al Maizialah, Riyadh, Ar Riyadh"
"520,000 SAR",Apartment,4,3,121 sqm,"Ar Rihab, Jeddah, Makkah Al Mukarramah"
"1,200,000 SAR",Villa,7,7,300 sqm,"Ash Shamiya Al Jadid, Makah Almukaramuh, Makkah Al Mukarramah"
"2,200,000 SAR",Apartment,3,4,241 sqm,"Al Malqa, Riyadh, Ar Riyadh"
"1,150,000 SAR",Villa,7+,6,300 sqm,"Al Aqiq, Al Khubar, Eastern"
"750,000 SAR",Villa,7,5,304 sqm,"الرحبة, امارة منطقة مكة المكرمة - الطائف, Makkah Al Mukarramah"
"900,000 SAR",Villa,7,6,300 sqm,"North Al Tadamun, Khamis Mushayt, Asir"
"750,000 SAR",Villa,7,5,304 sqm,"الرحبة, امارة منطقة مكة المكرمة - الطائف, Makkah Al Mukarramah"
"480,000 SAR",Apartment,4,3,168 sqm,"Ash Shamiya Al Jadid, Makah Almukaramuh, Makkah Al Mukarramah"
"999,000 SAR",Apartment,3,3,152 sqm,"Al Arid, Riyadh, Ar Riyadh"
"470,000 SAR",Apartment,4,2,134 sqm,"Mraykh, Jeddah, Makkah Al Mukarramah"
"1,250,000 SAR",Apartment,6,5,290 sqm,"King Abdul Aziz University, Jeddah, Makkah Al Mukarramah"
"1,850,000 SAR",Full Floor,5,4,200 sqm,"Qurtubah, Riyadh, Ar Riyadh"
"490,000 SAR",Apartment,6,3,199 sqm,"Ar Rehab 1, Jazan, Jazan"
"2,500,000 SAR",Villa,7,5,450 sqm,"At Taawon, Jeddah, Makkah Al Mukarramah"
"3,400,000 SAR",Villa,7+,6,375 sqm,"Al Yarmuk, Riyadh, Ar Riyadh"
"650,000 SAR",Apartment,4,2,100 sqm,"المثناه, امارة منطقة مكة المكرمة - الطائف, Makkah Al Mukarramah"
"2,800,000 SAR",Villa,7+,6,300 sqm,"Ishbiliyah, Riyadh, Ar Riyadh"
"1,200,000 SAR",Villa,5,5,367 sqm,"Nubala, Madinah, Al Madinah Al Munawwarah"
"455,000 SAR",Apartment,3,2,99 sqm,"An Nasim, Jeddah, Makkah Al Mukarramah"
"480,000 SAR",Apartment,4,2,148 sqm,"Ash Shrouk, Jeddah, Makkah Al Mukarramah"
"1,395,000 SAR",Apartment,3,3,129 sqm,"Al Raed, Riyadh, Ar Riyadh"
"480,000 SAR",Apartment,4,3,168 sqm,"Ash Shamiya Al Jadid, Makah Almukaramuh, Makkah Al Mukarramah"
"720,000 SAR",Apartment,4,4,144 sqm,"Al Aziziyah, Jeddah, Makkah Al Mukarramah"
"1,800,000 SAR",Villa,7+,6,285 sqm,"Al Qadisiyah, Riyadh, Ar Riyadh"
"550,000 SAR",Apartment,6,4,233 sqm,"Al Muhammadiyah 2, Jazan, Jazan"
"755,000 SAR",Apartment,4,3,150 sqm,"Shuran, Madinah, Al Madinah Al Munawwarah"
"1,050,000 SAR",Full Floor,3,3,168 sqm,"Al Qadisiyah, Riyadh, Ar Riyadh"
"730,000 SAR",Full Floor,5,3,145 sqm,"Al Hazm, Riyadh, Ar Riyadh"
"1,150,000 SAR",Villa,7,5,280 sqm,"النزهة, ابو عريش - ابو عريش, Jazan"
"1,800,000 SAR",Villa,7+,7,312 sqm,"Az Zomorod, Jeddah, Makkah Al Mukarramah"
"850,000 SAR",Full Floor,6,3,312 sqm,"Ar Riyadh, Jeddah, Makkah Al Mukarramah"
"680,000 SAR",Apartment,6,4,187 sqm,"Al Sawari, Jeddah, Makkah Al Mukarramah"
"1,200,000 SAR",Villa,7,7,300 sqm,"Ash Shamiya Al Jadid, Makah Almukaramuh, Makkah Al Mukarramah"
"1,200,000 SAR",Full Floor,6,4,414 sqm,"Ash Shamiya Al Jadid, Makah Almukaramuh, Makkah Al Mukarramah"
"555,000 SAR",Apartment,4,3,155 sqm,"Al Faiha, Jeddah, Makkah Al Mukarramah"
"450,000 SAR",Apartment,4,3,174 sqm,"غرناطة, Al Jubail, Eastern"
"740,000 SAR",Full Floor,5,3,179 sqm,"Shuran, Madinah, Al Madinah Al Munawwarah"
"630,000 SAR",Apartment,5,3,160 sqm,"As Safa, Jeddah, Makkah Al Mukarramah"
"2,800,000 SAR",Villa,7+,6,300 sqm,"Ishbiliyah, Riyadh, Ar Riyadh"
"2,100,000 SAR",Villa,7+,7+,262 sqm,"Al Yaqoot, Jeddah, Makkah Al Mukarramah"
"850,000 SAR",Full Floor,6,4,279 sqm,"Al Buhayrat, Makah Almukaramuh, Makkah Al Mukarramah"
"1,400,000 SAR",Villa,7+,6,273 sqm,"As Salhiyah, Jeddah, Makkah Al Mukarramah"
"780,000 SAR",Apartment,5,4,211 sqm,"النسيم, امارة منطقة مكة المكرمة - الطائف, Makkah Al Mukarramah"
"640,000 SAR",Villa,5,5,269 sqm,"Al Hazm, Bariduh, Al Qassim"
"970,000 SAR",Full Floor,5,3,375 sqm,"Al Maizialah, Riyadh, Ar Riyadh"
"1,650,000 SAR",Full Floor,3,4,252 sqm,"Al Arid, Riyadh, Ar Riyadh"
"1,000,000 SAR",Full Floor,5,3,159 sqm,"Al Qadisiyah, Riyadh, Ar Riyadh"
"1,280,000 SAR",Villa,7,5,400 sqm,"Al Suways 2, Jazan, Jazan"
"1,200,000 SAR",Full Floor,7,5,414 sqm,"Ash Shamiya Al Jadid, Makah Almukaramuh, Makkah Al Mukarramah"
"1,100,000 SAR",Villa,7+,6,448 sqm,"Ash Shamiya Al Jadid, Makah Almukaramuh, Makkah Al Mukarramah"
"1,300,000 SAR",Villa,7+,6,300 sqm,"As Sawari, Al Khubar, Eastern"
"600,000 SAR",Full Floor,5,3,190 sqm,"Badr, Riyadh, Ar Riyadh"
"2,000,000 SAR",Villa,7+,7+,325 sqm,"Al Faisaliyah, Ad Dammam, Eastern"
"540,000 SAR",Apartment,4,4,142 sqm,"As Safa, Jeddah, Makkah Al Mukarramah"
"1,070,000 SAR",Villa,7+,7,429 sqm,"الروضة, ابو عريش - ابو عريش, Jazan"
"1,900,000 SAR",Villa,7+,7+,587 sqm,"Al Wurud, Khamis Mushayt, Asir"
"1,050,000 SAR",Villa,7+,7,348 sqm,"الرحبة, امارة منطقة مكة المكرمة - الطائف, Makkah Al Mukarramah"
"1,300,000 SAR",Apartment,3,2,100 sqm,"Al Yasmin, Riyadh, Ar Riyadh"
"950,000 SAR",Apartment,5,4,173 sqm,"Ar Rawdah, Jeddah, Makkah Al Mukarramah"
"509,000 SAR",Apartment,3,3,529 sqm,"Ar Rawdah, Jeddah, Makkah Al Mukarramah"
"1,700,000 SAR",Apartment,5,4,220 sqm,"Az Zahra, Jeddah, Makkah Al Mukarramah"
"450,000 SAR",Apartment,5,3,181 sqm,"Ar Rehab 1, Jazan, Jazan"
"550,000 SAR",Apartment,6,4,233 sqm,"Al Muhammadiyah 2, Jazan, Jazan"
"1,300,000 SAR",Apartment,5,4,200 sqm,"Ar Rawdah, Jeddah, Makkah Al Mukarramah"
"550,000 SAR",Apartment,5,4,173 sqm,"Ar Rayaan, Jeddah, Makkah Al Mukarramah"
"1,000,000 SAR",Villa,7+,6,480 sqm,"Al Ufuq, Bariduh, Al Qassim"
"1,900,000 SAR",Villa,7+,7,350 sqm,"Al Janadriyah, Riyadh, Ar Riyadh"
"695,000 SAR",Villa,7,6,269 sqm,"Al Qaa Al Barid, Bariduh, Al Qassim"
"1,350,000 SAR",Full Floor,6,3,185 sqm,"Al Munisiyah, Riyadh, Ar Riyadh"
"1,950,000 SAR",Villa,7+,7,381 sqm,"As Sawari, Al Khubar, Eastern"
"810,000 SAR",Apartment,6,5,219 sqm,"Shuran, Madinah, Al Madinah Al Munawwarah"
"1,050,000 SAR",Apartment,4,4,153 sqm,"As Salamah, Jeddah, Makkah Al Mukarramah"
"1,100,000 SAR",Villa,7,6,464 sqm,"Al Murjaniyah, Rabigh, Makkah Al Mukarramah"
"1,300,000 SAR",Villa,7+,7+,300 sqm,"Tuwaiq, Riyadh, Ar Riyadh"
"480,000 SAR",Apartment,4,3,128 sqm,"Al Wahah, Jeddah, Makkah Al Mukarramah"
"1,450,000 SAR",Full Floor,5,4,405 sqm,"Al Jabirah, Madinah, Al Madinah Al Munawwarah"
"1,500,000 SAR",Apartment,3,3,241 sqm,"Al Malqa, Riyadh, Ar Riyadh"
"500,000 SAR",Apartment,4,3,128 sqm,"As Safa, Jeddah, Makkah Al Mukarramah"
"3,300,000 SAR",Villa,4,6,390 sqm,"Ar Rafiah, Riyadh, Ar Riyadh"
"600,000 SAR",Apartment,4,3,156 sqm,"Al Tarwia, Makah Almukaramuh, Makkah Al Mukarramah"
"530,000 SAR",Apartment,4,3,185 sqm,"Al Muhammadiyah 2, Jazan, Jazan"
"550,000 SAR",Apartment,6,4,233 sqm,"Al Muhammadiyah 2, Jazan, Jazan"
"4,500,000 SAR",Villa,7+,7+,500 sqm,"عقرباء, امارة منطقة الرياض - الجبيله, Ar Riyadh"
"650,000 SAR",Full Floor,6,4,500 sqm,"Al Haylah Al Gharbi, Muhayil, Asir"
"700,000 SAR",Villa,6,5,249 sqm,"Al Qafilah, Khamis Mushayt, Asir"
"1,300,000 SAR",Villa,6,7,250 sqm,"Taibah, Makah Almukaramuh, Makkah Al Mukarramah"
"625,000 SAR",Apartment,4,4,138 sqm,"As Safa, Jeddah, Makkah Al Mukarramah"
"720,000 SAR",Apartment,4,3,147 sqm,"Al Ajwad, Jeddah, Makkah Al Mukarramah"
"2,400,000 SAR",Villa,5,6,300 sqm,"Al Murjan, Jeddah, Makkah Al Mukarramah"
"630,000 SAR",Apartment,6,4,158 sqm,"Al Sawari, Jeddah, Makkah Al Mukarramah"
"509,000 SAR",Apartment,3,3,529 sqm,"Ar Rawdah, Jeddah, Makkah Al Mukarramah"
"640,000 SAR",Apartment,7,5,218 sqm,"Ar Rehab 3, Jazan, Jazan"
"1,500,000 SAR",Villa,7+,7+,437 sqm,"Al Lulu, Al Khubar, Eastern"
"1,150,000 SAR",Apartment,3,3,124 sqm,"Al Arid, Riyadh, Ar Riyadh"
"830,000 SAR",Villa,7,5,254 sqm,"Ar Rawdah, Jazan, Jazan"
"2,500,000 SAR",Villa,5,5,450 sqm,"At Taawon, Jeddah, Makkah Al Mukarramah"
"550,000 SAR",Apartment,3,2,190 sqm,"Shubra, Riyadh, Ar Riyadh"
"1,000,000 SAR",Villa,7+,7,200 sqm,"Al Frosyah, Jeddah, Makkah Al Mukarramah"
"715,000 SAR",Apartment,4,5,229 sqm,"Al Hizam Al Akhdar, Al Ahsa, Eastern"
"1,200,000 SAR",Full Floor,5,4,300 sqm,"Al Noor, Jeddah, Makkah Al Mukarramah"
"1,800,000 SAR",Apartment,4,4,197 sqm,"Al Yasmin, Riyadh, Ar Riyadh"
"620,000 SAR",Full Floor,5,3,166 sqm,"Badr, Riyadh, Ar Riyadh"
"695,000 SAR",Apartment,5,5,185 sqm,"As Safa, Jeddah, Makkah Al Mukarramah"
"1,000,000 SAR",Full Floor,5,3,159 sqm,"Al Qadisiyah, Riyadh, Ar Riyadh"
"735,000 SAR",Apartment,4,5,235 sqm,"Al Hizam Al Akhdar, Al Ahsa, Eastern"
"1,080,000 SAR",Full Floor,5,4,312 sqm,"Al Falah, Jeddah, Makkah Al Mukarramah"
"690,000 SAR",Apartment,4,3,154 sqm,"Al Naseem, Makah Almukaramuh, Makkah Al Mukarramah"
"720,000 SAR",Apartment,5,3,201 sqm,"Al Muhammadiyah, Makah Almukaramuh, Makkah Al Mukarramah"
"1,400,000 SAR",Villa,7+,7+,210 sqm,"Ar Ranuna, Madinah, Al Madinah Al Munawwarah"
"590,000 SAR",Apartment,4,3,139 sqm,"Al Marwah, Jeddah, Makkah Al Mukarramah"
"840,000 SAR",Villa,7+,7,363 sqm,"Al Basatin Al Sharqi, Bariduh, Al Qassim"
"1,200,000 SAR",Full Floor,3,3,242 sqm,"Al Qadisiyah, Riyadh, Ar Riyadh"
"690,000 SAR",Apartment,4,5,223 sqm,"Umm Hablain Al Gharbia, Jeddah, Makkah Al Mukarramah"
"620,000 SAR",Apartment,5,4,262 sqm,"إشبيلية, Al Jubail, Eastern"
"600,000 SAR",Apartment,4,4,138 sqm,"As Safa, Jeddah, Makkah Al Mukarramah"
"1,070,000 SAR",Villa,7+,6,330 sqm,"Al Amwaj, Al Khubar, Eastern"
"735,000 SAR",Apartment,6,4,168 sqm,"An Nuzhah, Jeddah, Makkah Al Mukarramah"
"3,600,000 SAR",Villa,3,4,900 sqm,"Ar Rabwah, Riyadh, Ar Riyadh"
"930,000 SAR",Apartment,6,5,251 sqm,"An Nuzhah, Jeddah, Makkah Al Mukarramah"
"430,000 SAR",Apartment,4,4,159 sqm,"Ash Shulah, Ad Dammam, Eastern"
"670,000 SAR",Apartment,4,3,131 sqm,"Al Manar, Jeddah, Makkah Al Mukarramah"
"460,000 SAR",Apartment,4,4,165 sqm,"Ash Shulah, Ad Dammam, Eastern"
"605,000 SAR",Apartment,6,4,255 sqm,"إشبيلية, Al Jubail, Eastern"
"1,300,000 SAR",Full Floor,5,4,200 sqm,"Ar Rawdah, Jeddah, Makkah Al Mukarramah"
"500,000 SAR",Apartment,6,3,205 sqm,"Al Muhammadiyah 2, Jazan, Jazan"
"780,000 SAR",Apartment,6,4,215 sqm,"Ar Rawabi, Madinah, Al Madinah Al Munawwarah"
"740,000 SAR",Full Floor,5,3,177 sqm,"Shuran, Madinah, Al Madinah Al Munawwarah"
"750,000 SAR",Apartment,7+,6,356 sqm,"Al Jabal, Khamis Mushayt, Asir"
"1,300,000 SAR",Apartment,3,3,143 sqm,"Qurtubah, Riyadh, Ar Riyadh"
"2,450,000 SAR",Villa,7+,6,466 sqm,"Al Murjan, Jeddah, Makkah Al Mukarramah"
"580,000 SAR",Apartment,5,3,131 sqm,"Al Manar, Jeddah, Makkah Al Mukarramah"
"580,000 SAR",Full Floor,6,4,223 sqm,"As Safa, Jazan, Jazan"
"1,100,000 SAR",Full Floor,4,4,131 sqm,"Al Munisiyah, Riyadh, Ar Riyadh"
"3,850,000 SAR",Villa,6,6,345 sqm,"Al Basatin, Jeddah, Makkah Al Mukarramah"
"650,000 SAR",Apartment,4,2,100 sqm,"المثناه, امارة منطقة مكة المكرمة - الطائف, Makkah Al Mukarramah"
"840,000 SAR",Villa,7+,7,363 sqm,"Al Basatin Al Sharqi, Bariduh, Al Qassim"
"1,150,000 SAR",Villa,7+,7+,462 sqm,"Al Shiqah, Bariduh, Al Qassim"
"880,000 SAR",Villa,7+,6,321 sqm,"As Sawari, Al Khubar, Eastern"
"660,000 SAR",Apartment,4,3,163 sqm,"As Salam, Makah Almukaramuh, Makkah Al Mukarramah"
"680,000 SAR",Apartment,5,3,182 sqm,"King Fahd, Madinah, Al Madinah Al Munawwarah"
"1,250,000 SAR",Villa,7,7,464 sqm,"Ash Shamiya Al Jadid, Makah Almukaramuh, Makkah Al Mukarramah"
"630,000 SAR",Apartment,5,3,168 sqm,"Al Wahah, Jeddah, Makkah Al Mukarramah"
"1,000,000 SAR",Villa,7+,5,388 sqm,"الورود, ابو عريش - ابو عريش, Jazan"
"1,150,000 SAR",Villa,7+,7+,462 sqm,"Al Shiqah, Bariduh, Al Qassim"
"950,000 SAR",Full Floor,6,4,457 sqm,"أوالة, امارة منطقة مكة المكرمة - الطائف, Makkah Al Mukarramah"
"630,000 SAR",Apartment,6,4,260 sqm,"الأخباب, امارة منطقة مكة المكرمة - الطائف, Makkah Al Mukarramah"
"630,000 SAR",Apartment,6,4,260 sqm,"الأخباب, امارة منطقة مكة المكرمة - الطائف, Makkah Al Mukarramah"
"790,000 SAR",Apartment,6,5,215 sqm,"Shuran, Madinah, Al Madinah Al Munawwarah"
"980,000 SAR",Apartment,3,2,124 sqm,"Al Malqa, Riyadh, Ar Riyadh"
"800,000 SAR",Full Floor,6,3,169 sqm,"Ar Rimal, Riyadh, Ar Riyadh"
"1,050,000 SAR",Apartment,4,4,153 sqm,"As Salamah, Jeddah, Makkah Al Mukarramah"
"730,000 SAR",Full Floor,5,3,145 sqm,"Al Hazm, Riyadh, Ar Riyadh"
"1,200,000 SAR",Villa,7+,6,300 sqm,"Al Aqiq, Al Khubar, Eastern"
"650,000 SAR",Apartment,4,2,132 sqm,"الفيصلية, امارة منطقة مكة المكرمة - الطائف, Makkah Al Mukarramah"
"550,000 SAR",Apartment,6,4,306 sqm,"Khub Ath Thanyan, Bariduh, Al Qassim"
"900,000 SAR",Apartment,3,3,121 sqm,"Ishbiliyah, Riyadh, Ar Riyadh"
"880,000 SAR",Full Floor,6,4,297 sqm,"Al Khadraa, Madinah, Al Madinah Al Munawwarah"
"1,300,000 SAR",Villa,6,7,250 sqm,"Taibah, Makah Almukaramuh, Makkah Al Mukarramah"
"1,150,000 SAR",Villa,7,6,388 sqm,"الأخباب, امارة منطقة مكة المكرمة - الطائف, Makkah Al Mukarramah"
"660,000 SAR",Apartment,4,3,163 sqm,"As Salam, Makah Almukaramuh, Makkah Al Mukarramah"
"580,000 SAR",Apartment,6,4,255 sqm,"إشبيلية, Al Jubail, Eastern"
"1,070,000 SAR",Villa,7+,7,429 sqm,"الروضة, ابو عريش - ابو عريش, Jazan"
"1,700,000 SAR",Apartment,4,3,191 sqm,"Al Hamra, Jeddah, Makkah Al Mukarramah"
"1,200,000 SAR",Villa,7,7,300 sqm,"Ash Shamiya Al Jadid, Makah Almukaramuh, Makkah Al Mukarramah"
"3,000,000 SAR",Villa,7+,7+,375 sqm,"Al Yarmuk, East Riyadh, Ar Riyadh"
"1,350,000 SAR",Villa,6,4,330 sqm,"Ar Rimal, Riyadh, Ar Riyadh"
"550,000 SAR",Apartment,5,4,208 sqm,"Al Maealaa, Ahad Rifaydah, Asir"
"980,000 SAR",Villa,7+,6,200 sqm,"Ar Riyadh, Jeddah, Makkah Al Mukarramah"
"311,000 SAR",Apartment,1,1,62 sqm,"King Abdullah Economic City, Makkah Al Mukarramah"
"620,000 SAR",Apartment,7,5,235 sqm,"Ar Rehab 3, Jazan, Jazan"
"1,700,000 SAR",Apartment,4,3,191 sqm,"Al Hamra, Jeddah, Makkah Al Mukarramah"
"680,000 SAR",Apartment,5,3,182 sqm,"King Fahd, Madinah, Al Madinah Al Munawwarah"
"1,130,000 SAR",Apartment,6,5,245 sqm,"Al Faisaliyah, Jeddah, Makkah Al Mukarramah"
"1,900,000 SAR",Villa,7+,7,350 sqm,"Al Janadriyah, Riyadh, Ar Riyadh"
"970,000 SAR",Full Floor,5,3,375 sqm,"Al Maizialah, Riyadh, Ar Riyadh"
"565,000 SAR",Apartment,4,3,129 sqm,"Batha Quraysh, Makah Almukaramuh, Makkah Al Mukarramah"
"1,100,000 SAR",Villa,7,7,250 sqm,"Taybah, Ad Dammam, Eastern"
"1,450,000 SAR",Villa,7,3,450 sqm,"Oraid, Riyadh, Ar Riyadh"
"450,000 SAR",Apartment,3,3,133 sqm,"Al Tarwia, Makah Almukaramuh, Makkah Al Mukarramah"
"570,000 SAR",Apartment,5,4,167 sqm,"Al Tarwia, Makah Almukaramuh, Makkah Al Mukarramah"
"1,100,000 SAR",Villa,7+,6,448 sqm,"Ash Shamiya Al Jadid, Makah Almukaramuh, Makkah Al Mukarramah"
"480,000 SAR",Apartment,4,3,128 sqm,"Al Wahah, Jeddah, Makkah Al Mukarramah"
"930,000 SAR",Apartment,6,5,251 sqm,"An Nuzhah, Jeddah, Makkah Al Mukarramah"
"1,200,000 SAR",Villa,7,7,300 sqm,"Ash Shamiya Al Jadid, Makah Almukaramuh, Makkah Al Mukarramah"
"1,250,000 SAR",Apartment,6,5,290 sqm,"King Abdul Aziz University, Jeddah, Makkah Al Mukarramah"
"2,500,000 SAR",Villa,7+,7,768 sqm,"Ar Rawabi, Madinah, Al Madinah Al Munawwarah"
"700,000 SAR",Full Floor,7,4,227 sqm,"المثناه, امارة منطقة مكة المكرمة - الطائف, Makkah Al Mukarramah"
"1,100,000 SAR",Villa,6,6,362 sqm,"Taibah, Madinah, Al Madinah Al Munawwarah"
"1,400,000 SAR",Villa,7+,6,273 sqm,"As Salhiyah, Jeddah, Makkah Al Mukarramah"
"1,200,000 SAR",Full Floor,5,4,300 sqm,"Al Noor, Jeddah, Makkah Al Mukarramah"
"700,000 SAR",Apartment,5,3,249 sqm,"القيم الأعلى, امارة منطقة مكة المكرمة - الطائف, Makkah Al Mukarramah"
"3,000,000 SAR",Villa,7+,6,487 sqm,"Al Murjan, Jeddah, Makkah Al Mukarramah"
"550,000 SAR",Apartment,3,2,114 sqm,"Az Zahra, Jeddah, Makkah Al Mukarramah"
"1,350,000 SAR",Villa,7+,7,330 sqm,"Al Wafa, Jeddah, Makkah Al Mukarramah"
"1,500,000 SAR",Villa,7+,7+,437 sqm,"Al Lulu, Al Khubar, Eastern"
"1,250,000 SAR",Villa,7+,7,341 sqm,"Badr, Riyadh, Ar Riyadh"
"430,000 SAR",Apartment,5,3,181 sqm,"Al Suways 1, Jazan, Jazan"
"570,000 SAR",Apartment,5,4,167 sqm,"Al Tarwia, Makah Almukaramuh, Makkah Al Mukarramah"
"490,000 SAR",Apartment,4,3,135 sqm,"Ar Rayaan, Jeddah, Makkah Al Mukarramah"
"1,000,000 SAR",Villa,6,5,312 sqm,"Ar Riyadh, Jeddah, Makkah Al Mukarramah"
"580,000 SAR",Apartment,6,4,255 sqm,"إشبيلية, Al Jubail, Eastern"
"1,550,000 SAR",Villa,7+,6,550 sqm,"Al Zuhur, Abha, Asir"
"1,100,000 SAR",Apartment,5,4,186 sqm,"Az Zahra, Jeddah, Makkah Al Mukarramah"
"450,000 SAR",Apartment,4,3,166 sqm,"Ar Rehab 1, Jazan, Jazan"
"550,000 SAR",Apartment,6,4,306 sqm,"Khub Ath Thanyan, Bariduh, Al Qassim"
"565,000 SAR",Apartment,4,3,129 sqm,"Batha Quraysh, Makah Almukaramuh, Makkah Al Mukarramah"
"680,000 SAR",Apartment,6,4,187 sqm,"Al Sawari, Jeddah, Makkah Al Mukarramah"
"1,150,000 SAR",Apartment,6,6,266 sqm,"King Abdul Aziz University, Jeddah, Makkah Al Mukarramah"
"1,350,000 SAR",Villa,7,7,465 sqm,"Al Zarqa, Bariduh, Al Qassim"
"470,000 SAR",Apartment,3,4,133 sqm,"Ar Rawabi, Abha, Asir"
"1,450,000 SAR",Villa,7+,6,275 sqm,"Ar Rahmanyah, Jeddah, Makkah Al Mukarramah"
"935,000 SAR",Apartment,4,3,131 sqm,"Al Bahar, Al Khubar, Eastern"
"750,000 SAR",Apartment,5,4,188 sqm,"Al Aziziyah, Jeddah, Makkah Al Mukarramah"
"590,000 SAR",Apartment,4,3,139 sqm,"Al Marwah, Jeddah, Makkah Al Mukarramah"
"720,000 SAR",Apartment,5,3,201 sqm,"Al Muhammadiyah, Makah Almukaramuh, Makkah Al Mukarramah"
"700,000 SAR",Apartment,5,5,279 sqm,"Badr, Ad Dammam, Eastern"
"420,000 SAR",Apartment,4,3,137 sqm,"An Nur, Ad Dammam, Eastern"
"595,000 SAR",Apartment,4,4,138 sqm,"As Safa, Jeddah, Makkah Al Mukarramah"
"615,000 SAR",Apartment,5,4,176 sqm,"Governmental1, Jeddah, Makkah Al Mukarramah"
"1,406,570 SAR",Apartment,3,3,742 sqm,"Al Qirawan, Riyadh, Ar Riyadh"
"530,000 SAR",Apartment,5,4,203 sqm,"Al Muhammadiyah 2, Jazan, Jazan"
"1,000,000 SAR",Villa,7+,7,200 sqm,"Al Frosyah, Jeddah, Makkah Al Mukarramah"
"550,000 SAR",Apartment,5,4,197 sqm,"Ar Rehab 3, Jazan, Jazan"
"700,000 SAR",Villa,6,5,360 sqm,"Al Ihtifalat, Ar Rass, Al Qassim"
"3,400,000 SAR",Villa,7+,6,375 sqm,"Al Yarmuk, Riyadh, Ar Riyadh"
"630,000 SAR",Apartment,5,3,168 sqm,"Al Wahah, Jeddah, Makkah Al Mukarramah"
"4,500,000 SAR",Villa,7+,7+,500 sqm,"عقرباء, امارة منطقة الرياض - الجبيله, Ar Riyadh"
"980,000 SAR",Apartment,5,5,229 sqm,"King Abdul Aziz University, Jeddah, Makkah Al Mukarramah"
"530,000 SAR",Apartment,4,3,126 sqm,"Al Marwah, Jeddah, Makkah Al Mukarramah"
"470,000 SAR",Apartment,3,4,133 sqm,"Ar Rawabi, Abha, Asir"
"780,000 SAR",Apartment,4,3,132 sqm,"Ar Rawdah, Jeddah, Makkah Al Mukarramah"
"600,000 SAR",Full Floor,5,3,190 sqm,"Badr, Riyadh, Ar Riyadh"
"600,000 SAR",Apartment,4,4,138 sqm,"As Safa, Jeddah, Makkah Al Mukarramah"
"1,050,000 SAR",Villa,6,5,341 sqm,"ريحه, امارة منطقة مكة المكرمة - الطائف, Makkah Al Mukarramah"
"1,150,000 SAR",Villa,6,5,427 sqm,"Ar Rehab 1, Jazan, Jazan"
"770,000 SAR",Villa,7+,5,366 sqm,"Al Basatin Al Sharqi, Bariduh, Al Qassim"
"590,000 SAR",Apartment,4,3,139 sqm,"Al Marwah, Jeddah, Makkah Al Mukarramah"
"720,000 SAR",Villa,7,5,227 sqm,"Khub Ath Thanyan, Bariduh, Al Qassim"
"600,000 SAR",Apartment,5,3,161 sqm,"Al Muhammadiyah, Makah Almukaramuh, Makkah Al Mukarramah"
"900,000 SAR",Full Floor,6,3,312 sqm,"Ar Riyadh, Jeddah, Makkah Al Mukarramah"
"1,050,000 SAR",Apartment,4,3,153 sqm,"An Nahdah, Jeddah, Makkah Al Mukarramah"
"2,000,000 SAR",Villa,7+,7+,325 sqm,"Al Faisaliyah, Ad Dammam, Eastern"
"630,000 SAR",Apartment,6,4,158 sqm,"Al Sawari, Jeddah, Makkah Al Mukarramah"
"420,000 SAR",Apartment,4,3,206 sqm,"Al Tadamun, Khamis Mushayt, Asir"
"860,000 SAR",Apartment,6,4,203 sqm,"Al Faisaliyah, Jeddah, Makkah Al Mukarramah"
"1,050,000 SAR",Apartment,4,4,156 sqm,"As Salamah, Jeddah, Makkah Al Mukarramah"
"1,200,000 SAR",Villa,7+,6,300 sqm,"Ar Rahmanyah, Jeddah, Makkah Al Mukarramah"
"1,050,000 SAR",Villa,7+,7,402 sqm,"الواسط, امارة منطقة مكة المكرمة - الطائف, Makkah Al Mukarramah"
"690,000 SAR",Apartment,5,3,186 sqm,"Shuran, Madinah, Al Madinah Al Munawwarah"
"950,000 SAR",Full Floor,5,3,156 sqm,"Al Qadisiyah, Riyadh, Ar Riyadh"
"2,500,000 SAR",Villa,7+,7,768 sqm,"Ar Rawabi, Madinah, Al Madinah Al Munawwarah"
"950,000 SAR",Full Floor,4,4,146 sqm,"Ar Rimal, Riyadh, Ar Riyadh"
"1,150,000 SAR",Villa,7,6,388 sqm,"الأخباب, امارة منطقة مكة المكرمة - الطائف, Makkah Al Mukarramah"
"855,000 SAR",Full Floor,6,3,166 sqm,"Al Nadwah, Riyadh, Ar Riyadh"
"530,000 SAR",Apartment,5,3,160 sqm,"Al Marwah, Jeddah, Makkah Al Mukarramah"
"580,000 SAR",Full Floor,7,5,210 sqm,"Al Dhurfah, Khamis Mushayt, Asir"
"900,000 SAR",Full Floor,5,4,192 sqm,"Tuwaiq, Riyadh, Ar Riyadh"
"560,000 SAR",Apartment,6,4,214 sqm,"Al Dhurfah, Khamis Mushayt, Asir"
"520,000 SAR",Apartment,4,2,85 sqm,"Al Nadwah, Riyadh, Ar Riyadh"
"600,000 SAR",Full Floor,7,4,219 sqm,"Al Dhurfah, Khamis Mushayt, Asir"
"580,000 SAR",Full Floor,7,4,229 sqm,"Al Dhurfah, Khamis Mushayt, Asir"
"630,000 SAR",Full Floor,6,5,244 sqm,"Al Zuhur, Abha, Asir"
"800,000 SAR",Villa,7+,6,352 sqm,"الرحبة, امارة منطقة مكة المكرمة - الطائف, Makkah Al Mukarramah"
"1,550,000 SAR",Villa,7+,7,435 sqm,"Ash Shulah, Ad Dammam, Eastern"
"580,000 SAR",Full Floor,7,5,210 sqm,"Al Hadari, Khamis Mushayt, Asir"
"650,000 SAR",Apartment,5,3,163 sqm,"Al Janadriyah, Riyadh, Ar Riyadh"
"1,600,000 SAR",Villa,7+,7,492 sqm,"Al Janadriyah, Riyadh, Ar Riyadh"
"580,000 SAR",Apartment,7,4,199 sqm,"Ar Rawabi, Abha, Asir"
"550,000 SAR",Full Floor,7+,4,221 sqm,"Al Sharaf, Khamis Mushayt, Asir"
"1,050,000 SAR",Villa,7+,6,462 sqm,"ابو عريش - ابو عريش, Jazan"
"1,050,000 SAR",Villa,7+,6,462 sqm,"ابو عريش - ابو عريش, Jazan"
"1,001,540 SAR",Apartment,4,3,1 sqm,"East Riyadh, Ar Riyadh"
"600,000 SAR",Apartment,5,3,193 sqm,"Makah Almukaramuh, Makkah Al Mukarramah"
"600,000 SAR",Apartment,5,3,193 sqm,"Makah Almukaramuh, Makkah Al Mukarramah"
"550,000 SAR",Apartment,6,4,247 sqm,"Ar Rawabi, Abha, Asir"
"925,000 SAR",Apartment,4,4,162 sqm,"Al Yarmuk, Riyadh, Ar Riyadh"
"700,000 SAR",Apartment,3,3,118 sqm,"Al Janadriyah, Riyadh, Ar Riyadh"
"720,000 SAR",Full Floor,4,3,161 sqm,"Dirab, Riyadh, Ar Riyadh"
"900,000 SAR",Full Floor,5,5,200 sqm,"Al Janadriyah, Riyadh, Ar Riyadh"
"660,000 SAR",Apartment,4,3,176 sqm,"الواسط, امارة منطقة مكة المكرمة - الطائف, Makkah Al Mukarramah"
"730,000 SAR",Full Floor,5,3,180 sqm,"Uqaz, Riyadh, Ar Riyadh"
"680,000 SAR",Apartment,5,4,243 sqm,"الواسط, امارة منطقة مكة المكرمة - الطائف, Makkah Al Mukarramah"
"650,000 SAR",Full Floor,5,3,125 sqm,"Al Bayan, Riyadh, Ar Riyadh"
"1,100,000 SAR",Apartment,6,4,192 sqm,"As Salamah, Jeddah, Makkah Al Mukarramah"
"850,000 SAR",Full Floor,6,4,220 sqm,"Tuwaiq, Riyadh, Ar Riyadh"
"900,000 SAR",Full Floor,7,3,167 sqm,"Al Nadwah, Riyadh, Ar Riyadh"
"1,650,000 SAR",Villa,5,5,356 sqm,"Al Bayan, Riyadh, Ar Riyadh"
"2,400,000 SAR",Whole Building,7+,7+,400 sqm,"Al Khalidiyah, Makah Almukaramuh, Makkah Al Mukarramah"
"830,000 SAR",Apartment,7,7,445 sqm,"Al Maealaa, Ahad Rifaydah, Asir"
"720,000 SAR",Full Floor,5,5,208 sqm,"Al Janadriyah, Riyadh, Ar Riyadh"
"450,000 SAR",Apartment,4,3,96 sqm,"Umm Al Jud, Makah Almukaramuh, Makkah Al Mukarramah"
"1,650,000 SAR",Full Floor,6,4,230 sqm,"Ar Rimal, Riyadh, Ar Riyadh"
"450,000 SAR",Apartment,4,3,165 sqm,"Aleasiluh, Jazan"
"1,300,000 SAR",Villa,7,6,318 sqm,"As Sawari, Al Khubar, Eastern"
"1,500,000 SAR",Villa,6,5,319 sqm,"Al Yarmuk, Riyadh, Ar Riyadh"
"970,000 SAR",Apartment,7+,6,321 sqm,"Al Wahah, Ad Dammam, Eastern"
"760,000 SAR",Apartment,5,5,217 sqm,"As Sad, Madinah, Al Madinah Al Munawwarah"
"560,000 SAR",Apartment,4,5,145 sqm,"Governmental1, Jeddah, Makkah Al Mukarramah"
"540,000 SAR",Apartment,3,3,137 sqm,"Al Muhammadiyah, Makah Almukaramuh, Makkah Al Mukarramah"
"960,000 SAR",Apartment,7+,5,239 sqm,"Governmental1, Jeddah, Makkah Al Mukarramah"
"1,000,000 SAR",Villa,7+,6,379 sqm,"الرحبة, امارة منطقة مكة المكرمة - الطائف, Makkah Al Mukarramah"
"720,000 SAR",Villa,7,5,303 sqm,"السليمانية, امارة منطقة مكة المكرمة - الطائف, Makkah Al Mukarramah"
"650,000 SAR",Apartment,4,3,154 sqm,"Al Khuzama, Al Khubar, Eastern"
"550,000 SAR",Apartment,4,3,127 sqm,"Mansubi Al Taleem 1st, Al Ahsa, Eastern"
"870,000 SAR",Villa,7+,6,334 sqm,"Mansubi Al Taleem 1st, Al Ahsa, Eastern"
"560,000 SAR",Apartment,5,3,179 sqm,"An Nawwariyah, Makah Almukaramuh, Makkah Al Mukarramah"
"560,000 SAR",Apartment,5,4,171 sqm,"Governmental1, Jeddah, Makkah Al Mukarramah"
"510,000 SAR",Apartment,4,3,130 sqm,"Al Wahah, Jeddah, Makkah Al Mukarramah"
"1,750,000 SAR",Villa,4,7,354 sqm,"Ash Sheraa, Jeddah, Makkah Al Mukarramah"
"615,000 SAR",Apartment,5,3,172 sqm,"Mraykh, Jeddah, Makkah Al Mukarramah"
"600,000 SAR",Apartment,6,4,217 sqm,"Mraykh, Jeddah, Makkah Al Mukarramah"
"10,000,000 SAR",Whole Building,5,5,750 sqm,"Al Marwah, Jeddah, Makkah Al Mukarramah"
"1,800,000 SAR",Villa,7+,6,362 sqm,"Az Zomorod, Jeddah, Makkah Al Mukarramah"
"630,000 SAR",Apartment,4,4,157 sqm,"Ar Rayaan, Jeddah, Makkah Al Mukarramah"
"850,000 SAR",Apartment,5,5,213 sqm,"As Salhiyah, Jeddah, Makkah Al Mukarramah"
"615,000 SAR",Apartment,5,3,172 sqm,"Mraykh, Jeddah, Makkah Al Mukarramah"
"660,000 SAR",Full Floor,7,5,450 sqm,"ضاحية الإسكان, امارة منطقة مكة المكرمة - الطائف, Makkah Al Mukarramah"
"980,000 SAR",Full Floor,5,3,168 sqm,"Ar Rimal, Riyadh, Ar Riyadh"
"1,100,000 SAR",Full Floor,6,3,203 sqm,"An Nahdah, Riyadh, Ar Riyadh"
"510,000 SAR",Apartment,4,3,130 sqm,"Al Wahah, Jeddah, Makkah Al Mukarramah"
"1,680,000 SAR",Villa,7,6,225 sqm,"Ar Rimal, Riyadh, Ar Riyadh"
"730,000 SAR",Full Floor,6,3,176 sqm,"Al Janadriyah, Riyadh, Ar Riyadh"
"670,000 SAR",Apartment,4,3,131 sqm,"As Salamah, Jeddah, Makkah Al Mukarramah"
"900,000 SAR",Full Floor,6,4,168 sqm,"Tuwaiq, Riyadh, Ar Riyadh"
"1,450,000 SAR",Full Floor,5,4,130 sqm,"Al Munisiyah, Riyadh, Ar Riyadh"
"1,070,000 SAR",Villa,7+,5,494 sqm,"Aleasiluh, Jazan"
"580,000 SAR",Apartment,5,4,167 sqm,"Ar Rehab 3, Jazan, Jazan"
"1,530,000 SAR",Villa,6,6,390 sqm,"Al Hazm, Bariduh, Al Qassim"
"590,000 SAR",Apartment,3,3,124 sqm,"As Salamah, Jeddah, Makkah Al Mukarramah"
"520,000 SAR",Apartment,4,4,139 sqm,"As Safa, Jeddah, Makkah Al Mukarramah"
"570,000 SAR",Apartment,3,3,112 sqm,"Al Janadriyah, Riyadh, Ar Riyadh"
"480,000 SAR",Apartment,4,3,135 sqm,"As Safa, Jeddah, Makkah Al Mukarramah"
"590,000 SAR",Full Floor,7,4,202 sqm,"An Nuzhah 1, Ahad Rifaydah, Asir"
"690,000 SAR",Apartment,4,3,159 sqm,"Batha Quraysh, Makah Almukaramuh, Makkah Al Mukarramah"
"670,000 SAR",Apartment,4,3,159 sqm,"Batha Quraysh, Makah Almukaramuh, Makkah Al Mukarramah"
"1,150,000 SAR",Villa,7+,7+,390 sqm,"As Salam, Madinah, Al Madinah Al Munawwarah"
"950,000 SAR",Full Floor,6,5,246 sqm,"Al Janadriyah, Riyadh, Ar Riyadh"
"770,000 SAR",Villa,7,5,265 sqm,"الرحاب, امارة منطقة مكة المكرمة - الطائف, Makkah Al Mukarramah"
"1,500,000 SAR",Villa,7+,5,465 sqm,"Sharqia, Abha, Asir"
"925,000 SAR",Villa,6,7,320 sqm,"Al Suways 1, Jazan, Jazan"
"560,000 SAR",Apartment,4,4,128 sqm,"Ar Rabwah, Jeddah, Makkah Al Mukarramah"
"780,000 SAR",Apartment,6,3,208 sqm,"أم العراد, امارة منطقة مكة المكرمة - الطائف, Makkah Al Mukarramah"
"590,000 SAR",Apartment,3,3,124 sqm,"As Salamah, Jeddah, Makkah Al Mukarramah"
"700,000 SAR",Apartment,6,4,243 sqm,"Al Badi, Abha, Asir"
"980,000 SAR",Apartment,4,5,242 sqm,"Al Janadriyah, Riyadh, Ar Riyadh"
"680,000 SAR",Villa,7,5,343 sqm,"السليمانية, امارة منطقة مكة المكرمة - الطائف, Makkah Al Mukarramah"
"830,000 SAR",Apartment,5,5,182 sqm,"Al Manar, Jeddah, Makkah Al Mukarramah"
"1,250,000 SAR",Villa,7+,6,300 sqm,"Al Amanah, Ad Dammam, Eastern"
"560,000 SAR",Apartment,7,4,221 sqm,"Al Ghadir, Abha, Asir"
"1,030,000 SAR",Villa,7+,6,225 sqm,"Al Amwaj, Al Khubar, Eastern"
"580,000 SAR",Full Floor,6,4,226 sqm,"Al Dhurfah, Khamis Mushayt, Asir"
"620,000 SAR",Apartment,3,2,111 sqm,"As Salamah, Jeddah, Makkah Al Mukarramah"
"1,460,000 SAR",Apartment,6,3,198 sqm,"An Nahdah, Jeddah, Makkah Al Mukarramah"
"950,000 SAR",Villa,7,6,200 sqm,"Al Hazm, Al Qatif, Eastern"
"1,400,000 SAR",Full Floor,4,3,141 sqm,"Al Munisiyah, Riyadh, Ar Riyadh"
"650,000 SAR",Apartment,5,4,280 sqm,"Dhahban Western, Khamis Mushayt, Asir"
"600,000 SAR",Full Floor,5,3,195 sqm,"Shuran, Madinah, Al Madinah Al Munawwarah"
"1,350,000 SAR",Villa,7+,7,300 sqm,"Ash Shamiya Al Jadid, Makah Almukaramuh, Makkah Al Mukarramah"
"580,000 SAR",Full Floor,6,4,226 sqm,"Al Dhurfah, Khamis Mushayt, Asir"
"740,000 SAR",Apartment,2,1,50 sqm,"Al Qadisiyah, Riyadh, Ar Riyadh"
"700,000 SAR",Apartment,4,4,129 sqm,"An Naim, Jeddah, Makkah Al Mukarramah"
"580,000 SAR",Apartment,5,5,211 sqm,"Shuran, Madinah, Al Madinah Al Munawwarah"
"1,350,000 SAR",Villa,7+,7+,300 sqm,"Ar Rahmanyah, Jeddah, Makkah Al Mukarramah"
"600,000 SAR",Apartment,6,3,195 sqm,"Al Zuhur, Abha, Asir"
"900,000 SAR",Villa,7+,6,342 sqm,"الصفاء, ابو عريش - ابو عريش, Jazan"
"630,000 SAR",Apartment,7+,6,344 sqm,"At Taawun, Khamis Mushayt, Asir"
"750,000 SAR",Apartment,4,3,137 sqm,"As Salamah, Jeddah, Makkah Al Mukarramah"
"550,000 SAR",Apartment,6,4,208 sqm,"Al Muhammadiyah 2, Jazan, Jazan"
"480,000 SAR",Apartment,4,3,121 sqm,"Al Manar, Jeddah, Makkah Al Mukarramah"
"630,000 SAR",Apartment,7,5,225 sqm,"Ash Shati, Jazan, Jazan"
"400,000 SAR",Apartment,4,3,164 sqm,"Al Muhammadiyah 1, Jazan, Jazan"
"750,000 SAR",Apartment,4,4,141 sqm,"As Salamah, Jeddah, Makkah Al Mukarramah"
"1,200,000 SAR",Villa,7+,7,286 sqm,"Nubala, Madinah, Al Madinah Al Munawwarah"
"820,000 SAR",Apartment,5,4,238 sqm,"Ad Duwaikhilah, Madinah, Al Madinah Al Munawwarah"
"1,000,000 SAR",Apartment,4,4,162 sqm,"As Salamah, Jeddah, Makkah Al Mukarramah"
"400,000 SAR",Apartment,4,3,132 sqm,"An Nur, Ad Dammam, Eastern"
"400,000 SAR",Apartment,4,3,132 sqm,"An Nur, Ad Dammam, Eastern"
"840,000 SAR",Villa,7,5,369 sqm,"الرحاب, امارة منطقة مكة المكرمة - الطائف, Makkah Al Mukarramah"
"470,000 SAR",Apartment,5,4,198 sqm,"Ar Rehab 3, Jazan, Jazan"
"690,000 SAR",Apartment,4,3,152 sqm,"Wadi Muzaynib, Madinah, Al Madinah Al Munawwarah"
"2,500,000 SAR",Villa,7+,7+,300 sqm,"Ash Sheraa, Jeddah, Makkah Al Mukarramah"
"2,500,000 SAR",Villa,7,7+,300 sqm,"Ash Sheraa, Jeddah, Makkah Al Mukarramah"
"650,000 SAR",Apartment,4,3,810 sqm,"Badr, Riyadh, Ar Riyadh"
"400,000 SAR",Apartment,4,3,148 sqm,"Al Muhammadiyah 2, Jazan, Jazan"
"410,000 SAR",Apartment,4,3,149 sqm,"Al Suways 1, Jazan, Jazan"
"650,000 SAR",Apartment,4,3,810 sqm,"Badr, Riyadh, Ar Riyadh"
"1,000,000 SAR",Apartment,4,4,162 sqm,"As Salamah, Jeddah, Makkah Al Mukarramah"
"1,380,000 SAR",Villa,7,7,300 sqm,"Ar Rahmanyah, Jeddah, Makkah Al Mukarramah"
"770,000 SAR",Apartment,4,4,140 sqm,"As Salamah, Jeddah, Makkah Al Mukarramah"
"1,150,000 SAR",Full Floor,5,4,315 sqm,"Al Wafa, Jeddah, Makkah Al Mukarramah"
"1,350,000 SAR",Villa,7,7,275 sqm,"Ar Rahmanyah, Jeddah, Makkah Al Mukarramah"
"1,380,000 SAR",Villa,7,7,300 sqm,"Ar Rahmanyah, Jeddah, Makkah Al Mukarramah"
"1,100,000 SAR",Apartment,4,3,153 sqm,"Al Munisiyah, Riyadh, Ar Riyadh"
"1,100,000 SAR",Apartment,4,3,153 sqm,"Al Munisiyah, Riyadh, Ar Riyadh"
"1,350,000 SAR",Villa,7,7,275 sqm,"Ar Rahmanyah, Jeddah, Makkah Al Mukarramah"
"1,100,000 SAR",Full Floor,5,4,148 sqm,"Ar Rimal, Riyadh, Ar Riyadh"
"2,300,000 SAR",Villa,7,7,368 sqm,"Al Muntazah, Ad Dammam, Eastern"
"380,000 SAR",Apartment,3,3,122 sqm,"Airport, Jazan, Jazan"
"1,200,000 SAR",Villa,7,7,345 sqm,"Al Jamiyin, Al Ahsa, Eastern"
"800,000 SAR",Villa,7+,6,222 sqm,"Taybah, Ad Dammam, Eastern"
"1,250,000 SAR",Villa,7+,5,298 sqm,"أم العراد, امارة منطقة مكة المكرمة - الطائف, Makkah Al Mukarramah"
"520,000 SAR",Apartment,5,4,192 sqm,"Ash Shifa, Khamis Mushayt, Asir"
"1,100,000 SAR",Villa,5,5,387 sqm,"Ash Shamiya Al Jadid, Makah Almukaramuh, Makkah Al Mukarramah"
"700,000 SAR",Apartment,3,3,117 sqm,"Ar Rawabi, Madinah, Al Madinah Al Munawwarah"
"1,000,000 SAR",Full Floor,5,2,312 sqm,"Ar Rimal, Riyadh, Ar Riyadh"
"850,000 SAR",Villa,6,6,302 sqm,"الحمراء, Al Jubail, Eastern"
"500,000 SAR",Apartment,5,3,176 sqm,"Al Iskan, Samith, Jazan"
"2,500,000 SAR",Villa,7+,7+,300 sqm,"Ash Sheraa, Jeddah, Makkah Al Mukarramah"
"700,000 SAR",Apartment,6,4,198 sqm,"الحمراء, Al Jubail, Eastern"
"480,000 SAR",Apartment,4,4,171 sqm,"Ar Rehab 1, Jazan, Jazan"
"640,000 SAR",Apartment,6,3,201 sqm,"Harat Al Bab Al Jadid, Makah Almukaramuh, Makkah Al Mukarramah"
"1,210,000 SAR",Villa,7,7+,468 sqm,"Ar Rehab, Bariduh, Al Qassim"
"520,000 SAR",Apartment,4,3,119 sqm,"Al Firdaws, Ad Dammam, Eastern"
"480,000 SAR",Apartment,4,4,171 sqm,"Ar Rehab 1, Jazan, Jazan"
"1,000,000 SAR",Full Floor,4,5,346 sqm,"Al Khadraa, Madinah, Al Madinah Al Munawwarah"
"690,000 SAR",Apartment,5,3,165 sqm,"Al Faiha, Jeddah, Makkah Al Mukarramah"
"480,000 SAR",Apartment,4,4,171 sqm,"Ar Rehab 1, Jazan, Jazan"
"500,000 SAR",Apartment,4,3,186 sqm,"Ar Rehab 1, Jazan, Jazan"
"750,000 SAR",Apartment,6,5,219 sqm,"Ar Rawabi, Madinah, Al Madinah Al Munawwarah"
"700,000 SAR",Apartment,4,2,141 sqm,"Harat Al Bab Al Jadid, Makah Almukaramuh, Makkah Al Mukarramah"
"650,000 SAR",Apartment,6,4,214 sqm,"Badr, Riyadh, Ar Riyadh"
"700,000 SAR",Apartment,4,3,149 sqm,"Harat Al Bab Al Jadid, Makah Almukaramuh, Makkah Al Mukarramah"
"900,000 SAR",Apartment,4,3,235 sqm,"An Nawwariyah, Makah Almukaramuh, Makkah Al Mukarramah"
"500,000 SAR",Apartment,4,3,123 sqm,"Umm Al Jud, Makah Almukaramuh, Makkah Al Mukarramah"
"690,000 SAR",Apartment,5,3,165 sqm,"Al Faiha, Jeddah, Makkah Al Mukarramah"
"7,500,000 SAR",Villa,7+,7+,750 sqm,"Al Mahdiyah, Riyadh, Ar Riyadh"
"630,000 SAR",Apartment,5,3,185 sqm,"King Fahd, Makah Almukaramuh, Makkah Al Mukarramah"
"750,000 SAR",Apartment,6,5,219 sqm,"Ar Rawabi, Madinah, Al Madinah Al Munawwarah"
"500,000 SAR",Apartment,5,3,170 sqm,"Al Iskan, Samith, Jazan"
"1,150,000 SAR",Villa,5,5,400 sqm,"An Nawwariyah, Makah Almukaramuh, Makkah Al Mukarramah"
"850,000 SAR",Apartment,5,4,195 sqm,"Al Manar, Jeddah, Makkah Al Mukarramah"
"1,070,000 SAR",Villa,7+,6,330 sqm,"Al Amwaj, Al Khubar, Eastern"
"700,000 SAR",Full Floor,7,4,216 sqm,"السلامة, امارة منطقة مكة المكرمة - الطائف, Makkah Al Mukarramah"
"600,000 SAR",Apartment,5,3,237 sqm,"Ar Rawabi, Madinah, Al Madinah Al Munawwarah"
"1,089,000 SAR",Villa,7+,7,313 sqm,"Ar Rimal, Bariduh, Al Qassim"
"1,070,000 SAR",Villa,7+,6,330 sqm,"Al Amwaj, Al Khubar, Eastern"
"750,000 SAR",Apartment,5,4,196 sqm,"Ash Shawqiyah, Makah Almukaramuh, Makkah Al Mukarramah"
"830,000 SAR",Apartment,7,4,348 sqm,"Al Qayshah, Ahad Rifaydah, Asir"
"850,000 SAR",Apartment,5,4,195 sqm,"Al Manar, Jeddah, Makkah Al Mukarramah"
"700,000 SAR",Apartment,5,3,235 sqm,"Ar Rawabi, Madinah, Al Madinah Al Munawwarah"
"450,000 SAR",Apartment,4,3,149 sqm,"Dahiyat Al Malik Fahd, Ad Dammam, Eastern"
"2,200,000 SAR",Villa,7,7,312 sqm,"As Saif, Ad Dammam, Eastern"
"915,000 SAR",Villa,7+,5,250 sqm,"Ar Rimal, Bariduh, Al Qassim"
"550,000 SAR",Apartment,5,3,208 sqm,"Aleasiluh, Jazan"
"890,000 SAR",Full Floor,4,3,312 sqm,"Ar Rimal, Riyadh, Ar Riyadh"
"1,230,000 SAR",Villa,7,7,285 sqm,"Shuran, Madinah, Al Madinah Al Munawwarah"
"590,000 SAR",Apartment,7,4,256 sqm,"Ash Shati, Jazan, Jazan"
"1,950,000 SAR",Villa,7+,7+,241 sqm,"Al Bawadi, Jeddah, Makkah Al Mukarramah"
"870,000 SAR",Villa,5,5,262 sqm,"مثملة, امارة منطقة مكة المكرمة - الطائف, Makkah Al Mukarramah"
"650,000 SAR",Apartment,4,3,163 sqm,"King Fahd, Makah Almukaramuh, Makkah Al Mukarramah"
"680,000 SAR",Apartment,6,5,208 sqm,"Badr, Ad Dammam, Eastern"
"480,000 SAR",Apartment,5,4,205 sqm,"العزيزية, Al Jubail, Eastern"
"1,210,000 SAR",Villa,7,7,468 sqm,"Ar Rehab, Bariduh, Al Qassim"
"1,200,000 SAR",Villa,7,6,436 sqm,"الواسط, امارة منطقة مكة المكرمة - الطائف, Makkah Al Mukarramah"
"730,000 SAR",Villa,5,4,263 sqm,"Al Khadraa, Madinah, Al Madinah Al Munawwarah"
"420,000 SAR",Apartment,4,3,194 sqm,"Al Tadamun, Khamis Mushayt, Asir"
"880,000 SAR",Full Floor,6,4,297 sqm,"Al Khadraa, Madinah, Al Madinah Al Munawwarah"
"1,500,000 SAR",Apartment,4,4,216 sqm,"Al Munisiyah, Riyadh, Ar Riyadh"
"650,000 SAR",Full Floor,7,4,218 sqm,"Al Suways 1, Jazan, Jazan"
"650,000 SAR",Apartment,5,3,195 sqm,"Al Jawharah, Ad Dammam, Eastern"
"700,000 SAR",Apartment,4,3,156 sqm,"Shizat, Madinah, Al Madinah Al Munawwarah"
"680,000 SAR",Apartment,5,4,184 sqm,"Batha Quraysh, Makah Almukaramuh, Makkah Al Mukarramah"
"1,250,000 SAR",Villa,7,7,465 sqm,"Ash Shamiya Al Jadid, Makah Almukaramuh, Makkah Al Mukarramah"
"1,000,000 SAR",Villa,7+,6,460 sqm,"Al Muhammadiyah 3, Jazan, Jazan"
"650,000 SAR",Full Floor,7,4,218 sqm,"Al Suways 1, Jazan, Jazan"
"1,150,000 SAR",Villa,7,5,280 sqm,"النزهة, ابو عريش - ابو عريش, Jazan"
"750,000 SAR",Apartment,5,4,220 sqm,"Hittin, Samith, Jazan"
"1,250,000 SAR",Villa,7+,7+,342 sqm,"Badr, Riyadh, Ar Riyadh"
"400,000 SAR",Apartment,5,3,157 sqm,"Aleasiluh, Jazan"
"830,000 SAR",Apartment,6,5,219 sqm,"Shuran, Madinah, Al Madinah Al Munawwarah"
"580,000 SAR",Full Floor,6,4,223 sqm,"As Safa, Jazan, Jazan"
"1,150,000 SAR",Villa,6,5,427 sqm,"Al Suways 1, Jazan, Jazan"
"940,000 SAR",Apartment,3,3,162 sqm,"Al Yarmuk, East Riyadh, Ar Riyadh"
"1,000,000 SAR",Villa,6,5,312 sqm,"Ar Riyadh, Jeddah, Makkah Al Mukarramah"
"620,000 SAR",Full Floor,5,3,166 sqm,"Badr, Riyadh, Ar Riyadh"
"730,000 SAR",Apartment,5,3,172 sqm,"Shizat, Madinah, Al Madinah Al Munawwarah"
"2,000,000 SAR",Villa,5,6,270 sqm,"Al Munisiyah, Riyadh, Ar Riyadh"
"690,000 SAR",Apartment,5,3,186 sqm,"Shuran, Madinah, Al Madinah Al Munawwarah"
"1,900,000 SAR",Villa,7+,7+,300 sqm,"Al Yaqoot, Jeddah, Makkah Al Mukarramah"
"1,150,000 SAR",Villa,6,5,427 sqm,"Ar Rehab 1, Jazan, Jazan"
"1,050,000 SAR",Apartment,4,4,156 sqm,"As Salamah, Jeddah, Makkah Al Mukarramah"
"1,350,000 SAR",Villa,7,7,465 sqm,"Al Zarqa, Bariduh, Al Qassim"
"1,100,000 SAR",Villa,7,7,400 sqm,"Ar Rehab 3, Jazan, Jazan"
"490,000 SAR",Apartment,6,3,199 sqm,"Ar Rehab 1, Jazan, Jazan"
"1,500,000 SAR",Apartment,4,4,216 sqm,"Al Munisiyah, Riyadh, Ar Riyadh"
"800,000 SAR",Apartment,3,3,200 sqm,"Al Qadisiyah, East Riyadh, Ar Riyadh"
"650,000 SAR",Apartment,6,4,212 sqm,"Ar Rehab 3, Jazan, Jazan"
"420,000 SAR",Apartment,4,3,206 sqm,"Al Tadamun, Khamis Mushayt, Asir"
"550,000 SAR",Apartment,5,4,173 sqm,"Ar Rayaan, Jeddah, Makkah Al Mukarramah"
"780,000 SAR",Apartment,5,4,211 sqm,"النسيم, امارة منطقة مكة المكرمة - الطائف, Makkah Al Mukarramah"
"1,700,000 SAR",Villa,6,6,312 sqm,"Az Zomorod, Jeddah, Makkah Al Mukarramah"
"730,000 SAR",Apartment,5,3,172 sqm,"Shizat, Madinah, Al Madinah Al Munawwarah"
"500,000 SAR",Apartment,6,3,205 sqm,"Al Muhammadiyah 2, Jazan, Jazan"
"840,000 SAR",Villa,7+,6,276 sqm,"Al Basatin Al Sharqi, Bariduh, Al Qassim"
"810,000 SAR",Apartment,6,5,219 sqm,"Shuran, Madinah, Al Madinah Al Munawwarah"
"650,000 SAR",Apartment,5,3,191 sqm,"Al Jawharah, Ad Dammam, Eastern"
"1,100,000 SAR",Villa,6,6,362 sqm,"Taibah, Madinah, Al Madinah Al Munawwarah"
"700,000 SAR",Apartment,4,3,156 sqm,"Shizat, Madinah, Al Madinah Al Munawwarah"
"680,000 SAR",Apartment,5,4,184 sqm,"Batha Quraysh, Makah Almukaramuh, Makkah Al Mukarramah"
"1,100,000 SAR",Villa,7,7,400 sqm,"Ar Rehab 3, Jazan, Jazan"
"1,200,000 SAR",Villa,7+,6,300 sqm,"Ar Rahmanyah, Jeddah, Makkah Al Mukarramah"
"935,000 SAR",Apartment,4,3,131 sqm,"Al Bahar, Al Khubar, Eastern"
"790,000 SAR",Apartment,4,3,169 sqm,"Al Qadisiyah, Riyadh, Ar Riyadh"
"400,000 SAR",Apartment,5,2,157 sqm,"Aleasiluh, Jazan"
"530,000 SAR",Apartment,4,3,185 sqm,"Al Muhammadiyah 2, Jazan, Jazan"
"800,000 SAR",Apartment,3,3,187 sqm,"Ar Rimal, East Riyadh, Ar Riyadh"
"760,000 SAR",Apartment,7+,4,217 sqm,"Al Bawadi, Jeddah, Makkah Al Mukarramah"
"1,250,000 SAR",Full Floor,3,3,265 sqm,"Al Yarmuk, East Riyadh, Ar Riyadh"
"550,000 SAR",Apartment,5,3,189 sqm,"Al Muhammadiyah 2, Jazan, Jazan"
"1,250,000 SAR",Villa,7+,5,320 sqm,"Al Gharaa, Madinah, Al Madinah Al Munawwarah"
"1,100,000 SAR",Apartment,3,3,142 sqm,"Al Yarmuk, East Riyadh, Ar Riyadh"
"1,000,000 SAR",Apartment,3,3,170 sqm,"Al Munsiyah, East Riyadh, Ar Riyadh"
"1,250,000 SAR",Villa,7+,7+,342 sqm,"Badr, Riyadh, Ar Riyadh"
"530,000 SAR",Apartment,4,3,126 sqm,"Al Marwah, Jeddah, Makkah Al Mukarramah"
"1,150,000 SAR",Villa,7,6,388 sqm,"الأخباب, امارة منطقة مكة المكرمة - الطائف, Makkah Al Mukarramah"
"830,000 SAR",Villa,7,5,254 sqm,"Ar Rawdah, Jazan, Jazan"
"790,000 SAR",Apartment,6,5,215 sqm,"Shuran, Madinah, Al Madinah Al Munawwarah"
"1,000,000 SAR",Villa,7+,5,388 sqm,"الورود, ابو عريش - ابو عريش, Jazan"
"1,100,000 SAR",Villa,7,7,250 sqm,"Taybah, Ad Dammam, Eastern"
"1,850,000 SAR",Villa,5,5,200 sqm,"Al Munisiyah, Riyadh, Ar Riyadh"
"520,000 SAR",Apartment,5,4,186 sqm,"Umm Asalam, Jeddah, Makkah Al Mukarramah"
"830,000 SAR",Apartment,6,5,219 sqm,"Shuran, Madinah, Al Madinah Al Munawwarah"
"750,000 SAR",Apartment,5,4,220 sqm,"Hittin, Samith, Jazan"
"760,000 SAR",Apartment,7+,4,217 sqm,"Al Bawadi, Jeddah, Makkah Al Mukarramah"
"600,000 SAR",Apartment,5,3,161 sqm,"Al Muhammadiyah, Makah Almukaramuh, Makkah Al Mukarramah"
"1,900,000 SAR",Villa,7+,7+,587 sqm,"Al Wurud, Khamis Mushayt, Asir"
"1,800,000 SAR",Villa,7+,7,312 sqm,"Az Zomorod, Jeddah, Makkah Al Mukarramah"
"1,050,000 SAR",Villa,5,6,210 sqm,"Nubala, Madinah, Al Madinah Al Munawwarah"
"1,400,000 SAR",Villa,7+,7+,210 sqm,"Ar Ranuna, Madinah, Al Madinah Al Munawwarah"
"1,050,000 SAR",Full Floor,3,4,209 sqm,"Al Qadisiyah, East Riyadh, Ar Riyadh"
"700,000 SAR",Villa,6,5,360 sqm,"Al Ihtifalat, Ar Rass, Al Qassim"
"1,250,000 SAR",Villa,7+,5,320 sqm,"Al Gharaa, Madinah, Al Madinah Al Munawwarah"
"650,000 SAR",Apartment,4,2,132 sqm,"الفيصلية, امارة منطقة مكة المكرمة - الطائف, Makkah Al Mukarramah"
"470,000 SAR",Apartment,4,2,134 sqm,"Mraykh, Jeddah, Makkah Al Mukarramah"
"1,230,000 SAR",Villa,7,7,285 sqm,"Shuran, Madinah, Al Madinah Al Munawwarah"
"540,000 SAR",Apartment,5,4,171 sqm,"Governmental1, Jeddah, Makkah Al Mukarramah"
"1,950,000 SAR",Villa,4,5,250 sqm,"Al Yarmuk, Riyadh, Ar Riyadh"
"480,000 SAR",Apartment,4,2,148 sqm,"Ash Shrouk, Jeddah, Makkah Al Mukarramah"
"600,000 SAR",Apartment,4,3,148 sqm,"Al Ariyd, Madinah, Al Madinah Al Munawwarah"
"1,550,000 SAR",Villa,7+,6,550 sqm,"Al Zuhur, Abha, Asir"
"1,200,000 SAR",Villa,7+,6,300 sqm,"Ar Rahmanyah, Jeddah, Makkah Al Mukarramah"
"1,400,000 SAR",Villa,7+,6,275 sqm,"Ar Rahmanyah, Jeddah, Makkah Al Mukarramah"
"690,000 SAR",Apartment,4,3,154 sqm,"Al Naseem, Makah Almukaramuh, Makkah Al Mukarramah"
"780,000 SAR",Apartment,3,3,192 sqm,"Ar Rimal, East Riyadh, Ar Riyadh"
"520,000 SAR",Apartment,5,4,173 sqm,"Governmental1, Jeddah, Makkah Al Mukarramah"
"840,000 SAR",Apartment,7,4,252 sqm,"Governmental1, Jeddah, Makkah Al Mukarramah"
"1,200,000 SAR",Apartment,4,3,153 sqm,"Al Munisiyah, Riyadh, Ar Riyadh"
"4,650,000 SAR",Villa,6,7+,750 sqm,"Az Zomorod, Jeddah, Makkah Al Mukarramah"
"3,500,000 SAR",Villa,6,6,560 sqm,"Ar Rabwah, Jeddah, Makkah Al Mukarramah"
"1,500,000 SAR",Apartment,5,3,109 sqm,"Al Aziziyah, Makah Almukaramuh, Makkah Al Mukarramah"
"480,000 SAR",Apartment,5,3,157 sqm,"Governmental1, Jeddah, Makkah Al Mukarramah"
"840,000 SAR",Apartment,7,4,252 sqm,"Governmental1, Jeddah, Makkah Al Mukarramah"
"7,000,000 SAR",Whole Building,7+,7+,472 sqm,"Ar Rawdah, Jeddah, Makkah Al Mukarramah"
"1,250,000 SAR",Villa,6,6,250 sqm,"Al Sawari, Jeddah, Makkah Al Mukarramah"
"1,400,000 SAR",Villa,7+,5,200 sqm,"West Al Uraija, Riyadh, Ar Riyadh"
"1,100,000 SAR",Apartment,5,3,148 sqm,"Al Munisiyah, Riyadh, Ar Riyadh"
"750,000 SAR",Apartment,5,3,179 sqm,"Al Manar, Jeddah, Makkah Al Mukarramah"
"2,300,000 SAR",Villa,3,4,252 sqm,"Al Arid, Riyadh, Ar Riyadh"
"680,000 SAR",Apartment,5,3,183 sqm,"Hajr, Ad Dammam, Eastern"
"480,000 SAR",Apartment,5,3,216 sqm,"Al Sharaf, Khamis Mushayt, Asir"
"1,300,000 SAR",Villa,7+,6,431 sqm,"As Sawari, Al Khubar, Eastern"
"700,000 SAR",Villa,7+,4,187 sqm,"Dirab, Riyadh, Ar Riyadh"
"850,000 SAR",Apartment,7+,4,268 sqm,"Al Bawadi, Tabuk, Tabuk"
"2,500,000 SAR",Villa,7,6,600 sqm,"Az Zomorod, Jeddah, Makkah Al Mukarramah"
"560,000 SAR",Apartment,5,3,122 sqm,"Al Marwah, Jeddah, Makkah Al Mukarramah"
"1,030,000 SAR",Apartment,6,7+,248 sqm,"Tuwaiq, Riyadh, Ar Riyadh"
"1,080,000 SAR",Apartment,7,7,277 sqm,"Tuwaiq, Riyadh, Ar Riyadh"
"3,400,000 SAR",Villa,5,5,625 sqm,"Az Zomorod, Jeddah, Makkah Al Mukarramah"
"770,000 SAR",Villa,6,5,214 sqm,"Badr, Riyadh, Ar Riyadh"
"670,000 SAR",Apartment,5,4,158 sqm,"Badr, Riyadh, Ar Riyadh"
"600,000 SAR",Apartment,5,3,169 sqm,"Al Bawadi, Tabuk, Tabuk"
"825,000 SAR",Apartment,5,4,166 sqm,"An Naim, Jeddah, Makkah Al Mukarramah"
"600,000 SAR",Apartment,6,3,169 sqm,"Al Bawadi, Tabuk, Tabuk"
"820,000 SAR",Apartment,7+,4,268 sqm,"Al Bawadi, Tabuk, Tabuk"
"1,250,000 SAR",Apartment,6,5,235 sqm,"An Nuzhah, Jeddah, Makkah Al Mukarramah"
"825,000 SAR",Apartment,5,4,166 sqm,"An Naim, Jeddah, Makkah Al Mukarramah"
"980,000 SAR",Villa,5,5,200 sqm,"Al Frosyah, Jeddah, Makkah Al Mukarramah"
"825,000 SAR",Apartment,5,4,166 sqm,"An Naim, Jeddah, Makkah Al Mukarramah"
"665,000 SAR",Apartment,6,3,222 sqm,"الجفيجف, امارة منطقة مكة المكرمة - الطائف, Makkah Al Mukarramah"
"2,200,000 SAR",Villa,7+,7+,625 sqm,"Ar Riyadh, Jeddah, Makkah Al Mukarramah"
"990,000 SAR",Apartment,7,5,376 sqm,"النزهة, امارة منطقة مكة المكرمة - الطائف, Makkah Al Mukarramah"
"550,000 SAR",Apartment,7,4,207 sqm,"Al Maealaa, Ahad Rifaydah, Asir"
"1,100,000 SAR",Apartment,6,5,282 sqm,"Al Janadriyah, Riyadh, Ar Riyadh"
"560,000 SAR",Apartment,6,4,226 sqm,"Al Dhurfah, Khamis Mushayt, Asir"
"3,200,000 SAR",Whole Building,7+,7+,430 sqm,"Al Faisaliyah, Jeddah, Makkah Al Mukarramah"
"1,650,000 SAR",Villa,5,7,200 sqm,"Al Loaloa, Jeddah, Makkah Al Mukarramah"
"11,625,000 SAR",Villa,4,7+,750 sqm,"Ar Rabie, Riyadh, Ar Riyadh"
"750,000 SAR",Apartment,7,7,345 sqm,"An Noor, Khamis Mushayt, Asir"
"550,000 SAR",Apartment,5,3,197 sqm,"Ar Rehab 3, Jazan, Jazan"
"520,000 SAR",Apartment,7,5,227 sqm,"Al Maealaa, Ahad Rifaydah, Asir"
"550,000 SAR",Apartment,7,5,273 sqm,"Al Maealaa, Ahad Rifaydah, Asir"
"550,000 SAR",Apartment,6,4,214 sqm,"Al Dhurfah, Khamis Mushayt, Asir"
"680,000 SAR",Apartment,6,4,176 sqm,"Al Manar, Jeddah, Makkah Al Mukarramah"
"850,000 SAR",Apartment,4,3,127 sqm,"Tuwaiq, Riyadh, Ar Riyadh"
"600,000 SAR",Apartment,4,3,90 sqm,"Al Awaly, Riyadh, Ar Riyadh"
"850,000 SAR",Apartment,5,3,158 sqm,"Ar Rimal, Riyadh, Ar Riyadh"
"800,000 SAR",Apartment,5,5,179 sqm,"Ar Rimal, Riyadh, Ar Riyadh"
"760,000 SAR",Apartment,5,3,205 sqm,"Al Janadriyah, Riyadh, Ar Riyadh"
"450,000 SAR",Apartment,5,4,213 sqm,"Al Iskan, Al Khubar, Eastern"
"730,000 SAR",Apartment,3,3,121 sqm,"Az Zahra, Jeddah, Makkah Al Mukarramah"
"930,000 SAR",Apartment,6,5,251 sqm,"An Nuzhah, Jeddah, Makkah Al Mukarramah"
"500,000 SAR",Apartment,6,4,214 sqm,"إشبيلية, Al Jubail, Eastern"
"760,000 SAR",Apartment,5,3,205 sqm,"Al Janadriyah, Riyadh, Ar Riyadh"
"1,080,000 SAR",Apartment,6,4,142 sqm,"Al Munisiyah, Riyadh, Ar Riyadh"
"760,000 SAR",Apartment,6,3,265 sqm,"Al Marwah, Jeddah, Makkah Al Mukarramah"
"1,350,000 SAR",Villa,7,6,200 sqm,"Tuwaiq, Riyadh, Ar Riyadh"
"1,090,000 SAR",Apartment,4,4,146 sqm,"Al Munisiyah, Riyadh, Ar Riyadh"
"3,200,000 SAR",Villa,7,7,390 sqm,"Abhur Ash Shamaliyah, Jeddah, Makkah Al Mukarramah"
"800,000 SAR",Villa,7+,6,352 sqm,"الرحبة, امارة منطقة مكة المكرمة - الطائف, Makkah Al Mukarramah"
"750,000 SAR",Apartment,5,3,205 sqm,"Al Janadriyah, Riyadh, Ar Riyadh"
"520,000 SAR",Apartment,5,4,171 sqm,"Governmental1, Jeddah, Makkah Al Mukarramah"
"1,000,000 SAR",Villa,7+,6,377 sqm,"الرحاب, امارة منطقة مكة المكرمة - الطائف, Makkah Al Mukarramah"
"1,000,000 SAR",Villa,7+,5,265 sqm,"Tuwaiq, Riyadh, Ar Riyadh"
"1,000,000 SAR",Villa,7+,5,269 sqm,"Tuwaiq, Riyadh, Ar Riyadh"
"1,010,000 SAR",Villa,7+,7,200 sqm,"Al Fadeylah, Jeddah, Makkah Al Mukarramah"
"980,000 SAR",Villa,7+,5,250 sqm,"Ash Sheraa, Al Khubar, Eastern"
"680,000 SAR",Apartment,6,4,188 sqm,"As Sulimaniyah, Jeddah, Makkah Al Mukarramah"
"2,500,000 SAR",Villa,6,5,345 sqm,"An Naim, Jeddah, Makkah Al Mukarramah"
"5,300,000 SAR",Villa,4,5,375 sqm,"Al Malqa, Riyadh, Ar Riyadh"
"650,000 SAR",Apartment,5,4,207 sqm,"Uqaz, Riyadh, Ar Riyadh"
"930,000 SAR",Villa,7+,6,469 sqm,"Al-Makhwah, Al Baha"
"950,000 SAR",Apartment,7,4,252 sqm,"Ar Rabwah, Jeddah, Makkah Al Mukarramah"
"1,950,000 SAR",Full Floor,5,4,192 sqm,"Az Zahra, Jeddah, Makkah Al Mukarramah"
"1,750,000 SAR",Apartment,5,4,216 sqm,"Az Zahra, Jeddah, Makkah Al Mukarramah"
"1,950,000 SAR",Apartment,5,4,192 sqm,"Az Zahra, Jeddah, Makkah Al Mukarramah"
"800,000 SAR",Villa,7+,3,323 sqm,"Al Ajwad, Jeddah, Makkah Al Mukarramah"
"3,000,000 SAR",Villa,7+,7+,625 sqm,"Ar Riyadh, Jeddah, Makkah Al Mukarramah"
"600,000 SAR",Apartment,5,4,157 sqm,"As Safa, Jeddah, Makkah Al Mukarramah"
"695,000 SAR",Villa,6,4,171 sqm,"Uqaz, Riyadh, Ar Riyadh"
"780,000 SAR",Apartment,7+,4,242 sqm,"Badr, Riyadh, Ar Riyadh"
"3,500,000 SAR",Villa,6,7+,780 sqm,"Abhur Al Janubiyah, Jeddah, Makkah Al Mukarramah"
"1,170,000 SAR",Villa,7,5,400 sqm,"Al Suways 1, Jazan, Jazan"
"820,000 SAR",Villa,6,6,243 sqm,"Dirab, Riyadh, Ar Riyadh"
"660,000 SAR",Apartment,6,4,264 sqm,"الواسط, امارة منطقة مكة المكرمة - الطائف, Makkah Al Mukarramah"
"950,000 SAR",Villa,7+,6,503 sqm,"Al-Makhwah, Al Baha"
"980,000 SAR",Apartment,6,5,220 sqm,"Al Bayan, Riyadh, Ar Riyadh"
"820,000 SAR",Villa,6,6,243 sqm,"Dirab, Riyadh, Ar Riyadh"
"320,000 SAR",Apartment,2,2,98 sqm,"An Nur, Ad Dammam, Eastern"
"550,000 SAR",Apartment,6,4,251 sqm,"Ar Rawabi, Abha, Asir"
"550,000 SAR",Apartment,6,4,247 sqm,"Ar Rawabi, Abha, Asir"
"3,100,000 SAR",Villa,7+,7,312 sqm,"An Nahdah, Jeddah, Makkah Al Mukarramah"
"1,400,000 SAR",Apartment,7,5,227 sqm,"Al Maizialah, Riyadh, Ar Riyadh"
"1,150,000 SAR",Villa,7+,6,312 sqm,"Ar Riyadh, Jeddah, Makkah Al Mukarramah"
"670,000 SAR",Apartment,7,4,257 sqm,"الواسط, امارة منطقة مكة المكرمة - الطائف, Makkah Al Mukarramah"
"1,300,000 SAR",Apartment,5,5,168 sqm,"Al Munisiyah, Riyadh, Ar Riyadh"
"1,200,000 SAR",Villa,7+,7+,350 sqm,"Al Wafa, Khamis Mushayt, Asir"
"550,000 SAR",Apartment,6,4,228 sqm,"Ar Rawabi, Abha, Asir"
"550,000 SAR",Apartment,6,3,160 sqm,"Ar Rayaan, Jeddah, Makkah Al Mukarramah"
"610,000 SAR",Apartment,6,6,229 sqm,"As Safa, Abha, Asir"
"550,000 SAR",Apartment,6,4,276 sqm,"As Safa, Abha, Asir"
"950,000 SAR",Apartment,5,4,120 sqm,"Al Munisiyah, Riyadh, Ar Riyadh"
"550,000 SAR",Apartment,6,3,160 sqm,"Ar Rayaan, Jeddah, Makkah Al Mukarramah"
"600,000 SAR",Apartment,5,3,189 sqm,"الواسط, امارة منطقة مكة المكرمة - الطائف, Makkah Al Mukarramah"
"319,000 SAR",Apartment,2,2,92 sqm,"An Nur, Ad Dammam, Eastern"
"670,000 SAR",Apartment,7,4,236 sqm,"الواسط, امارة منطقة مكة المكرمة - الطائف, Makkah Al Mukarramah"
"1,100,000 SAR",Apartment,7+,5,268 sqm,"Al Janadriyah, Riyadh, Ar Riyadh"
"610,000 SAR",Apartment,7,3,238 sqm,"الواسط, امارة منطقة مكة المكرمة - الطائف, Makkah Al Mukarramah"
"610,000 SAR",Apartment,7,3,245 sqm,"الواسط, امارة منطقة مكة المكرمة - الطائف, Makkah Al Mukarramah"
"600,000 SAR",Apartment,5,3,189 sqm,"الواسط, امارة منطقة مكة المكرمة - الطائف, Makkah Al Mukarramah"
"780,000 SAR",Apartment,3,2,116 sqm,"Tuwaiq, Riyadh, Ar Riyadh"
"620,000 SAR",Apartment,6,4,264 sqm,"الواسط, امارة منطقة مكة المكرمة - الطائف, Makkah Al Mukarramah"
"600,000 SAR",Apartment,5,3,189 sqm,"الواسط, امارة منطقة مكة المكرمة - الطائف, Makkah Al Mukarramah"
"590,000 SAR",Apartment,5,3,162 sqm,"Prince Abdulmajeed, Jeddah, Makkah Al Mukarramah"
"900,000 SAR",Apartment,4,5,141 sqm,"Ar Rawdah, Jeddah, Makkah Al Mukarramah"
"7,000,000 SAR",Villa,7+,7+,810 sqm,"An Nahdah, Jeddah, Makkah Al Mukarramah"
"800,000 SAR",Apartment,6,5,193 sqm,"Ar Rayaan, Jeddah, Makkah Al Mukarramah"
"800,000 SAR",Villa,7+,6,352 sqm,"الرحبة, امارة منطقة مكة المكرمة - الطائف, Makkah Al Mukarramah"
"800,000 SAR",Villa,7+,6,354 sqm,"الرحبة, امارة منطقة مكة المكرمة - الطائف, Makkah Al Mukarramah"
"610,000 SAR",Apartment,7,3,228 sqm,"الواسط, امارة منطقة مكة المكرمة - الطائف, Makkah Al Mukarramah"
"630,000 SAR",Apartment,6,4,293 sqm,"An Nur, Ad Dammam, Eastern"
"800,000 SAR",Apartment,4,3,146 sqm,"Ar Rawdah, Jeddah, Makkah Al Mukarramah"
"550,000 SAR",Apartment,3,4,160 sqm,"Governmental1, Jeddah, Makkah Al Mukarramah"
"6,900,000 SAR",Whole Building,5,7+,196 sqm,"Ar Rabwah, Jeddah, Makkah Al Mukarramah"
"720,000 SAR",Villa,7+,5,288 sqm,"الرحبة, امارة منطقة مكة المكرمة - الطائف, Makkah Al Mukarramah"
"950,000 SAR",Villa,7+,7,200 sqm,"Az Zahra, Al Ahsa, Eastern"
"780,000 SAR",Villa,7+,6,356 sqm,"الرحبة, امارة منطقة مكة المكرمة - الطائف, Makkah Al Mukarramah"
"800,000 SAR",Villa,7+,6,354 sqm,"الرحبة, امارة منطقة مكة المكرمة - الطائف, Makkah Al Mukarramah"
"660,000 SAR",Apartment,5,3,198 sqm,"الجفيجف, امارة منطقة مكة المكرمة - الطائف, Makkah Al Mukarramah"
"1,350,000 SAR",Villa,7+,6,200 sqm,"Tuwaiq, Riyadh, Ar Riyadh"
"950,000 SAR",Villa,7+,7+,200 sqm,"Az Zahra, Al Ahsa, Eastern"
"800,000 SAR",Apartment,6,3,255 sqm,"الجفيجف, امارة منطقة مكة المكرمة - الطائف, Makkah Al Mukarramah"
"790,000 SAR",Villa,7+,6,352 sqm,"الرحبة, امارة منطقة مكة المكرمة - الطائف, Makkah Al Mukarramah"
"800,000 SAR",Villa,7+,6,352 sqm,"الرحبة, امارة منطقة مكة المكرمة - الطائف, Makkah Al Mukarramah"
"500,000 SAR",Apartment,5,3,194 sqm,"Ar Rawdah, Abha, Asir"
"319,000 SAR",Apartment,2,2,90 sqm,"An Nur, Ad Dammam, Eastern"
"780,000 SAR",Villa,7,6,373 sqm,"الرحبة, امارة منطقة مكة المكرمة - الطائف, Makkah Al Mukarramah"
"740,000 SAR",Villa,7,5,371 sqm,"الرحبة, امارة منطقة مكة المكرمة - الطائف, Makkah Al Mukarramah"
"500,000 SAR",Apartment,5,3,177 sqm,"Al Haylah Al Gharbi, Muhayil, Asir"
"2,500,000 SAR",Villa,7+,7+,250 sqm,"King Faisal, Riyadh, Ar Riyadh"
"500,000 SAR",Apartment,5,3,180 sqm,"Al Haylah Al Gharbi, Muhayil, Asir"
"1,550,000 SAR",Full Floor,3,3,175 sqm,"Al Munisiyah, Riyadh, Ar Riyadh"
"2,400,000 SAR",Villa,5,6,250 sqm,"Al Yarmuk, Riyadh, Ar Riyadh"
"3,650,000 SAR",Villa,5,5,324 sqm,"Al Munisiyah, Riyadh, Ar Riyadh"
"4,350,000 SAR",Villa,5,5,371 sqm,"Al Munisiyah, Riyadh, Ar Riyadh"
"1,050,000 SAR",Apartment,3,3,93 sqm,"Al Munisiyah, Riyadh, Ar Riyadh"
"1,900,000 SAR",Villa,5,4,315 sqm,"Al Maizialah, Riyadh, Ar Riyadh"
"1,450,000 SAR",Full Floor,3,5,236 sqm,"An Nahdah, Riyadh, Ar Riyadh"
"860,000 SAR",Apartment,5,3,129 sqm,"Al Munisiyah, Riyadh, Ar Riyadh"
"650,000 SAR",Apartment,7,4,277 sqm,"An Nur, Ad Dammam, Eastern"
"985,000 SAR",Apartment,5,3,146 sqm,"Al Munisiyah, Riyadh, Ar Riyadh"
"950,000 SAR",Apartment,5,4,167 sqm,"Ar Rawdah, Jeddah, Makkah Al Mukarramah"
"480,000 SAR",Apartment,4,3,115 sqm,"Ar Rayaan, Jeddah, Makkah Al Mukarramah"
"480,000 SAR",Apartment,4,3,115 sqm,"Ar Rayaan, Jeddah, Makkah Al Mukarramah"
"700,000 SAR",Apartment,7,5,257 sqm,"Ash Shifa, Khamis Mushayt, Asir"
"990,000 SAR",Apartment,5,4,156 sqm,"An Nahdah, Jeddah, Makkah Al Mukarramah"
"780,000 SAR",Apartment,5,3,177 sqm,"An Naim, Jeddah, Makkah Al Mukarramah"
"460,000 SAR",Apartment,5,3,118 sqm,"Umm Hablain Al Gharbia, Jeddah, Makkah Al Mukarramah"
"990,000 SAR",Apartment,5,3,137 sqm,"An Nahdah, Jeddah, Makkah Al Mukarramah"
"600,000 SAR",Apartment,3,3,115 sqm,"Al Hazm, Riyadh, Ar Riyadh"
"780,000 SAR",Apartment,5,3,163 sqm,"An Naim, Jeddah, Makkah Al Mukarramah"
"450,000 SAR",Apartment,3,3,82 sqm,"الزهرة, Riyadh, Ar Riyadh"
"1,050,000 SAR",Apartment,6,5,261 sqm,"As Safa, Jeddah, Makkah Al Mukarramah"
"890,000 SAR",Villa,7,4,386 sqm,"Al Haylah Al Gharbi, Muhayil, Asir"
"500,000 SAR",Apartment,5,3,171 sqm,"Eatud Al Janubi, Khamis Mushayt, Asir"
"1,250,000 SAR",Villa,5,5,208 sqm,"Al Qadisiyah, Riyadh, Ar Riyadh"
"600,000 SAR",Apartment,7,5,292 sqm,"Al Sharaf, Khamis Mushayt, Asir"
"570,000 SAR",Apartment,7,4,255 sqm,"العزيزية, Al Jubail, Eastern"
"1,100,000 SAR",Villa,7,5,391 sqm,"Al Wafa, Jeddah, Makkah Al Mukarramah"
"1,100,000 SAR",Apartment,6,4,185 sqm,"As Salamah, Jeddah, Makkah Al Mukarramah"
"780,000 SAR",Villa,7,6,361 sqm,"الرحبة, امارة منطقة مكة المكرمة - الطائف, Makkah Al Mukarramah"
"900,000 SAR",Apartment,5,4,182 sqm,"As Salamah, Jeddah, Makkah Al Mukarramah"
"1,150,000 SAR",Villa,7+,6,298 sqm,"أم العراد, امارة منطقة مكة المكرمة - الطائف, Makkah Al Mukarramah"
"690,000 SAR",Apartment,5,3,167 sqm,"An Nuzhah, Jeddah, Makkah Al Mukarramah"
"570,000 SAR",Apartment,7,5,172 sqm,"Al Badi, Abha, Asir"
"840,000 SAR",Apartment,6,4,225 sqm,"Al Janadriyah, Riyadh, Ar Riyadh"
"780,000 SAR",Apartment,2,3,99 sqm,"Tuwaiq, Riyadh, Ar Riyadh"
"780,000 SAR",Apartment,3,2,116 sqm,"Tuwaiq, Riyadh, Ar Riyadh"
"780,000 SAR",Apartment,3,2,116 sqm,"Tuwaiq, Riyadh, Ar Riyadh"
"1,350,000 SAR",Apartment,6,3,165 sqm,"Al Munisiyah, Riyadh, Ar Riyadh"
"2,400,000 SAR",Villa,7+,7+,343 sqm,"Ar Rimal, Riyadh, Ar Riyadh"
"450,000 SAR",Apartment,6,3,216 sqm,"An Noor, Khamis Mushayt, Asir"
"780,000 SAR",Apartment,3,2,116 sqm,"Tuwaiq, Riyadh, Ar Riyadh"
"8,000,000 SAR",Whole Building,7+,7+,472 sqm,"Ar Rawdah, Jeddah, Makkah Al Mukarramah"
"780,000 SAR",Apartment,3,2,116 sqm,"Tuwaiq, Riyadh, Ar Riyadh"
"1,030,000 SAR",Villa,7+,5,263 sqm,"Tuwaiq, Riyadh, Ar Riyadh"
"750,000 SAR",Villa,7,4,299 sqm,"الرحاب, امارة منطقة مكة المكرمة - الطائف, Makkah Al Mukarramah"
"575,000 SAR",Apartment,5,3,198 sqm,"Ar Rehab 3, Jazan, Jazan"
"1,030,000 SAR",Villa,7+,5,263 sqm,"Tuwaiq, Riyadh, Ar Riyadh"
"950,000 SAR",Apartment,6,5,205 sqm,"Al Janadriyah, Riyadh, Ar Riyadh"
"370,000 SAR",Apartment,5,3,208 sqm,"Mishrif, Al Kharj, Ar Riyadh"
"1,100,000 SAR",Apartment,6,5,236 sqm,"Al Janadriyah, Riyadh, Ar Riyadh"
"815,000 SAR",Apartment,6,4,165 sqm,"As Salamah, Jeddah, Makkah Al Mukarramah"
"1,050,000 SAR",Villa,7+,7,381 sqm,"Al Wurud, Samith, Jazan"
"1,400,000 SAR",Villa,7,5,319 sqm,"Tuwaiq, Riyadh, Ar Riyadh"
"730,000 SAR",Apartment,5,4,151 sqm,"Ar Rawdah, Jeddah, Makkah Al Mukarramah"
"2,700,000 SAR",Villa,7+,7,455 sqm,"Al Mahdiyah, Riyadh, Ar Riyadh"
"5,700,000 SAR",Villa,6,5,405 sqm,"An Narjis, Riyadh, Ar Riyadh"
"1,150,000 SAR",Villa,6,7,300 sqm,"Al Muruj, Samith, Jazan"
"700,000 SAR",Apartment,5,4,122 sqm,"Tuwaiq, Riyadh, Ar Riyadh"
"1,100,000 SAR",Apartment,6,5,240 sqm,"Al Janadriyah, Riyadh, Ar Riyadh"
"850,000 SAR",Apartment,5,5,242 sqm,"Al Janadriyah, Riyadh, Ar Riyadh"
"740,000 SAR",Apartment,6,4,211 sqm,"Badr, Riyadh, Ar Riyadh"
"595,000 SAR",Apartment,5,5,220 sqm,"Badr, Riyadh, Ar Riyadh"
"410,000 SAR",Apartment,5,3,136 sqm,"Al Muhammadiyah 3, Jazan, Jazan"
"450,000 SAR",Apartment,6,4,209 sqm,"السناح, امارة منطقة مكة المكرمة - الطائف, Makkah Al Mukarramah"
"590,000 SAR",Apartment,6,6,229 sqm,"Al Badi, Abha, Asir"
"450,000 SAR",Apartment,6,4,209 sqm,"السناح, امارة منطقة مكة المكرمة - الطائف, Makkah Al Mukarramah"
"1,030,000 SAR",Villa,7+,5,263 sqm,"Tuwaiq, Riyadh, Ar Riyadh"
"1,030,000 SAR",Villa,7+,5,265 sqm,"Tuwaiq, Riyadh, Ar Riyadh"
"770,000 SAR",Apartment,6,5,219 sqm,"Batha Quraysh, Makah Almukaramuh, Makkah Al Mukarramah"
"850,000 SAR",Villa,7+,5,262 sqm,"Uqaz, Riyadh, Ar Riyadh"
"850,000 SAR",Villa,7+,5,252 sqm,"Oraid, Riyadh, Ar Riyadh"
"410,000 SAR",Apartment,5,3,148 sqm,"Al Muhammadiyah 3, Jazan, Jazan"
"3,500,000 SAR",Villa,5,6,576 sqm,"Al Basatin, Jeddah, Makkah Al Mukarramah"
"400,000 SAR",Apartment,3,2,79 sqm,"An Nuzhah, Jeddah, Makkah Al Mukarramah"
"1,150,000 SAR",Apartment,4,4,155 sqm,"Ar Rawdah, Jeddah, Makkah Al Mukarramah"
"1,350,000 SAR",Full Floor,7,6,203 sqm,"Ar Rawdah, Jeddah, Makkah Al Mukarramah"
"880,000 SAR",Apartment,6,5,224 sqm,"Al Wurud, Jeddah, Makkah Al Mukarramah"
"700,000 SAR",Apartment,5,3,162 sqm,"Al Janadriyah, Riyadh, Ar Riyadh"
"510,000 SAR",Apartment,5,4,160 sqm,"Al Muhammadiyah 3, Jazan, Jazan"
"580,000 SAR",Apartment,5,3,160 sqm,"Ash Shulah, Ad Dammam, Eastern"
"465,000 SAR",Apartment,5,3,126 sqm,"Ar Rughamah, Jeddah, Makkah Al Mukarramah"
"465,000 SAR",Apartment,5,3,126 sqm,"Ar Rughamah, Jeddah, Makkah Al Mukarramah"
"1,500,000 SAR",Apartment,4,3,175 sqm,"An Nahdah, Jeddah, Makkah Al Mukarramah"
"500,000 SAR",Apartment,4,3,125 sqm,"Al Awaly, Riyadh, Ar Riyadh"
"1,000,000 SAR",Villa,7+,6,261 sqm,"Ash Sheraa, Al Khubar, Eastern"
"1,050,000 SAR",Villa,7+,6,389 sqm,"الرحاب, امارة منطقة مكة المكرمة - الطائف, Makkah Al Mukarramah"
"1,200,000 SAR",Villa,7,5,288 sqm,"Al Janadriyah, Riyadh, Ar Riyadh"
"900,000 SAR",Apartment,4,2,105 sqm,"Tuwaiq, Riyadh, Ar Riyadh"
"550,000 SAR",Apartment,6,3,149 sqm,"Al Wahah, Jeddah, Makkah Al Mukarramah"
"700,000 SAR",Apartment,6,4,230 sqm,"Sharqia, Abha, Asir"
"7,000,000 SAR",Villa,7+,7+,475 sqm,"King Fahd, Riyadh, Ar Riyadh"
"850,000 SAR",Villa,7+,7,203 sqm,"Ad Danah, Al Ahsa, Eastern"
"3,400,000 SAR",Villa,4,5,325 sqm,"Al Arid, Riyadh, Ar Riyadh"
"510,000 SAR",Apartment,5,4,157 sqm,"Al Hamra, Al Khubar, Eastern"
"510,000 SAR",Apartment,5,4,157 sqm,"Al Hamra, Al Khubar, Eastern"
"850,000 SAR",Villa,6,6,203 sqm,"Ad Danah, Al Ahsa, Eastern"
"580,000 SAR",Apartment,5,4,148 sqm,"Al Hamra, Al Khubar, Eastern"
"580,000 SAR",Apartment,5,4,135 sqm,"Al Hamra, Al Khubar, Eastern"
"730,000 SAR",Apartment,6,3,164 sqm,"Al Janadriyah, Riyadh, Ar Riyadh"
"800,000 SAR",Apartment,5,3,158 sqm,"Ar Rimal, Riyadh, Ar Riyadh"
"1,700,000 SAR",Apartment,4,4,164 sqm,"An Nahdah, Jeddah, Makkah Al Mukarramah"
"545,000 SAR",Apartment,6,4,190 sqm,"Al Maealaa, Ahad Rifaydah, Asir"
"610,000 SAR",Apartment,6,4,178 sqm,"Al Wahah, Ad Dammam, Eastern"
"690,000 SAR",Apartment,5,3,148 sqm,"As Salamah, Jeddah, Makkah Al Mukarramah"
"1,500,000 SAR",Apartment,5,5,219 sqm,"Al Yarmuk, Riyadh, Ar Riyadh"
"1,500,000 SAR",Villa,7+,7+,450 sqm,"As Sawari, Al Khubar, Eastern"
"700,000 SAR",Apartment,5,3,183 sqm,"أم العراد, امارة منطقة مكة المكرمة - الطائف, Makkah Al Mukarramah"
"1,200,000 SAR",Villa,7,7,360 sqm,"Al Wurud, Al Kharj, Ar Riyadh"
"540,000 SAR",Apartment,6,4,149 sqm,"البحر, Al Jubail, Eastern"
"450,000 SAR",Apartment,4,3,165 sqm,"Aleasiluh, Jazan"
"450,000 SAR",Apartment,4,3,165 sqm,"Aleasiluh, Jazan"
"2,200,000 SAR",Villa,6,7,343 sqm,"Al Yarmuk, Riyadh, Ar Riyadh"
"700,000 SAR",Apartment,5,3,219 sqm,"Aleasiluh, Jazan"
"980,000 SAR",Apartment,5,6,251 sqm,"Al Janadriyah, Riyadh, Ar Riyadh"
"450,000 SAR",Apartment,4,3,151 sqm,"An Nur, Ad Dammam, Eastern"
"4,300,000 SAR",Villa,6,7+,301 sqm,"Ar Rawdah, Jeddah, Makkah Al Mukarramah"
"1,250,000 SAR",Apartment,4,4,193 sqm,"Ar Rawdah, Jeddah, Makkah Al Mukarramah"
"7,000,000 SAR",Whole Building,7+,7+,670 sqm,"As Safa, Jeddah, Makkah Al Mukarramah"
"1,450,000 SAR",Villa,7+,6,200 sqm,"Tuwaiq, Riyadh, Ar Riyadh"
"3,200,000 SAR",Villa,6,4,345 sqm,"Al Basatin, Jeddah, Makkah Al Mukarramah"
"1,100,000 SAR",Villa,7,6,600 sqm,"Al Madayin, Hail, Hail"
"2,000,000 SAR",Villa,7+,7+,400 sqm,"Al Yaqoot, Jeddah, Makkah Al Mukarramah"
"950,000 SAR",Apartment,5,4,171 sqm,"Ar Rimal, Riyadh, Ar Riyadh"
"850,000 SAR",Apartment,5,3,158 sqm,"Ar Rimal, Riyadh, Ar Riyadh"
"1,500,000 SAR",Villa,7,6,312 sqm,"Al Noor, Jeddah, Makkah Al Mukarramah"
"2,100,000 SAR",Villa,7+,7+,400 sqm,"Al Yaqoot, Jeddah, Makkah Al Mukarramah"
"585,000 SAR",Apartment,5,4,158 sqm,"As Safa, Jeddah, Makkah Al Mukarramah"
"900,000 SAR",Apartment,5,5,179 sqm,"Ar Rimal, Riyadh, Ar Riyadh"
"1,050,000 SAR",Villa,6,5,353 sqm,"ريحه, امارة منطقة مكة المكرمة - الطائف, Makkah Al Mukarramah"
"850,000 SAR",Villa,7,7,230 sqm,"Ad Danah, Al Ahsa, Eastern"
"585,000 SAR",Apartment,6,3,158 sqm,"Al Wahah, Jeddah, Makkah Al Mukarramah"
"425,000 SAR",Apartment,5,3,136 sqm,"Al Muhammadiyah 2, Jazan, Jazan"
"1,580,000 SAR",Villa,7,6,200 sqm,"Al Loaloa, Jeddah, Makkah Al Mukarramah"
"650,000 SAR",Apartment,5,4,188 sqm,"As Safa, Jeddah, Makkah Al Mukarramah"
"3,200,000 SAR",Villa,5,7+,459 sqm,"Abhur Ash Shamaliyah, Jeddah, Makkah Al Mukarramah"
"620,000 SAR",Apartment,5,3,193 sqm,"Al Muhammadiyah, Makah Almukaramuh, Makkah Al Mukarramah"
"530,000 SAR",Apartment,5,4,182 sqm,"Al Buhayrat, Makah Almukaramuh, Makkah Al Mukarramah"
"660,000 SAR",Apartment,5,3,198 sqm,"Ash Shamiya Al Jadid, Makah Almukaramuh, Makkah Al Mukarramah"
"560,000 SAR",Apartment,5,4,147 sqm,"Ar Rabwah, Jeddah, Makkah Al Mukarramah"
"600,000 SAR",Apartment,6,4,241 sqm,"العزيزية, Al Jubail, Eastern"
"449,000 SAR",Apartment,4,2,113 sqm,"Badr, Riyadh, Ar Riyadh"
"1,800,000 SAR",Villa,7+,7+,540 sqm,"Al Murjan, Riyadh, Ar Riyadh"
"640,000 SAR",Apartment,4,5,177 sqm,"Ar Rabwah, Jeddah, Makkah Al Mukarramah"
"850,000 SAR",Apartment,5,4,205 sqm,"Al Janadriyah, Riyadh, Ar Riyadh"
"620,000 SAR",Apartment,6,4,184 sqm,"Al Jamiyin, Ad Dammam, Eastern"
"3,500,000 SAR",Whole Building,7+,7+,420 sqm,"Al Bawadi, Jeddah, Makkah Al Mukarramah"
"850,000 SAR",Villa,7,7,230 sqm,"Ad Danah, Al Ahsa, Eastern"
"1,800,000 SAR",Villa,7+,7+,540 sqm,"Al Murjan, Riyadh, Ar Riyadh"
"665,000 SAR",Apartment,6,3,174 sqm,"Umm Asalam, Jeddah, Makkah Al Mukarramah"
"850,000 SAR",Villa,7+,7,230 sqm,"Ad Danah, Al Ahsa, Eastern"
"609,000 SAR",Apartment,6,4,184 sqm,"Al Wahah, Ad Dammam, Eastern"
"850,000 SAR",Villa,7,7,230 sqm,"Ad Danah, Al Ahsa, Eastern"
"620,000 SAR",Apartment,6,4,184 sqm,"Al Wahah, Ad Dammam, Eastern"
"1,500,000 SAR",Apartment,4,4,207 sqm,"Ar Rawdah, Jeddah, Makkah Al Mukarramah"
"5,500,000 SAR",Whole Building,7+,7+,610 sqm,"Al Buhayrat, Makah Almukaramuh, Makkah Al Mukarramah"
"710,000 SAR",Apartment,5,3,175 sqm,"Al Muhammadiyah, Makah Almukaramuh, Makkah Al Mukarramah"
"560,000 SAR",Apartment,5,4,171 sqm,"Governmental1, Jeddah, Makkah Al Mukarramah"
"650,000 SAR",Apartment,5,5,149 sqm,"Badr, Riyadh, Ar Riyadh"
"1,800,000 SAR",Villa,7+,7+,540 sqm,"Al Murjan, Riyadh, Ar Riyadh"
"650,000 SAR",Apartment,5,5,149 sqm,"Badr, Riyadh, Ar Riyadh"
"560,000 SAR",Apartment,5,3,179 sqm,"An Nawwariyah, Makah Almukaramuh, Makkah Al Mukarramah"
"650,000 SAR",Apartment,5,5,149 sqm,"Badr, Riyadh, Ar Riyadh"
"450,000 SAR",Apartment,5,3,123 sqm,"Al Manar, Jeddah, Makkah Al Mukarramah"
"550,000 SAR",Apartment,5,3,182 sqm,"Al Muhammadiyah, Makah Almukaramuh, Makkah Al Mukarramah"
"630,000 SAR",Apartment,6,4,214 sqm,"Al Badi, Abha, Asir"
"1,300,000 SAR",Apartment,6,5,315 sqm,"Al Janadriyah, Riyadh, Ar Riyadh"
"1,080,000 SAR",Villa,7,7,290 sqm,"Al Sahafah, Al Ahsa, Eastern"
"1,100,000 SAR",Villa,7+,5,265 sqm,"Tuwaiq, Riyadh, Ar Riyadh"
"680,000 SAR",Apartment,5,4,189 sqm,"Al Nakhil, Al Ahsa, Eastern"
"520,000 SAR",Apartment,5,5,178 sqm,"Al Nakhil, Al Ahsa, Eastern"
"1,600,000 SAR",Villa,3,1,264 sqm,"Al Janadriyah, Riyadh, Ar Riyadh"
"760,000 SAR",Apartment,5,4,176 sqm,"Batha Quraysh, Makah Almukaramuh, Makkah Al Mukarramah"
"620,000 SAR",Apartment,4,4,190 sqm,"Badr, Riyadh, Ar Riyadh"
"720,000 SAR",Apartment,5,4,210 sqm,"Batha Quraysh, Makah Almukaramuh, Makkah Al Mukarramah"
"760,000 SAR",Apartment,5,4,206 sqm,"Batha Quraysh, Makah Almukaramuh, Makkah Al Mukarramah"
"680,000 SAR",Apartment,5,4,210 sqm,"Batha Quraysh, Makah Almukaramuh, Makkah Al Mukarramah"
"700,000 SAR",Apartment,7+,5,380 sqm,"الحلقة الغربية, امارة منطقة مكة المكرمة - الطائف, Makkah Al Mukarramah"
"500,000 SAR",Apartment,5,4,135 sqm,"Ar Rayaan, Jeddah, Makkah Al Mukarramah"
"400,000 SAR",Apartment,2,2,100 sqm,"Al Wahah, Jeddah, Makkah Al Mukarramah"
"650,000 SAR",Apartment,5,3,213 sqm,"Al Arin, Abha, Asir"
"900,000 SAR",Apartment,6,4,214 sqm,"Namar, Riyadh, Ar Riyadh"
"540,000 SAR",Apartment,5,4,171 sqm,"Governmental1, Jeddah, Makkah Al Mukarramah"
"680,000 SAR",Apartment,5,3,167 sqm,"An Nuzhah, Jeddah, Makkah Al Mukarramah"
"570,000 SAR",Apartment,5,3,174 sqm,"Al Hazm, Riyadh, Ar Riyadh"
"650,000 SAR",Apartment,3,3,544 sqm,"Al Murjan, Riyadh, Ar Riyadh"
"600,000 SAR",Apartment,6,3,171 sqm,"Ar Rayaan, Jeddah, Makkah Al Mukarramah"
"700,000 SAR",Apartment,5,2,135 sqm,"An Nahdah, Riyadh, Ar Riyadh"
"1,100,000 SAR",Apartment,6,5,236 sqm,"Al Janadriyah, Riyadh, Ar Riyadh"
"1,700,000 SAR",Villa,7,7,225 sqm,"Ar Rimal, Riyadh, Ar Riyadh"
"625,000 SAR",Apartment,5,4,155 sqm,"Al Marwah, Jeddah, Makkah Al Mukarramah"
"700,000 SAR",Apartment,5,2,135 sqm,"An Nahdah, Riyadh, Ar Riyadh"
"680,000 SAR",Apartment,5,4,190 sqm,"Batha Quraysh, Makah Almukaramuh, Makkah Al Mukarramah"
"770,000 SAR",Apartment,7+,4,140 sqm,"As Salamah, Jeddah, Makkah Al Mukarramah"
"1,700,000 SAR",Villa,7+,6,467 sqm,"Taibah, Jeddah, Makkah Al Mukarramah"
"640,000 SAR",Apartment,5,4,155 sqm,"Al Marwah, Jeddah, Makkah Al Mukarramah"
"620,000 SAR",Apartment,5,4,155 sqm,"Al Marwah, Jeddah, Makkah Al Mukarramah"
"1,500,000 SAR",Villa,7+,7,488 sqm,"Al Janadriyah, Riyadh, Ar Riyadh"
"560,000 SAR",Apartment,5,3,166 sqm,"An Nur, Ad Dammam, Eastern"
"700,000 SAR",Villa,7+,6,800 sqm,"Taibah, Riyad Al Khabra, Al Qassim"
"1,100,000 SAR",Villa,7+,6,450 sqm,"Jarana, Makah Almukaramuh, Makkah Al Mukarramah"
"1,150,000 SAR",Villa,7,6,220 sqm,"Ar Riyadh, Jeddah, Makkah Al Mukarramah"
"630,000 SAR",Apartment,5,4,172 sqm,"As Safa, Jeddah, Makkah Al Mukarramah"
"520,000 SAR",Apartment,5,3,218 sqm,"Ghirnatah, Khamis Mushayt, Asir"
"1,450,000 SAR",Villa,7+,7+,300 sqm,"Ar Rahmanyah, Jeddah, Makkah Al Mukarramah"
"520,000 SAR",Apartment,5,3,218 sqm,"Ghirnatah, Khamis Mushayt, Asir"
"550,000 SAR",Apartment,7,4,212 sqm,"Al Ghadir, Abha, Asir"
"1,100,000 SAR",Villa,7+,5,263 sqm,"Tuwaiq, Riyadh, Ar Riyadh"
"500,000 SAR",Apartment,6,4,210 sqm,"Ar Rehab 1, Jazan, Jazan"
"500,000 SAR",Apartment,6,4,210 sqm,"Ar Rehab 1, Jazan, Jazan"
"500,000 SAR",Apartment,6,3,198 sqm,"Al Muhammadiyah 2, Jazan, Jazan"
"1,480,000 SAR",Villa,7,6,294 sqm,"Airport, Madinah, Al Madinah Al Munawwarah"
"850,000 SAR",Apartment,5,4,195 sqm,"Al Marwah, Jeddah, Makkah Al Mukarramah"
"980,000 SAR",Villa,5,5,201 sqm,"Al Janadriyah, Riyadh, Ar Riyadh"
"2,400,000 SAR",Villa,7+,7+,430 sqm,"Ash Shulah, Ad Dammam, Eastern"
"1,350,000 SAR",Villa,7,6,262 sqm,"Airport, Madinah, Al Madinah Al Munawwarah"
"980,000 SAR",Apartment,5,4,186 sqm,"Al Janadriyah, Riyadh, Ar Riyadh"
"630,000 SAR",Apartment,5,4,172 sqm,"As Safa, Jeddah, Makkah Al Mukarramah"
"1,150,000 SAR",Villa,7+,6,272 sqm,"Tuwaiq, Riyadh, Ar Riyadh"
"499,000 SAR",Apartment,5,3,214 sqm,"Ghirnatah, Khamis Mushayt, Asir"
"1,000,000 SAR",Villa,6,6,315 sqm,"Ar Rabwah, Bariduh, Al Qassim"
"560,000 SAR",Apartment,5,4,134 sqm,"Ar Rabwah, Jeddah, Makkah Al Mukarramah"
"2,400,000 SAR",Villa,7+,7,430 sqm,"Ash Shulah, Ad Dammam, Eastern"
"1,150,000 SAR",Villa,6,5,288 sqm,"Al Janadriyah, Riyadh, Ar Riyadh"
"1,200,000 SAR",Apartment,5,5,177 sqm,"Az Zahra, Jeddah, Makkah Al Mukarramah"
"490,000 SAR",Apartment,4,3,132 sqm,"As Safa, Jeddah, Makkah Al Mukarramah"
"549,000 SAR",Apartment,6,3,181 sqm,"Mraykh, Jeddah, Makkah Al Mukarramah"
"1,100,000 SAR",Villa,6,6,200 sqm,"Al Khomrah, Jeddah, Makkah Al Mukarramah"
"1,070,000 SAR",Villa,7+,5,269 sqm,"Tuwaiq, Riyadh, Ar Riyadh"
"930,000 SAR",Apartment,6,5,251 sqm,"An Nuzhah, Jeddah, Makkah Al Mukarramah"
"500,000 SAR",Apartment,6,4,210 sqm,"Ar Rehab 1, Jazan, Jazan"
"560,000 SAR",Apartment,4,4,134 sqm,"Ar Rabwah, Jeddah, Makkah Al Mukarramah"
"900,000 SAR",Apartment,5,4,205 sqm,"Al Janadriyah, Riyadh, Ar Riyadh"
"650,000 SAR",Apartment,3,2,121 sqm,"Al Janadriyah, Riyadh, Ar Riyadh"
"630,000 SAR",Apartment,5,4,190 sqm,"Al Muruj, Abha, Asir"
"1,000,000 SAR",Apartment,5,4,183 sqm,"Al Mahdiyah, Riyadh, Ar Riyadh"
"490,000 SAR",Apartment,5,3,129 sqm,"Al Manar, Jeddah, Makkah Al Mukarramah"
"499,000 SAR",Apartment,5,3,214 sqm,"Ghirnatah, Khamis Mushayt, Asir"
"1,600,000 SAR",Villa,7+,6,264 sqm,"Al Janadriyah, Riyadh, Ar Riyadh"
"1,150,000 SAR",Villa,7+,6,272 sqm,"Tuwaiq, Riyadh, Ar Riyadh"
"820,000 SAR",Villa,7,6,320 sqm,"North Al Tadamun, Khamis Mushayt, Asir"
"499,000 SAR",Apartment,5,3,214 sqm,"Ghirnatah, Khamis Mushayt, Asir"
"400,000 SAR",Apartment,5,3,165 sqm,"Ar Rawabi, Abha, Asir"
"2,500,000 SAR",Villa,7+,7+,433 sqm,"Al Buhirat, Jeddah, Makkah Al Mukarramah"
"490,000 SAR",Apartment,4,3,128 sqm,"Al Marwah, Jeddah, Makkah Al Mukarramah"
"2,300,000 SAR",Villa,7,6,343 sqm,"As Saif, Ad Dammam, Eastern"
"2,200,000 SAR",Villa,7,7,375 sqm,"Abhur Ash Shamaliyah, Jeddah, Makkah Al Mukarramah"
"870,000 SAR",Apartment,6,5,204 sqm,"Al Wahah, Jeddah, Makkah Al Mukarramah"
"1,100,000 SAR",Villa,7+,5,265 sqm,"Tuwaiq, Riyadh, Ar Riyadh"
"560,000 SAR",Apartment,5,4,134 sqm,"Ar Rabwah, Jeddah, Makkah Al Mukarramah"
"1,100,000 SAR",Villa,6,6,399 sqm,"Al Wurud, Al Kharj, Ar Riyadh"
"560,000 SAR",Apartment,4,3,154 sqm,"Al Hazm, Riyadh, Ar Riyadh"
"900,000 SAR",Apartment,5,4,156 sqm,"Al Mahdiyah, Riyadh, Ar Riyadh"
"1,150,000 SAR",Villa,7+,7,288 sqm,"Al Janadriyah, Riyadh, Ar Riyadh"
"1,000,000 SAR",Villa,6,4,280 sqm,"Al Gharbia, Jeddah, Makkah Al Mukarramah"
"650,000 SAR",Apartment,5,4,186 sqm,"Ar Rehab 3, Jazan, Jazan"
"1,000,000 SAR",Villa,7,5,287 sqm,"Al misyal Al Jadid, Makah Almukaramuh, Makkah Al Mukarramah"
"770,000 SAR",Villa,7,4,252 sqm,"ريحه, امارة منطقة مكة المكرمة - الطائف, Makkah Al Mukarramah"
"700,000 SAR",Apartment,6,4,185 sqm,"Al Janadriyah, Riyadh, Ar Riyadh"
"430,000 SAR",Apartment,5,3,122 sqm,"Ar Rayaan, Jeddah, Makkah Al Mukarramah"
"980,000 SAR",Villa,5,5,201 sqm,"Al Janadriyah, Riyadh, Ar Riyadh"
"510,000 SAR",Apartment,6,4,168 sqm,"Ash Shulah, Ad Dammam, Eastern"
"830,000 SAR",Apartment,5,4,177 sqm,"Al Marwah, Jeddah, Makkah Al Mukarramah"
"540,000 SAR",Apartment,4,3,131 sqm,"Al Marwah, Jeddah, Makkah Al Mukarramah"
"650,000 SAR",Apartment,5,3,164 sqm,"Ar Rihab, Jeddah, Makkah Al Mukarramah"
"650,000 SAR",Apartment,5,3,164 sqm,"Ar Rihab, Jeddah, Makkah Al Mukarramah"
"670,000 SAR",Apartment,5,3,162 sqm,"An Nuzhah, Jeddah, Makkah Al Mukarramah"
"650,000 SAR",Apartment,5,4,164 sqm,"Ar Rihab, Jeddah, Makkah Al Mukarramah"
"680,000 SAR",Apartment,5,3,161 sqm,"Al Marwah, Jeddah, Makkah Al Mukarramah"
"680,000 SAR",Apartment,5,3,161 sqm,"Al Marwah, Jeddah, Makkah Al Mukarramah"
"540,000 SAR",Apartment,4,3,131 sqm,"Al Marwah, Jeddah, Makkah Al Mukarramah"
"670,000 SAR",Apartment,5,3,162 sqm,"An Nuzhah, Jeddah, Makkah Al Mukarramah"
"650,000 SAR",Apartment,5,3,164 sqm,"Ar Rihab, Jeddah, Makkah Al Mukarramah"
"650,000 SAR",Apartment,5,3,164 sqm,"Ar Rihab, Jeddah, Makkah Al Mukarramah"
"680,000 SAR",Apartment,5,3,161 sqm,"Al Marwah, Jeddah, Makkah Al Mukarramah"
"2,600,000 SAR",Villa,7+,7+,361 sqm,"Ar Rabwah, Riyadh, Ar Riyadh"
"650,000 SAR",Apartment,5,3,164 sqm,"Ar Rihab, Jeddah, Makkah Al Mukarramah"
"650,000 SAR",Apartment,5,3,164 sqm,"Ar Rihab, Jeddah, Makkah Al Mukarramah"
"650,000 SAR",Apartment,5,3,164 sqm,"Ar Rihab, Jeddah, Makkah Al Mukarramah"
"2,100,000 SAR",Villa,5,5,328 sqm,"Ar Rimal, Riyadh, Ar Riyadh"
"1,750,000 SAR",Villa,6,7+,396 sqm,"Al Yaqoot, Jeddah, Makkah Al Mukarramah"
"13,000,000 SAR",Villa,7+,7+,741 sqm,"An Narjis, Riyadh, Ar Riyadh"
"1,950,000 SAR",Villa,6,7+,241 sqm,"Ash Sheraa, Jeddah, Makkah Al Mukarramah"
"1,200,000 SAR",Apartment,3,3,167 sqm,"Al Munisiyah, Riyadh, Ar Riyadh"
"2,300,000 SAR",Villa,7,5,310 sqm,"An Naim, Jeddah, Makkah Al Mukarramah"
"720,000 SAR",Villa,7+,7,348 sqm,"Al Madayin, Hail, Hail"
"630,000 SAR",Apartment,5,4,172 sqm,"As Safa, Jeddah, Makkah Al Mukarramah"
"630,000 SAR",Apartment,5,4,172 sqm,"As Safa, Jeddah, Makkah Al Mukarramah"
"630,000 SAR",Apartment,5,4,172 sqm,"As Safa, Jeddah, Makkah Al Mukarramah"
"1,050,000 SAR",Villa,6,7+,200 sqm,"Al Khomrah, Jeddah, Makkah Al Mukarramah"
"650,000 SAR",Apartment,5,3,164 sqm,"Ar Rihab, Jeddah, Makkah Al Mukarramah"
"3,000,000 SAR",Villa,7+,6,563 sqm,"Al Aziziyah, Riyadh, Ar Riyadh"
"1,900,000 SAR",Villa,7+,7+,400 sqm,"As Safa, Jeddah, Makkah Al Mukarramah"
"790,000 SAR",Villa,7+,6,354 sqm,"Ad Dahi Al Sharqi, Bariduh, Al Qassim"
"630,000 SAR",Apartment,5,4,172 sqm,"As Safa, Jeddah, Makkah Al Mukarramah"
"485,000 SAR",Apartment,4,3,132 sqm,"As Safa, Jeddah, Makkah Al Mukarramah"
"481,000 SAR",Apartment,4,3,135 sqm,"As Safa, Jeddah, Makkah Al Mukarramah"
"656,000 SAR",Apartment,5,4,184 sqm,"Ash Shulah, Ad Dammam, Eastern"
"450,000 SAR",Apartment,5,5,199 sqm,"العزيزية, Al Jubail, Eastern"
"656,000 SAR",Apartment,5,4,184 sqm,"Ash Shulah, Ad Dammam, Eastern"
"599,000 SAR",Apartment,5,4,198 sqm,"طيبة, Al Jubail, Eastern"
"2,500,000 SAR",Villa,7+,7+,433 sqm,"Al Buhirat, Jeddah, Makkah Al Mukarramah"
"1,200,000 SAR",Villa,7,6,200 sqm,"Al Khomrah, Jeddah, Makkah Al Mukarramah"
"450,000 SAR",Apartment,5,5,199 sqm,"العزيزية, Al Jubail, Eastern"
"599,000 SAR",Apartment,5,4,198 sqm,"طيبة, Al Jubail, Eastern"
"570,000 SAR",Apartment,5,3,198 sqm,"Ar Rehab 3, Jazan, Jazan"
"570,000 SAR",Apartment,5,3,198 sqm,"Ar Rehab 3, Jazan, Jazan"
"350,000 SAR",Villa,7+,3,444 sqm,"Ar Rawdah, Shaqra, Ar Riyadh"
"1,550,000 SAR",Apartment,5,5,183 sqm,"Al Munisiyah, Riyadh, Ar Riyadh"
"570,000 SAR",Apartment,5,3,198 sqm,"Ar Rehab 3, Jazan, Jazan"
"570,000 SAR",Apartment,5,3,198 sqm,"Ar Rehab 3, Jazan, Jazan"
"2,500,000 SAR",Villa,7+,7+,433 sqm,"Al Buhirat, Jeddah, Makkah Al Mukarramah"
"1,300,000 SAR",Villa,7+,6,345 sqm,"الصفاء, ابو عريش - ابو عريش, Jazan"
"350,000 SAR",Villa,7+,3,444 sqm,"Ar Rawdah, Shaqra, Ar Riyadh"
"570,000 SAR",Apartment,5,3,198 sqm,"Ar Rehab 3, Jazan, Jazan"
"2,100,000 SAR",Villa,7+,6,328 sqm,"Ar Rimal, Riyadh, Ar Riyadh"
"560,000 SAR",Apartment,5,4,203 sqm,"Mansubi Al Taleem 2nd, Al Ahsa, Eastern"
"1,300,000 SAR",Villa,7+,6,345 sqm,"الصفاء, ابو عريش - ابو عريش, Jazan"
"2,100,000 SAR",Villa,7+,6,328 sqm,"Ar Rimal, Riyadh, Ar Riyadh"
"6,500,000 SAR",Villa,5,7,442 sqm,"Abhur Al Janubiyah, Jeddah, Makkah Al Mukarramah"
"3,300,000 SAR",Villa,7+,7+,750 sqm,"Al Ajaweed, Jeddah, Makkah Al Mukarramah"
"550,000 SAR",Apartment,5,3,122 sqm,"Al Wahah, Jeddah, Makkah Al Mukarramah"
"750,000 SAR",Apartment,5,3,207 sqm,"As Salam, Makah Almukaramuh, Makkah Al Mukarramah"
"3,300,000 SAR",Villa,7+,7+,750 sqm,"Al Ajaweed, Jeddah, Makkah Al Mukarramah"
"770,000 SAR",Apartment,7,6,350 sqm,"Al Masif, Khamis Mushayt, Asir"
"770,000 SAR",Apartment,7,6,350 sqm,"Al Masif, Khamis Mushayt, Asir"
"1,550,000 SAR",Apartment,5,6,206 sqm,"Al Munisiyah, Riyadh, Ar Riyadh"
"1,550,000 SAR",Apartment,5,5,183 sqm,"Al Munisiyah, Riyadh, Ar Riyadh"
"900,000 SAR",Apartment,5,4,176 sqm,"An Naim, Jeddah, Makkah Al Mukarramah"
"680,000 SAR",Apartment,5,3,161 sqm,"Al Marwah, Jeddah, Makkah Al Mukarramah"
"535,000 SAR",Apartment,6,3,165 sqm,"Umm Hablain Al Gharbia, Jeddah, Makkah Al Mukarramah"
"1,300,000 SAR",Apartment,6,3,222 sqm,"Ar Rimal, Riyadh, Ar Riyadh"
"535,000 SAR",Apartment,6,3,165 sqm,"Umm Hablain Al Gharbia, Jeddah, Makkah Al Mukarramah"
"435,000 SAR",Apartment,3,3,103 sqm,"Al Wahah, Jeddah, Makkah Al Mukarramah"
"2,400,000 SAR",Villa,7+,7+,420 sqm,"Al Bayan, Riyadh, Ar Riyadh"
"500,000 SAR",Apartment,6,4,147 sqm,"الروضة, ابو عريش - ابو عريش, Jazan"
"680,000 SAR",Apartment,5,3,161 sqm,"Al Marwah, Jeddah, Makkah Al Mukarramah"
"2,850,000 SAR",Villa,6,5,299 sqm,"Al Basatin, Jeddah, Makkah Al Mukarramah"
"3,800,000 SAR",Villa,7+,7+,400 sqm,"King Fahd, Makah Almukaramuh, Makkah Al Mukarramah"
"440,000 SAR",Apartment,5,3,174 sqm,"Al Buhayrat, Makah Almukaramuh, Makkah Al Mukarramah"
"900,000 SAR",Villa,7,5,622 sqm,"Al Maida, Al Busur, Al Qassim"
"1,300,000 SAR",Apartment,6,3,222 sqm,"Ar Rimal, Riyadh, Ar Riyadh"
"440,000 SAR",Apartment,5,3,174 sqm,"Al Buhayrat, Makah Almukaramuh, Makkah Al Mukarramah"
"860,000 SAR",Apartment,5,4,213 sqm,"Al Hamra, Al Khubar, Eastern"
"860,000 SAR",Apartment,5,4,213 sqm,"Al Hamra, Al Khubar, Eastern"
"900,000 SAR",Villa,7,5,622 sqm,"Al Maida, Al Busur, Al Qassim"
"600,000 SAR",Apartment,6,4,180 sqm,"Ash Shulah, Ad Dammam, Eastern"
"430,000 SAR",Apartment,5,3,179 sqm,"Sultanah, Abha, Asir"
"700,000 SAR",Apartment,5,4,160 sqm,"Al Marwah, Jeddah, Makkah Al Mukarramah"
"700,000 SAR",Apartment,5,4,160 sqm,"Al Marwah, Jeddah, Makkah Al Mukarramah"
"1,550,000 SAR",Villa,7+,6,420 sqm,"Al Ghadir, Abha, Asir"
"1,300,000 SAR",Apartment,6,3,222 sqm,"Ar Rimal, Riyadh, Ar Riyadh"
"450,000 SAR",Apartment,5,3,126 sqm,"Ar Rughamah, Jeddah, Makkah Al Mukarramah"
"520,000 SAR",Apartment,5,3,132 sqm,"Al Wahah, Jeddah, Makkah Al Mukarramah"
"600,000 SAR",Apartment,6,4,260 sqm,"العزيزية, Al Jubail, Eastern"
"600,000 SAR",Apartment,6,4,260 sqm,"العزيزية, Al Jubail, Eastern"
"450,000 SAR",Apartment,5,3,126 sqm,"Ar Rughamah, Jeddah, Makkah Al Mukarramah"
"520,000 SAR",Apartment,5,3,132 sqm,"Al Wahah, Jeddah, Makkah Al Mukarramah"
"600,000 SAR",Apartment,6,4,260 sqm,"العزيزية, Al Jubail, Eastern"
"1,250,000 SAR",Villa,7+,7,366 sqm,"Dahiyat Al Malik Fahd, Ad Dammam, Eastern"
"650,000 SAR",Apartment,5,3,157 sqm,"Al Sawari, Jeddah, Makkah Al Mukarramah"
"1,200,000 SAR",Apartment,5,4,215 sqm,"Ar Rimal, Riyadh, Ar Riyadh"
"750,000 SAR",Apartment,7+,4,356 sqm,"Al Jabal, Khamis Mushayt, Asir"
"750,000 SAR",Apartment,7+,4,356 sqm,"Al Jabal, Khamis Mushayt, Asir"
"1,400,000 SAR",Villa,7+,7+,300 sqm,"Ar Rahmanyah, Jeddah, Makkah Al Mukarramah"
"650,000 SAR",Apartment,5,3,157 sqm,"Al Sawari, Jeddah, Makkah Al Mukarramah"
"1,250,000 SAR",Villa,7+,7,366 sqm,"Dahiyat Al Malik Fahd, Ad Dammam, Eastern"
"1,000,000 SAR",Villa,7+,5,261 sqm,"Ar Riyadh, Jeddah, Makkah Al Mukarramah"
"750,000 SAR",Villa,7+,7,197 sqm,"Taybah, Ad Dammam, Eastern"
"1,400,000 SAR",Villa,7+,7+,300 sqm,"Ar Rahmanyah, Jeddah, Makkah Al Mukarramah"
"1,650,000 SAR",Villa,7+,7,417 sqm,"Al Urubah, Ad Dammam, Eastern"
"1,000,000 SAR",Villa,7+,5,261 sqm,"Ar Riyadh, Jeddah, Makkah Al Mukarramah"
"550,000 SAR",Apartment,6,3,179 sqm,"Mraykh, Jeddah, Makkah Al Mukarramah"
"1,250,000 SAR",Villa,7,6,220 sqm,"As Salhiyah, Jeddah, Makkah Al Mukarramah"
"800,000 SAR",Apartment,6,3,241 sqm,"Ar Rawabi, Jeddah, Makkah Al Mukarramah"
"1,150,000 SAR",Villa,7,6,400 sqm,"Al Nakhil, Al Ahsa, Eastern"
"680,000 SAR",Apartment,5,3,187 sqm,"Batha Quraysh, Makah Almukaramuh, Makkah Al Mukarramah"
"550,000 SAR",Apartment,6,3,179 sqm,"Mraykh, Jeddah, Makkah Al Mukarramah"
"680,000 SAR",Apartment,5,3,187 sqm,"Batha Quraysh, Makah Almukaramuh, Makkah Al Mukarramah"
"1,150,000 SAR",Villa,7,6,400 sqm,"Al Nakhil, Al Ahsa, Eastern"
"1,250,000 SAR",Villa,7,6,220 sqm,"As Salhiyah, Jeddah, Makkah Al Mukarramah"
"1,150,000 SAR",Villa,7+,7,405 sqm,"Al Nakhil, Al Ahsa, Eastern"
"400,000 SAR",Apartment,5,3,186 sqm,"Al Muhammadiyah 2, Jazan, Jazan"
"550,000 SAR",Apartment,5,4,152 sqm,"Al Wahah, Jeddah, Makkah Al Mukarramah"
"1,150,000 SAR",Apartment,5,4,162 sqm,"As Salamah, Jeddah, Makkah Al Mukarramah"
"1,050,000 SAR",Villa,7+,7+,250 sqm,"Dahiyat Al Malik Fahd, Ad Dammam, Eastern"
"750,000 SAR",Apartment,2,1,420 sqm,"Al Qadisiyah, Riyadh, Ar Riyadh"
"400,000 SAR",Apartment,5,3,186 sqm,"Al Muhammadiyah 2, Jazan, Jazan"
"750,000 SAR",Apartment,2,1,420 sqm,"Al Qadisiyah, Riyadh, Ar Riyadh"
"1,150,000 SAR",Apartment,5,4,162 sqm,"As Salamah, Jeddah, Makkah Al Mukarramah"
"1,050,000 SAR",Villa,7+,7+,250 sqm,"Dahiyat Al Malik Fahd, Ad Dammam, Eastern"
"670,000 SAR",Apartment,5,3,162 sqm,"An Nuzhah, Jeddah, Makkah Al Mukarramah"
"2,700,000 SAR",Villa,4,6,300 sqm,"Ash Shati, Jeddah, Makkah Al Mukarramah"
"500,000 SAR",Apartment,6,4,147 sqm,"الروضة, ابو عريش - ابو عريش, Jazan"
"700,000 SAR",Apartment,5,3,194 sqm,"Ash Shawqiyah, Makah Almukaramuh, Makkah Al Mukarramah"
"470,000 SAR",Apartment,5,3,131 sqm,"Al Wahah, Jeddah, Makkah Al Mukarramah"
"3,500,000 SAR",Villa,7+,7+,720 sqm,"Al Basatin, Jeddah, Makkah Al Mukarramah"
"435,000 SAR",Apartment,3,3,103 sqm,"Al Wahah, Jeddah, Makkah Al Mukarramah"
"470,000 SAR",Apartment,5,3,131 sqm,"Al Wahah, Jeddah, Makkah Al Mukarramah"
"1,140,000 SAR",Apartment,6,4,193 sqm,"An Nahdah, Jeddah, Makkah Al Mukarramah"
"620,000 SAR",Apartment,6,4,169 sqm,"Al Wahah, Jeddah, Makkah Al Mukarramah"
"3,500,000 SAR",Villa,7,7,338 sqm,"Qurtubah, Riyadh, Ar Riyadh"
"1,140,000 SAR",Apartment,6,4,193 sqm,"An Nahdah, Jeddah, Makkah Al Mukarramah"
"1,250,000 SAR",Villa,7+,7,310 sqm,"Al Wafa, Jeddah, Makkah Al Mukarramah"
"1,250,000 SAR",Villa,7+,7,310 sqm,"Al Wafa, Jeddah, Makkah Al Mukarramah"
"950,000 SAR",Villa,5,4,312 sqm,"Ar Riyadh, Jeddah, Makkah Al Mukarramah"
"2,400,000 SAR",Villa,7+,7+,420 sqm,"Al Bayan, Riyadh, Ar Riyadh"
"1,950,000 SAR",Villa,7,7,241 sqm,"Ash Sheraa, Jeddah, Makkah Al Mukarramah"
"2,700,000 SAR",Apartment,3,3,180 sqm,"Ash Shati, Jeddah, Makkah Al Mukarramah"
"5,500,000 SAR",Whole Building,7+,7+,529 sqm,"Ar Rawdah, Jeddah, Makkah Al Mukarramah"
"2,300,000 SAR",Villa,7+,7+,472 sqm,"Al Ajwad, Jeddah, Makkah Al Mukarramah"
"2,850,000 SAR",Villa,7,7+,390 sqm,"Abhur Ash Shamaliyah, Jeddah, Makkah Al Mukarramah"
"970,000 SAR",Villa,6,7,273 sqm,"Dahiyat Al Malik Fahd, Ad Dammam, Eastern"
"970,000 SAR",Villa,6,7,273 sqm,"Dahiyat Al Malik Fahd, Ad Dammam, Eastern"
"1,050,000 SAR",Apartment,5,4,175 sqm,"Ar Rimal, Riyadh, Ar Riyadh"
"1,050,000 SAR",Apartment,5,4,175 sqm,"Ar Rimal, Riyadh, Ar Riyadh"
"350,000 SAR",Apartment,3,2,119 sqm,"Al Jalawiyah, Ad Dammam, Eastern"
"350,000 SAR",Apartment,3,2,119 sqm,"Al Jalawiyah, Ad Dammam, Eastern"
"800,000 SAR",Apartment,4,3,190 sqm,"Al Firdaws, Ad Dammam, Eastern"
"500,000 SAR",Apartment,6,3,200 sqm,"As Safa, Jazan, Jazan"
"420,000 SAR",Apartment,5,3,130 sqm,"Mraykh, Jeddah, Makkah Al Mukarramah"
"800,000 SAR",Apartment,5,3,127 sqm,"Az Zahra, Jeddah, Makkah Al Mukarramah"
"560,000 SAR",Apartment,6,4,248 sqm,"العزيزية, Al Jubail, Eastern"
"800,000 SAR",Apartment,5,3,127 sqm,"Az Zahra, Jeddah, Makkah Al Mukarramah"
"550,000 SAR",Apartment,5,4,197 sqm,"Al Jawharah, Ad Dammam, Eastern"
"650,000 SAR",Apartment,5,3,204 sqm,"Mishrifah, Jeddah, Makkah Al Mukarramah"
"700,000 SAR",Apartment,5,3,195 sqm,"Mishrifah, Jeddah, Makkah Al Mukarramah"
"1,000,000 SAR",Apartment,6,4,224 sqm,"Mishrifah, Jeddah, Makkah Al Mukarramah"
"1,950,000 SAR",Villa,7+,6,241 sqm,"Al Bawadi, Jeddah, Makkah Al Mukarramah"
"12,000,000 SAR",Whole Building,7+,7+,719 sqm,"Al Mursalat, Makah Almukaramuh, Makkah Al Mukarramah"
"1,100,000 SAR",Villa,7+,5,399 sqm,"الروضة, Al Jubail, Eastern"
"1,350,000 SAR",Villa,7,6,553 sqm,"أم الرصف, امارة منطقة مكة المكرمة - الطائف, Makkah Al Mukarramah"
"1,100,000 SAR",Villa,7+,5,399 sqm,"الروضة, Al Jubail, Eastern"
"900,000 SAR",Villa,7+,5,373 sqm,"الورود, ابو عريش - ابو عريش, Jazan"
"650,000 SAR",Apartment,6,5,225 sqm,"Ash Shati, Jazan, Jazan"
"900,000 SAR",Villa,7+,5,373 sqm,"الورود, ابو عريش - ابو عريش, Jazan"
"3,200,000 SAR",Villa,7+,6,459 sqm,"Abhur Ash Shamaliyah, Jeddah, Makkah Al Mukarramah"
"550,000 SAR",Apartment,5,4,197 sqm,"Al Jawharah, Ad Dammam, Eastern"
"550,000 SAR",Apartment,2,2,59 sqm,"Umm Al Jud, Makah Almukaramuh, Makkah Al Mukarramah"
"750,000 SAR",Villa,7+,7,308 sqm,"Al Naqeeb Al Shamali, Bariduh, Al Qassim"
"1,140,000 SAR",Villa,7+,6,312 sqm,"Ar Riyadh, Jeddah, Makkah Al Mukarramah"
"3,200,000 SAR",Villa,7+,6,459 sqm,"Abhur Ash Shamaliyah, Jeddah, Makkah Al Mukarramah"
"1,200,000 SAR",Villa,7+,5,250 sqm,"Al Maarid, Khamis Mushayt, Asir"
"1,200,000 SAR",Villa,7+,5,250 sqm,"Al Maarid, Khamis Mushayt, Asir"
"1,600,000 SAR",Villa,7+,5,360 sqm,"Tuwaiq, Riyadh, Ar Riyadh"
"4,850,000 SAR",Villa,7+,7+,550 sqm,"Ishbiliyah, Riyadh, Ar Riyadh"
"2,700,000 SAR",Villa,7+,7+,620 sqm,"As Sanabel, Jeddah, Makkah Al Mukarramah"
"2,200,000 SAR",Villa,7+,6,382 sqm,"Ash Shulah, Ad Dammam, Eastern"
"4,000,000 SAR",Villa,2,6,450 sqm,"Al Mahdiyah, Riyadh, Ar Riyadh"
"700,000 SAR",Apartment,5,3,157 sqm,"Quba, Jeddah, Makkah Al Mukarramah"
"500,000 SAR",Apartment,5,3,209 sqm,"Ohod, Ad Dammam, Eastern"
"1,250,000 SAR",Villa,7+,7+,310 sqm,"Al Wafa, Jeddah, Makkah Al Mukarramah"
"750,000 SAR",Apartment,3,2,80 sqm,"Al Dar Al Baida, Riyadh, Ar Riyadh"
"730,000 SAR",Apartment,4,3,112 sqm,"Ar Rawdah, Jeddah, Makkah Al Mukarramah"
"1,400,000 SAR",Villa,7+,7+,460 sqm,"Mansubi Al Taleem 1st, Al Ahsa, Eastern"
"2,700,000 SAR",Villa,7+,7+,620 sqm,"As Sanabel, Jeddah, Makkah Al Mukarramah"
"1,200,000 SAR",Apartment,5,5,194 sqm,"Ar Rawdah, Jeddah, Makkah Al Mukarramah"
"630,000 SAR",Apartment,5,4,208 sqm,"As Salamah, Abha, Asir"
"450,000 SAR",Apartment,5,2,165 sqm,"Ar Rawabi, Abha, Asir"
"600,000 SAR",Apartment,5,3,134 sqm,"Al Manar, Jeddah, Makkah Al Mukarramah"
"550,000 SAR",Apartment,6,4,243 sqm,"إشبيلية, Al Jubail, Eastern"
"1,200,000 SAR",Apartment,3,3,126 sqm,"Al Qirawan, Riyadh, Ar Riyadh"
"600,000 SAR",Apartment,3,3,145 sqm,"Al Muruj, Abha, Asir"
"600,000 SAR",Apartment,3,3,145 sqm,"Al Muruj, Abha, Asir"
"575,000 SAR",Apartment,5,3,150 sqm,"Al Marwah, Jeddah, Makkah Al Mukarramah"
"1,700,000 SAR",Villa,7+,6,506 sqm,"Al Khuzama, Al Khubar, Eastern"
"3,480,000 SAR",Villa,7,6,560 sqm,"Al Qusor, Ad Dammam, Eastern"
"750,000 SAR",Villa,7+,6,334 sqm,"الرحبة, امارة منطقة مكة المكرمة - الطائف, Makkah Al Mukarramah"
"250,000 SAR",Apartment,4,3,143 sqm,"Prince Sultan, Bisha, Asir"
"540,000 SAR",Apartment,5,3,126 sqm,"Al Manar, Jeddah, Makkah Al Mukarramah"
"250,000 SAR",Apartment,4,3,143 sqm,"Prince Sultan, Bisha, Asir"
"1,550,000 SAR",Villa,7+,7+,400 sqm,"As Sawari, Al Khubar, Eastern"
"1,400,000 SAR",Apartment,6,6,240 sqm,"Al Janadriyah, Riyadh, Ar Riyadh"
"2,400,000 SAR",Villa,4,3,450 sqm,"Al Awaly, Riyadh, Ar Riyadh"
"1,400,000 SAR",Apartment,6,6,240 sqm,"Al Janadriyah, Riyadh, Ar Riyadh"
"4,500,000 SAR",Villa,4,5,307 sqm,"An Narjis, Riyadh, Ar Riyadh"
"1,550,000 SAR",Villa,7+,7+,400 sqm,"As Sawari, Al Khubar, Eastern"
"850,000 SAR",Villa,6,6,293 sqm,"الحمراء, Al Jubail, Eastern"
"2,500,000 SAR",Villa,7+,7+,504 sqm,"As Safa, Jeddah, Makkah Al Mukarramah"
"400,000 SAR",Apartment,5,3,149 sqm,"الحمراء, Al Jubail, Eastern"
"570,000 SAR",Apartment,4,3,126 sqm,"Al Wahah, Jeddah, Makkah Al Mukarramah"
"400,000 SAR",Apartment,5,3,149 sqm,"الحمراء, Al Jubail, Eastern"
"730,000 SAR",Apartment,6,5,198 sqm,"Ar Rabwah, Jeddah, Makkah Al Mukarramah"
"850,000 SAR",Villa,6,6,293 sqm,"الحمراء, Al Jubail, Eastern"
"730,000 SAR",Apartment,6,5,198 sqm,"Ar Rabwah, Jeddah, Makkah Al Mukarramah"
"570,000 SAR",Apartment,4,3,126 sqm,"Al Wahah, Jeddah, Makkah Al Mukarramah"
"1,900,000 SAR",Villa,7,6,500 sqm,"Al Lulu, Al Khubar, Eastern"
"1,200,000 SAR",Apartment,5,5,194 sqm,"Ar Rawdah, Jeddah, Makkah Al Mukarramah"
"588,000 SAR",Apartment,6,5,201 sqm,"Umm Hablain Al Gharbia, Jeddah, Makkah Al Mukarramah"
"1,500,000 SAR",Villa,7,4,312 sqm,"Al Falah, Jeddah, Makkah Al Mukarramah"
"650,000 SAR",Apartment,6,3,211 sqm,"Harat Al Bab Al Jadid, Makah Almukaramuh, Makkah Al Mukarramah"
"845,583 SAR",Apartment,5,4,180 sqm,"Al Sawari, Jeddah, Makkah Al Mukarramah"
"3,500,000 SAR",Villa,7+,7+,618 sqm,"Ad Difa, Madinah, Al Madinah Al Munawwarah"
"450,000 SAR",Apartment,5,2,165 sqm,"Ar Rawabi, Abha, Asir"
"650,000 SAR",Apartment,6,3,211 sqm,"Harat Al Bab Al Jadid, Makah Almukaramuh, Makkah Al Mukarramah"
"845,583 SAR",Apartment,5,4,180 sqm,"Al Sawari, Jeddah, Makkah Al Mukarramah"
"600,000 SAR",Apartment,6,2,173 sqm,"Asharai, Makah Almukaramuh, Makkah Al Mukarramah"
"650,000 SAR",Apartment,6,3,211 sqm,"Harat Al Bab Al Jadid, Makah Almukaramuh, Makkah Al Mukarramah"
"520,000 SAR",Apartment,5,3,204 sqm,"Al Muhammadiyah 2, Jazan, Jazan"
"1,500,000 SAR",Villa,7,4,312 sqm,"Al Falah, Jeddah, Makkah Al Mukarramah"
"588,000 SAR",Apartment,6,5,201 sqm,"Umm Hablain Al Gharbia, Jeddah, Makkah Al Mukarramah"
"3,000,000 SAR",Villa,6,5,299 sqm,"Al Basatin, Jeddah, Makkah Al Mukarramah"
"720,000 SAR",Apartment,5,3,165 sqm,"Al Faiha, Jeddah, Makkah Al Mukarramah"
"17,500,000 SAR",Whole Building,7+,7+,"1,080 sqm","Al Sahafah, Riyadh, Ar Riyadh"
"680,000 SAR",Apartment,5,3,143 sqm,"Al Sawari, Jeddah, Makkah Al Mukarramah"
"1,100,000 SAR",Villa,7+,7,357 sqm,"Al Qryniah, Jeddah, Makkah Al Mukarramah"
"1,100,000 SAR",Villa,7+,7,357 sqm,"Al Qryniah, Jeddah, Makkah Al Mukarramah"
"800,000 SAR",Villa,7+,6,362 sqm,"Al Rabwah, Ar Rass, Al Qassim"
"1,050,000 SAR",Villa,7+,7,392 sqm,"Al Qryniah, Jeddah, Makkah Al Mukarramah"
"559,000 SAR",Apartment,6,3,147 sqm,"Governmental1, Jeddah, Makkah Al Mukarramah"
"1,450,000 SAR",Apartment,6,7+,305 sqm,"Al Qadisiyah, Riyadh, Ar Riyadh"
"1,050,000 SAR",Villa,7+,7,392 sqm,"Al Qryniah, Jeddah, Makkah Al Mukarramah"
"3,200,000 SAR",Villa,7+,7+,663 sqm,"Ad Difa, Madinah, Al Madinah Al Munawwarah"
"700,000 SAR",Apartment,6,3,176 sqm,"Ar Rayaan, Jeddah, Makkah Al Mukarramah"
"700,000 SAR",Apartment,6,3,176 sqm,"Ar Rayaan, Jeddah, Makkah Al Mukarramah"
"800,000 SAR",Villa,7+,6,362 sqm,"Al Rabwah, Ar Rass, Al Qassim"
"1,650,000 SAR",Villa,7+,6,598 sqm,"Al Rabwah, Ar Rass, Al Qassim"
"1,850,000 SAR",Villa,7+,6,361 sqm,"Al Janadriyah, Riyadh, Ar Riyadh"
"680,000 SAR",Apartment,5,3,143 sqm,"Al Sawari, Jeddah, Makkah Al Mukarramah"
"620,000 SAR",Apartment,6,5,211 sqm,"Ash Shawqiyah, Makah Almukaramuh, Makkah Al Mukarramah"
"1,850,000 SAR",Villa,7+,6,361 sqm,"Al Janadriyah, Riyadh, Ar Riyadh"
"1,350,000 SAR",Villa,6,7,405 sqm,"Al Hajla Al Jadid, Makah Almukaramuh, Makkah Al Mukarramah"
"559,000 SAR",Apartment,6,3,147 sqm,"Governmental1, Jeddah, Makkah Al Mukarramah"
"1,800,000 SAR",Villa,7+,7+,450 sqm,"Al Hajla Al Jadid, Makah Almukaramuh, Makkah Al Mukarramah"
"1,450,000 SAR",Villa,7+,6,361 sqm,"Al Janadriyah, Riyadh, Ar Riyadh"
"1,100,000 SAR",Apartment,5,5,257 sqm,"Ar Rawabi, Al Khubar, Eastern"
"1,100,000 SAR",Apartment,5,5,257 sqm,"Ar Rawabi, Al Khubar, Eastern"
"450,000 SAR",Apartment,5,4,170 sqm,"Hajr, Ad Dammam, Eastern"
"515,000 SAR",Apartment,5,5,194 sqm,"Ar Rawabi, Abha, Asir"
"600,000 SAR",Apartment,5,4,226 sqm,"An Nawwariyah, Makah Almukaramuh, Makkah Al Mukarramah"
"957,000 SAR",Apartment,5,4,185 sqm,"Al Sawari, Jeddah, Makkah Al Mukarramah"
"1,350,000 SAR",Villa,6,7,405 sqm,"Al Hajla Al Jadid, Makah Almukaramuh, Makkah Al Mukarramah"
"1,800,000 SAR",Villa,7+,7+,450 sqm,"Al Hajla Al Jadid, Makah Almukaramuh, Makkah Al Mukarramah"
"510,000 SAR",Apartment,5,5,200 sqm,"Ar Rawabi, Abha, Asir"
"750,000 SAR",Apartment,6,3,166 sqm,"Al Wahah, Jeddah, Makkah Al Mukarramah"
"2,300,000 SAR",Villa,6,5,400 sqm,"Al Mahdiyah, Riyadh, Ar Riyadh"
"700,000 SAR",Apartment,5,3,174 sqm,"As Safa, Jeddah, Makkah Al Mukarramah"
"1,450,000 SAR",Apartment,6,7+,305 sqm,"Al Qadisiyah, Riyadh, Ar Riyadh"
"550,000 SAR",Apartment,5,3,197 sqm,"الرحاب, امارة منطقة مكة المكرمة - الطائف, Makkah Al Mukarramah"
"3,700,000 SAR",Villa,7+,7+,576 sqm,"Al Qadisiyah, Riyadh, Ar Riyadh"
"957,000 SAR",Apartment,5,4,185 sqm,"Al Sawari, Jeddah, Makkah Al Mukarramah"
"880,000 SAR",Villa,7,5,345 sqm,"الرحاب, امارة منطقة مكة المكرمة - الطائف, Makkah Al Mukarramah"
"880,000 SAR",Villa,7,5,345 sqm,"الرحاب, امارة منطقة مكة المكرمة - الطائف, Makkah Al Mukarramah"
"1,200,000 SAR",Villa,7+,7+,493 sqm,"Al Muhammadiyah 1, Jazan, Jazan"
"1,150,000 SAR",Villa,6,5,275 sqm,"Ar Rahmanyah, Jeddah, Makkah Al Mukarramah"
"450,000 SAR",Apartment,4,2,91 sqm,"As Salamah, Jeddah, Makkah Al Mukarramah"
"960,000 SAR",Villa,7+,7,275 sqm,"Al Amwaj, Al Khubar, Eastern"
"960,000 SAR",Villa,7+,7,275 sqm,"Al Amwaj, Al Khubar, Eastern"
"480,000 SAR",Apartment,5,4,204 sqm,"غرناطة, Al Jubail, Eastern"
"1,200,000 SAR",Villa,7+,7+,493 sqm,"Al Muhammadiyah 1, Jazan, Jazan"
"3,700,000 SAR",Villa,7+,7+,576 sqm,"Al Qadisiyah, Riyadh, Ar Riyadh"
"480,000 SAR",Apartment,5,4,204 sqm,"غرناطة, Al Jubail, Eastern"
"520,000 SAR",Apartment,5,3,145 sqm,"Al Wahah, Jeddah, Makkah Al Mukarramah"
"750,000 SAR",Apartment,5,3,136 sqm,"An Naim, Jeddah, Makkah Al Mukarramah"
"520,000 SAR",Apartment,5,3,145 sqm,"Al Wahah, Jeddah, Makkah Al Mukarramah"
"1,150,000 SAR",Villa,6,5,275 sqm,"Ar Rahmanyah, Jeddah, Makkah Al Mukarramah"
"1,700,000 SAR",Villa,7+,6,690 sqm,"Al Nakhil, Afif, Ar Riyadh"
"780,000 SAR",Apartment,5,3,166 sqm,"An Naim, Jeddah, Makkah Al Mukarramah"
"1,480,000 SAR",Villa,7+,7,300 sqm,"Al Yaqoot, Abha, Asir"
"1,700,000 SAR",Villa,7+,6,690 sqm,"Al Nakhil, Afif, Ar Riyadh"
"550,000 SAR",Apartment,5,3,155 sqm,"Umm Al Jud, Makah Almukaramuh, Makkah Al Mukarramah"
"700,000 SAR",Apartment,5,3,209 sqm,"Ar Rawabi, Madinah, Al Madinah Al Munawwarah"
"2,300,000 SAR",Villa,6,6,400 sqm,"Al Mahdiyah, Riyadh, Ar Riyadh"
"1,180,000 SAR",Villa,6,6,322 sqm,"Ar Riyadh, Jeddah, Makkah Al Mukarramah"
"700,000 SAR",Apartment,5,4,207 sqm,"As Safa, Jeddah, Makkah Al Mukarramah"
"1,220,000 SAR",Villa,6,6,292 sqm,"As safwa, Jeddah, Makkah Al Mukarramah"
"670,000 SAR",Apartment,5,3,178 sqm,"Al Hijrah, Makah Almukaramuh, Makkah Al Mukarramah"
"595,000 SAR",Apartment,5,3,130 sqm,"Al Marwah, Jeddah, Makkah Al Mukarramah"
"1,230,000 SAR",Villa,6,6,340 sqm,"Ar Riyadh, Jeddah, Makkah Al Mukarramah"
"2,300,000 SAR",Villa,6,6,400 sqm,"Al Mahdiyah, Riyadh, Ar Riyadh"
"1,200,000 SAR",Villa,7+,7,509 sqm,"Ar Rawabi, Madinah, Al Madinah Al Munawwarah"
"1,400,000 SAR",Apartment,3,3,198 sqm,"An Nada, Riyadh, Ar Riyadh"
"700,000 SAR",Apartment,5,3,209 sqm,"Ar Rawabi, Madinah, Al Madinah Al Munawwarah"
"595,000 SAR",Apartment,5,3,130 sqm,"Al Marwah, Jeddah, Makkah Al Mukarramah"
"600,000 SAR",Apartment,5,3,209 sqm,"Ar Rawabi, Madinah, Al Madinah Al Munawwarah"
"2,300,000 SAR",Villa,6,5,400 sqm,"Al Mahdiyah, Riyadh, Ar Riyadh"
"780,000 SAR",Apartment,5,3,163 sqm,"An Naim, Jeddah, Makkah Al Mukarramah"
"1,150,000 SAR",Villa,7+,6,224 sqm,"As Salhiyah, Jeddah, Makkah Al Mukarramah"
"349,000 SAR",Apartment,3,3,575 sqm,"An Nuzhah, Jeddah, Makkah Al Mukarramah"
"1,200,000 SAR",Villa,7,6,200 sqm,"Al Khomrah, Jeddah, Makkah Al Mukarramah"
"1,230,000 SAR",Villa,6,6,340 sqm,"Ar Riyadh, Jeddah, Makkah Al Mukarramah"
"780,000 SAR",Apartment,5,3,178 sqm,"An Naim, Jeddah, Makkah Al Mukarramah"
"780,000 SAR",Apartment,5,3,166 sqm,"An Naim, Jeddah, Makkah Al Mukarramah"
"730,000 SAR",Apartment,5,4,187 sqm,"Ar Rayaan, Jeddah, Makkah Al Mukarramah"
"780,000 SAR",Apartment,5,3,163 sqm,"An Naim, Jeddah, Makkah Al Mukarramah"
"600,000 SAR",Apartment,5,3,209 sqm,"Ar Rawabi, Madinah, Al Madinah Al Munawwarah"
"1,150,000 SAR",Villa,7+,6,224 sqm,"As Salhiyah, Jeddah, Makkah Al Mukarramah"
"850,000 SAR",Villa,6,5,280 sqm,"مثملة, امارة منطقة مكة المكرمة - الطائف, Makkah Al Mukarramah"
"2,000,000 SAR",Villa,7+,7+,261 sqm,"Ar Rimal, Riyadh, Ar Riyadh"
"900,000 SAR",Apartment,7,5,270 sqm,"As Safa, Jeddah, Makkah Al Mukarramah"
"1,220,000 SAR",Villa,6,6,292 sqm,"As safwa, Jeddah, Makkah Al Mukarramah"
"660,000 SAR",Apartment,5,5,206 sqm,"King Fahd, Madinah, Al Madinah Al Munawwarah"
"620,000 SAR",Apartment,7,5,235 sqm,"Ar Rehab 3, Jazan, Jazan"
"570,000 SAR",Apartment,5,3,167 sqm,"Al Tarwia, Makah Almukaramuh, Makkah Al Mukarramah"
"650,000 SAR",Apartment,5,4,159 sqm,"As Safa, Jeddah, Makkah Al Mukarramah"
"550,000 SAR",Apartment,5,4,147 sqm,"الروضة, ابو عريش - ابو عريش, Jazan"
"720,000 SAR",Apartment,6,3,165 sqm,"An Nuzhah, Jeddah, Makkah Al Mukarramah"
"550,000 SAR",Apartment,5,2,181 sqm,"Al Tarwia, Makah Almukaramuh, Makkah Al Mukarramah"
"850,000 SAR",Apartment,2,2,110 sqm,"Al Faiha, Jeddah, Makkah Al Mukarramah"
"580,000 SAR",Apartment,5,3,131 sqm,"Al Manar, Jeddah, Makkah Al Mukarramah"
"600,000 SAR",Apartment,6,3,257 sqm,"Al Muhammadiyah 2, Jazan, Jazan"
"570,000 SAR",Apartment,5,3,160 sqm,"Governmental1, Jeddah, Makkah Al Mukarramah"
"850,000 SAR",Villa,6,4,277 sqm,"Al misyal Al Jadid, Makah Almukaramuh, Makkah Al Mukarramah"
"520,000 SAR",Apartment,5,4,186 sqm,"Umm Asalam, Jeddah, Makkah Al Mukarramah"
"1,120,000 SAR",Villa,7+,7,400 sqm,"Ar Rehab 3, Jazan, Jazan"
"700,000 SAR",Apartment,7,4,286 sqm,"القيم الأعلى, امارة منطقة مكة المكرمة - الطائف, Makkah Al Mukarramah"
"720,000 SAR",Apartment,5,3,162 sqm,"An Nuzhah, Jeddah, Makkah Al Mukarramah"
"595,000 SAR",Apartment,5,4,176 sqm,"Governmental1, Jeddah, Makkah Al Mukarramah"
"750,000 SAR",Apartment,6,4,220 sqm,"Al Marwah, Jeddah, Makkah Al Mukarramah"
"1,500,000 SAR",Apartment,2,2,116 sqm,"Al Faiha, Jeddah, Makkah Al Mukarramah"
"500,000 SAR",Apartment,5,2,153 sqm,"Al Tarwia, Makah Almukaramuh, Makkah Al Mukarramah"
"595,000 SAR",Apartment,6,4,176 sqm,"Governmental1, Jeddah, Makkah Al Mukarramah"
"600,000 SAR",Apartment,5,4,203 sqm,"Al Yaqoot, Abha, Asir"
"700,000 SAR",Apartment,6,3,174 sqm,"الجال, امارة منطقة مكة المكرمة - الطائف, Makkah Al Mukarramah"
"675,000 SAR",Apartment,7,3,195 sqm,"Ar Rayaan, Jeddah, Makkah Al Mukarramah"
"1,230,000 SAR",Villa,7+,6,267 sqm,"Al Aqiq, Al Khubar, Eastern"
"400,000 SAR",Apartment,5,3,120 sqm,"شهار, امارة منطقة مكة المكرمة - الطائف, Makkah Al Mukarramah"
"690,000 SAR",Apartment,5,4,195 sqm,"As Safa, Jeddah, Makkah Al Mukarramah"
"5,600,000 SAR",Villa,5,7,375 sqm,"An Nada, Riyadh, Ar Riyadh"
"530,000 SAR",Apartment,5,4,190 sqm,"Umm Asalam, Jeddah, Makkah Al Mukarramah"
"570,000 SAR",Apartment,5,3,167 sqm,"Al Tarwia, Makah Almukaramuh, Makkah Al Mukarramah"
"650,000 SAR",Apartment,5,3,187 sqm,"السناح, امارة منطقة مكة المكرمة - الطائف, Makkah Al Mukarramah"
"1,500,000 SAR",Villa,7+,7,360 sqm,"Ar Rahmanyah, Jeddah, Makkah Al Mukarramah"
"1,750,000 SAR",Villa,7+,7+,345 sqm,"Al Hamadaniyah, Jeddah, Makkah Al Mukarramah"
"730,000 SAR",Apartment,5,4,187 sqm,"Ar Rayaan, Jeddah, Makkah Al Mukarramah"
"420,000 SAR",Apartment,5,3,160 sqm,"Aleasiluh, Jazan"
"570,000 SAR",Villa,7+,5,164 sqm,"Badr, Riyadh, Ar Riyadh"
"674,000 SAR",Apartment,6,3,185 sqm,"القمرية, امارة منطقة مكة المكرمة - الطائف, Makkah Al Mukarramah"
"4,000,000 SAR",Whole Building,7+,7+,595 sqm,"Ar Rabwah, Jeddah, Makkah Al Mukarramah"
"800,000 SAR",Apartment,7,5,382 sqm,"Nishwan, Khamis Mushayt, Asir"
"3,000,000 SAR",Villa,5,7+,423 sqm,"Al Basatin, Jeddah, Makkah Al Mukarramah"
"550,000 SAR",Apartment,5,4,147 sqm,"الروضة, ابو عريش - ابو عريش, Jazan"
"615,000 SAR",Apartment,6,4,176 sqm,"Governmental1, Jeddah, Makkah Al Mukarramah"
"7,800,000 SAR",Villa,5,6,780 sqm,"Al Sahafah, Riyadh, Ar Riyadh"
"650,000 SAR",Apartment,5,4,155 sqm,"Al Wahah, Jeddah, Makkah Al Mukarramah"
"560,000 SAR",Apartment,7+,5,337 sqm,"Al Mansurah, Bariduh, Al Qassim"
"2,450,000 SAR",Villa,7+,7+,409 sqm,"Al Murjan, Jeddah, Makkah Al Mukarramah"
"1,100,000 SAR",Apartment,5,3,186 sqm,"Ar Rawdah, Jeddah, Makkah Al Mukarramah"
"2,200,000 SAR",Villa,7,5,307 sqm,"Al Saadah, Riyadh, Ar Riyadh"
"4,800,000 SAR",Villa,5,5,525 sqm,"Al Munisiyah, Riyadh, Ar Riyadh"
"600,000 SAR",Apartment,6,4,237 sqm,"إشبيلية, Al Jubail, Eastern"
"700,000 SAR",Apartment,7,4,286 sqm,"القيم الأعلى, امارة منطقة مكة المكرمة - الطائف, Makkah Al Mukarramah"
"1,180,000 SAR",Villa,7,7,381 sqm,"Ar Rawdah, Ad Dammam, Eastern"
"1,030,000 SAR",Apartment,6,4,206 sqm,"As Salamah, Jeddah, Makkah Al Mukarramah"
"620,000 SAR",Apartment,5,4,170 sqm,"Ar Rehab 3, Jazan, Jazan"
"620,000 SAR",Apartment,5,4,170 sqm,"Ar Rehab 3, Jazan, Jazan"
"730,000 SAR",Apartment,6,4,186 sqm,"Al Sawari, Jeddah, Makkah Al Mukarramah"
"730,000 SAR",Apartment,6,4,186 sqm,"Al Sawari, Jeddah, Makkah Al Mukarramah"
"6,000,000 SAR",Villa,5,7+,636 sqm,"Al Khalidiyah, Jeddah, Makkah Al Mukarramah"
"550,000 SAR",Apartment,5,2,181 sqm,"Al Tarwia, Makah Almukaramuh, Makkah Al Mukarramah"
"2,400,000 SAR",Apartment,2,3,141 sqm,"Al Olaya, Riyadh, Ar Riyadh"
"2,850,000 SAR",Villa,7,5,390 sqm,"Abhur Ash Shamaliyah, Jeddah, Makkah Al Mukarramah"
"1,600,000 SAR",Villa,7+,7+,231 sqm,"Ash Sheraa, Jeddah, Makkah Al Mukarramah"
"560,000 SAR",Apartment,7+,5,337 sqm,"Al Mansurah, Bariduh, Al Qassim"
"650,000 SAR",Apartment,5,4,155 sqm,"Al Wahah, Jeddah, Makkah Al Mukarramah"
"7,800,000 SAR",Villa,5,7+,780 sqm,"Al Sahafah, Riyadh, Ar Riyadh"
"600,000 SAR",Apartment,5,3,195 sqm,"As Safa, Jeddah, Makkah Al Mukarramah"
"430,000 SAR",Apartment,5,3,160 sqm,"An Nur, Ad Dammam, Eastern"
"790,000 SAR",Full Floor,7,3,224 sqm,"Uqaz, Riyadh, Ar Riyadh"
"500,000 SAR",Apartment,5,2,153 sqm,"Al Tarwia, Makah Almukaramuh, Makkah Al Mukarramah"
"2,950,000 SAR",Villa,7+,7,458 sqm,"Al Bahar, Al Khubar, Eastern"
"550,000 SAR",Apartment,5,2,181 sqm,"Al Tarwia, Makah Almukaramuh, Makkah Al Mukarramah"
"825,000 SAR",Apartment,5,4,166 sqm,"An Naim, Jeddah, Makkah Al Mukarramah"
"570,000 SAR",Apartment,5,5,189 sqm,"Al Nakhil, Bariduh, Al Qassim"
"450,000 SAR",Apartment,5,4,172 sqm,"Baljurashi, Al Baha"
"1,330,000 SAR",Villa,7+,7+,312 sqm,"Ar Riyadh, Jeddah, Makkah Al Mukarramah"
"500,000 SAR",Apartment,7,5,273 sqm,"Al Maealaa, Ahad Rifaydah, Asir"
"810,000 SAR",Apartment,6,5,203 sqm,"As Safa, Jeddah, Makkah Al Mukarramah"
"750,000 SAR",Apartment,7,7,345 sqm,"An Noor, Khamis Mushayt, Asir"
"1,150,000 SAR",Apartment,7,5,323 sqm,"Al Janadriyah, Riyadh, Ar Riyadh"
"550,000 SAR",Apartment,5,3,201 sqm,"Ash Shati, Jazan, Jazan"
"1,300,000 SAR",Villa,7,7,384 sqm,"الحلقة الغربية, امارة منطقة مكة المكرمة - الطائف, Makkah Al Mukarramah"
"760,000 SAR",Apartment,5,3,194 sqm,"Al Janadriyah, Riyadh, Ar Riyadh"
"690,000 SAR",Villa,6,5,211 sqm,"Badr, Riyadh, Ar Riyadh"
"450,000 SAR",Apartment,5,4,208 sqm,"إشبيلية, Al Jubail, Eastern"
"770,000 SAR",Villa,6,4,214 sqm,"Badr, Riyadh, Ar Riyadh"
"750,000 SAR",Apartment,5,4,207 sqm,"Dirab, Riyadh, Ar Riyadh"
"1,700,000 SAR",Apartment,6,5,236 sqm,"Az Zahra, Jeddah, Makkah Al Mukarramah"
"780,000 SAR",Villa,7,5,498 sqm,"Al Qafilah, Khamis Mushayt, Asir"
"650,000 SAR",Apartment,4,3,164 sqm,"Uqaz, Riyadh, Ar Riyadh"
"920,000 SAR",Apartment,5,6,224 sqm,"Al Marwah, Jeddah, Makkah Al Mukarramah"
"560,000 SAR",Apartment,4,2,144 sqm,"Dhahran, Eastern"
"2,450,000 SAR",Villa,7,7,253 sqm,"Dhahran, Eastern"
"677,000 SAR",Apartment,4,4,224 sqm,"Al Jumum, Makkah Al Mukarramah"
"1,500,000 SAR",Apartment,3,3,167 sqm,"Ad-Diriyah, Ar Riyadh"
"1,350,000 SAR",Villa,7+,7,200 sqm,"Al Janadriyah, Riyadh, Ar Riyadh"
"640,000 SAR",Apartment,6,4,293 sqm,"An Nur, Ad Dammam, Eastern"
"550,000 SAR",Apartment,6,4,251 sqm,"Ar Rawabi, Abha, Asir"
"750,000 SAR",Apartment,4,4,187 sqm,"Dahiyat Al Malik Fahd, Ad Dammam, Eastern"
"550,000 SAR",Apartment,6,4,247 sqm,"Ar Rawabi, Abha, Asir"
"1,200,000 SAR",Villa,7,4,332 sqm,"Ar Rahmanyah, Jeddah, Makkah Al Mukarramah"
"620,000 SAR",Apartment,6,4,264 sqm,"الواسط, امارة منطقة مكة المكرمة - الطائف, Makkah Al Mukarramah"
"950,000 SAR",Apartment,5,3,135 sqm,"Al Munisiyah, Riyadh, Ar Riyadh"
"780,000 SAR",Apartment,7,4,295 sqm,"Ash Shifa, Khamis Mushayt, Asir"
"780,000 SAR",Apartment,2,3,99 sqm,"Tuwaiq, Riyadh, Ar Riyadh"
"650,000 SAR",Apartment,5,4,184 sqm,"Dahiyat Namar, Riyadh, Ar Riyadh"
"730,000 SAR",Villa,7,4,299 sqm,"ريحه, امارة منطقة مكة المكرمة - الطائف, Makkah Al Mukarramah"
"550,000 SAR",Apartment,6,4,190 sqm,"An Nuzhah 2, Ahad Rifaydah, Asir"
"850,000 SAR",Apartment,6,4,219 sqm,"As Safa, Jeddah, Makkah Al Mukarramah"
"550,000 SAR",Apartment,5,4,163 sqm,"Al Hamra, Al Khubar, Eastern"
"700,000 SAR",Apartment,5,3,152 sqm,"Al Marwah, Jeddah, Makkah Al Mukarramah"
"1,350,000 SAR",Villa,5,5,221 sqm,"Al Janadriyah, Riyadh, Ar Riyadh"
"1,050,000 SAR",Villa,7+,7,288 sqm,"Ash Shamiya Al Jadid, Makah Almukaramuh, Makkah Al Mukarramah"
"620,000 SAR",Apartment,5,3,193 sqm,"Al Muhammadiyah, Makah Almukaramuh, Makkah Al Mukarramah"
"580,000 SAR",Apartment,6,4,206 sqm,"Umm Asalam, Jeddah, Makkah Al Mukarramah"
"780,000 SAR",Apartment,7+,4,242 sqm,"Badr, Riyadh, Ar Riyadh"
"550,000 SAR",Apartment,6,4,173 sqm,"Umm Asalam, Jeddah, Makkah Al Mukarramah"
"900,000 SAR",Villa,5,3,190 sqm,"Al Wafa, Jeddah, Makkah Al Mukarramah"
"1,700,000 SAR",Villa,7+,7+,300 sqm,"Ar Rahmanyah, Jeddah, Makkah Al Mukarramah"
"600,000 SAR",Apartment,4,3,174 sqm,"Al Hazm, Riyadh, Ar Riyadh"
"580,000 SAR",Apartment,5,4,189 sqm,"Al Kawthar, Makah Almukaramuh, Makkah Al Mukarramah"
"620,000 SAR",Apartment,5,4,155 sqm,"Al Marwah, Jeddah, Makkah Al Mukarramah"
"1,350,000 SAR",Villa,7+,6,300 sqm,"Ar Rahmanyah, Jeddah, Makkah Al Mukarramah"
"1,150,000 SAR",Villa,7+,6,272 sqm,"Tuwaiq, Riyadh, Ar Riyadh"
"499,000 SAR",Apartment,5,3,214 sqm,"Ghirnatah, Khamis Mushayt, Asir"
"499,000 SAR",Apartment,5,3,214 sqm,"Ghirnatah, Khamis Mushayt, Asir"
"560,000 SAR",Apartment,5,4,134 sqm,"Ar Rabwah, Jeddah, Makkah Al Mukarramah"
"9,000,000 SAR",Villa,7+,7+,585 sqm,"Al Hadiqah, Madinah, Al Madinah Al Munawwarah"
"1,150,000 SAR",Villa,7+,6,272 sqm,"Tuwaiq, Riyadh, Ar Riyadh"
"600,000 SAR",Apartment,5,3,116 sqm,"Al Awaly, Riyadh, Ar Riyadh"
"520,000 SAR",Apartment,5,3,218 sqm,"Ghirnatah, Khamis Mushayt, Asir"
"500,000 SAR",Apartment,7,4,234 sqm,"Al Ghadir, Abha, Asir"
"550,000 SAR",Apartment,7,4,212 sqm,"Al Ghadir, Abha, Asir"
"510,000 SAR",Apartment,4,3,129 sqm,"Al Marwah, Jeddah, Makkah Al Mukarramah"
"480,000 SAR",Apartment,4,3,137 sqm,"Mraykh, Jeddah, Makkah Al Mukarramah"
"1,300,000 SAR",Villa,7,6,363 sqm,"Al Amwaj, Al Khubar, Eastern"
"720,000 SAR",Villa,7+,7,348 sqm,"Al Madayin, Hail, Hail"
"550,000 SAR",Apartment,5,3,157 sqm,"Mraykh, Jeddah, Makkah Al Mukarramah"
"950,000 SAR",Villa,7,5,349 sqm,"Ash Shamiya Al Jadid, Makah Almukaramuh, Makkah Al Mukarramah"
"560,000 SAR",Apartment,4,3,144 sqm,"Al Hazm, Riyadh, Ar Riyadh"
"1,200,000 SAR",Apartment,6,6,242 sqm,"As Safa, Jeddah, Makkah Al Mukarramah"
"488,000 SAR",Apartment,4,3,132 sqm,"As Safa, Jeddah, Makkah Al Mukarramah"
"580,000 SAR",Apartment,5,4,216 sqm,"Shuran, Madinah, Al Madinah Al Munawwarah"
"550,000 SAR",Apartment,5,4,192 sqm,"العزيزية, Al Jubail, Eastern"
"790,000 SAR",Apartment,6,3,178 sqm,"Al Wahah, Jeddah, Makkah Al Mukarramah"
"1,550,000 SAR",Apartment,5,5,203 sqm,"Al Munisiyah, Riyadh, Ar Riyadh"
"560,000 SAR",Apartment,5,4,203 sqm,"Mansubi Al Taleem 2nd, Al Ahsa, Eastern"
"750,000 SAR",Apartment,5,3,207 sqm,"As Salam, Makah Almukaramuh, Makkah Al Mukarramah"
"2,100,000 SAR",Villa,7+,6,328 sqm,"Ar Rimal, Riyadh, Ar Riyadh"
"550,000 SAR",Apartment,5,3,122 sqm,"Al Wahah, Jeddah, Makkah Al Mukarramah"
"1,550,000 SAR",Apartment,5,6,206 sqm,"Al Munisiyah, Riyadh, Ar Riyadh"
"650,000 SAR",Apartment,7+,6,314 sqm,"Al Maealaa, Ahad Rifaydah, Asir"
"3,800,000 SAR",Villa,7+,7+,400 sqm,"King Fahd, Makah Almukaramuh, Makkah Al Mukarramah"
"900,000 SAR",Apartment,5,4,176 sqm,"An Naim, Jeddah, Makkah Al Mukarramah"
"470,000 SAR",Apartment,5,3,157 sqm,"Mraykh, Jeddah, Makkah Al Mukarramah"
"760,000 SAR",Apartment,7,5,356 sqm,"Al Jabal, Khamis Mushayt, Asir"
"680,000 SAR",Apartment,3,3,89 sqm,"Ar Rimal, Riyadh, Ar Riyadh"
"1,400,000 SAR",Villa,7+,7,312 sqm,"Al Yaqoot, Jeddah, Makkah Al Mukarramah"
"599,000 SAR",Apartment,6,3,238 sqm,"العزيزية, Al Jubail, Eastern"
"750,000 SAR",Villa,7+,7,197 sqm,"Taybah, Ad Dammam, Eastern"
"800,000 SAR",Apartment,6,3,241 sqm,"Ar Rawabi, Jeddah, Makkah Al Mukarramah"
"1,650,000 SAR",Villa,7+,7,417 sqm,"Al Urubah, Ad Dammam, Eastern"
"1,400,000 SAR",Villa,7+,7,312 sqm,"Al Yaqoot, Jeddah, Makkah Al Mukarramah"
"700,000 SAR",Apartment,5,3,194 sqm,"Ash Shawqiyah, Makah Almukaramuh, Makkah Al Mukarramah"
"550,000 SAR",Apartment,5,4,152 sqm,"Al Wahah, Jeddah, Makkah Al Mukarramah"
"950,000 SAR",Villa,5,4,312 sqm,"Ar Riyadh, Jeddah, Makkah Al Mukarramah"
"580,000 SAR",Apartment,4,3,149 sqm,"Al Marwah, Jeddah, Makkah Al Mukarramah"
"580,000 SAR",Apartment,4,3,149 sqm,"Al Marwah, Jeddah, Makkah Al Mukarramah"
"500,000 SAR",Apartment,6,3,200 sqm,"As Safa, Jazan, Jazan"
"1,300,000 SAR",Apartment,7+,5,233 sqm,"Al Qusor, Ad Dammam, Eastern"
"420,000 SAR",Apartment,5,3,130 sqm,"Mraykh, Jeddah, Makkah Al Mukarramah"
"560,000 SAR",Apartment,6,4,248 sqm,"العزيزية, Al Jubail, Eastern"
"1,250,000 SAR",Villa,7+,7+,392 sqm,"As Salam, Makah Almukaramuh, Makkah Al Mukarramah"
"1,350,000 SAR",Villa,7,6,553 sqm,"أم الرصف, امارة منطقة مكة المكرمة - الطائف, Makkah Al Mukarramah"
"600,000 SAR",Apartment,6,4,228 sqm,"Al Zuhur, Abha, Asir"
"750,000 SAR",Villa,7+,7,308 sqm,"Al Naqeeb Al Shamali, Bariduh, Al Qassim"
"2,200,000 SAR",Villa,7+,6,382 sqm,"Ash Shulah, Ad Dammam, Eastern"
"700,000 SAR",Apartment,5,3,157 sqm,"Quba, Jeddah, Makkah Al Mukarramah"
"500,000 SAR",Apartment,5,3,209 sqm,"Ohod, Ad Dammam, Eastern"
"1,250,000 SAR",Villa,7+,7+,310 sqm,"Al Wafa, Jeddah, Makkah Al Mukarramah"
"499,000 SAR",Apartment,4,3,128 sqm,"Al Wahah, Jeddah, Makkah Al Mukarramah"
"550,000 SAR",Apartment,6,4,243 sqm,"إشبيلية, Al Jubail, Eastern"
"620,000 SAR",Apartment,6,4,600 sqm,"Ar Rawabi, Abha, Asir"
"1,400,000 SAR",Villa,7,4,312 sqm,"Al Falah, Jeddah, Makkah Al Mukarramah"
"620,000 SAR",Apartment,6,4,600 sqm,"Ar Rawabi, Abha, Asir"
"540,000 SAR",Apartment,5,3,126 sqm,"Al Manar, Jeddah, Makkah Al Mukarramah"
"2,500,000 SAR",Villa,7+,7+,504 sqm,"As Safa, Jeddah, Makkah Al Mukarramah"
"3,500,000 SAR",Villa,7+,7+,618 sqm,"Ad Difa, Madinah, Al Madinah Al Munawwarah"
"1,900,000 SAR",Villa,7,6,500 sqm,"Al Lulu, Al Khubar, Eastern"
"650,000 SAR",Apartment,6,3,211 sqm,"Harat Al Bab Al Jadid, Makah Almukaramuh, Makkah Al Mukarramah"
"600,000 SAR",Apartment,6,2,173 sqm,"Asharai, Makah Almukaramuh, Makkah Al Mukarramah"
"600,000 SAR",Apartment,6,3,195 sqm,"Asharai, Makah Almukaramuh, Makkah Al Mukarramah"
"600,000 SAR",Apartment,6,3,195 sqm,"Asharai, Makah Almukaramuh, Makkah Al Mukarramah"
"720,000 SAR",Apartment,5,3,165 sqm,"Al Faiha, Jeddah, Makkah Al Mukarramah"
"630,000 SAR",Apartment,6,5,211 sqm,"King Fahd, Makah Almukaramuh, Makkah Al Mukarramah"
"3,200,000 SAR",Villa,7+,7+,663 sqm,"Ad Difa, Madinah, Al Madinah Al Munawwarah"
"620,000 SAR",Apartment,6,5,211 sqm,"Ash Shawqiyah, Makah Almukaramuh, Makkah Al Mukarramah"
"630,000 SAR",Apartment,6,5,211 sqm,"King Fahd, Makah Almukaramuh, Makkah Al Mukarramah"
"700,000 SAR",Apartment,5,3,174 sqm,"As Safa, Jeddah, Makkah Al Mukarramah"
"1,450,000 SAR",Villa,7+,6,361 sqm,"Al Janadriyah, Riyadh, Ar Riyadh"
"750,000 SAR",Apartment,6,3,166 sqm,"Al Wahah, Jeddah, Makkah Al Mukarramah"
"750,000 SAR",Villa,7+,7,366 sqm,"Al Dhurfah, Khamis Mushayt, Asir"
"515,000 SAR",Apartment,5,5,194 sqm,"Ar Rawabi, Abha, Asir"
"750,000 SAR",Villa,7+,7,366 sqm,"Al Dhurfah, Khamis Mushayt, Asir"
"545,000 SAR",Apartment,6,4,235 sqm,"An Noor, Khamis Mushayt, Asir"
"545,000 SAR",Apartment,6,4,235 sqm,"An Noor, Khamis Mushayt, Asir"
"450,000 SAR",Apartment,4,2,91 sqm,"As Salamah, Jeddah, Makkah Al Mukarramah"
"700,000 SAR",Apartment,5,4,207 sqm,"As Safa, Jeddah, Makkah Al Mukarramah"
"670,000 SAR",Apartment,5,3,178 sqm,"Al Hijrah, Makah Almukaramuh, Makkah Al Mukarramah"
"580,000 SAR",Apartment,7,5,235 sqm,"Ar Rehab 3, Jazan, Jazan"
"850,000 SAR",Villa,6,5,280 sqm,"مثملة, امارة منطقة مكة المكرمة - الطائف, Makkah Al Mukarramah"
"900,000 SAR",Apartment,7,5,270 sqm,"As Safa, Jeddah, Makkah Al Mukarramah"
"1,200,000 SAR",Villa,7+,7,509 sqm,"Ar Rawabi, Madinah, Al Madinah Al Munawwarah"
"2,000,000 SAR",Villa,7+,7+,261 sqm,"Ar Rimal, Riyadh, Ar Riyadh"
"780,000 SAR",Apartment,5,3,178 sqm,"An Naim, Jeddah, Makkah Al Mukarramah"
"1,200,000 SAR",Villa,7,6,200 sqm,"Al Khomrah, Jeddah, Makkah Al Mukarramah"
"1,480,000 SAR",Villa,7+,7,300 sqm,"Al Yaqoot, Abha, Asir"
"1,450,000 SAR",Villa,7+,7,300 sqm,"Al Aqiq, Abha, Asir"
"1,180,000 SAR",Villa,6,6,322 sqm,"Ar Riyadh, Jeddah, Makkah Al Mukarramah"
"600,000 SAR",Apartment,5,3,195 sqm,"As Safa, Jeddah, Makkah Al Mukarramah"
"430,000 SAR",Apartment,5,3,160 sqm,"An Nur, Ad Dammam, Eastern"
"420,000 SAR",Apartment,5,3,160 sqm,"Aleasiluh, Jazan"
"650,000 SAR",Apartment,5,4,148 sqm,"An Nuzhah, Jeddah, Makkah Al Mukarramah"
"1,120,000 SAR",Villa,7+,7,400 sqm,"Ar Rehab 3, Jazan, Jazan"
"570,000 SAR",Apartment,5,3,160 sqm,"Governmental1, Jeddah, Makkah Al Mukarramah"
"540,000 SAR",Apartment,6,3,130 sqm,"Ar Rayaan, Jeddah, Makkah Al Mukarramah"
"600,000 SAR",Apartment,5,4,203 sqm,"Al Yaqoot, Abha, Asir"
"1,030,000 SAR",Apartment,6,4,206 sqm,"As Salamah, Jeddah, Makkah Al Mukarramah"
"540,000 SAR",Apartment,6,3,130 sqm,"Ar Rayaan, Jeddah, Makkah Al Mukarramah"
"400,000 SAR",Apartment,5,3,120 sqm,"شهار, امارة منطقة مكة المكرمة - الطائف, Makkah Al Mukarramah"
